unit_id,district
BOONE-:-FLORA 1-(CONG-11),3
BOONE-:-FLORA 1-(CONG-16),0
BUREAU-:-ARISPIE-(CONG-14),0
BUREAU-:-ARISPIE-(CONG-16),0
BUREAU-:-PRINCETON 6-(CONG-14),0
BUREAU-:-PRINCETON 6-(CONG-16),0
BUREAU-:-SELBY 2-(CONG-14),2
BUREAU-:-SELBY 2-(CONG-16),0
CHAMPAIGN-:-HENSLEY-(CONG-13),4
CHAMPAIGN-:-HENSLEY-(CONG-15),0
CHAMPAIGN-:-RANTOUL 4-(CONG-02),0
CHAMPAIGN-:-RANTOUL 4-(CONG-15),0
CHAMPAIGN-:-SOMER-(CONG-13),5
CHAMPAIGN-:-SOMER-(CONG-15),0
CITY OF BLOOMINGTON-:-PRECINCT 10-(CONG-16),1
CITY OF BLOOMINGTON-:-PRECINCT 10-(CONG-17),1
CITY OF BLOOMINGTON-:-PRECINCT 15-(CONG-16),1
CITY OF BLOOMINGTON-:-PRECINCT 15-(CONG-17),1
CITY OF BLOOMINGTON-:-PRECINCT 17-(CONG-16),1
CITY OF BLOOMINGTON-:-PRECINCT 17-(CONG-17),1
CITY OF BLOOMINGTON-:-PRECINCT 2-(CONG-16),1
CITY OF BLOOMINGTON-:-PRECINCT 2-(CONG-17),1
CITY OF BLOOMINGTON-:-PRECINCT 52-(CONG-16),6
CITY OF BLOOMINGTON-:-PRECINCT 52-(CONG-17),7
CITY OF CHICAGO-:-WARD 01 PRECINCT 21-(CONG-05),8
CITY OF CHICAGO-:-WARD 01 PRECINCT 21-(CONG-07),9
CITY OF CHICAGO-:-WARD 02 PRECINCT 23-(CONG-05),10
CITY OF CHICAGO-:-WARD 02 PRECINCT 23-(CONG-07),11
CITY OF CHICAGO-:-WARD 03 PRECINCT 02-(CONG-01),12
CITY OF CHICAGO-:-WARD 03 PRECINCT 02-(CONG-07),13
CITY OF CHICAGO-:-WARD 03 PRECINCT 07-(CONG-01),14
CITY OF CHICAGO-:-WARD 03 PRECINCT 07-(CONG-07),15
CITY OF CHICAGO-:-WARD 03 PRECINCT 19-(CONG-01),16
CITY OF CHICAGO-:-WARD 03 PRECINCT 19-(CONG-07),16
CITY OF CHICAGO-:-WARD 03 PRECINCT 20-(CONG-01),12
CITY OF CHICAGO-:-WARD 03 PRECINCT 20-(CONG-07),12
CITY OF CHICAGO-:-WARD 03 PRECINCT 22-(CONG-01),16
CITY OF CHICAGO-:-WARD 03 PRECINCT 22-(CONG-07),14
CITY OF CHICAGO-:-WARD 04 PRECINCT 01-(CONG-01),12
CITY OF CHICAGO-:-WARD 04 PRECINCT 01-(CONG-02),12
CITY OF CHICAGO-:-WARD 04 PRECINCT 03-(CONG-01),12
CITY OF CHICAGO-:-WARD 04 PRECINCT 03-(CONG-02),12
CITY OF CHICAGO-:-WARD 04 PRECINCT 24-(CONG-01),16
CITY OF CHICAGO-:-WARD 04 PRECINCT 24-(CONG-07),16
CITY OF CHICAGO-:-WARD 05 PRECINCT 01-(CONG-01),13
CITY OF CHICAGO-:-WARD 05 PRECINCT 01-(CONG-02),12
CITY OF CHICAGO-:-WARD 05 PRECINCT 09-(CONG-01),12
CITY OF CHICAGO-:-WARD 05 PRECINCT 09-(CONG-02),12
CITY OF CHICAGO-:-WARD 05 PRECINCT 15-(CONG-01),12
CITY OF CHICAGO-:-WARD 05 PRECINCT 15-(CONG-02),12
CITY OF CHICAGO-:-WARD 07 PRECINCT 02-(CONG-01),13
CITY OF CHICAGO-:-WARD 07 PRECINCT 02-(CONG-02),13
CITY OF CHICAGO-:-WARD 07 PRECINCT 10-(CONG-01),13
CITY OF CHICAGO-:-WARD 07 PRECINCT 10-(CONG-02),13
CITY OF CHICAGO-:-WARD 07 PRECINCT 12-(CONG-01),13
CITY OF CHICAGO-:-WARD 07 PRECINCT 12-(CONG-02),13
CITY OF CHICAGO-:-WARD 07 PRECINCT 13-(CONG-01),13
CITY OF CHICAGO-:-WARD 07 PRECINCT 13-(CONG-02),13
CITY OF CHICAGO-:-WARD 07 PRECINCT 16-(CONG-01),13
CITY OF CHICAGO-:-WARD 07 PRECINCT 16-(CONG-02),13
CITY OF CHICAGO-:-WARD 07 PRECINCT 17-(CONG-01),13
CITY OF CHICAGO-:-WARD 07 PRECINCT 17-(CONG-02),13
CITY OF CHICAGO-:-WARD 09 PRECINCT 08-(CONG-01),13
CITY OF CHICAGO-:-WARD 09 PRECINCT 08-(CONG-02),13
CITY OF CHICAGO-:-WARD 14 PRECINCT 01-(CONG-04),15
CITY OF CHICAGO-:-WARD 14 PRECINCT 01-(CONG-07),15
CITY OF CHICAGO-:-WARD 15 PRECINCT 10-(CONG-04),14
CITY OF CHICAGO-:-WARD 15 PRECINCT 10-(CONG-07),14
CITY OF CHICAGO-:-WARD 16 PRECINCT 07-(CONG-04),14
CITY OF CHICAGO-:-WARD 16 PRECINCT 07-(CONG-07),14
CITY OF CHICAGO-:-WARD 16 PRECINCT 20-(CONG-01),14
CITY OF CHICAGO-:-WARD 16 PRECINCT 20-(CONG-07),14
CITY OF CHICAGO-:-WARD 16 PRECINCT 23-(CONG-04),15
CITY OF CHICAGO-:-WARD 16 PRECINCT 23-(CONG-07),15
CITY OF CHICAGO-:-WARD 17 PRECINCT 02-(CONG-01),14
CITY OF CHICAGO-:-WARD 17 PRECINCT 02-(CONG-07),14
CITY OF CHICAGO-:-WARD 17 PRECINCT 14-(CONG-01),14
CITY OF CHICAGO-:-WARD 17 PRECINCT 14-(CONG-07),14
CITY OF CHICAGO-:-WARD 18 PRECINCT 18-(CONG-01),14
CITY OF CHICAGO-:-WARD 18 PRECINCT 18-(CONG-04),15
CITY OF CHICAGO-:-WARD 19 PRECINCT 10-(CONG-01),14
CITY OF CHICAGO-:-WARD 19 PRECINCT 10-(CONG-06),14
CITY OF CHICAGO-:-WARD 19 PRECINCT 11-(CONG-01),14
CITY OF CHICAGO-:-WARD 19 PRECINCT 11-(CONG-06),14
CITY OF CHICAGO-:-WARD 19 PRECINCT 19-(CONG-01),14
CITY OF CHICAGO-:-WARD 19 PRECINCT 19-(CONG-06),14
CITY OF CHICAGO-:-WARD 19 PRECINCT 25-(CONG-01),14
CITY OF CHICAGO-:-WARD 19 PRECINCT 25-(CONG-06),14
CITY OF CHICAGO-:-WARD 19 PRECINCT 26-(CONG-01),14
CITY OF CHICAGO-:-WARD 19 PRECINCT 26-(CONG-06),14
CITY OF CHICAGO-:-WARD 19 PRECINCT 31-(CONG-01),14
CITY OF CHICAGO-:-WARD 19 PRECINCT 31-(CONG-06),14
CITY OF CHICAGO-:-WARD 19 PRECINCT 36-(CONG-01),14
CITY OF CHICAGO-:-WARD 19 PRECINCT 36-(CONG-06),14
CITY OF CHICAGO-:-WARD 20 PRECINCT 01-(CONG-04),14
CITY OF CHICAGO-:-WARD 20 PRECINCT 01-(CONG-07),14
CITY OF CHICAGO-:-WARD 20 PRECINCT 03-(CONG-04),14
CITY OF CHICAGO-:-WARD 20 PRECINCT 03-(CONG-07),14
CITY OF CHICAGO-:-WARD 20 PRECINCT 05-(CONG-04),14
CITY OF CHICAGO-:-WARD 20 PRECINCT 05-(CONG-07),14
CITY OF CHICAGO-:-WARD 20 PRECINCT 08-(CONG-01),14
CITY OF CHICAGO-:-WARD 20 PRECINCT 08-(CONG-07),14
CITY OF CHICAGO-:-WARD 20 PRECINCT 14-(CONG-01),12
CITY OF CHICAGO-:-WARD 20 PRECINCT 14-(CONG-07),12
CITY OF CHICAGO-:-WARD 22 PRECINCT 02-(CONG-04),16
CITY OF CHICAGO-:-WARD 22 PRECINCT 02-(CONG-07),16
CITY OF CHICAGO-:-WARD 24 PRECINCT 18-(CONG-04),16
CITY OF CHICAGO-:-WARD 24 PRECINCT 18-(CONG-07),16
CITY OF CHICAGO-:-WARD 25 PRECINCT 03-(CONG-04),16
CITY OF CHICAGO-:-WARD 25 PRECINCT 03-(CONG-07),16
CITY OF CHICAGO-:-WARD 25 PRECINCT 13-(CONG-04),14
CITY OF CHICAGO-:-WARD 25 PRECINCT 13-(CONG-07),14
CITY OF CHICAGO-:-WARD 26 PRECINCT 27-(CONG-03),8
CITY OF CHICAGO-:-WARD 26 PRECINCT 27-(CONG-07),8
CITY OF CHICAGO-:-WARD 27 PRECINCT 09-(CONG-05),11
CITY OF CHICAGO-:-WARD 27 PRECINCT 09-(CONG-07),11
CITY OF CHICAGO-:-WARD 27 PRECINCT 12-(CONG-05),11
CITY OF CHICAGO-:-WARD 27 PRECINCT 12-(CONG-07),11
CITY OF CHICAGO-:-WARD 27 PRECINCT 13-(CONG-05),9
CITY OF CHICAGO-:-WARD 27 PRECINCT 13-(CONG-07),9
CITY OF CHICAGO-:-WARD 27 PRECINCT 21-(CONG-05),11
CITY OF CHICAGO-:-WARD 27 PRECINCT 21-(CONG-07),11
CITY OF CHICAGO-:-WARD 28 PRECINCT 17-(CONG-04),16
CITY OF CHICAGO-:-WARD 28 PRECINCT 17-(CONG-07),16
CITY OF CHICAGO-:-WARD 29 PRECINCT 04-(CONG-03),9
CITY OF CHICAGO-:-WARD 29 PRECINCT 04-(CONG-07),9
CITY OF CHICAGO-:-WARD 29 PRECINCT 05-(CONG-03),9
CITY OF CHICAGO-:-WARD 29 PRECINCT 05-(CONG-07),9
CITY OF CHICAGO-:-WARD 30 PRECINCT 03-(CONG-03),8
CITY OF CHICAGO-:-WARD 30 PRECINCT 03-(CONG-05),8
CITY OF CHICAGO-:-WARD 30 PRECINCT 15-(CONG-03),8
CITY OF CHICAGO-:-WARD 30 PRECINCT 15-(CONG-05),8
CITY OF CHICAGO-:-WARD 30 PRECINCT 22-(CONG-03),8
CITY OF CHICAGO-:-WARD 30 PRECINCT 22-(CONG-05),8
CITY OF CHICAGO-:-WARD 30 PRECINCT 23-(CONG-03),11
CITY OF CHICAGO-:-WARD 30 PRECINCT 23-(CONG-05),8
CITY OF CHICAGO-:-WARD 32 PRECINCT 19-(CONG-03),11
CITY OF CHICAGO-:-WARD 32 PRECINCT 19-(CONG-05),11
CITY OF CHICAGO-:-WARD 33 PRECINCT 16-(CONG-03),10
CITY OF CHICAGO-:-WARD 33 PRECINCT 16-(CONG-05),11
CITY OF CHICAGO-:-WARD 35 PRECINCT 22-(CONG-03),8
CITY OF CHICAGO-:-WARD 35 PRECINCT 22-(CONG-05),10
CITY OF CHICAGO-:-WARD 37 PRECINCT 16-(CONG-03),9
CITY OF CHICAGO-:-WARD 37 PRECINCT 16-(CONG-07),9
CITY OF CHICAGO-:-WARD 38 PRECINCT 06-(CONG-03),7
CITY OF CHICAGO-:-WARD 38 PRECINCT 06-(CONG-05),7
CITY OF CHICAGO-:-WARD 38 PRECINCT 11-(CONG-03),9
CITY OF CHICAGO-:-WARD 38 PRECINCT 11-(CONG-05),9
CITY OF CHICAGO-:-WARD 38 PRECINCT 17-(CONG-03),9
CITY OF CHICAGO-:-WARD 38 PRECINCT 17-(CONG-05),9
CITY OF CHICAGO-:-WARD 38 PRECINCT 24-(CONG-03),8
CITY OF CHICAGO-:-WARD 38 PRECINCT 24-(CONG-05),8
CITY OF CHICAGO-:-WARD 39 PRECINCT 28-(CONG-03),8
CITY OF CHICAGO-:-WARD 39 PRECINCT 28-(CONG-05),8
CITY OF CHICAGO-:-WARD 40 PRECINCT 04-(CONG-05),11
CITY OF CHICAGO-:-WARD 40 PRECINCT 04-(CONG-09),11
CITY OF CHICAGO-:-WARD 40 PRECINCT 19-(CONG-05),10
CITY OF CHICAGO-:-WARD 40 PRECINCT 19-(CONG-09),10
CITY OF CHICAGO-:-WARD 40 PRECINCT 23-(CONG-03),11
CITY OF CHICAGO-:-WARD 40 PRECINCT 23-(CONG-05),10
CITY OF CHICAGO-:-WARD 41 PRECINCT 28-(CONG-05),11
CITY OF CHICAGO-:-WARD 41 PRECINCT 28-(CONG-09),11
CITY OF CHICAGO-:-WARD 42 PRECINCT 09-(CONG-05),11
CITY OF CHICAGO-:-WARD 42 PRECINCT 09-(CONG-07),11
CITY OF CHICAGO-:-WARD 42 PRECINCT 22-(CONG-05),11
CITY OF CHICAGO-:-WARD 42 PRECINCT 22-(CONG-07),9
CITY OF CHICAGO-:-WARD 43 PRECINCT 15-(CONG-05),11
CITY OF CHICAGO-:-WARD 43 PRECINCT 15-(CONG-07),11
CITY OF CHICAGO-:-WARD 45 PRECINCT 24-(CONG-03),8
CITY OF CHICAGO-:-WARD 45 PRECINCT 24-(CONG-05),8
CITY OF CHICAGO-:-WARD 45 PRECINCT 27-(CONG-03),11
CITY OF CHICAGO-:-WARD 45 PRECINCT 27-(CONG-05),11
CITY OF CHICAGO-:-WARD 45 PRECINCT 29-(CONG-03),8
CITY OF CHICAGO-:-WARD 45 PRECINCT 29-(CONG-05),8
CITY OF CHICAGO-:-WARD 46 PRECINCT 07-(CONG-05),10
CITY OF CHICAGO-:-WARD 46 PRECINCT 07-(CONG-09),10
CITY OF CHICAGO-:-WARD 46 PRECINCT 08-(CONG-05),10
CITY OF CHICAGO-:-WARD 46 PRECINCT 08-(CONG-09),10
CITY OF CHICAGO-:-WARD 46 PRECINCT 10-(CONG-05),11
CITY OF CHICAGO-:-WARD 46 PRECINCT 10-(CONG-09),10
CITY OF CHICAGO-:-WARD 47 PRECINCT 02-(CONG-05),10
CITY OF CHICAGO-:-WARD 47 PRECINCT 02-(CONG-09),10
CITY OF CHICAGO-:-WARD 47 PRECINCT 03-(CONG-05),10
CITY OF CHICAGO-:-WARD 47 PRECINCT 03-(CONG-09),10
CITY OF CHICAGO-:-WARD 47 PRECINCT 28-(CONG-03),10
CITY OF CHICAGO-:-WARD 47 PRECINCT 28-(CONG-05),10
CITY OF CHICAGO-:-WARD 50 PRECINCT 24-(CONG-05),11
CITY OF CHICAGO-:-WARD 50 PRECINCT 24-(CONG-09),11
CITY OF ROCKFORD-:-WARD 1 PRECINCT 2-(CONG-16),0
CITY OF ROCKFORD-:-WARD 1 PRECINCT 2-(CONG-17),6
CITY OF ROCKFORD-:-WARD 1 PRECINCT 5-(CONG-16),0
CITY OF ROCKFORD-:-WARD 1 PRECINCT 5-(CONG-17),6
CITY OF ROCKFORD-:-WARD 12 PRECINCT 2-(CONG-16),2
CITY OF ROCKFORD-:-WARD 12 PRECINCT 2-(CONG-17),6
CITY OF ROCKFORD-:-WARD 12 PRECINCT 5-(CONG-16),2
CITY OF ROCKFORD-:-WARD 12 PRECINCT 5-(CONG-17),6
CITY OF ROCKFORD-:-WARD 4 PRECINCT 1-(CONG-16),6
CITY OF ROCKFORD-:-WARD 4 PRECINCT 1-(CONG-17),6
CITY OF ROCKFORD-:-WARD 4 PRECINCT 4-(CONG-16),6
CITY OF ROCKFORD-:-WARD 4 PRECINCT 4-(CONG-17),6
CITY OF ROCKFORD-:-WARD 4 PRECINCT 8-(CONG-16),0
CITY OF ROCKFORD-:-WARD 4 PRECINCT 8-(CONG-17),6
CITY OF ROCKFORD-:-WARD 5 PRECINCT 3-(CONG-16),0
CITY OF ROCKFORD-:-WARD 5 PRECINCT 3-(CONG-17),6
CITY OF ROCKFORD-:-WARD 6 PRECINCT 1-(CONG-16),0
CITY OF ROCKFORD-:-WARD 6 PRECINCT 1-(CONG-17),6
CITY OF ROCKFORD-:-WARD 6 PRECINCT 3-(CONG-16),0
CITY OF ROCKFORD-:-WARD 6 PRECINCT 3-(CONG-17),6
CITY OF ROCKFORD-:-WARD 7 PRECINCT 4-(CONG-16),2
CITY OF ROCKFORD-:-WARD 7 PRECINCT 4-(CONG-17),6
CITY OF ROCKFORD-:-WARD 9 PRECINCT 3-(CONG-16),6
CITY OF ROCKFORD-:-WARD 9 PRECINCT 3-(CONG-17),6
COOK-:-7000004-(CONG-05),7
COOK-:-7000004-(CONG-08),7
COOK-:-7000008-(CONG-05),7
COOK-:-7000008-(CONG-08),7
COOK-:-7200003-(CONG-01),3
COOK-:-7200003-(CONG-02),3
COOK-:-7200007-(CONG-01),3
COOK-:-7200007-(CONG-02),5
COOK-:-7200012-(CONG-01),5
COOK-:-7200012-(CONG-02),5
COOK-:-7200021-(CONG-01),3
COOK-:-7200021-(CONG-02),3
COOK-:-7200030-(CONG-01),5
COOK-:-7200030-(CONG-06),3
COOK-:-7200045-(CONG-01),3
COOK-:-7200045-(CONG-02),5
COOK-:-7300001-(CONG-01),5
COOK-:-7300001-(CONG-02),5
COOK-:-7300002-(CONG-01),5
COOK-:-7300002-(CONG-02),3
COOK-:-7400014-(CONG-05),7
COOK-:-7400014-(CONG-08),7
COOK-:-7400016-(CONG-05),7
COOK-:-7400016-(CONG-08),7
COOK-:-7400017-(CONG-03),7
COOK-:-7400017-(CONG-08),5
COOK-:-7400023-(CONG-05),7
COOK-:-7400023-(CONG-08),7
COOK-:-7400027-(CONG-05),5
COOK-:-7400027-(CONG-08),5
COOK-:-7400044-(CONG-05),7
COOK-:-7400044-(CONG-08),7
COOK-:-7600004-(CONG-03),7
COOK-:-7600004-(CONG-08),7
COOK-:-7600015-(CONG-03),7
COOK-:-7600015-(CONG-08),7
COOK-:-7700013-(CONG-01),12
COOK-:-7700013-(CONG-11),12
COOK-:-7800026-(CONG-03),12
COOK-:-7800026-(CONG-07),12
COOK-:-7800042-(CONG-05),5
COOK-:-7800042-(CONG-08),5
COOK-:-7900010-(CONG-04),3
COOK-:-7900010-(CONG-06),3
COOK-:-7900012-(CONG-04),3
COOK-:-7900012-(CONG-06),3
COOK-:-7900026-(CONG-04),5
COOK-:-7900026-(CONG-06),5
COOK-:-7900040-(CONG-04),3
COOK-:-7900040-(CONG-06),3
COOK-:-7900043-(CONG-04),3
COOK-:-7900043-(CONG-06),3
COOK-:-7900047-(CONG-04),3
COOK-:-7900047-(CONG-06),3
COOK-:-7900050-(CONG-04),3
COOK-:-7900050-(CONG-06),5
COOK-:-8000004-(CONG-05),5
COOK-:-8000004-(CONG-08),7
COOK-:-8000012-(CONG-05),7
COOK-:-8000012-(CONG-08),7
COOK-:-8000016-(CONG-05),7
COOK-:-8000016-(CONG-08),7
COOK-:-8000017-(CONG-05),7
COOK-:-8000017-(CONG-08),6
COOK-:-8000018-(CONG-05),7
COOK-:-8000018-(CONG-08),6
COOK-:-8000020-(CONG-05),7
COOK-:-8000020-(CONG-09),7
COOK-:-8000035-(CONG-05),7
COOK-:-8000035-(CONG-08),7
COOK-:-8000069-(CONG-05),7
COOK-:-8000069-(CONG-09),7
COOK-:-8100018-(CONG-09),5
COOK-:-8100018-(CONG-10),5
COOK-:-8100027-(CONG-09),5
COOK-:-8100027-(CONG-10),5
COOK-:-8100031-(CONG-09),5
COOK-:-8100031-(CONG-10),5
COOK-:-8100032-(CONG-09),5
COOK-:-8100032-(CONG-10),5
COOK-:-8200001-(CONG-05),7
COOK-:-8200001-(CONG-09),7
COOK-:-8200026-(CONG-05),7
COOK-:-8200026-(CONG-09),7
COOK-:-8300008-(CONG-09),6
COOK-:-8300008-(CONG-10),7
COOK-:-8300033-(CONG-05),6
COOK-:-8300033-(CONG-09),7
COOK-:-8300043-(CONG-09),7
COOK-:-8300043-(CONG-10),5
COOK-:-8500030-(CONG-04),12
COOK-:-8500030-(CONG-07),12
COOK-:-8600015-(CONG-01),3
COOK-:-8600015-(CONG-06),3
COOK-:-8700002-(CONG-05),7
COOK-:-8700002-(CONG-08),5
COOK-:-8700018-(CONG-05),16
COOK-:-8700018-(CONG-08),7
COOK-:-8700027-(CONG-05),7
COOK-:-8700027-(CONG-08),5
COOK-:-8700035-(CONG-05),7
COOK-:-8700035-(CONG-08),7
COOK-:-8700038-(CONG-05),7
COOK-:-8700047-(CONG-05),7
COOK-:-8700047-(CONG-08),16
COOK-:-8700059-(CONG-05),7
COOK-:-8700059-(CONG-08),7
COOK-:-8900023-(CONG-04),12
COOK-:-8900023-(CONG-06),3
COOK-:-8900025-(CONG-04),12
COOK-:-8900025-(CONG-07),12
COOK-:-8900030-(CONG-04),12
COOK-:-8900030-(CONG-07),12
COOK-:-8900071-(CONG-04),12
COOK-:-8900071-(CONG-07),12
COOK-:-9400012-(CONG-04),5
COOK-:-9400012-(CONG-06),5
COOK-:-9500049-(CONG-01),3
COOK-:-9500049-(CONG-02),3
COOK-:-9600011-(CONG-05),5
COOK-:-9600011-(CONG-09),7
COOK-:-9600021-(CONG-05),7
COOK-:-9600021-(CONG-09),7
COOK-:-9600040-(CONG-05),7
COOK-:-9600040-(CONG-09),7
COOK-:-9600046-(CONG-05),5
COOK-:-9600046-(CONG-09),7
COOK-:-9600047-(CONG-09),7
COOK-:-9600047-(CONG-10),6
COOK-:-9600048-(CONG-09),7
COOK-:-9600048-(CONG-10),6
COOK-:-9600054-(CONG-09),6
COOK-:-9600054-(CONG-10),7
COOK-:-9600060-(CONG-05),7
COOK-:-9600060-(CONG-09),5
COOK-:-9600063-(CONG-05),7
COOK-:-9600063-(CONG-09),7
COOK-:-9600068-(CONG-05),7
COOK-:-9600068-(CONG-09),7
COOK-:-9700001-(CONG-04),3
COOK-:-9700001-(CONG-06),4
COOK-:-9700024-(CONG-01),3
COOK-:-9700024-(CONG-02),3
COOK-:-9700043-(CONG-01),3
COOK-:-9700043-(CONG-06),3
COOK-:-9700058-(CONG-04),4
COOK-:-9700058-(CONG-06),3
COOK-:-9700073-(CONG-01),4
COOK-:-9700073-(CONG-06),4
DEKALB-:-MAYFIELD 1-(CONG-14),5
DEKALB-:-MAYFIELD 1-(CONG-16),5
DEKALB-:-SYCAMORE 7-(CONG-11),6
DEKALB-:-SYCAMORE 7-(CONG-14),6
DEKALB-:-SYCAMORE 9-(CONG-11),6
DEKALB-:-SYCAMORE 9-(CONG-14),6
HENRY-:-COLONA 1-(CONG-16),0
HENRY-:-COLONA 1-(CONG-17),6
KANKAKEE-:-BOURBONNAIS 10-(CONG-01),4
KANKAKEE-:-BOURBONNAIS 10-(CONG-02),4
KANKAKEE-:-BOURBONNAIS 11-(CONG-01),4
KANKAKEE-:-BOURBONNAIS 11-(CONG-02),4
KANKAKEE-:-BOURBONNAIS 13-(CONG-01),4
KANKAKEE-:-BOURBONNAIS 13-(CONG-02),4
KANKAKEE-:-BOURBONNAIS 14-(CONG-01),4
KANKAKEE-:-BOURBONNAIS 14-(CONG-02),4
KANKAKEE-:-BOURBONNAIS 17-(CONG-01),4
KANKAKEE-:-BOURBONNAIS 17-(CONG-02),4
KANKAKEE-:-BOURBONNAIS 5-(CONG-01),4
KANKAKEE-:-BOURBONNAIS 5-(CONG-02),4
KANKAKEE-:-MANTENO 4-(CONG-01),0
KANKAKEE-:-MANTENO 4-(CONG-02),0
LAKE-:-WAUCONDA 344-(CONG-09),16
LAKE-:-WAUCONDA 344-(CONG-11),16
LAKE-:-WAUCONDA 350-(CONG-09),16
LAKE-:-WAUCONDA 350-(CONG-11),16
LASALLE-:-DEER PARK-(CONG-14),2
LASALLE-:-DEER PARK-(CONG-16),0
LASALLE-:-EDEN 1-(CONG-14),0
LASALLE-:-EDEN 1-(CONG-16),0
LASALLE-:-FALL RIVER-(CONG-14),10
LASALLE-:-FALL RIVER-(CONG-16),0
LASALLE-:-FARM RIDGE-(CONG-14),0
LASALLE-:-FARM RIDGE-(CONG-16),0
LIVINGSTON-:-ESMEN-(CONG-02),0
LIVINGSTON-:-ESMEN-(CONG-16),0
LIVINGSTON-:-PONTIAC 10-(CONG-02),0
LIVINGSTON-:-PONTIAC 10-(CONG-16),0
LIVINGSTON-:-PONTIAC 9-(CONG-02),0
LIVINGSTON-:-PONTIAC 9-(CONG-16),0
MACON-:-DECATUR 16-(CONG-13),4
MACON-:-DECATUR 16-(CONG-15),0
MACON-:-DECATUR 19-(CONG-13),4
MACON-:-DECATUR 19-(CONG-15),0
MACON-:-DECATUR 27-(CONG-13),4
MACON-:-DECATUR 27-(CONG-15),0
MACON-:-DECATUR 28-(CONG-13),4
MACON-:-DECATUR 28-(CONG-15),0
MACON-:-DECATUR 7-(CONG-13),4
MACON-:-DECATUR 7-(CONG-15),0
MACON-:-DECATUR 8-(CONG-13),4
MACON-:-DECATUR 8-(CONG-15),0
MACON-:-DECATUR 9-(CONG-13),4
MACON-:-DECATUR 9-(CONG-15),0
MACON-:-HARRISTOWN-(CONG-13),4
MACON-:-HARRISTOWN-(CONG-15),0
MACON-:-HICKORY PT. 2-(CONG-13),4
MACON-:-HICKORY PT. 2-(CONG-15),0
MACON-:-HICKORY PT. 3-(CONG-13),4
MACON-:-HICKORY PT. 3-(CONG-15),0
MACON-:-LONG CREEK 4-(CONG-13),4
MACON-:-LONG CREEK 4-(CONG-15),0
MACON-:-OAKLEY-(CONG-13),0
MACON-:-OAKLEY-(CONG-15),0
MADISON-:-ALTON 01-(CONG-13),5
MADISON-:-ALTON 01-(CONG-15),0
MADISON-:-ALTON 03-(CONG-13),5
MADISON-:-ALTON 03-(CONG-15),0
MADISON-:-ALTON 05-(CONG-13),5
MADISON-:-ALTON 05-(CONG-15),0
MADISON-:-COLLINSVILLE 01-(CONG-13),5
MADISON-:-COLLINSVILLE 01-(CONG-15),5
MADISON-:-COLLINSVILLE 20-(CONG-13),5
MADISON-:-COLLINSVILLE 20-(CONG-15),0
MADISON-:-FOSTER 02-(CONG-13),0
MADISON-:-FOSTER 02-(CONG-15),0
MADISON-:-FT. RUSSELL 07-(CONG-13),5
MADISON-:-FT. RUSSELL 07-(CONG-15),0
MADISON-:-MORO 02-(CONG-13),5
MADISON-:-MORO 02-(CONG-15),0
MCHENRY-:-GREENWOOD GRE 06-(CONG-10),15
MCHENRY-:-GREENWOOD GRE 06-(CONG-11),15
MCHENRY-:-HARTLAND HAR 01-(CONG-11),15
MCHENRY-:-HARTLAND HAR 01-(CONG-16),15
MCHENRY-:-HARTLAND HAR 02-(CONG-11),15
MCHENRY-:-HARTLAND HAR 02-(CONG-16),15
MCHENRY-:-MCHENRY MCH 07-(CONG-10),15
MCHENRY-:-MCHENRY MCH 07-(CONG-11),15
MCLEAN-:-ALLIN 01-(CONG-16),1
MCLEAN-:-ALLIN 01-(CONG-17),1
MCLEAN-:-BLOOMINGTON 01-(CONG-16),1
MCLEAN-:-BLOOMINGTON 01-(CONG-17),1
MCLEAN-:-BLOOMINGTON 02-(CONG-16),1
MCLEAN-:-BLOOMINGTON 02-(CONG-17),1
MCLEAN-:-DALE 01-(CONG-16),1
MCLEAN-:-DALE 01-(CONG-17),1
MCLEAN-:-NORMAL 31-(CONG-16),1
MCLEAN-:-NORMAL 31-(CONG-17),1
PUTNAM-:-HENNEPIN 1-(CONG-14),2
PUTNAM-:-HENNEPIN 1-(CONG-16),0
PUTNAM-:-MAGNOLIA 2-(CONG-14),0
PUTNAM-:-MAGNOLIA 2-(CONG-16),0
SANGAMON-:-CAPITAL 012-(CONG-13),10
SANGAMON-:-CAPITAL 012-(CONG-15),10
SANGAMON-:-CAPITAL 016-(CONG-13),10
SANGAMON-:-CAPITAL 016-(CONG-15),10
SANGAMON-:-CAPITAL 020-(CONG-13),10
SANGAMON-:-CAPITAL 020-(CONG-15),10
SANGAMON-:-CAPITAL 025-(CONG-13),10
SANGAMON-:-CAPITAL 025-(CONG-15),10
SANGAMON-:-CAPITAL 029-(CONG-13),10
SANGAMON-:-CAPITAL 029-(CONG-15),10
SANGAMON-:-CAPITAL 080-(CONG-13),10
SANGAMON-:-CAPITAL 080-(CONG-15),10
SANGAMON-:-CAPITAL 081-(CONG-13),10
SANGAMON-:-CAPITAL 081-(CONG-15),10
SANGAMON-:-CURRAN 001-(CONG-13),10
SANGAMON-:-CURRAN 001-(CONG-15),10
SANGAMON-:-GARDNER 004-(CONG-13),10
SANGAMON-:-GARDNER 004-(CONG-15),10
SANGAMON-:-SPRINGFIELD 001-(CONG-13),10
SANGAMON-:-SPRINGFIELD 001-(CONG-15),10
ST. CLAIR-:-BELLEVILLE 20-(CONG-12),4
ST. CLAIR-:-BELLEVILLE 20-(CONG-13),4
ST. CLAIR-:-BELLEVILLE 22-(CONG-12),4
ST. CLAIR-:-BELLEVILLE 22-(CONG-13),4
ST. CLAIR-:-CASEYVILLE 1-(CONG-12),4
ST. CLAIR-:-CASEYVILLE 1-(CONG-13),4
ST. CLAIR-:-CASEYVILLE 10-(CONG-12),4
ST. CLAIR-:-CASEYVILLE 10-(CONG-13),4
ST. CLAIR-:-CASEYVILLE 12-(CONG-12),4
ST. CLAIR-:-CASEYVILLE 12-(CONG-13),4
ST. CLAIR-:-CENTREVILLE 10-(CONG-12),4
ST. CLAIR-:-CENTREVILLE 10-(CONG-13),4
ST. CLAIR-:-CENTREVILLE 8-(CONG-12),4
ST. CLAIR-:-CENTREVILLE 8-(CONG-13),4
ST. CLAIR-:-O FALLON 2-(CONG-12),4
ST. CLAIR-:-O FALLON 2-(CONG-13),4
ST. CLAIR-:-ST CLAIR 10-(CONG-12),4
ST. CLAIR-:-ST CLAIR 10-(CONG-13),4
ST. CLAIR-:-STOOKEY 2-(CONG-12),4
ST. CLAIR-:-STOOKEY 2-(CONG-13),4
ST. CLAIR-:-STOOKEY 5-(CONG-12),4
ST. CLAIR-:-STOOKEY 5-(CONG-13),4
TAZEWELL-:-CINCINNATI 1-(CONG-16),0
TAZEWELL-:-CINCINNATI 1-(CONG-17),0
TAZEWELL-:-CINCINNATI 3-(CONG-16),0
TAZEWELL-:-CINCINNATI 3-(CONG-17),2
TAZEWELL-:-HOPEDALE 1-(CONG-16),0
TAZEWELL-:-HOPEDALE 1-(CONG-17),0
TAZEWELL-:-LT MACKINAW 1-(CONG-16),0
TAZEWELL-:-LT MACKINAW 1-(CONG-17),0
TAZEWELL-:-PEKIN 13-(CONG-16),0
TAZEWELL-:-PEKIN 13-(CONG-17),0
VERMILION-:-CATLIN 2-(CONG-02),0
VERMILION-:-CATLIN 2-(CONG-15),0
VERMILION-:-GEORGETOWN 5-(CONG-02),0
VERMILION-:-GEORGETOWN 5-(CONG-15),0
VERMILION-:-GEORGETOWN 7-(CONG-02),0
VERMILION-:-GEORGETOWN 7-(CONG-15),0
VERMILION-:-MCKENDREE-(CONG-02),0
VERMILION-:-MCKENDREE-(CONG-15),0
VERMILION-:-OAKWOOD 2-(CONG-02),0
VERMILION-:-OAKWOOD 2-(CONG-15),0
VERMILION-:-VANCE-(CONG-02),14
VERMILION-:-VANCE-(CONG-15),0
WINNEBAGO-:-CHERRY VALLEY 2-(CONG-16),0
WINNEBAGO-:-CHERRY VALLEY 2-(CONG-17),6
WINNEBAGO-:-CHERRY VALLEY 3-(CONG-16),0
WINNEBAGO-:-CHERRY VALLEY 3-(CONG-17),6
WINNEBAGO-:-CHERRY VALLEY 6-(CONG-16),0
WINNEBAGO-:-CHERRY VALLEY 6-(CONG-17),6
WINNEBAGO-:-HARLEM 1-(CONG-16),0
WINNEBAGO-:-HARLEM 1-(CONG-17),6
WINNEBAGO-:-HARLEM 23-(CONG-16),0
WINNEBAGO-:-HARLEM 23-(CONG-17),6
WINNEBAGO-:-ROCKFORD 1-(CONG-16),0
WINNEBAGO-:-ROCKFORD 1-(CONG-17),6
WINNEBAGO-:-ROCKFORD 15-(CONG-16),6
WINNEBAGO-:-ROCKFORD 15-(CONG-17),6
WINNEBAGO-:-ROCKFORD 2-(CONG-16),0
WINNEBAGO-:-ROCKFORD 2-(CONG-17),6
WINNEBAGO-:-ROCKFORD 25-(CONG-16),0
WINNEBAGO-:-ROCKFORD 25-(CONG-17),2
WINNEBAGO-:-ROCKFORD 27-(CONG-16),0
WINNEBAGO-:-ROCKFORD 27-(CONG-17),6
WINNEBAGO-:-ROCKFORD 31-(CONG-16),0
WINNEBAGO-:-ROCKFORD 31-(CONG-17),6
WINNEBAGO-:-ROCKFORD 32-(CONG-16),0
WINNEBAGO-:-ROCKFORD 32-(CONG-17),6
WINNEBAGO-:-ROCKFORD 33-(CONG-16),0
WINNEBAGO-:-ROCKFORD 33-(CONG-17),6
WINNEBAGO-:-ROCKFORD 51-(CONG-16),0
WINNEBAGO-:-ROCKFORD 51-(CONG-17),2
WINNEBAGO-:-ROCKFORD 52-(CONG-16),0
WINNEBAGO-:-ROCKFORD 52-(CONG-17),2
WINNEBAGO-:-ROCKFORD 9-(CONG-16),0
WINNEBAGO-:-ROCKFORD 9-(CONG-17),6
WINNEBAGO-:-WINNEBAGO 1-(CONG-16),0
WINNEBAGO-:-WINNEBAGO 1-(CONG-17),2
WINNEBAGO-:-WINNEBAGO 2-(CONG-16),0
WINNEBAGO-:-WINNEBAGO 2-(CONG-17),2
ADAMS-:-BEVERLY PCT 1,0
ADAMS-:-BURTON PCT 1,0
ADAMS-:-CAMP POINT PCT 1,0
ADAMS-:-CAMP POINT PCT 2,0
ADAMS-:-CLAYTON PCT 1,0
ADAMS-:-COLUMBUS PCT 1,0
ADAMS-:-CONCORD PCT 1,0
ADAMS-:-ELLINGTON PCT 1,0
ADAMS-:-ELLINGTON PCT 2,0
ADAMS-:-ELLINGTON PCT 3,0
ADAMS-:-FALL CREEK PCT 1,0
ADAMS-:-GILMER PCT 1,0
ADAMS-:-HONEY CREEK PCT 1,0
ADAMS-:-HOUSTON PCT 1,0
ADAMS-:-KEENE PCT 1,0
ADAMS-:-LIBERTY PCT 1,0
ADAMS-:-LIMA PCT 1,0
ADAMS-:-MCKEE PCT 1,0
ADAMS-:-MELROSE PCT 1,0
ADAMS-:-MELROSE PCT 2,0
ADAMS-:-MELROSE PCT 3,0
ADAMS-:-MELROSE PCT 4,0
ADAMS-:-MELROSE PCT 5,0
ADAMS-:-MELROSE PCT 6,0
ADAMS-:-MENDON PCT 1,0
ADAMS-:-MENDON PCT 2,0
ADAMS-:-NORTHEAST PCT 1,0
ADAMS-:-PAYSON PCT 1,0
ADAMS-:-PAYSON PCT 2,0
ADAMS-:-QUINCY PCT 1,0
ADAMS-:-QUINCY PCT 10,0
ADAMS-:-QUINCY PCT 11,0
ADAMS-:-QUINCY PCT 12,0
ADAMS-:-QUINCY PCT 13,0
ADAMS-:-QUINCY PCT 14,0
ADAMS-:-QUINCY PCT 15,0
ADAMS-:-QUINCY PCT 16,0
ADAMS-:-QUINCY PCT 17,0
ADAMS-:-QUINCY PCT 18,0
ADAMS-:-QUINCY PCT 19,0
ADAMS-:-QUINCY PCT 2,0
ADAMS-:-QUINCY PCT 20,0
ADAMS-:-QUINCY PCT 21,0
ADAMS-:-QUINCY PCT 22,0
ADAMS-:-QUINCY PCT 23,0
ADAMS-:-QUINCY PCT 24,0
ADAMS-:-QUINCY PCT 25,0
ADAMS-:-QUINCY PCT 26,0
ADAMS-:-QUINCY PCT 27,0
ADAMS-:-QUINCY PCT 28,0
ADAMS-:-QUINCY PCT 29,0
ADAMS-:-QUINCY PCT 3,0
ADAMS-:-QUINCY PCT 30,0
ADAMS-:-QUINCY PCT 31,0
ADAMS-:-QUINCY PCT 32,0
ADAMS-:-QUINCY PCT 33,0
ADAMS-:-QUINCY PCT 34,0
ADAMS-:-QUINCY PCT 35,0
ADAMS-:-QUINCY PCT 36,0
ADAMS-:-QUINCY PCT 37,0
ADAMS-:-QUINCY PCT 38,0
ADAMS-:-QUINCY PCT 39,0
ADAMS-:-QUINCY PCT 4,0
ADAMS-:-QUINCY PCT 40,0
ADAMS-:-QUINCY PCT 5,0
ADAMS-:-QUINCY PCT 6,0
ADAMS-:-QUINCY PCT 7,0
ADAMS-:-QUINCY PCT 8,0
ADAMS-:-QUINCY PCT 9,0
ADAMS-:-RICHFIELD PCT 1,0
ADAMS-:-RIVERSIDE PCT 1,0
ADAMS-:-RIVERSIDE PCT 2,0
ADAMS-:-RIVERSIDE PCT 3,0
ADAMS-:-URSA PCT 1,0
ALEXANDER-:-CACHE,6
ALEXANDER-:-CAIRO 1,6
ALEXANDER-:-CAIRO 2,6
ALEXANDER-:-CAIRO 3,6
ALEXANDER-:-CAIRO 4,6
ALEXANDER-:-CAIRO 5,6
ALEXANDER-:-MCCLURE,0
ALEXANDER-:-OLIVE BRANCH,0
ALEXANDER-:-SANDUSKY,6
ALEXANDER-:-TAMMS,0
ALEXANDER-:-THEBES,0
BOND-:-BURGESS 1,0
BOND-:-BURGESS 2,0
BOND-:-BURGESS 3,0
BOND-:-CENTRAL 1,0
BOND-:-CENTRAL 1-A,0
BOND-:-CENTRAL 2,0
BOND-:-CENTRAL 3,0
BOND-:-CENTRAL 4,0
BOND-:-CENTRAL 6,0
BOND-:-CENTRAL 7,0
BOND-:-LAGRANGE,0
BOND-:-MILLS,0
BOND-:-MULBERRY GROVE 1,0
BOND-:-MULBERRY GROVE 2,0
BOND-:-OLD RIPLEY,0
BOND-:-PLEASANT MOUND 1,0
BOND-:-PLEASANT MOUND 2,0
BOND-:-SHOAL CREEK 1,0
BOND-:-SHOAL CREEK 2,0
BOND-:-TAMALCO,0
BOONE-:-BELVIDERE 1,3
BOONE-:-BELVIDERE 10,9
BOONE-:-BELVIDERE 11,9
BOONE-:-BELVIDERE 12,0
BOONE-:-BELVIDERE 13,0
BOONE-:-BELVIDERE 14,0
BOONE-:-BELVIDERE 15,0
BOONE-:-BELVIDERE 16,0
BOONE-:-BELVIDERE 17,0
BOONE-:-BELVIDERE 18,0
BOONE-:-BELVIDERE 2,3
BOONE-:-BELVIDERE 3,3
BOONE-:-BELVIDERE 4,3
BOONE-:-BELVIDERE 5,8
BOONE-:-BELVIDERE 6,9
BOONE-:-BELVIDERE 7,11
BOONE-:-BELVIDERE 8,3
BOONE-:-BELVIDERE 9,3
BOONE-:-BONUS 1,3
BOONE-:-BONUS 2,8
BOONE-:-BOONE 1,0
BOONE-:-CALEDONIA 1,0
BOONE-:-CALEDONIA 2,0
BOONE-:-CALEDONIA 3,0
BOONE-:-CALEDONIA 4,0
BOONE-:-CALEDONIA 5,0
BOONE-:-FLORA 2,0
BOONE-:-FLORA 3,0
BOONE-:-LE ROY,0
BOONE-:-MANCHESTER,0
BOONE-:-POPLAR GROVE 1,0
BOONE-:-POPLAR GROVE 2,0
BOONE-:-POPLAR GROVE 3,0
BOONE-:-POPLAR GROVE 4,0
BOONE-:-POPLAR GROVE 5,0
BOONE-:-SPRING,0
BROWN-:-BUCKHORN,0
BROWN-:-COOPERSTOWN,0
BROWN-:-ELKHORN,0
BROWN-:-LEE,0
BROWN-:-MISSOURI,0
BROWN-:-MT. STERLING 1,0
BROWN-:-MT. STERLING 2,0
BROWN-:-MT. STERLING 3,0
BROWN-:-MT. STERLING 4,0
BROWN-:-MT. STERLING 5,0
BROWN-:-PEA RIDGE,0
BROWN-:-RIPLEY,0
BROWN-:-VERSAILLES 1,0
BROWN-:-VERSAILLES 2,0
BUREAU-:-BERLIN,0
BUREAU-:-BUREAU,0
BUREAU-:-CLARION,0
BUREAU-:-CONCORD 1,0
BUREAU-:-CONCORD 2,0
BUREAU-:-DOVER,0
BUREAU-:-FAIRFIELD,0
BUREAU-:-GOLD,0
BUREAU-:-GREENVILLE,0
BUREAU-:-HALL 1,13
BUREAU-:-HALL 10,13
BUREAU-:-HALL 2,13
BUREAU-:-HALL 3,13
BUREAU-:-HALL 4,13
BUREAU-:-HALL 5,2
BUREAU-:-HALL 6,13
BUREAU-:-HALL 7,13
BUREAU-:-HALL 8,13
BUREAU-:-HALL 9,13
BUREAU-:-INDIANTOWN,0
BUREAU-:-LA MOILLE 1,0
BUREAU-:-LA MOILLE 2,0
BUREAU-:-LEEPERTOWN,2
BUREAU-:-MACON,0
BUREAU-:-MANLIUS,0
BUREAU-:-MILO,0
BUREAU-:-MINERAL,0
BUREAU-:-NEPONSET,0
BUREAU-:-OHIO 1,0
BUREAU-:-OHIO 2,0
BUREAU-:-PRINCETON 1,0
BUREAU-:-PRINCETON 2,0
BUREAU-:-PRINCETON 3,0
BUREAU-:-PRINCETON 4,0
BUREAU-:-PRINCETON 5,0
BUREAU-:-PRINCETON 7,0
BUREAU-:-PRINCETON 8,0
BUREAU-:-PRINCETON 9,0
BUREAU-:-SELBY 1,2
BUREAU-:-SELBY 3,9
BUREAU-:-WALNUT 1,0
BUREAU-:-WALNUT 2,0
BUREAU-:-WESTFIELD 1,2
BUREAU-:-WESTFIELD 2,2
BUREAU-:-WHEATLAND,0
BUREAU-:-WYANET 1,0
BUREAU-:-WYANET 2,0
CALHOUN-:-BELLEVIEW-HAMBURG,0
CALHOUN-:-CRATER-CARLIN,0
CALHOUN-:-HARDIN-GILEAD,0
CALHOUN-:-POINT,0
CALHOUN-:-RICHWOODS,0
CARROLL-:-CHERRY GROVE/SHANNON 1,2
CARROLL-:-CHERRY GROVE/SHANNON 2,2
CARROLL-:-ELKHORN GROVE,2
CARROLL-:-FAIR HAVEN,2
CARROLL-:-FREEDOM,2
CARROLL-:-MT. CARROLL 1,2
CARROLL-:-MT. CARROLL 2,2
CARROLL-:-MT. CARROLL 3,2
CARROLL-:-ROCK CREEK-LIMA 1,2
CARROLL-:-ROCK CREEK-LIMA 2,2
CARROLL-:-SALEM,2
CARROLL-:-SAVANNA 1,2
CARROLL-:-SAVANNA 2,2
CARROLL-:-SAVANNA 3,2
CARROLL-:-SAVANNA 4,2
CARROLL-:-SAVANNA 5,2
CARROLL-:-SAVANNA 6,2
CARROLL-:-WASHINGTON,2
CARROLL-:-WOODLAND,2
CARROLL-:-WYSOX 1,2
CARROLL-:-WYSOX 2,0
CARROLL-:-YORK,2
CASS-:-ARENZVILLE 11-001,0
CASS-:-ASHLAND 20-002,0
CASS-:-ASHLAND 21-002,0
CASS-:-BEARDSTOWN 1-003,0
CASS-:-BEARDSTOWN 2-003,0
CASS-:-BEARDSTOWN 3-003,0
CASS-:-BEARDSTOWN 4-003,0
CASS-:-BEARDSTOWN 5-004,0
CASS-:-BEARDSTOWN 6-004,0
CASS-:-BEARDSTOWN 7-004,0
CASS-:-BEARDSTOWN 8-004,0
CASS-:-BLUFF SPRINGS 10-001,0
CASS-:-CHANDLERVILLE 18-002,0
CASS-:-HAGENER 9-004,0
CASS-:-NEWMANSVILLE 19-002,0
CASS-:-PANTHER CREEK 17-002,0
CASS-:-PHILADELPHIA 16-002,0
CASS-:-SANGAMON VALLEY 12-001,0
CASS-:-VIRGINIA 13-001,0
CASS-:-VIRGINIA 14-001,0
CASS-:-VIRGINIA 15-001,0
CHAMPAIGN-:-AYERS,0
CHAMPAIGN-:-BROWN FISHER,0
CHAMPAIGN-:-BROWN FOOSLAND,0
CHAMPAIGN-:-CHAMPAIGN 1,5
CHAMPAIGN-:-CHAMPAIGN 2,4
CHAMPAIGN-:-CHAMPAIGN 3,4
CHAMPAIGN-:-CHAMPAIGN 4,4
CHAMPAIGN-:-CHAMPAIGN 5,4
CHAMPAIGN-:-CHAMPAIGN 6,4
CHAMPAIGN-:-CITY OF CHAMPAIGN 1,5
CHAMPAIGN-:-CITY OF CHAMPAIGN 10,4
CHAMPAIGN-:-CITY OF CHAMPAIGN 11,4
CHAMPAIGN-:-CITY OF CHAMPAIGN 12,4
CHAMPAIGN-:-CITY OF CHAMPAIGN 13,4
CHAMPAIGN-:-CITY OF CHAMPAIGN 14,4
CHAMPAIGN-:-CITY OF CHAMPAIGN 15,4
CHAMPAIGN-:-CITY OF CHAMPAIGN 16,4
CHAMPAIGN-:-CITY OF CHAMPAIGN 17,5
CHAMPAIGN-:-CITY OF CHAMPAIGN 18,4
CHAMPAIGN-:-CITY OF CHAMPAIGN 19,4
CHAMPAIGN-:-CITY OF CHAMPAIGN 2,5
CHAMPAIGN-:-CITY OF CHAMPAIGN 20,4
CHAMPAIGN-:-CITY OF CHAMPAIGN 21,4
CHAMPAIGN-:-CITY OF CHAMPAIGN 22,4
CHAMPAIGN-:-CITY OF CHAMPAIGN 23,4
CHAMPAIGN-:-CITY OF CHAMPAIGN 24,4
CHAMPAIGN-:-CITY OF CHAMPAIGN 25,4
CHAMPAIGN-:-CITY OF CHAMPAIGN 26,4
CHAMPAIGN-:-CITY OF CHAMPAIGN 27,4
CHAMPAIGN-:-CITY OF CHAMPAIGN 28,4
CHAMPAIGN-:-CITY OF CHAMPAIGN 29,4
CHAMPAIGN-:-CITY OF CHAMPAIGN 3,5
CHAMPAIGN-:-CITY OF CHAMPAIGN 30,4
CHAMPAIGN-:-CITY OF CHAMPAIGN 31,4
CHAMPAIGN-:-CITY OF CHAMPAIGN 32,4
CHAMPAIGN-:-CITY OF CHAMPAIGN 33,4
CHAMPAIGN-:-CITY OF CHAMPAIGN 34,4
CHAMPAIGN-:-CITY OF CHAMPAIGN 35,4
CHAMPAIGN-:-CITY OF CHAMPAIGN 36,4
CHAMPAIGN-:-CITY OF CHAMPAIGN 37,4
CHAMPAIGN-:-CITY OF CHAMPAIGN 38,4
CHAMPAIGN-:-CITY OF CHAMPAIGN 39,4
CHAMPAIGN-:-CITY OF CHAMPAIGN 4,5
CHAMPAIGN-:-CITY OF CHAMPAIGN 5,5
CHAMPAIGN-:-CITY OF CHAMPAIGN 6,5
CHAMPAIGN-:-CITY OF CHAMPAIGN 7,5
CHAMPAIGN-:-CITY OF CHAMPAIGN 8,5
CHAMPAIGN-:-CITY OF CHAMPAIGN 9,4
CHAMPAIGN-:-COLFAX,4
CHAMPAIGN-:-COMPROMISE GIFFORD,0
CHAMPAIGN-:-COMPROMISE PENFIELD,0
CHAMPAIGN-:-CONDIT,0
CHAMPAIGN-:-CRITTENDEN,0
CHAMPAIGN-:-CUNNINGHAM 1,5
CHAMPAIGN-:-CUNNINGHAM 10,5
CHAMPAIGN-:-CUNNINGHAM 11,4
CHAMPAIGN-:-CUNNINGHAM 12,5
CHAMPAIGN-:-CUNNINGHAM 13,4
CHAMPAIGN-:-CUNNINGHAM 14,4
CHAMPAIGN-:-CUNNINGHAM 15,5
CHAMPAIGN-:-CUNNINGHAM 16,4
CHAMPAIGN-:-CUNNINGHAM 17,5
CHAMPAIGN-:-CUNNINGHAM 18,5
CHAMPAIGN-:-CUNNINGHAM 19,5
CHAMPAIGN-:-CUNNINGHAM 2,5
CHAMPAIGN-:-CUNNINGHAM 20,4
CHAMPAIGN-:-CUNNINGHAM 21,5
CHAMPAIGN-:-CUNNINGHAM 22,5
CHAMPAIGN-:-CUNNINGHAM 23,5
CHAMPAIGN-:-CUNNINGHAM 3,5
CHAMPAIGN-:-CUNNINGHAM 4,5
CHAMPAIGN-:-CUNNINGHAM 5,5
CHAMPAIGN-:-CUNNINGHAM 6,5
CHAMPAIGN-:-CUNNINGHAM 7,5
CHAMPAIGN-:-CUNNINGHAM 8,5
CHAMPAIGN-:-CUNNINGHAM 9,5
CHAMPAIGN-:-EAST BEND,0
CHAMPAIGN-:-HARWOOD,0
CHAMPAIGN-:-KERR,0
CHAMPAIGN-:-LUDLOW 1,0
CHAMPAIGN-:-LUDLOW 2,11
CHAMPAIGN-:-LUDLOW 3,11
CHAMPAIGN-:-MAHOMET 1,0
CHAMPAIGN-:-MAHOMET 2,0
CHAMPAIGN-:-MAHOMET 3,0
CHAMPAIGN-:-MAHOMET 4,0
CHAMPAIGN-:-MAHOMET 5,0
CHAMPAIGN-:-NEWCOMB,0
CHAMPAIGN-:-OGDEN 1,0
CHAMPAIGN-:-OGDEN 2,0
CHAMPAIGN-:-PESOTUM,0
CHAMPAIGN-:-PHILO,0
CHAMPAIGN-:-RANTOUL 1,11
CHAMPAIGN-:-RANTOUL 2,11
CHAMPAIGN-:-RANTOUL 3,11
CHAMPAIGN-:-RANTOUL 5,11
CHAMPAIGN-:-RANTOUL 6,11
CHAMPAIGN-:-RAYMOND,0
CHAMPAIGN-:-SADORUS IVESDALE,4
CHAMPAIGN-:-SADORUS SADORUS,0
CHAMPAIGN-:-SCOTT BONDVILLE,4
CHAMPAIGN-:-SCOTT SEYMOUR,0
CHAMPAIGN-:-SIDNEY,0
CHAMPAIGN-:-SOUTH HOMER,0
CHAMPAIGN-:-ST. JOSEPH 1,0
CHAMPAIGN-:-ST. JOSEPH 2,0
CHAMPAIGN-:-ST. JOSEPH 3,0
CHAMPAIGN-:-STANTON,0
CHAMPAIGN-:-TOLONO 1,0
CHAMPAIGN-:-TOLONO 2,4
CHAMPAIGN-:-TOLONO 3,0
CHAMPAIGN-:-URBANA 1,4
CHAMPAIGN-:-URBANA 2,5
CHAMPAIGN-:-URBANA 3,5
CHAMPAIGN-:-URBANA 4,5
CHRISTIAN-:-ASSUMPTION,0
CHRISTIAN-:-BEAR CREEK,0
CHRISTIAN-:-BUCKHART,0
CHRISTIAN-:-GREENWOOD,0
CHRISTIAN-:-JOHNSON,0
CHRISTIAN-:-KING,0
CHRISTIAN-:-LOCUST,0
CHRISTIAN-:-MAY,0
CHRISTIAN-:-MOSQUITO,0
CHRISTIAN-:-MT AUBURN,0
CHRISTIAN-:-PANA #1,0
CHRISTIAN-:-PANA #2,0
CHRISTIAN-:-PANA #3,0
CHRISTIAN-:-PANA #4,0
CHRISTIAN-:-PRAIRIETON,0
CHRISTIAN-:-RICKS,0
CHRISTIAN-:-ROSAMOND,0
CHRISTIAN-:-SOUTH FORK #1,0
CHRISTIAN-:-SOUTH FORK #2,0
CHRISTIAN-:-STONINGTON,0
CHRISTIAN-:-TAYLORVILLE #1,0
CHRISTIAN-:-TAYLORVILLE #2,0
CHRISTIAN-:-TAYLORVILLE #3,0
CHRISTIAN-:-TAYLORVILLE #4,0
CHRISTIAN-:-TAYLORVILLE #5,0
CHRISTIAN-:-TAYLORVILLE #6,0
CHRISTIAN-:-TAYLORVILLE #7,0
CHRISTIAN-:-TAYLORVILLE #8,0
CHRISTIAN-:-TAYLORVILLE #9,0
CITY OF BLOOMINGTON-:-PRECINCT 1,1
CITY OF BLOOMINGTON-:-PRECINCT 11,1
CITY OF BLOOMINGTON-:-PRECINCT 12,9
CITY OF BLOOMINGTON-:-PRECINCT 13,8
CITY OF BLOOMINGTON-:-PRECINCT 14,1
CITY OF BLOOMINGTON-:-PRECINCT 16,1
CITY OF BLOOMINGTON-:-PRECINCT 18,1
CITY OF BLOOMINGTON-:-PRECINCT 19,9
CITY OF BLOOMINGTON-:-PRECINCT 20,1
CITY OF BLOOMINGTON-:-PRECINCT 21,1
CITY OF BLOOMINGTON-:-PRECINCT 22,1
CITY OF BLOOMINGTON-:-PRECINCT 23,1
CITY OF BLOOMINGTON-:-PRECINCT 24,1
CITY OF BLOOMINGTON-:-PRECINCT 25,1
CITY OF BLOOMINGTON-:-PRECINCT 26,8
CITY OF BLOOMINGTON-:-PRECINCT 27,1
CITY OF BLOOMINGTON-:-PRECINCT 28,1
CITY OF BLOOMINGTON-:-PRECINCT 29,1
CITY OF BLOOMINGTON-:-PRECINCT 3,1
CITY OF BLOOMINGTON-:-PRECINCT 30,1
CITY OF BLOOMINGTON-:-PRECINCT 31,1
CITY OF BLOOMINGTON-:-PRECINCT 32,1
CITY OF BLOOMINGTON-:-PRECINCT 33,1
CITY OF BLOOMINGTON-:-PRECINCT 34,1
CITY OF BLOOMINGTON-:-PRECINCT 35,9
CITY OF BLOOMINGTON-:-PRECINCT 36,1
CITY OF BLOOMINGTON-:-PRECINCT 37,1
CITY OF BLOOMINGTON-:-PRECINCT 38,1
CITY OF BLOOMINGTON-:-PRECINCT 39,1
CITY OF BLOOMINGTON-:-PRECINCT 4,1
CITY OF BLOOMINGTON-:-PRECINCT 40,8
CITY OF BLOOMINGTON-:-PRECINCT 41,1
CITY OF BLOOMINGTON-:-PRECINCT 42,1
CITY OF BLOOMINGTON-:-PRECINCT 43,1
CITY OF BLOOMINGTON-:-PRECINCT 44,1
CITY OF BLOOMINGTON-:-PRECINCT 45,9
CITY OF BLOOMINGTON-:-PRECINCT 46,1
CITY OF BLOOMINGTON-:-PRECINCT 47,9
CITY OF BLOOMINGTON-:-PRECINCT 48,8
CITY OF BLOOMINGTON-:-PRECINCT 49,1
CITY OF BLOOMINGTON-:-PRECINCT 5,1
CITY OF BLOOMINGTON-:-PRECINCT 50,1
CITY OF BLOOMINGTON-:-PRECINCT 51,9
CITY OF BLOOMINGTON-:-PRECINCT 53,8
CITY OF BLOOMINGTON-:-PRECINCT 54,1
CITY OF BLOOMINGTON-:-PRECINCT 55,1
CITY OF BLOOMINGTON-:-PRECINCT 56,8
CITY OF BLOOMINGTON-:-PRECINCT 57,1
CITY OF BLOOMINGTON-:-PRECINCT 58,1
CITY OF BLOOMINGTON-:-PRECINCT 59,1
CITY OF BLOOMINGTON-:-PRECINCT 6,1
CITY OF BLOOMINGTON-:-PRECINCT 60,6
CITY OF BLOOMINGTON-:-PRECINCT 7,1
CITY OF BLOOMINGTON-:-PRECINCT 8,1
CITY OF BLOOMINGTON-:-PRECINCT 9,1
CITY OF CHICAGO-:-WARD 01 PRECINCT 01,8
CITY OF CHICAGO-:-WARD 01 PRECINCT 02,8
CITY OF CHICAGO-:-WARD 01 PRECINCT 03,8
CITY OF CHICAGO-:-WARD 01 PRECINCT 04,8
CITY OF CHICAGO-:-WARD 01 PRECINCT 05,8
CITY OF CHICAGO-:-WARD 01 PRECINCT 06,11
CITY OF CHICAGO-:-WARD 01 PRECINCT 07,8
CITY OF CHICAGO-:-WARD 01 PRECINCT 08,8
CITY OF CHICAGO-:-WARD 01 PRECINCT 09,11
CITY OF CHICAGO-:-WARD 01 PRECINCT 10,8
CITY OF CHICAGO-:-WARD 01 PRECINCT 11,8
CITY OF CHICAGO-:-WARD 01 PRECINCT 12,8
CITY OF CHICAGO-:-WARD 01 PRECINCT 13,8
CITY OF CHICAGO-:-WARD 01 PRECINCT 14,8
CITY OF CHICAGO-:-WARD 01 PRECINCT 15,8
CITY OF CHICAGO-:-WARD 01 PRECINCT 16,8
CITY OF CHICAGO-:-WARD 01 PRECINCT 17,8
CITY OF CHICAGO-:-WARD 01 PRECINCT 18,8
CITY OF CHICAGO-:-WARD 01 PRECINCT 19,8
CITY OF CHICAGO-:-WARD 01 PRECINCT 20,8
CITY OF CHICAGO-:-WARD 01 PRECINCT 22,8
CITY OF CHICAGO-:-WARD 01 PRECINCT 23,8
CITY OF CHICAGO-:-WARD 01 PRECINCT 24,8
CITY OF CHICAGO-:-WARD 01 PRECINCT 25,9
CITY OF CHICAGO-:-WARD 01 PRECINCT 26,9
CITY OF CHICAGO-:-WARD 02 PRECINCT 01,11
CITY OF CHICAGO-:-WARD 02 PRECINCT 02,11
CITY OF CHICAGO-:-WARD 02 PRECINCT 03,11
CITY OF CHICAGO-:-WARD 02 PRECINCT 04,11
CITY OF CHICAGO-:-WARD 02 PRECINCT 05,11
CITY OF CHICAGO-:-WARD 02 PRECINCT 06,11
CITY OF CHICAGO-:-WARD 02 PRECINCT 07,11
CITY OF CHICAGO-:-WARD 02 PRECINCT 08,11
CITY OF CHICAGO-:-WARD 02 PRECINCT 09,11
CITY OF CHICAGO-:-WARD 02 PRECINCT 10,9
CITY OF CHICAGO-:-WARD 02 PRECINCT 11,9
CITY OF CHICAGO-:-WARD 02 PRECINCT 12,11
CITY OF CHICAGO-:-WARD 02 PRECINCT 13,11
CITY OF CHICAGO-:-WARD 02 PRECINCT 14,11
CITY OF CHICAGO-:-WARD 02 PRECINCT 15,11
CITY OF CHICAGO-:-WARD 02 PRECINCT 16,11
CITY OF CHICAGO-:-WARD 02 PRECINCT 17,11
CITY OF CHICAGO-:-WARD 02 PRECINCT 18,11
CITY OF CHICAGO-:-WARD 02 PRECINCT 19,11
CITY OF CHICAGO-:-WARD 02 PRECINCT 20,11
CITY OF CHICAGO-:-WARD 02 PRECINCT 21,11
CITY OF CHICAGO-:-WARD 02 PRECINCT 22,11
CITY OF CHICAGO-:-WARD 02 PRECINCT 24,10
CITY OF CHICAGO-:-WARD 02 PRECINCT 25,10
CITY OF CHICAGO-:-WARD 03 PRECINCT 01,13
CITY OF CHICAGO-:-WARD 03 PRECINCT 03,15
CITY OF CHICAGO-:-WARD 03 PRECINCT 04,12
CITY OF CHICAGO-:-WARD 03 PRECINCT 05,14
CITY OF CHICAGO-:-WARD 03 PRECINCT 06,14
CITY OF CHICAGO-:-WARD 03 PRECINCT 08,13
CITY OF CHICAGO-:-WARD 03 PRECINCT 09,14
CITY OF CHICAGO-:-WARD 03 PRECINCT 10,14
CITY OF CHICAGO-:-WARD 03 PRECINCT 11,13
CITY OF CHICAGO-:-WARD 03 PRECINCT 12,13
CITY OF CHICAGO-:-WARD 03 PRECINCT 13,14
CITY OF CHICAGO-:-WARD 03 PRECINCT 14,14
CITY OF CHICAGO-:-WARD 03 PRECINCT 15,13
CITY OF CHICAGO-:-WARD 03 PRECINCT 16,16
CITY OF CHICAGO-:-WARD 03 PRECINCT 17,14
CITY OF CHICAGO-:-WARD 03 PRECINCT 18,14
CITY OF CHICAGO-:-WARD 03 PRECINCT 21,14
CITY OF CHICAGO-:-WARD 03 PRECINCT 23,14
CITY OF CHICAGO-:-WARD 03 PRECINCT 24,14
CITY OF CHICAGO-:-WARD 03 PRECINCT 25,16
CITY OF CHICAGO-:-WARD 03 PRECINCT 26,14
CITY OF CHICAGO-:-WARD 03 PRECINCT 27,14
CITY OF CHICAGO-:-WARD 04 PRECINCT 02,12
CITY OF CHICAGO-:-WARD 04 PRECINCT 04,12
CITY OF CHICAGO-:-WARD 04 PRECINCT 05,12
CITY OF CHICAGO-:-WARD 04 PRECINCT 06,12
CITY OF CHICAGO-:-WARD 04 PRECINCT 07,12
CITY OF CHICAGO-:-WARD 04 PRECINCT 08,12
CITY OF CHICAGO-:-WARD 04 PRECINCT 09,12
CITY OF CHICAGO-:-WARD 04 PRECINCT 10,12
CITY OF CHICAGO-:-WARD 04 PRECINCT 11,12
CITY OF CHICAGO-:-WARD 04 PRECINCT 12,12
CITY OF CHICAGO-:-WARD 04 PRECINCT 13,12
CITY OF CHICAGO-:-WARD 04 PRECINCT 14,12
CITY OF CHICAGO-:-WARD 04 PRECINCT 15,12
CITY OF CHICAGO-:-WARD 04 PRECINCT 16,12
CITY OF CHICAGO-:-WARD 04 PRECINCT 17,12
CITY OF CHICAGO-:-WARD 04 PRECINCT 18,12
CITY OF CHICAGO-:-WARD 04 PRECINCT 19,14
CITY OF CHICAGO-:-WARD 04 PRECINCT 20,14
CITY OF CHICAGO-:-WARD 04 PRECINCT 21,14
CITY OF CHICAGO-:-WARD 04 PRECINCT 22,14
CITY OF CHICAGO-:-WARD 04 PRECINCT 23,14
CITY OF CHICAGO-:-WARD 04 PRECINCT 25,16
CITY OF CHICAGO-:-WARD 04 PRECINCT 26,16
CITY OF CHICAGO-:-WARD 04 PRECINCT 27,16
CITY OF CHICAGO-:-WARD 04 PRECINCT 28,9
CITY OF CHICAGO-:-WARD 05 PRECINCT 02,13
CITY OF CHICAGO-:-WARD 05 PRECINCT 03,12
CITY OF CHICAGO-:-WARD 05 PRECINCT 04,12
CITY OF CHICAGO-:-WARD 05 PRECINCT 05,12
CITY OF CHICAGO-:-WARD 05 PRECINCT 06,12
CITY OF CHICAGO-:-WARD 05 PRECINCT 07,12
CITY OF CHICAGO-:-WARD 05 PRECINCT 08,12
CITY OF CHICAGO-:-WARD 05 PRECINCT 10,12
CITY OF CHICAGO-:-WARD 05 PRECINCT 11,12
CITY OF CHICAGO-:-WARD 05 PRECINCT 12,12
CITY OF CHICAGO-:-WARD 05 PRECINCT 13,12
CITY OF CHICAGO-:-WARD 05 PRECINCT 14,12
CITY OF CHICAGO-:-WARD 05 PRECINCT 16,12
CITY OF CHICAGO-:-WARD 05 PRECINCT 17,12
CITY OF CHICAGO-:-WARD 05 PRECINCT 18,12
CITY OF CHICAGO-:-WARD 05 PRECINCT 19,12
CITY OF CHICAGO-:-WARD 05 PRECINCT 20,12
CITY OF CHICAGO-:-WARD 05 PRECINCT 21,12
CITY OF CHICAGO-:-WARD 05 PRECINCT 22,12
CITY OF CHICAGO-:-WARD 05 PRECINCT 23,12
CITY OF CHICAGO-:-WARD 05 PRECINCT 24,12
CITY OF CHICAGO-:-WARD 05 PRECINCT 25,12
CITY OF CHICAGO-:-WARD 06 PRECINCT 01,14
CITY OF CHICAGO-:-WARD 06 PRECINCT 02,14
CITY OF CHICAGO-:-WARD 06 PRECINCT 03,14
CITY OF CHICAGO-:-WARD 06 PRECINCT 04,14
CITY OF CHICAGO-:-WARD 06 PRECINCT 05,13
CITY OF CHICAGO-:-WARD 06 PRECINCT 06,13
CITY OF CHICAGO-:-WARD 06 PRECINCT 07,13
CITY OF CHICAGO-:-WARD 06 PRECINCT 08,13
CITY OF CHICAGO-:-WARD 06 PRECINCT 09,13
CITY OF CHICAGO-:-WARD 06 PRECINCT 10,13
CITY OF CHICAGO-:-WARD 06 PRECINCT 11,14
CITY OF CHICAGO-:-WARD 06 PRECINCT 12,13
CITY OF CHICAGO-:-WARD 06 PRECINCT 13,13
CITY OF CHICAGO-:-WARD 06 PRECINCT 14,13
CITY OF CHICAGO-:-WARD 06 PRECINCT 15,13
CITY OF CHICAGO-:-WARD 06 PRECINCT 16,13
CITY OF CHICAGO-:-WARD 06 PRECINCT 17,13
CITY OF CHICAGO-:-WARD 06 PRECINCT 18,13
CITY OF CHICAGO-:-WARD 06 PRECINCT 19,13
CITY OF CHICAGO-:-WARD 06 PRECINCT 20,13
CITY OF CHICAGO-:-WARD 06 PRECINCT 21,13
CITY OF CHICAGO-:-WARD 06 PRECINCT 22,13
CITY OF CHICAGO-:-WARD 06 PRECINCT 23,13
CITY OF CHICAGO-:-WARD 06 PRECINCT 24,13
CITY OF CHICAGO-:-WARD 06 PRECINCT 25,13
CITY OF CHICAGO-:-WARD 06 PRECINCT 26,13
CITY OF CHICAGO-:-WARD 06 PRECINCT 27,13
CITY OF CHICAGO-:-WARD 07 PRECINCT 01,13
CITY OF CHICAGO-:-WARD 07 PRECINCT 03,13
CITY OF CHICAGO-:-WARD 07 PRECINCT 04,13
CITY OF CHICAGO-:-WARD 07 PRECINCT 05,13
CITY OF CHICAGO-:-WARD 07 PRECINCT 06,13
CITY OF CHICAGO-:-WARD 07 PRECINCT 07,13
CITY OF CHICAGO-:-WARD 07 PRECINCT 08,13
CITY OF CHICAGO-:-WARD 07 PRECINCT 09,13
CITY OF CHICAGO-:-WARD 07 PRECINCT 11,13
CITY OF CHICAGO-:-WARD 07 PRECINCT 14,13
CITY OF CHICAGO-:-WARD 07 PRECINCT 15,13
CITY OF CHICAGO-:-WARD 07 PRECINCT 18,13
CITY OF CHICAGO-:-WARD 07 PRECINCT 19,13
CITY OF CHICAGO-:-WARD 07 PRECINCT 20,13
CITY OF CHICAGO-:-WARD 07 PRECINCT 21,13
CITY OF CHICAGO-:-WARD 07 PRECINCT 22,13
CITY OF CHICAGO-:-WARD 07 PRECINCT 23,13
CITY OF CHICAGO-:-WARD 07 PRECINCT 24,13
CITY OF CHICAGO-:-WARD 07 PRECINCT 25,13
CITY OF CHICAGO-:-WARD 07 PRECINCT 26,13
CITY OF CHICAGO-:-WARD 07 PRECINCT 27,13
CITY OF CHICAGO-:-WARD 07 PRECINCT 28,13
CITY OF CHICAGO-:-WARD 07 PRECINCT 29,13
CITY OF CHICAGO-:-WARD 07 PRECINCT 30,13
CITY OF CHICAGO-:-WARD 07 PRECINCT 31,13
CITY OF CHICAGO-:-WARD 08 PRECINCT 01,13
CITY OF CHICAGO-:-WARD 08 PRECINCT 02,13
CITY OF CHICAGO-:-WARD 08 PRECINCT 03,13
CITY OF CHICAGO-:-WARD 08 PRECINCT 04,13
CITY OF CHICAGO-:-WARD 08 PRECINCT 05,13
CITY OF CHICAGO-:-WARD 08 PRECINCT 06,13
CITY OF CHICAGO-:-WARD 08 PRECINCT 07,13
CITY OF CHICAGO-:-WARD 08 PRECINCT 08,13
CITY OF CHICAGO-:-WARD 08 PRECINCT 09,13
CITY OF CHICAGO-:-WARD 08 PRECINCT 10,13
CITY OF CHICAGO-:-WARD 08 PRECINCT 11,13
CITY OF CHICAGO-:-WARD 08 PRECINCT 12,13
CITY OF CHICAGO-:-WARD 08 PRECINCT 13,13
CITY OF CHICAGO-:-WARD 08 PRECINCT 14,13
CITY OF CHICAGO-:-WARD 08 PRECINCT 15,13
CITY OF CHICAGO-:-WARD 08 PRECINCT 16,13
CITY OF CHICAGO-:-WARD 08 PRECINCT 17,13
CITY OF CHICAGO-:-WARD 08 PRECINCT 18,13
CITY OF CHICAGO-:-WARD 08 PRECINCT 19,13
CITY OF CHICAGO-:-WARD 08 PRECINCT 20,13
CITY OF CHICAGO-:-WARD 08 PRECINCT 21,13
CITY OF CHICAGO-:-WARD 08 PRECINCT 22,13
CITY OF CHICAGO-:-WARD 08 PRECINCT 23,13
CITY OF CHICAGO-:-WARD 08 PRECINCT 24,13
CITY OF CHICAGO-:-WARD 08 PRECINCT 25,13
CITY OF CHICAGO-:-WARD 08 PRECINCT 26,13
CITY OF CHICAGO-:-WARD 08 PRECINCT 27,13
CITY OF CHICAGO-:-WARD 08 PRECINCT 28,13
CITY OF CHICAGO-:-WARD 08 PRECINCT 29,13
CITY OF CHICAGO-:-WARD 08 PRECINCT 30,13
CITY OF CHICAGO-:-WARD 09 PRECINCT 01,13
CITY OF CHICAGO-:-WARD 09 PRECINCT 02,13
CITY OF CHICAGO-:-WARD 09 PRECINCT 03,13
CITY OF CHICAGO-:-WARD 09 PRECINCT 04,13
CITY OF CHICAGO-:-WARD 09 PRECINCT 05,13
CITY OF CHICAGO-:-WARD 09 PRECINCT 06,13
CITY OF CHICAGO-:-WARD 09 PRECINCT 07,13
CITY OF CHICAGO-:-WARD 09 PRECINCT 09,13
CITY OF CHICAGO-:-WARD 09 PRECINCT 10,13
CITY OF CHICAGO-:-WARD 09 PRECINCT 11,13
CITY OF CHICAGO-:-WARD 09 PRECINCT 12,13
CITY OF CHICAGO-:-WARD 09 PRECINCT 13,13
CITY OF CHICAGO-:-WARD 09 PRECINCT 14,13
CITY OF CHICAGO-:-WARD 09 PRECINCT 15,13
CITY OF CHICAGO-:-WARD 09 PRECINCT 16,13
CITY OF CHICAGO-:-WARD 09 PRECINCT 17,13
CITY OF CHICAGO-:-WARD 09 PRECINCT 18,13
CITY OF CHICAGO-:-WARD 09 PRECINCT 19,13
CITY OF CHICAGO-:-WARD 09 PRECINCT 20,13
CITY OF CHICAGO-:-WARD 09 PRECINCT 21,13
CITY OF CHICAGO-:-WARD 09 PRECINCT 22,13
CITY OF CHICAGO-:-WARD 09 PRECINCT 23,13
CITY OF CHICAGO-:-WARD 09 PRECINCT 24,13
CITY OF CHICAGO-:-WARD 09 PRECINCT 25,13
CITY OF CHICAGO-:-WARD 09 PRECINCT 26,13
CITY OF CHICAGO-:-WARD 09 PRECINCT 27,13
CITY OF CHICAGO-:-WARD 09 PRECINCT 28,13
CITY OF CHICAGO-:-WARD 09 PRECINCT 29,13
CITY OF CHICAGO-:-WARD 09 PRECINCT 30,13
CITY OF CHICAGO-:-WARD 10 PRECINCT 01,13
CITY OF CHICAGO-:-WARD 10 PRECINCT 02,13
CITY OF CHICAGO-:-WARD 10 PRECINCT 03,13
CITY OF CHICAGO-:-WARD 10 PRECINCT 04,13
CITY OF CHICAGO-:-WARD 10 PRECINCT 05,13
CITY OF CHICAGO-:-WARD 10 PRECINCT 06,13
CITY OF CHICAGO-:-WARD 10 PRECINCT 07,13
CITY OF CHICAGO-:-WARD 10 PRECINCT 08,13
CITY OF CHICAGO-:-WARD 10 PRECINCT 09,13
CITY OF CHICAGO-:-WARD 10 PRECINCT 10,13
CITY OF CHICAGO-:-WARD 10 PRECINCT 11,13
CITY OF CHICAGO-:-WARD 10 PRECINCT 12,13
CITY OF CHICAGO-:-WARD 10 PRECINCT 13,13
CITY OF CHICAGO-:-WARD 10 PRECINCT 14,13
CITY OF CHICAGO-:-WARD 10 PRECINCT 15,13
CITY OF CHICAGO-:-WARD 10 PRECINCT 16,13
CITY OF CHICAGO-:-WARD 10 PRECINCT 17,13
CITY OF CHICAGO-:-WARD 10 PRECINCT 18,13
CITY OF CHICAGO-:-WARD 10 PRECINCT 19,13
CITY OF CHICAGO-:-WARD 10 PRECINCT 20,13
CITY OF CHICAGO-:-WARD 10 PRECINCT 21,13
CITY OF CHICAGO-:-WARD 10 PRECINCT 22,13
CITY OF CHICAGO-:-WARD 10 PRECINCT 23,13
CITY OF CHICAGO-:-WARD 10 PRECINCT 24,13
CITY OF CHICAGO-:-WARD 10 PRECINCT 25,13
CITY OF CHICAGO-:-WARD 11 PRECINCT 01,14
CITY OF CHICAGO-:-WARD 11 PRECINCT 02,14
CITY OF CHICAGO-:-WARD 11 PRECINCT 03,15
CITY OF CHICAGO-:-WARD 11 PRECINCT 04,14
CITY OF CHICAGO-:-WARD 11 PRECINCT 05,15
CITY OF CHICAGO-:-WARD 11 PRECINCT 06,15
CITY OF CHICAGO-:-WARD 11 PRECINCT 07,15
CITY OF CHICAGO-:-WARD 11 PRECINCT 08,15
CITY OF CHICAGO-:-WARD 11 PRECINCT 09,15
CITY OF CHICAGO-:-WARD 11 PRECINCT 10,14
CITY OF CHICAGO-:-WARD 11 PRECINCT 11,14
CITY OF CHICAGO-:-WARD 11 PRECINCT 12,14
CITY OF CHICAGO-:-WARD 11 PRECINCT 13,14
CITY OF CHICAGO-:-WARD 11 PRECINCT 14,15
CITY OF CHICAGO-:-WARD 11 PRECINCT 15,15
CITY OF CHICAGO-:-WARD 11 PRECINCT 16,15
CITY OF CHICAGO-:-WARD 11 PRECINCT 17,14
CITY OF CHICAGO-:-WARD 11 PRECINCT 18,14
CITY OF CHICAGO-:-WARD 11 PRECINCT 19,16
CITY OF CHICAGO-:-WARD 11 PRECINCT 20,14
CITY OF CHICAGO-:-WARD 11 PRECINCT 21,14
CITY OF CHICAGO-:-WARD 11 PRECINCT 22,14
CITY OF CHICAGO-:-WARD 11 PRECINCT 23,14
CITY OF CHICAGO-:-WARD 12 PRECINCT 01,16
CITY OF CHICAGO-:-WARD 12 PRECINCT 02,16
CITY OF CHICAGO-:-WARD 12 PRECINCT 03,16
CITY OF CHICAGO-:-WARD 12 PRECINCT 04,16
CITY OF CHICAGO-:-WARD 12 PRECINCT 05,15
CITY OF CHICAGO-:-WARD 12 PRECINCT 06,16
CITY OF CHICAGO-:-WARD 12 PRECINCT 07,14
CITY OF CHICAGO-:-WARD 12 PRECINCT 08,16
CITY OF CHICAGO-:-WARD 12 PRECINCT 09,16
CITY OF CHICAGO-:-WARD 12 PRECINCT 10,14
CITY OF CHICAGO-:-WARD 12 PRECINCT 11,14
CITY OF CHICAGO-:-WARD 12 PRECINCT 12,14
CITY OF CHICAGO-:-WARD 12 PRECINCT 13,14
CITY OF CHICAGO-:-WARD 12 PRECINCT 14,14
CITY OF CHICAGO-:-WARD 12 PRECINCT 15,14
CITY OF CHICAGO-:-WARD 12 PRECINCT 16,14
CITY OF CHICAGO-:-WARD 12 PRECINCT 17,16
CITY OF CHICAGO-:-WARD 12 PRECINCT 18,14
CITY OF CHICAGO-:-WARD 12 PRECINCT 19,16
CITY OF CHICAGO-:-WARD 12 PRECINCT 20,14
CITY OF CHICAGO-:-WARD 12 PRECINCT 21,14
CITY OF CHICAGO-:-WARD 12 PRECINCT 22,14
CITY OF CHICAGO-:-WARD 13 PRECINCT 01,15
CITY OF CHICAGO-:-WARD 13 PRECINCT 02,15
CITY OF CHICAGO-:-WARD 13 PRECINCT 03,15
CITY OF CHICAGO-:-WARD 13 PRECINCT 04,15
CITY OF CHICAGO-:-WARD 13 PRECINCT 05,15
CITY OF CHICAGO-:-WARD 13 PRECINCT 06,15
CITY OF CHICAGO-:-WARD 13 PRECINCT 07,15
CITY OF CHICAGO-:-WARD 13 PRECINCT 08,15
CITY OF CHICAGO-:-WARD 13 PRECINCT 09,15
CITY OF CHICAGO-:-WARD 13 PRECINCT 10,15
CITY OF CHICAGO-:-WARD 13 PRECINCT 11,15
CITY OF CHICAGO-:-WARD 13 PRECINCT 12,15
CITY OF CHICAGO-:-WARD 13 PRECINCT 13,15
CITY OF CHICAGO-:-WARD 13 PRECINCT 14,15
CITY OF CHICAGO-:-WARD 13 PRECINCT 15,15
CITY OF CHICAGO-:-WARD 13 PRECINCT 16,15
CITY OF CHICAGO-:-WARD 13 PRECINCT 17,15
CITY OF CHICAGO-:-WARD 13 PRECINCT 18,15
CITY OF CHICAGO-:-WARD 13 PRECINCT 19,15
CITY OF CHICAGO-:-WARD 13 PRECINCT 20,15
CITY OF CHICAGO-:-WARD 13 PRECINCT 21,15
CITY OF CHICAGO-:-WARD 13 PRECINCT 22,15
CITY OF CHICAGO-:-WARD 13 PRECINCT 23,15
CITY OF CHICAGO-:-WARD 13 PRECINCT 24,15
CITY OF CHICAGO-:-WARD 13 PRECINCT 25,15
CITY OF CHICAGO-:-WARD 13 PRECINCT 26,15
CITY OF CHICAGO-:-WARD 13 PRECINCT 27,15
CITY OF CHICAGO-:-WARD 13 PRECINCT 28,15
CITY OF CHICAGO-:-WARD 13 PRECINCT 29,15
CITY OF CHICAGO-:-WARD 13 PRECINCT 30,15
CITY OF CHICAGO-:-WARD 13 PRECINCT 31,15
CITY OF CHICAGO-:-WARD 13 PRECINCT 32,15
CITY OF CHICAGO-:-WARD 13 PRECINCT 33,15
CITY OF CHICAGO-:-WARD 13 PRECINCT 34,15
CITY OF CHICAGO-:-WARD 13 PRECINCT 35,15
CITY OF CHICAGO-:-WARD 13 PRECINCT 36,15
CITY OF CHICAGO-:-WARD 13 PRECINCT 37,15
CITY OF CHICAGO-:-WARD 13 PRECINCT 38,15
CITY OF CHICAGO-:-WARD 13 PRECINCT 39,15
CITY OF CHICAGO-:-WARD 13 PRECINCT 40,15
CITY OF CHICAGO-:-WARD 14 PRECINCT 02,16
CITY OF CHICAGO-:-WARD 14 PRECINCT 03,15
CITY OF CHICAGO-:-WARD 14 PRECINCT 04,15
CITY OF CHICAGO-:-WARD 14 PRECINCT 05,15
CITY OF CHICAGO-:-WARD 14 PRECINCT 06,15
CITY OF CHICAGO-:-WARD 14 PRECINCT 07,15
CITY OF CHICAGO-:-WARD 14 PRECINCT 08,15
CITY OF CHICAGO-:-WARD 14 PRECINCT 09,15
CITY OF CHICAGO-:-WARD 14 PRECINCT 10,15
CITY OF CHICAGO-:-WARD 14 PRECINCT 11,15
CITY OF CHICAGO-:-WARD 14 PRECINCT 12,15
CITY OF CHICAGO-:-WARD 14 PRECINCT 13,15
CITY OF CHICAGO-:-WARD 14 PRECINCT 14,14
CITY OF CHICAGO-:-WARD 14 PRECINCT 15,15
CITY OF CHICAGO-:-WARD 15 PRECINCT 01,14
CITY OF CHICAGO-:-WARD 15 PRECINCT 02,14
CITY OF CHICAGO-:-WARD 15 PRECINCT 03,14
CITY OF CHICAGO-:-WARD 15 PRECINCT 04,14
CITY OF CHICAGO-:-WARD 15 PRECINCT 05,14
CITY OF CHICAGO-:-WARD 15 PRECINCT 06,14
CITY OF CHICAGO-:-WARD 15 PRECINCT 07,14
CITY OF CHICAGO-:-WARD 15 PRECINCT 08,14
CITY OF CHICAGO-:-WARD 15 PRECINCT 09,14
CITY OF CHICAGO-:-WARD 15 PRECINCT 11,14
CITY OF CHICAGO-:-WARD 15 PRECINCT 12,15
CITY OF CHICAGO-:-WARD 15 PRECINCT 13,15
CITY OF CHICAGO-:-WARD 15 PRECINCT 14,15
CITY OF CHICAGO-:-WARD 15 PRECINCT 15,15
CITY OF CHICAGO-:-WARD 15 PRECINCT 16,15
CITY OF CHICAGO-:-WARD 15 PRECINCT 17,14
CITY OF CHICAGO-:-WARD 15 PRECINCT 18,14
CITY OF CHICAGO-:-WARD 15 PRECINCT 19,14
CITY OF CHICAGO-:-WARD 15 PRECINCT 20,14
CITY OF CHICAGO-:-WARD 16 PRECINCT 01,14
CITY OF CHICAGO-:-WARD 16 PRECINCT 02,14
CITY OF CHICAGO-:-WARD 16 PRECINCT 03,14
CITY OF CHICAGO-:-WARD 16 PRECINCT 04,14
CITY OF CHICAGO-:-WARD 16 PRECINCT 05,14
CITY OF CHICAGO-:-WARD 16 PRECINCT 06,15
CITY OF CHICAGO-:-WARD 16 PRECINCT 08,14
CITY OF CHICAGO-:-WARD 16 PRECINCT 09,14
CITY OF CHICAGO-:-WARD 16 PRECINCT 10,14
CITY OF CHICAGO-:-WARD 16 PRECINCT 11,14
CITY OF CHICAGO-:-WARD 16 PRECINCT 12,14
CITY OF CHICAGO-:-WARD 16 PRECINCT 13,14
CITY OF CHICAGO-:-WARD 16 PRECINCT 14,14
CITY OF CHICAGO-:-WARD 16 PRECINCT 15,14
CITY OF CHICAGO-:-WARD 16 PRECINCT 16,14
CITY OF CHICAGO-:-WARD 16 PRECINCT 17,15
CITY OF CHICAGO-:-WARD 16 PRECINCT 18,15
CITY OF CHICAGO-:-WARD 16 PRECINCT 19,15
CITY OF CHICAGO-:-WARD 16 PRECINCT 21,14
CITY OF CHICAGO-:-WARD 16 PRECINCT 22,15
CITY OF CHICAGO-:-WARD 16 PRECINCT 24,14
CITY OF CHICAGO-:-WARD 16 PRECINCT 25,14
CITY OF CHICAGO-:-WARD 17 PRECINCT 01,15
CITY OF CHICAGO-:-WARD 17 PRECINCT 03,14
CITY OF CHICAGO-:-WARD 17 PRECINCT 04,14
CITY OF CHICAGO-:-WARD 17 PRECINCT 05,14
CITY OF CHICAGO-:-WARD 17 PRECINCT 06,14
CITY OF CHICAGO-:-WARD 17 PRECINCT 07,14
CITY OF CHICAGO-:-WARD 17 PRECINCT 08,14
CITY OF CHICAGO-:-WARD 17 PRECINCT 09,14
CITY OF CHICAGO-:-WARD 17 PRECINCT 10,13
CITY OF CHICAGO-:-WARD 17 PRECINCT 11,14
CITY OF CHICAGO-:-WARD 17 PRECINCT 12,14
CITY OF CHICAGO-:-WARD 17 PRECINCT 13,14
CITY OF CHICAGO-:-WARD 17 PRECINCT 15,13
CITY OF CHICAGO-:-WARD 17 PRECINCT 16,14
CITY OF CHICAGO-:-WARD 17 PRECINCT 17,14
CITY OF CHICAGO-:-WARD 17 PRECINCT 18,13
CITY OF CHICAGO-:-WARD 17 PRECINCT 19,13
CITY OF CHICAGO-:-WARD 17 PRECINCT 20,14
CITY OF CHICAGO-:-WARD 17 PRECINCT 21,13
CITY OF CHICAGO-:-WARD 17 PRECINCT 22,13
CITY OF CHICAGO-:-WARD 17 PRECINCT 23,14
CITY OF CHICAGO-:-WARD 17 PRECINCT 24,13
CITY OF CHICAGO-:-WARD 17 PRECINCT 25,14
CITY OF CHICAGO-:-WARD 17 PRECINCT 26,14
CITY OF CHICAGO-:-WARD 17 PRECINCT 27,13
CITY OF CHICAGO-:-WARD 17 PRECINCT 28,13
CITY OF CHICAGO-:-WARD 17 PRECINCT 29,13
CITY OF CHICAGO-:-WARD 18 PRECINCT 01,13
CITY OF CHICAGO-:-WARD 18 PRECINCT 02,13
CITY OF CHICAGO-:-WARD 18 PRECINCT 03,14
CITY OF CHICAGO-:-WARD 18 PRECINCT 04,14
CITY OF CHICAGO-:-WARD 18 PRECINCT 05,14
CITY OF CHICAGO-:-WARD 18 PRECINCT 06,14
CITY OF CHICAGO-:-WARD 18 PRECINCT 07,14
CITY OF CHICAGO-:-WARD 18 PRECINCT 08,14
CITY OF CHICAGO-:-WARD 18 PRECINCT 09,14
CITY OF CHICAGO-:-WARD 18 PRECINCT 10,14
CITY OF CHICAGO-:-WARD 18 PRECINCT 11,14
CITY OF CHICAGO-:-WARD 18 PRECINCT 12,14
CITY OF CHICAGO-:-WARD 18 PRECINCT 13,14
CITY OF CHICAGO-:-WARD 18 PRECINCT 14,15
CITY OF CHICAGO-:-WARD 18 PRECINCT 15,14
CITY OF CHICAGO-:-WARD 18 PRECINCT 16,15
CITY OF CHICAGO-:-WARD 18 PRECINCT 17,14
CITY OF CHICAGO-:-WARD 18 PRECINCT 19,14
CITY OF CHICAGO-:-WARD 18 PRECINCT 20,14
CITY OF CHICAGO-:-WARD 18 PRECINCT 21,14
CITY OF CHICAGO-:-WARD 18 PRECINCT 22,14
CITY OF CHICAGO-:-WARD 18 PRECINCT 23,15
CITY OF CHICAGO-:-WARD 18 PRECINCT 24,15
CITY OF CHICAGO-:-WARD 18 PRECINCT 25,14
CITY OF CHICAGO-:-WARD 18 PRECINCT 26,15
CITY OF CHICAGO-:-WARD 19 PRECINCT 01,14
CITY OF CHICAGO-:-WARD 19 PRECINCT 02,14
CITY OF CHICAGO-:-WARD 19 PRECINCT 03,14
CITY OF CHICAGO-:-WARD 19 PRECINCT 04,14
CITY OF CHICAGO-:-WARD 19 PRECINCT 05,14
CITY OF CHICAGO-:-WARD 19 PRECINCT 06,14
CITY OF CHICAGO-:-WARD 19 PRECINCT 07,14
CITY OF CHICAGO-:-WARD 19 PRECINCT 08,14
CITY OF CHICAGO-:-WARD 19 PRECINCT 09,14
CITY OF CHICAGO-:-WARD 19 PRECINCT 12,14
CITY OF CHICAGO-:-WARD 19 PRECINCT 13,14
CITY OF CHICAGO-:-WARD 19 PRECINCT 14,14
CITY OF CHICAGO-:-WARD 19 PRECINCT 15,14
CITY OF CHICAGO-:-WARD 19 PRECINCT 16,14
CITY OF CHICAGO-:-WARD 19 PRECINCT 17,14
CITY OF CHICAGO-:-WARD 19 PRECINCT 18,14
CITY OF CHICAGO-:-WARD 19 PRECINCT 20,14
CITY OF CHICAGO-:-WARD 19 PRECINCT 21,14
CITY OF CHICAGO-:-WARD 19 PRECINCT 22,14
CITY OF CHICAGO-:-WARD 19 PRECINCT 23,14
CITY OF CHICAGO-:-WARD 19 PRECINCT 24,14
CITY OF CHICAGO-:-WARD 19 PRECINCT 27,13
CITY OF CHICAGO-:-WARD 19 PRECINCT 28,13
CITY OF CHICAGO-:-WARD 19 PRECINCT 29,14
CITY OF CHICAGO-:-WARD 19 PRECINCT 30,14
CITY OF CHICAGO-:-WARD 19 PRECINCT 32,14
CITY OF CHICAGO-:-WARD 19 PRECINCT 33,14
CITY OF CHICAGO-:-WARD 19 PRECINCT 34,14
CITY OF CHICAGO-:-WARD 19 PRECINCT 35,14
CITY OF CHICAGO-:-WARD 20 PRECINCT 02,14
CITY OF CHICAGO-:-WARD 20 PRECINCT 04,14
CITY OF CHICAGO-:-WARD 20 PRECINCT 06,14
CITY OF CHICAGO-:-WARD 20 PRECINCT 07,14
CITY OF CHICAGO-:-WARD 20 PRECINCT 09,13
CITY OF CHICAGO-:-WARD 20 PRECINCT 10,13
CITY OF CHICAGO-:-WARD 20 PRECINCT 11,13
CITY OF CHICAGO-:-WARD 20 PRECINCT 12,13
CITY OF CHICAGO-:-WARD 20 PRECINCT 13,12
CITY OF CHICAGO-:-WARD 20 PRECINCT 15,13
CITY OF CHICAGO-:-WARD 20 PRECINCT 16,12
CITY OF CHICAGO-:-WARD 20 PRECINCT 17,12
CITY OF CHICAGO-:-WARD 20 PRECINCT 18,12
CITY OF CHICAGO-:-WARD 20 PRECINCT 19,12
CITY OF CHICAGO-:-WARD 20 PRECINCT 20,12
CITY OF CHICAGO-:-WARD 20 PRECINCT 21,13
CITY OF CHICAGO-:-WARD 20 PRECINCT 22,13
CITY OF CHICAGO-:-WARD 20 PRECINCT 23,14
CITY OF CHICAGO-:-WARD 21 PRECINCT 01,13
CITY OF CHICAGO-:-WARD 21 PRECINCT 02,14
CITY OF CHICAGO-:-WARD 21 PRECINCT 03,13
CITY OF CHICAGO-:-WARD 21 PRECINCT 04,13
CITY OF CHICAGO-:-WARD 21 PRECINCT 05,13
CITY OF CHICAGO-:-WARD 21 PRECINCT 06,13
CITY OF CHICAGO-:-WARD 21 PRECINCT 07,13
CITY OF CHICAGO-:-WARD 21 PRECINCT 08,13
CITY OF CHICAGO-:-WARD 21 PRECINCT 09,14
CITY OF CHICAGO-:-WARD 21 PRECINCT 10,13
CITY OF CHICAGO-:-WARD 21 PRECINCT 11,13
CITY OF CHICAGO-:-WARD 21 PRECINCT 12,13
CITY OF CHICAGO-:-WARD 21 PRECINCT 13,13
CITY OF CHICAGO-:-WARD 21 PRECINCT 14,13
CITY OF CHICAGO-:-WARD 21 PRECINCT 15,13
CITY OF CHICAGO-:-WARD 21 PRECINCT 16,13
CITY OF CHICAGO-:-WARD 21 PRECINCT 17,13
CITY OF CHICAGO-:-WARD 21 PRECINCT 18,13
CITY OF CHICAGO-:-WARD 21 PRECINCT 19,13
CITY OF CHICAGO-:-WARD 21 PRECINCT 20,13
CITY OF CHICAGO-:-WARD 21 PRECINCT 21,13
CITY OF CHICAGO-:-WARD 21 PRECINCT 22,13
CITY OF CHICAGO-:-WARD 21 PRECINCT 23,13
CITY OF CHICAGO-:-WARD 21 PRECINCT 24,13
CITY OF CHICAGO-:-WARD 21 PRECINCT 25,13
CITY OF CHICAGO-:-WARD 21 PRECINCT 26,13
CITY OF CHICAGO-:-WARD 21 PRECINCT 27,13
CITY OF CHICAGO-:-WARD 21 PRECINCT 28,13
CITY OF CHICAGO-:-WARD 21 PRECINCT 29,13
CITY OF CHICAGO-:-WARD 22 PRECINCT 01,16
CITY OF CHICAGO-:-WARD 22 PRECINCT 03,16
CITY OF CHICAGO-:-WARD 22 PRECINCT 04,16
CITY OF CHICAGO-:-WARD 22 PRECINCT 05,15
CITY OF CHICAGO-:-WARD 22 PRECINCT 06,16
CITY OF CHICAGO-:-WARD 22 PRECINCT 07,15
CITY OF CHICAGO-:-WARD 22 PRECINCT 08,15
CITY OF CHICAGO-:-WARD 22 PRECINCT 09,15
CITY OF CHICAGO-:-WARD 22 PRECINCT 10,16
CITY OF CHICAGO-:-WARD 22 PRECINCT 11,15
CITY OF CHICAGO-:-WARD 22 PRECINCT 12,15
CITY OF CHICAGO-:-WARD 22 PRECINCT 13,15
CITY OF CHICAGO-:-WARD 22 PRECINCT 14,16
CITY OF CHICAGO-:-WARD 22 PRECINCT 15,16
CITY OF CHICAGO-:-WARD 22 PRECINCT 16,16
CITY OF CHICAGO-:-WARD 22 PRECINCT 17,16
CITY OF CHICAGO-:-WARD 22 PRECINCT 18,16
CITY OF CHICAGO-:-WARD 22 PRECINCT 19,16
CITY OF CHICAGO-:-WARD 23 PRECINCT 01,15
CITY OF CHICAGO-:-WARD 23 PRECINCT 02,15
CITY OF CHICAGO-:-WARD 23 PRECINCT 03,15
CITY OF CHICAGO-:-WARD 23 PRECINCT 04,15
CITY OF CHICAGO-:-WARD 23 PRECINCT 05,15
CITY OF CHICAGO-:-WARD 23 PRECINCT 06,15
CITY OF CHICAGO-:-WARD 23 PRECINCT 07,15
CITY OF CHICAGO-:-WARD 23 PRECINCT 08,15
CITY OF CHICAGO-:-WARD 23 PRECINCT 09,15
CITY OF CHICAGO-:-WARD 23 PRECINCT 10,15
CITY OF CHICAGO-:-WARD 23 PRECINCT 11,15
CITY OF CHICAGO-:-WARD 23 PRECINCT 12,15
CITY OF CHICAGO-:-WARD 23 PRECINCT 13,15
CITY OF CHICAGO-:-WARD 23 PRECINCT 14,15
CITY OF CHICAGO-:-WARD 23 PRECINCT 15,15
CITY OF CHICAGO-:-WARD 23 PRECINCT 16,15
CITY OF CHICAGO-:-WARD 23 PRECINCT 17,15
CITY OF CHICAGO-:-WARD 23 PRECINCT 18,15
CITY OF CHICAGO-:-WARD 23 PRECINCT 19,15
CITY OF CHICAGO-:-WARD 23 PRECINCT 20,15
CITY OF CHICAGO-:-WARD 23 PRECINCT 21,15
CITY OF CHICAGO-:-WARD 23 PRECINCT 22,15
CITY OF CHICAGO-:-WARD 23 PRECINCT 23,15
CITY OF CHICAGO-:-WARD 23 PRECINCT 24,15
CITY OF CHICAGO-:-WARD 23 PRECINCT 25,15
CITY OF CHICAGO-:-WARD 23 PRECINCT 26,15
CITY OF CHICAGO-:-WARD 23 PRECINCT 27,15
CITY OF CHICAGO-:-WARD 23 PRECINCT 28,15
CITY OF CHICAGO-:-WARD 23 PRECINCT 29,15
CITY OF CHICAGO-:-WARD 23 PRECINCT 30,15
CITY OF CHICAGO-:-WARD 23 PRECINCT 31,15
CITY OF CHICAGO-:-WARD 23 PRECINCT 32,15
CITY OF CHICAGO-:-WARD 23 PRECINCT 33,15
CITY OF CHICAGO-:-WARD 24 PRECINCT 01,16
CITY OF CHICAGO-:-WARD 24 PRECINCT 02,16
CITY OF CHICAGO-:-WARD 24 PRECINCT 03,16
CITY OF CHICAGO-:-WARD 24 PRECINCT 04,16
CITY OF CHICAGO-:-WARD 24 PRECINCT 05,16
CITY OF CHICAGO-:-WARD 24 PRECINCT 06,16
CITY OF CHICAGO-:-WARD 24 PRECINCT 07,16
CITY OF CHICAGO-:-WARD 24 PRECINCT 08,16
CITY OF CHICAGO-:-WARD 24 PRECINCT 09,16
CITY OF CHICAGO-:-WARD 24 PRECINCT 10,16
CITY OF CHICAGO-:-WARD 24 PRECINCT 11,16
CITY OF CHICAGO-:-WARD 24 PRECINCT 12,16
CITY OF CHICAGO-:-WARD 24 PRECINCT 13,16
CITY OF CHICAGO-:-WARD 24 PRECINCT 14,16
CITY OF CHICAGO-:-WARD 24 PRECINCT 15,16
CITY OF CHICAGO-:-WARD 24 PRECINCT 16,16
CITY OF CHICAGO-:-WARD 24 PRECINCT 17,16
CITY OF CHICAGO-:-WARD 24 PRECINCT 19,15
CITY OF CHICAGO-:-WARD 24 PRECINCT 20,16
CITY OF CHICAGO-:-WARD 25 PRECINCT 01,15
CITY OF CHICAGO-:-WARD 25 PRECINCT 02,15
CITY OF CHICAGO-:-WARD 25 PRECINCT 04,15
CITY OF CHICAGO-:-WARD 25 PRECINCT 05,14
CITY OF CHICAGO-:-WARD 25 PRECINCT 06,14
CITY OF CHICAGO-:-WARD 25 PRECINCT 07,14
CITY OF CHICAGO-:-WARD 25 PRECINCT 08,14
CITY OF CHICAGO-:-WARD 25 PRECINCT 09,14
CITY OF CHICAGO-:-WARD 25 PRECINCT 10,14
CITY OF CHICAGO-:-WARD 25 PRECINCT 11,15
CITY OF CHICAGO-:-WARD 25 PRECINCT 12,15
CITY OF CHICAGO-:-WARD 25 PRECINCT 14,15
CITY OF CHICAGO-:-WARD 25 PRECINCT 15,14
CITY OF CHICAGO-:-WARD 25 PRECINCT 16,15
CITY OF CHICAGO-:-WARD 25 PRECINCT 17,14
CITY OF CHICAGO-:-WARD 26 PRECINCT 01,8
CITY OF CHICAGO-:-WARD 26 PRECINCT 02,8
CITY OF CHICAGO-:-WARD 26 PRECINCT 03,8
CITY OF CHICAGO-:-WARD 26 PRECINCT 04,9
CITY OF CHICAGO-:-WARD 26 PRECINCT 05,8
CITY OF CHICAGO-:-WARD 26 PRECINCT 06,8
CITY OF CHICAGO-:-WARD 26 PRECINCT 07,8
CITY OF CHICAGO-:-WARD 26 PRECINCT 08,8
CITY OF CHICAGO-:-WARD 26 PRECINCT 09,8
CITY OF CHICAGO-:-WARD 26 PRECINCT 10,8
CITY OF CHICAGO-:-WARD 26 PRECINCT 11,8
CITY OF CHICAGO-:-WARD 26 PRECINCT 12,8
CITY OF CHICAGO-:-WARD 26 PRECINCT 13,8
CITY OF CHICAGO-:-WARD 26 PRECINCT 14,8
CITY OF CHICAGO-:-WARD 26 PRECINCT 15,9
CITY OF CHICAGO-:-WARD 26 PRECINCT 16,8
CITY OF CHICAGO-:-WARD 26 PRECINCT 17,8
CITY OF CHICAGO-:-WARD 26 PRECINCT 18,8
CITY OF CHICAGO-:-WARD 26 PRECINCT 19,8
CITY OF CHICAGO-:-WARD 26 PRECINCT 20,8
CITY OF CHICAGO-:-WARD 26 PRECINCT 21,9
CITY OF CHICAGO-:-WARD 26 PRECINCT 22,9
CITY OF CHICAGO-:-WARD 26 PRECINCT 23,8
CITY OF CHICAGO-:-WARD 26 PRECINCT 24,8
CITY OF CHICAGO-:-WARD 26 PRECINCT 25,8
CITY OF CHICAGO-:-WARD 26 PRECINCT 26,8
CITY OF CHICAGO-:-WARD 26 PRECINCT 28,8
CITY OF CHICAGO-:-WARD 26 PRECINCT 29,8
CITY OF CHICAGO-:-WARD 26 PRECINCT 30,8
CITY OF CHICAGO-:-WARD 26 PRECINCT 31,9
CITY OF CHICAGO-:-WARD 26 PRECINCT 32,8
CITY OF CHICAGO-:-WARD 27 PRECINCT 01,9
CITY OF CHICAGO-:-WARD 27 PRECINCT 02,9
CITY OF CHICAGO-:-WARD 27 PRECINCT 03,9
CITY OF CHICAGO-:-WARD 27 PRECINCT 04,16
CITY OF CHICAGO-:-WARD 27 PRECINCT 05,9
CITY OF CHICAGO-:-WARD 27 PRECINCT 06,9
CITY OF CHICAGO-:-WARD 27 PRECINCT 07,9
CITY OF CHICAGO-:-WARD 27 PRECINCT 08,16
CITY OF CHICAGO-:-WARD 27 PRECINCT 10,16
CITY OF CHICAGO-:-WARD 27 PRECINCT 11,9
CITY OF CHICAGO-:-WARD 27 PRECINCT 14,16
CITY OF CHICAGO-:-WARD 27 PRECINCT 15,11
CITY OF CHICAGO-:-WARD 27 PRECINCT 16,9
CITY OF CHICAGO-:-WARD 27 PRECINCT 17,16
CITY OF CHICAGO-:-WARD 27 PRECINCT 18,16
CITY OF CHICAGO-:-WARD 27 PRECINCT 19,9
CITY OF CHICAGO-:-WARD 27 PRECINCT 20,11
CITY OF CHICAGO-:-WARD 27 PRECINCT 22,16
CITY OF CHICAGO-:-WARD 27 PRECINCT 23,9
CITY OF CHICAGO-:-WARD 27 PRECINCT 24,9
CITY OF CHICAGO-:-WARD 27 PRECINCT 25,9
CITY OF CHICAGO-:-WARD 27 PRECINCT 26,16
CITY OF CHICAGO-:-WARD 27 PRECINCT 27,9
CITY OF CHICAGO-:-WARD 27 PRECINCT 28,11
CITY OF CHICAGO-:-WARD 27 PRECINCT 29,9
CITY OF CHICAGO-:-WARD 28 PRECINCT 01,9
CITY OF CHICAGO-:-WARD 28 PRECINCT 02,16
CITY OF CHICAGO-:-WARD 28 PRECINCT 03,16
CITY OF CHICAGO-:-WARD 28 PRECINCT 04,16
CITY OF CHICAGO-:-WARD 28 PRECINCT 05,16
CITY OF CHICAGO-:-WARD 28 PRECINCT 06,9
CITY OF CHICAGO-:-WARD 28 PRECINCT 07,16
CITY OF CHICAGO-:-WARD 28 PRECINCT 08,9
CITY OF CHICAGO-:-WARD 28 PRECINCT 09,16
CITY OF CHICAGO-:-WARD 28 PRECINCT 10,16
CITY OF CHICAGO-:-WARD 28 PRECINCT 11,16
CITY OF CHICAGO-:-WARD 28 PRECINCT 12,16
CITY OF CHICAGO-:-WARD 28 PRECINCT 13,16
CITY OF CHICAGO-:-WARD 28 PRECINCT 14,14
CITY OF CHICAGO-:-WARD 28 PRECINCT 15,14
CITY OF CHICAGO-:-WARD 28 PRECINCT 16,14
CITY OF CHICAGO-:-WARD 28 PRECINCT 18,16
CITY OF CHICAGO-:-WARD 28 PRECINCT 19,9
CITY OF CHICAGO-:-WARD 28 PRECINCT 20,16
CITY OF CHICAGO-:-WARD 28 PRECINCT 21,16
CITY OF CHICAGO-:-WARD 28 PRECINCT 22,16
CITY OF CHICAGO-:-WARD 28 PRECINCT 23,16
CITY OF CHICAGO-:-WARD 28 PRECINCT 24,16
CITY OF CHICAGO-:-WARD 28 PRECINCT 25,9
CITY OF CHICAGO-:-WARD 28 PRECINCT 26,16
CITY OF CHICAGO-:-WARD 29 PRECINCT 01,9
CITY OF CHICAGO-:-WARD 29 PRECINCT 02,9
CITY OF CHICAGO-:-WARD 29 PRECINCT 03,9
CITY OF CHICAGO-:-WARD 29 PRECINCT 06,9
CITY OF CHICAGO-:-WARD 29 PRECINCT 07,9
CITY OF CHICAGO-:-WARD 29 PRECINCT 08,9
CITY OF CHICAGO-:-WARD 29 PRECINCT 09,9
CITY OF CHICAGO-:-WARD 29 PRECINCT 10,9
CITY OF CHICAGO-:-WARD 29 PRECINCT 11,9
CITY OF CHICAGO-:-WARD 29 PRECINCT 12,9
CITY OF CHICAGO-:-WARD 29 PRECINCT 13,9
CITY OF CHICAGO-:-WARD 29 PRECINCT 14,9
CITY OF CHICAGO-:-WARD 29 PRECINCT 15,9
CITY OF CHICAGO-:-WARD 29 PRECINCT 16,9
CITY OF CHICAGO-:-WARD 29 PRECINCT 17,9
CITY OF CHICAGO-:-WARD 29 PRECINCT 18,9
CITY OF CHICAGO-:-WARD 29 PRECINCT 19,9
CITY OF CHICAGO-:-WARD 29 PRECINCT 20,9
CITY OF CHICAGO-:-WARD 29 PRECINCT 21,9
CITY OF CHICAGO-:-WARD 29 PRECINCT 22,9
CITY OF CHICAGO-:-WARD 29 PRECINCT 23,9
CITY OF CHICAGO-:-WARD 29 PRECINCT 24,16
CITY OF CHICAGO-:-WARD 30 PRECINCT 01,9
CITY OF CHICAGO-:-WARD 30 PRECINCT 02,8
CITY OF CHICAGO-:-WARD 30 PRECINCT 04,8
CITY OF CHICAGO-:-WARD 30 PRECINCT 05,9
CITY OF CHICAGO-:-WARD 30 PRECINCT 06,8
CITY OF CHICAGO-:-WARD 30 PRECINCT 07,8
CITY OF CHICAGO-:-WARD 30 PRECINCT 08,8
CITY OF CHICAGO-:-WARD 30 PRECINCT 09,9
CITY OF CHICAGO-:-WARD 30 PRECINCT 10,8
CITY OF CHICAGO-:-WARD 30 PRECINCT 11,9
CITY OF CHICAGO-:-WARD 30 PRECINCT 12,9
CITY OF CHICAGO-:-WARD 30 PRECINCT 13,9
CITY OF CHICAGO-:-WARD 30 PRECINCT 14,9
CITY OF CHICAGO-:-WARD 30 PRECINCT 16,9
CITY OF CHICAGO-:-WARD 30 PRECINCT 17,8
CITY OF CHICAGO-:-WARD 30 PRECINCT 18,8
CITY OF CHICAGO-:-WARD 30 PRECINCT 19,8
CITY OF CHICAGO-:-WARD 30 PRECINCT 20,8
CITY OF CHICAGO-:-WARD 30 PRECINCT 21,9
CITY OF CHICAGO-:-WARD 30 PRECINCT 24,8
CITY OF CHICAGO-:-WARD 30 PRECINCT 25,8
CITY OF CHICAGO-:-WARD 30 PRECINCT 26,8
CITY OF CHICAGO-:-WARD 31 PRECINCT 01,8
CITY OF CHICAGO-:-WARD 31 PRECINCT 02,8
CITY OF CHICAGO-:-WARD 31 PRECINCT 03,9
CITY OF CHICAGO-:-WARD 31 PRECINCT 04,8
CITY OF CHICAGO-:-WARD 31 PRECINCT 05,8
CITY OF CHICAGO-:-WARD 31 PRECINCT 06,8
CITY OF CHICAGO-:-WARD 31 PRECINCT 07,8
CITY OF CHICAGO-:-WARD 31 PRECINCT 08,8
CITY OF CHICAGO-:-WARD 31 PRECINCT 09,9
CITY OF CHICAGO-:-WARD 31 PRECINCT 10,8
CITY OF CHICAGO-:-WARD 31 PRECINCT 11,8
CITY OF CHICAGO-:-WARD 31 PRECINCT 12,8
CITY OF CHICAGO-:-WARD 31 PRECINCT 13,8
CITY OF CHICAGO-:-WARD 31 PRECINCT 14,9
CITY OF CHICAGO-:-WARD 31 PRECINCT 15,8
CITY OF CHICAGO-:-WARD 31 PRECINCT 16,9
CITY OF CHICAGO-:-WARD 31 PRECINCT 17,8
CITY OF CHICAGO-:-WARD 31 PRECINCT 18,8
CITY OF CHICAGO-:-WARD 31 PRECINCT 19,9
CITY OF CHICAGO-:-WARD 31 PRECINCT 20,9
CITY OF CHICAGO-:-WARD 31 PRECINCT 21,9
CITY OF CHICAGO-:-WARD 31 PRECINCT 22,9
CITY OF CHICAGO-:-WARD 31 PRECINCT 23,9
CITY OF CHICAGO-:-WARD 32 PRECINCT 01,10
CITY OF CHICAGO-:-WARD 32 PRECINCT 02,10
CITY OF CHICAGO-:-WARD 32 PRECINCT 03,11
CITY OF CHICAGO-:-WARD 32 PRECINCT 04,10
CITY OF CHICAGO-:-WARD 32 PRECINCT 05,10
CITY OF CHICAGO-:-WARD 32 PRECINCT 06,11
CITY OF CHICAGO-:-WARD 32 PRECINCT 07,10
CITY OF CHICAGO-:-WARD 32 PRECINCT 08,11
CITY OF CHICAGO-:-WARD 32 PRECINCT 09,11
CITY OF CHICAGO-:-WARD 32 PRECINCT 10,10
CITY OF CHICAGO-:-WARD 32 PRECINCT 11,11
CITY OF CHICAGO-:-WARD 32 PRECINCT 12,11
CITY OF CHICAGO-:-WARD 32 PRECINCT 13,11
CITY OF CHICAGO-:-WARD 32 PRECINCT 14,10
CITY OF CHICAGO-:-WARD 32 PRECINCT 15,10
CITY OF CHICAGO-:-WARD 32 PRECINCT 16,10
CITY OF CHICAGO-:-WARD 32 PRECINCT 17,10
CITY OF CHICAGO-:-WARD 32 PRECINCT 18,11
CITY OF CHICAGO-:-WARD 32 PRECINCT 20,10
CITY OF CHICAGO-:-WARD 32 PRECINCT 21,8
CITY OF CHICAGO-:-WARD 32 PRECINCT 22,11
CITY OF CHICAGO-:-WARD 32 PRECINCT 23,11
CITY OF CHICAGO-:-WARD 32 PRECINCT 24,11
CITY OF CHICAGO-:-WARD 32 PRECINCT 25,11
CITY OF CHICAGO-:-WARD 32 PRECINCT 26,8
CITY OF CHICAGO-:-WARD 32 PRECINCT 27,8
CITY OF CHICAGO-:-WARD 32 PRECINCT 28,11
CITY OF CHICAGO-:-WARD 32 PRECINCT 29,11
CITY OF CHICAGO-:-WARD 32 PRECINCT 30,8
CITY OF CHICAGO-:-WARD 33 PRECINCT 01,8
CITY OF CHICAGO-:-WARD 33 PRECINCT 02,8
CITY OF CHICAGO-:-WARD 33 PRECINCT 03,8
CITY OF CHICAGO-:-WARD 33 PRECINCT 04,8
CITY OF CHICAGO-:-WARD 33 PRECINCT 05,8
CITY OF CHICAGO-:-WARD 33 PRECINCT 06,8
CITY OF CHICAGO-:-WARD 33 PRECINCT 07,8
CITY OF CHICAGO-:-WARD 33 PRECINCT 08,8
CITY OF CHICAGO-:-WARD 33 PRECINCT 09,8
CITY OF CHICAGO-:-WARD 33 PRECINCT 10,8
CITY OF CHICAGO-:-WARD 33 PRECINCT 11,8
CITY OF CHICAGO-:-WARD 33 PRECINCT 12,8
CITY OF CHICAGO-:-WARD 33 PRECINCT 13,8
CITY OF CHICAGO-:-WARD 33 PRECINCT 14,8
CITY OF CHICAGO-:-WARD 33 PRECINCT 15,8
CITY OF CHICAGO-:-WARD 33 PRECINCT 17,8
CITY OF CHICAGO-:-WARD 34 PRECINCT 01,16
CITY OF CHICAGO-:-WARD 34 PRECINCT 02,14
CITY OF CHICAGO-:-WARD 34 PRECINCT 03,16
CITY OF CHICAGO-:-WARD 34 PRECINCT 04,14
CITY OF CHICAGO-:-WARD 34 PRECINCT 05,16
CITY OF CHICAGO-:-WARD 34 PRECINCT 06,16
CITY OF CHICAGO-:-WARD 34 PRECINCT 07,16
CITY OF CHICAGO-:-WARD 34 PRECINCT 08,16
CITY OF CHICAGO-:-WARD 34 PRECINCT 09,16
CITY OF CHICAGO-:-WARD 34 PRECINCT 10,16
CITY OF CHICAGO-:-WARD 34 PRECINCT 11,16
CITY OF CHICAGO-:-WARD 34 PRECINCT 12,9
CITY OF CHICAGO-:-WARD 34 PRECINCT 13,9
CITY OF CHICAGO-:-WARD 34 PRECINCT 14,9
CITY OF CHICAGO-:-WARD 34 PRECINCT 15,16
CITY OF CHICAGO-:-WARD 34 PRECINCT 16,16
CITY OF CHICAGO-:-WARD 34 PRECINCT 17,16
CITY OF CHICAGO-:-WARD 34 PRECINCT 18,16
CITY OF CHICAGO-:-WARD 34 PRECINCT 19,9
CITY OF CHICAGO-:-WARD 34 PRECINCT 20,9
CITY OF CHICAGO-:-WARD 35 PRECINCT 01,9
CITY OF CHICAGO-:-WARD 35 PRECINCT 02,8
CITY OF CHICAGO-:-WARD 35 PRECINCT 03,8
CITY OF CHICAGO-:-WARD 35 PRECINCT 04,8
CITY OF CHICAGO-:-WARD 35 PRECINCT 05,8
CITY OF CHICAGO-:-WARD 35 PRECINCT 06,8
CITY OF CHICAGO-:-WARD 35 PRECINCT 07,8
CITY OF CHICAGO-:-WARD 35 PRECINCT 08,8
CITY OF CHICAGO-:-WARD 35 PRECINCT 09,8
CITY OF CHICAGO-:-WARD 35 PRECINCT 10,8
CITY OF CHICAGO-:-WARD 35 PRECINCT 11,8
CITY OF CHICAGO-:-WARD 35 PRECINCT 12,8
CITY OF CHICAGO-:-WARD 35 PRECINCT 13,8
CITY OF CHICAGO-:-WARD 35 PRECINCT 14,8
CITY OF CHICAGO-:-WARD 35 PRECINCT 15,8
CITY OF CHICAGO-:-WARD 35 PRECINCT 16,8
CITY OF CHICAGO-:-WARD 35 PRECINCT 17,8
CITY OF CHICAGO-:-WARD 35 PRECINCT 18,8
CITY OF CHICAGO-:-WARD 35 PRECINCT 19,8
CITY OF CHICAGO-:-WARD 35 PRECINCT 20,11
CITY OF CHICAGO-:-WARD 35 PRECINCT 21,8
CITY OF CHICAGO-:-WARD 36 PRECINCT 01,9
CITY OF CHICAGO-:-WARD 36 PRECINCT 02,9
CITY OF CHICAGO-:-WARD 36 PRECINCT 03,9
CITY OF CHICAGO-:-WARD 36 PRECINCT 04,9
CITY OF CHICAGO-:-WARD 36 PRECINCT 05,9
CITY OF CHICAGO-:-WARD 36 PRECINCT 06,9
CITY OF CHICAGO-:-WARD 36 PRECINCT 07,9
CITY OF CHICAGO-:-WARD 36 PRECINCT 08,9
CITY OF CHICAGO-:-WARD 36 PRECINCT 09,9
CITY OF CHICAGO-:-WARD 36 PRECINCT 10,9
CITY OF CHICAGO-:-WARD 36 PRECINCT 11,9
CITY OF CHICAGO-:-WARD 36 PRECINCT 12,9
CITY OF CHICAGO-:-WARD 36 PRECINCT 13,8
CITY OF CHICAGO-:-WARD 36 PRECINCT 14,9
CITY OF CHICAGO-:-WARD 36 PRECINCT 15,8
CITY OF CHICAGO-:-WARD 36 PRECINCT 16,8
CITY OF CHICAGO-:-WARD 36 PRECINCT 17,8
CITY OF CHICAGO-:-WARD 36 PRECINCT 18,8
CITY OF CHICAGO-:-WARD 36 PRECINCT 19,8
CITY OF CHICAGO-:-WARD 36 PRECINCT 20,8
CITY OF CHICAGO-:-WARD 36 PRECINCT 21,8
CITY OF CHICAGO-:-WARD 36 PRECINCT 22,8
CITY OF CHICAGO-:-WARD 36 PRECINCT 23,8
CITY OF CHICAGO-:-WARD 36 PRECINCT 24,8
CITY OF CHICAGO-:-WARD 36 PRECINCT 25,8
CITY OF CHICAGO-:-WARD 36 PRECINCT 26,8
CITY OF CHICAGO-:-WARD 36 PRECINCT 27,8
CITY OF CHICAGO-:-WARD 37 PRECINCT 01,9
CITY OF CHICAGO-:-WARD 37 PRECINCT 02,9
CITY OF CHICAGO-:-WARD 37 PRECINCT 03,9
CITY OF CHICAGO-:-WARD 37 PRECINCT 04,9
CITY OF CHICAGO-:-WARD 37 PRECINCT 05,16
CITY OF CHICAGO-:-WARD 37 PRECINCT 06,9
CITY OF CHICAGO-:-WARD 37 PRECINCT 07,9
CITY OF CHICAGO-:-WARD 37 PRECINCT 08,9
CITY OF CHICAGO-:-WARD 37 PRECINCT 09,9
CITY OF CHICAGO-:-WARD 37 PRECINCT 10,9
CITY OF CHICAGO-:-WARD 37 PRECINCT 11,9
CITY OF CHICAGO-:-WARD 37 PRECINCT 12,9
CITY OF CHICAGO-:-WARD 37 PRECINCT 13,9
CITY OF CHICAGO-:-WARD 37 PRECINCT 14,9
CITY OF CHICAGO-:-WARD 37 PRECINCT 15,9
CITY OF CHICAGO-:-WARD 37 PRECINCT 17,9
CITY OF CHICAGO-:-WARD 37 PRECINCT 18,9
CITY OF CHICAGO-:-WARD 37 PRECINCT 19,9
CITY OF CHICAGO-:-WARD 37 PRECINCT 20,9
CITY OF CHICAGO-:-WARD 37 PRECINCT 21,9
CITY OF CHICAGO-:-WARD 37 PRECINCT 22,9
CITY OF CHICAGO-:-WARD 38 PRECINCT 01,9
CITY OF CHICAGO-:-WARD 38 PRECINCT 02,9
CITY OF CHICAGO-:-WARD 38 PRECINCT 03,9
CITY OF CHICAGO-:-WARD 38 PRECINCT 04,9
CITY OF CHICAGO-:-WARD 38 PRECINCT 05,9
CITY OF CHICAGO-:-WARD 38 PRECINCT 07,9
CITY OF CHICAGO-:-WARD 38 PRECINCT 08,9
CITY OF CHICAGO-:-WARD 38 PRECINCT 09,9
CITY OF CHICAGO-:-WARD 38 PRECINCT 10,9
CITY OF CHICAGO-:-WARD 38 PRECINCT 12,9
CITY OF CHICAGO-:-WARD 38 PRECINCT 13,9
CITY OF CHICAGO-:-WARD 38 PRECINCT 14,9
CITY OF CHICAGO-:-WARD 38 PRECINCT 15,9
CITY OF CHICAGO-:-WARD 38 PRECINCT 16,9
CITY OF CHICAGO-:-WARD 38 PRECINCT 18,9
CITY OF CHICAGO-:-WARD 38 PRECINCT 19,9
CITY OF CHICAGO-:-WARD 38 PRECINCT 20,9
CITY OF CHICAGO-:-WARD 38 PRECINCT 21,8
CITY OF CHICAGO-:-WARD 38 PRECINCT 22,8
CITY OF CHICAGO-:-WARD 38 PRECINCT 23,8
CITY OF CHICAGO-:-WARD 38 PRECINCT 25,8
CITY OF CHICAGO-:-WARD 39 PRECINCT 01,11
CITY OF CHICAGO-:-WARD 39 PRECINCT 02,11
CITY OF CHICAGO-:-WARD 39 PRECINCT 03,11
CITY OF CHICAGO-:-WARD 39 PRECINCT 04,11
CITY OF CHICAGO-:-WARD 39 PRECINCT 05,11
CITY OF CHICAGO-:-WARD 39 PRECINCT 06,11
CITY OF CHICAGO-:-WARD 39 PRECINCT 07,11
CITY OF CHICAGO-:-WARD 39 PRECINCT 08,11
CITY OF CHICAGO-:-WARD 39 PRECINCT 09,11
CITY OF CHICAGO-:-WARD 39 PRECINCT 10,8
CITY OF CHICAGO-:-WARD 39 PRECINCT 11,11
CITY OF CHICAGO-:-WARD 39 PRECINCT 12,8
CITY OF CHICAGO-:-WARD 39 PRECINCT 13,11
CITY OF CHICAGO-:-WARD 39 PRECINCT 14,11
CITY OF CHICAGO-:-WARD 39 PRECINCT 15,8
CITY OF CHICAGO-:-WARD 39 PRECINCT 16,8
CITY OF CHICAGO-:-WARD 39 PRECINCT 17,11
CITY OF CHICAGO-:-WARD 39 PRECINCT 18,11
CITY OF CHICAGO-:-WARD 39 PRECINCT 19,8
CITY OF CHICAGO-:-WARD 39 PRECINCT 20,11
CITY OF CHICAGO-:-WARD 39 PRECINCT 21,8
CITY OF CHICAGO-:-WARD 39 PRECINCT 22,11
CITY OF CHICAGO-:-WARD 39 PRECINCT 23,11
CITY OF CHICAGO-:-WARD 39 PRECINCT 24,8
CITY OF CHICAGO-:-WARD 39 PRECINCT 25,8
CITY OF CHICAGO-:-WARD 39 PRECINCT 26,8
CITY OF CHICAGO-:-WARD 39 PRECINCT 27,11
CITY OF CHICAGO-:-WARD 39 PRECINCT 29,11
CITY OF CHICAGO-:-WARD 39 PRECINCT 30,8
CITY OF CHICAGO-:-WARD 39 PRECINCT 31,11
CITY OF CHICAGO-:-WARD 39 PRECINCT 32,11
CITY OF CHICAGO-:-WARD 39 PRECINCT 33,11
CITY OF CHICAGO-:-WARD 39 PRECINCT 34,11
CITY OF CHICAGO-:-WARD 39 PRECINCT 35,11
CITY OF CHICAGO-:-WARD 40 PRECINCT 01,11
CITY OF CHICAGO-:-WARD 40 PRECINCT 02,11
CITY OF CHICAGO-:-WARD 40 PRECINCT 03,11
CITY OF CHICAGO-:-WARD 40 PRECINCT 05,8
CITY OF CHICAGO-:-WARD 40 PRECINCT 06,11
CITY OF CHICAGO-:-WARD 40 PRECINCT 07,11
CITY OF CHICAGO-:-WARD 40 PRECINCT 08,11
CITY OF CHICAGO-:-WARD 40 PRECINCT 09,11
CITY OF CHICAGO-:-WARD 40 PRECINCT 10,11
CITY OF CHICAGO-:-WARD 40 PRECINCT 11,11
CITY OF CHICAGO-:-WARD 40 PRECINCT 12,11
CITY OF CHICAGO-:-WARD 40 PRECINCT 13,10
CITY OF CHICAGO-:-WARD 40 PRECINCT 14,10
CITY OF CHICAGO-:-WARD 40 PRECINCT 15,11
CITY OF CHICAGO-:-WARD 40 PRECINCT 16,10
CITY OF CHICAGO-:-WARD 40 PRECINCT 17,11
CITY OF CHICAGO-:-WARD 40 PRECINCT 18,11
CITY OF CHICAGO-:-WARD 40 PRECINCT 20,10
CITY OF CHICAGO-:-WARD 40 PRECINCT 21,10
CITY OF CHICAGO-:-WARD 40 PRECINCT 22,11
CITY OF CHICAGO-:-WARD 41 PRECINCT 01,9
CITY OF CHICAGO-:-WARD 41 PRECINCT 02,9
CITY OF CHICAGO-:-WARD 41 PRECINCT 03,11
CITY OF CHICAGO-:-WARD 41 PRECINCT 04,11
CITY OF CHICAGO-:-WARD 41 PRECINCT 05,11
CITY OF CHICAGO-:-WARD 41 PRECINCT 06,11
CITY OF CHICAGO-:-WARD 41 PRECINCT 07,11
CITY OF CHICAGO-:-WARD 41 PRECINCT 08,11
CITY OF CHICAGO-:-WARD 41 PRECINCT 09,9
CITY OF CHICAGO-:-WARD 41 PRECINCT 10,9
CITY OF CHICAGO-:-WARD 41 PRECINCT 11,9
CITY OF CHICAGO-:-WARD 41 PRECINCT 12,9
CITY OF CHICAGO-:-WARD 41 PRECINCT 13,9
CITY OF CHICAGO-:-WARD 41 PRECINCT 14,9
CITY OF CHICAGO-:-WARD 41 PRECINCT 15,11
CITY OF CHICAGO-:-WARD 41 PRECINCT 16,11
CITY OF CHICAGO-:-WARD 41 PRECINCT 17,9
CITY OF CHICAGO-:-WARD 41 PRECINCT 18,11
CITY OF CHICAGO-:-WARD 41 PRECINCT 19,9
CITY OF CHICAGO-:-WARD 41 PRECINCT 20,9
CITY OF CHICAGO-:-WARD 41 PRECINCT 21,9
CITY OF CHICAGO-:-WARD 41 PRECINCT 22,9
CITY OF CHICAGO-:-WARD 41 PRECINCT 23,11
CITY OF CHICAGO-:-WARD 41 PRECINCT 24,11
CITY OF CHICAGO-:-WARD 41 PRECINCT 25,11
CITY OF CHICAGO-:-WARD 41 PRECINCT 26,11
CITY OF CHICAGO-:-WARD 41 PRECINCT 27,11
CITY OF CHICAGO-:-WARD 41 PRECINCT 29,11
CITY OF CHICAGO-:-WARD 41 PRECINCT 30,11
CITY OF CHICAGO-:-WARD 41 PRECINCT 31,11
CITY OF CHICAGO-:-WARD 42 PRECINCT 01,11
CITY OF CHICAGO-:-WARD 42 PRECINCT 02,11
CITY OF CHICAGO-:-WARD 42 PRECINCT 03,11
CITY OF CHICAGO-:-WARD 42 PRECINCT 04,11
CITY OF CHICAGO-:-WARD 42 PRECINCT 05,11
CITY OF CHICAGO-:-WARD 42 PRECINCT 06,11
CITY OF CHICAGO-:-WARD 42 PRECINCT 07,11
CITY OF CHICAGO-:-WARD 42 PRECINCT 08,11
CITY OF CHICAGO-:-WARD 42 PRECINCT 10,9
CITY OF CHICAGO-:-WARD 42 PRECINCT 11,9
CITY OF CHICAGO-:-WARD 42 PRECINCT 12,9
CITY OF CHICAGO-:-WARD 42 PRECINCT 13,9
CITY OF CHICAGO-:-WARD 42 PRECINCT 14,16
CITY OF CHICAGO-:-WARD 42 PRECINCT 15,16
CITY OF CHICAGO-:-WARD 42 PRECINCT 16,9
CITY OF CHICAGO-:-WARD 42 PRECINCT 17,9
CITY OF CHICAGO-:-WARD 42 PRECINCT 18,9
CITY OF CHICAGO-:-WARD 42 PRECINCT 19,9
CITY OF CHICAGO-:-WARD 42 PRECINCT 20,9
CITY OF CHICAGO-:-WARD 42 PRECINCT 21,9
CITY OF CHICAGO-:-WARD 42 PRECINCT 23,11
CITY OF CHICAGO-:-WARD 42 PRECINCT 24,11
CITY OF CHICAGO-:-WARD 43 PRECINCT 01,11
CITY OF CHICAGO-:-WARD 43 PRECINCT 02,11
CITY OF CHICAGO-:-WARD 43 PRECINCT 03,11
CITY OF CHICAGO-:-WARD 43 PRECINCT 04,11
CITY OF CHICAGO-:-WARD 43 PRECINCT 05,11
CITY OF CHICAGO-:-WARD 43 PRECINCT 06,10
CITY OF CHICAGO-:-WARD 43 PRECINCT 07,10
CITY OF CHICAGO-:-WARD 43 PRECINCT 08,10
CITY OF CHICAGO-:-WARD 43 PRECINCT 09,10
CITY OF CHICAGO-:-WARD 43 PRECINCT 10,11
CITY OF CHICAGO-:-WARD 43 PRECINCT 11,11
CITY OF CHICAGO-:-WARD 43 PRECINCT 12,11
CITY OF CHICAGO-:-WARD 43 PRECINCT 13,11
CITY OF CHICAGO-:-WARD 43 PRECINCT 14,11
CITY OF CHICAGO-:-WARD 43 PRECINCT 16,11
CITY OF CHICAGO-:-WARD 43 PRECINCT 17,10
CITY OF CHICAGO-:-WARD 43 PRECINCT 18,10
CITY OF CHICAGO-:-WARD 43 PRECINCT 19,10
CITY OF CHICAGO-:-WARD 43 PRECINCT 20,10
CITY OF CHICAGO-:-WARD 43 PRECINCT 21,10
CITY OF CHICAGO-:-WARD 43 PRECINCT 22,10
CITY OF CHICAGO-:-WARD 43 PRECINCT 23,10
CITY OF CHICAGO-:-WARD 44 PRECINCT 01,10
CITY OF CHICAGO-:-WARD 44 PRECINCT 02,10
CITY OF CHICAGO-:-WARD 44 PRECINCT 03,10
CITY OF CHICAGO-:-WARD 44 PRECINCT 04,10
CITY OF CHICAGO-:-WARD 44 PRECINCT 05,10
CITY OF CHICAGO-:-WARD 44 PRECINCT 06,10
CITY OF CHICAGO-:-WARD 44 PRECINCT 07,10
CITY OF CHICAGO-:-WARD 44 PRECINCT 08,10
CITY OF CHICAGO-:-WARD 44 PRECINCT 09,10
CITY OF CHICAGO-:-WARD 44 PRECINCT 10,10
CITY OF CHICAGO-:-WARD 44 PRECINCT 11,10
CITY OF CHICAGO-:-WARD 44 PRECINCT 12,10
CITY OF CHICAGO-:-WARD 44 PRECINCT 13,10
CITY OF CHICAGO-:-WARD 44 PRECINCT 14,10
CITY OF CHICAGO-:-WARD 44 PRECINCT 15,10
CITY OF CHICAGO-:-WARD 44 PRECINCT 16,10
CITY OF CHICAGO-:-WARD 44 PRECINCT 17,10
CITY OF CHICAGO-:-WARD 44 PRECINCT 18,10
CITY OF CHICAGO-:-WARD 44 PRECINCT 19,10
CITY OF CHICAGO-:-WARD 44 PRECINCT 20,10
CITY OF CHICAGO-:-WARD 44 PRECINCT 21,10
CITY OF CHICAGO-:-WARD 45 PRECINCT 01,11
CITY OF CHICAGO-:-WARD 45 PRECINCT 02,11
CITY OF CHICAGO-:-WARD 45 PRECINCT 03,11
CITY OF CHICAGO-:-WARD 45 PRECINCT 04,11
CITY OF CHICAGO-:-WARD 45 PRECINCT 05,11
CITY OF CHICAGO-:-WARD 45 PRECINCT 06,11
CITY OF CHICAGO-:-WARD 45 PRECINCT 07,11
CITY OF CHICAGO-:-WARD 45 PRECINCT 08,11
CITY OF CHICAGO-:-WARD 45 PRECINCT 09,11
CITY OF CHICAGO-:-WARD 45 PRECINCT 10,11
CITY OF CHICAGO-:-WARD 45 PRECINCT 11,9
CITY OF CHICAGO-:-WARD 45 PRECINCT 12,11
CITY OF CHICAGO-:-WARD 45 PRECINCT 13,11
CITY OF CHICAGO-:-WARD 45 PRECINCT 14,11
CITY OF CHICAGO-:-WARD 45 PRECINCT 15,11
CITY OF CHICAGO-:-WARD 45 PRECINCT 16,11
CITY OF CHICAGO-:-WARD 45 PRECINCT 17,9
CITY OF CHICAGO-:-WARD 45 PRECINCT 18,9
CITY OF CHICAGO-:-WARD 45 PRECINCT 19,11
CITY OF CHICAGO-:-WARD 45 PRECINCT 20,11
CITY OF CHICAGO-:-WARD 45 PRECINCT 21,9
CITY OF CHICAGO-:-WARD 45 PRECINCT 22,8
CITY OF CHICAGO-:-WARD 45 PRECINCT 23,9
CITY OF CHICAGO-:-WARD 45 PRECINCT 25,8
CITY OF CHICAGO-:-WARD 45 PRECINCT 26,8
CITY OF CHICAGO-:-WARD 45 PRECINCT 28,8
CITY OF CHICAGO-:-WARD 46 PRECINCT 01,10
CITY OF CHICAGO-:-WARD 46 PRECINCT 02,10
CITY OF CHICAGO-:-WARD 46 PRECINCT 03,10
CITY OF CHICAGO-:-WARD 46 PRECINCT 04,10
CITY OF CHICAGO-:-WARD 46 PRECINCT 05,10
CITY OF CHICAGO-:-WARD 46 PRECINCT 06,10
CITY OF CHICAGO-:-WARD 46 PRECINCT 09,10
CITY OF CHICAGO-:-WARD 46 PRECINCT 11,10
CITY OF CHICAGO-:-WARD 46 PRECINCT 12,10
CITY OF CHICAGO-:-WARD 46 PRECINCT 13,10
CITY OF CHICAGO-:-WARD 46 PRECINCT 14,10
CITY OF CHICAGO-:-WARD 46 PRECINCT 15,10
CITY OF CHICAGO-:-WARD 46 PRECINCT 16,10
CITY OF CHICAGO-:-WARD 46 PRECINCT 17,10
CITY OF CHICAGO-:-WARD 46 PRECINCT 18,10
CITY OF CHICAGO-:-WARD 46 PRECINCT 19,10
CITY OF CHICAGO-:-WARD 46 PRECINCT 20,10
CITY OF CHICAGO-:-WARD 46 PRECINCT 21,10
CITY OF CHICAGO-:-WARD 46 PRECINCT 22,10
CITY OF CHICAGO-:-WARD 46 PRECINCT 23,10
CITY OF CHICAGO-:-WARD 47 PRECINCT 01,10
CITY OF CHICAGO-:-WARD 47 PRECINCT 04,10
CITY OF CHICAGO-:-WARD 47 PRECINCT 05,10
CITY OF CHICAGO-:-WARD 47 PRECINCT 06,10
CITY OF CHICAGO-:-WARD 47 PRECINCT 07,11
CITY OF CHICAGO-:-WARD 47 PRECINCT 08,11
CITY OF CHICAGO-:-WARD 47 PRECINCT 09,11
CITY OF CHICAGO-:-WARD 47 PRECINCT 10,10
CITY OF CHICAGO-:-WARD 47 PRECINCT 11,10
CITY OF CHICAGO-:-WARD 47 PRECINCT 12,11
CITY OF CHICAGO-:-WARD 47 PRECINCT 13,10
CITY OF CHICAGO-:-WARD 47 PRECINCT 14,10
CITY OF CHICAGO-:-WARD 47 PRECINCT 15,10
CITY OF CHICAGO-:-WARD 47 PRECINCT 16,11
CITY OF CHICAGO-:-WARD 47 PRECINCT 17,11
CITY OF CHICAGO-:-WARD 47 PRECINCT 18,11
CITY OF CHICAGO-:-WARD 47 PRECINCT 19,11
CITY OF CHICAGO-:-WARD 47 PRECINCT 20,10
CITY OF CHICAGO-:-WARD 47 PRECINCT 21,11
CITY OF CHICAGO-:-WARD 47 PRECINCT 22,11
CITY OF CHICAGO-:-WARD 47 PRECINCT 23,11
CITY OF CHICAGO-:-WARD 47 PRECINCT 24,11
CITY OF CHICAGO-:-WARD 47 PRECINCT 25,10
CITY OF CHICAGO-:-WARD 47 PRECINCT 26,11
CITY OF CHICAGO-:-WARD 47 PRECINCT 27,11
CITY OF CHICAGO-:-WARD 48 PRECINCT 01,10
CITY OF CHICAGO-:-WARD 48 PRECINCT 02,10
CITY OF CHICAGO-:-WARD 48 PRECINCT 03,10
CITY OF CHICAGO-:-WARD 48 PRECINCT 04,10
CITY OF CHICAGO-:-WARD 48 PRECINCT 05,10
CITY OF CHICAGO-:-WARD 48 PRECINCT 06,10
CITY OF CHICAGO-:-WARD 48 PRECINCT 07,11
CITY OF CHICAGO-:-WARD 48 PRECINCT 08,10
CITY OF CHICAGO-:-WARD 48 PRECINCT 09,10
CITY OF CHICAGO-:-WARD 48 PRECINCT 10,10
CITY OF CHICAGO-:-WARD 48 PRECINCT 11,11
CITY OF CHICAGO-:-WARD 48 PRECINCT 12,10
CITY OF CHICAGO-:-WARD 48 PRECINCT 13,10
CITY OF CHICAGO-:-WARD 48 PRECINCT 14,10
CITY OF CHICAGO-:-WARD 48 PRECINCT 15,10
CITY OF CHICAGO-:-WARD 48 PRECINCT 16,10
CITY OF CHICAGO-:-WARD 48 PRECINCT 17,10
CITY OF CHICAGO-:-WARD 48 PRECINCT 18,10
CITY OF CHICAGO-:-WARD 48 PRECINCT 19,11
CITY OF CHICAGO-:-WARD 48 PRECINCT 20,10
CITY OF CHICAGO-:-WARD 48 PRECINCT 21,10
CITY OF CHICAGO-:-WARD 48 PRECINCT 22,10
CITY OF CHICAGO-:-WARD 48 PRECINCT 23,10
CITY OF CHICAGO-:-WARD 48 PRECINCT 24,10
CITY OF CHICAGO-:-WARD 48 PRECINCT 25,10
CITY OF CHICAGO-:-WARD 48 PRECINCT 26,10
CITY OF CHICAGO-:-WARD 48 PRECINCT 27,10
CITY OF CHICAGO-:-WARD 48 PRECINCT 28,10
CITY OF CHICAGO-:-WARD 48 PRECINCT 29,10
CITY OF CHICAGO-:-WARD 48 PRECINCT 30,10
CITY OF CHICAGO-:-WARD 48 PRECINCT 31,10
CITY OF CHICAGO-:-WARD 48 PRECINCT 32,10
CITY OF CHICAGO-:-WARD 48 PRECINCT 33,10
CITY OF CHICAGO-:-WARD 48 PRECINCT 34,10
CITY OF CHICAGO-:-WARD 48 PRECINCT 35,10
CITY OF CHICAGO-:-WARD 49 PRECINCT 01,11
CITY OF CHICAGO-:-WARD 49 PRECINCT 02,11
CITY OF CHICAGO-:-WARD 49 PRECINCT 03,11
CITY OF CHICAGO-:-WARD 49 PRECINCT 04,10
CITY OF CHICAGO-:-WARD 49 PRECINCT 05,10
CITY OF CHICAGO-:-WARD 49 PRECINCT 06,10
CITY OF CHICAGO-:-WARD 49 PRECINCT 07,11
CITY OF CHICAGO-:-WARD 49 PRECINCT 08,11
CITY OF CHICAGO-:-WARD 49 PRECINCT 09,11
CITY OF CHICAGO-:-WARD 49 PRECINCT 10,11
CITY OF CHICAGO-:-WARD 49 PRECINCT 11,11
CITY OF CHICAGO-:-WARD 49 PRECINCT 12,11
CITY OF CHICAGO-:-WARD 49 PRECINCT 13,11
CITY OF CHICAGO-:-WARD 49 PRECINCT 14,11
CITY OF CHICAGO-:-WARD 49 PRECINCT 15,11
CITY OF CHICAGO-:-WARD 49 PRECINCT 16,11
CITY OF CHICAGO-:-WARD 49 PRECINCT 17,10
CITY OF CHICAGO-:-WARD 50 PRECINCT 01,11
CITY OF CHICAGO-:-WARD 50 PRECINCT 02,11
CITY OF CHICAGO-:-WARD 50 PRECINCT 03,11
CITY OF CHICAGO-:-WARD 50 PRECINCT 04,11
CITY OF CHICAGO-:-WARD 50 PRECINCT 05,8
CITY OF CHICAGO-:-WARD 50 PRECINCT 06,11
CITY OF CHICAGO-:-WARD 50 PRECINCT 07,11
CITY OF CHICAGO-:-WARD 50 PRECINCT 08,11
CITY OF CHICAGO-:-WARD 50 PRECINCT 09,11
CITY OF CHICAGO-:-WARD 50 PRECINCT 10,8
CITY OF CHICAGO-:-WARD 50 PRECINCT 11,11
CITY OF CHICAGO-:-WARD 50 PRECINCT 12,8
CITY OF CHICAGO-:-WARD 50 PRECINCT 13,8
CITY OF CHICAGO-:-WARD 50 PRECINCT 14,8
CITY OF CHICAGO-:-WARD 50 PRECINCT 15,8
CITY OF CHICAGO-:-WARD 50 PRECINCT 16,11
CITY OF CHICAGO-:-WARD 50 PRECINCT 17,8
CITY OF CHICAGO-:-WARD 50 PRECINCT 18,11
CITY OF CHICAGO-:-WARD 50 PRECINCT 19,8
CITY OF CHICAGO-:-WARD 50 PRECINCT 20,11
CITY OF CHICAGO-:-WARD 50 PRECINCT 21,11
CITY OF CHICAGO-:-WARD 50 PRECINCT 22,8
CITY OF CHICAGO-:-WARD 50 PRECINCT 23,8
CITY OF CHICAGO-:-WARD 50 PRECINCT 25,11
CITY OF CHICAGO-:-WARD 50 PRECINCT 26,11
CITY OF CHICAGO-:-WARD 50 PRECINCT 27,8
CITY OF CHICAGO-:-WARD 50 PRECINCT 28,11
CITY OF DANVILLE-:-PRECINCT 1,14
CITY OF DANVILLE-:-PRECINCT 10,14
CITY OF DANVILLE-:-PRECINCT 11,14
CITY OF DANVILLE-:-PRECINCT 12,14
CITY OF DANVILLE-:-PRECINCT 13,14
CITY OF DANVILLE-:-PRECINCT 14,14
CITY OF DANVILLE-:-PRECINCT 15,14
CITY OF DANVILLE-:-PRECINCT 16,14
CITY OF DANVILLE-:-PRECINCT 17,0
CITY OF DANVILLE-:-PRECINCT 18,14
CITY OF DANVILLE-:-PRECINCT 19,14
CITY OF DANVILLE-:-PRECINCT 2,14
CITY OF DANVILLE-:-PRECINCT 20,14
CITY OF DANVILLE-:-PRECINCT 21,14
CITY OF DANVILLE-:-PRECINCT 22,14
CITY OF DANVILLE-:-PRECINCT 3,14
CITY OF DANVILLE-:-PRECINCT 4,14
CITY OF DANVILLE-:-PRECINCT 5,14
CITY OF DANVILLE-:-PRECINCT 6,14
CITY OF DANVILLE-:-PRECINCT 7,14
CITY OF DANVILLE-:-PRECINCT 8,14
CITY OF DANVILLE-:-PRECINCT 9,14
CITY OF EAST ST. LOUIS-:-PRECINCT 1,9
CITY OF EAST ST. LOUIS-:-PRECINCT 10,9
CITY OF EAST ST. LOUIS-:-PRECINCT 11,9
CITY OF EAST ST. LOUIS-:-PRECINCT 12,9
CITY OF EAST ST. LOUIS-:-PRECINCT 13,9
CITY OF EAST ST. LOUIS-:-PRECINCT 2,9
CITY OF EAST ST. LOUIS-:-PRECINCT 3,9
CITY OF EAST ST. LOUIS-:-PRECINCT 4,9
CITY OF EAST ST. LOUIS-:-PRECINCT 5,9
CITY OF EAST ST. LOUIS-:-PRECINCT 6,9
CITY OF EAST ST. LOUIS-:-PRECINCT 7,9
CITY OF EAST ST. LOUIS-:-PRECINCT 8,9
CITY OF EAST ST. LOUIS-:-PRECINCT 9,9
CITY OF GALESBURG-:-PRECINCT 1,8
CITY OF GALESBURG-:-PRECINCT 10,8
CITY OF GALESBURG-:-PRECINCT 11,8
CITY OF GALESBURG-:-PRECINCT 12,8
CITY OF GALESBURG-:-PRECINCT 13,8
CITY OF GALESBURG-:-PRECINCT 14,8
CITY OF GALESBURG-:-PRECINCT 15,8
CITY OF GALESBURG-:-PRECINCT 16,8
CITY OF GALESBURG-:-PRECINCT 17,8
CITY OF GALESBURG-:-PRECINCT 18,8
CITY OF GALESBURG-:-PRECINCT 19,8
CITY OF GALESBURG-:-PRECINCT 2,8
CITY OF GALESBURG-:-PRECINCT 20,8
CITY OF GALESBURG-:-PRECINCT 3,8
CITY OF GALESBURG-:-PRECINCT 4,8
CITY OF GALESBURG-:-PRECINCT 5,8
CITY OF GALESBURG-:-PRECINCT 6,8
CITY OF GALESBURG-:-PRECINCT 7,8
CITY OF GALESBURG-:-PRECINCT 8,8
CITY OF GALESBURG-:-PRECINCT 9,8
CITY OF ROCKFORD-:-WARD 1 PRECINCT 1,0
CITY OF ROCKFORD-:-WARD 1 PRECINCT 3,0
CITY OF ROCKFORD-:-WARD 1 PRECINCT 4,0
CITY OF ROCKFORD-:-WARD 1 PRECINCT 6,0
CITY OF ROCKFORD-:-WARD 1 PRECINCT 7,0
CITY OF ROCKFORD-:-WARD 1 PRECINCT 8,0
CITY OF ROCKFORD-:-WARD 10 PRECINCT 1,6
CITY OF ROCKFORD-:-WARD 10 PRECINCT 2,6
CITY OF ROCKFORD-:-WARD 10 PRECINCT 3,6
CITY OF ROCKFORD-:-WARD 10 PRECINCT 4,6
CITY OF ROCKFORD-:-WARD 10 PRECINCT 5,6
CITY OF ROCKFORD-:-WARD 10 PRECINCT 6,6
CITY OF ROCKFORD-:-WARD 10 PRECINCT 7,6
CITY OF ROCKFORD-:-WARD 11 PRECINCT 1,6
CITY OF ROCKFORD-:-WARD 11 PRECINCT 2,6
CITY OF ROCKFORD-:-WARD 11 PRECINCT 3,6
CITY OF ROCKFORD-:-WARD 11 PRECINCT 4,6
CITY OF ROCKFORD-:-WARD 12 PRECINCT 1,6
CITY OF ROCKFORD-:-WARD 12 PRECINCT 3,6
CITY OF ROCKFORD-:-WARD 12 PRECINCT 4,6
CITY OF ROCKFORD-:-WARD 12 PRECINCT 6,6
CITY OF ROCKFORD-:-WARD 12 PRECINCT 7,6
CITY OF ROCKFORD-:-WARD 13 PRECINCT 1,6
CITY OF ROCKFORD-:-WARD 13 PRECINCT 2,6
CITY OF ROCKFORD-:-WARD 13 PRECINCT 3,6
CITY OF ROCKFORD-:-WARD 13 PRECINCT 4,6
CITY OF ROCKFORD-:-WARD 13 PRECINCT 5,6
CITY OF ROCKFORD-:-WARD 14 PRECINCT 1,6
CITY OF ROCKFORD-:-WARD 14 PRECINCT 2,0
CITY OF ROCKFORD-:-WARD 14 PRECINCT 3,6
CITY OF ROCKFORD-:-WARD 14 PRECINCT 4,6
CITY OF ROCKFORD-:-WARD 14 PRECINCT 5,6
CITY OF ROCKFORD-:-WARD 14 PRECINCT 6,6
CITY OF ROCKFORD-:-WARD 2 PRECINCT 1,6
CITY OF ROCKFORD-:-WARD 2 PRECINCT 2,6
CITY OF ROCKFORD-:-WARD 2 PRECINCT 3,6
CITY OF ROCKFORD-:-WARD 2 PRECINCT 4,6
CITY OF ROCKFORD-:-WARD 2 PRECINCT 5,6
CITY OF ROCKFORD-:-WARD 2 PRECINCT 6,6
CITY OF ROCKFORD-:-WARD 3 PRECINCT 1,6
CITY OF ROCKFORD-:-WARD 3 PRECINCT 2,6
CITY OF ROCKFORD-:-WARD 3 PRECINCT 3,6
CITY OF ROCKFORD-:-WARD 3 PRECINCT 4,6
CITY OF ROCKFORD-:-WARD 3 PRECINCT 5,6
CITY OF ROCKFORD-:-WARD 3 PRECINCT 6,6
CITY OF ROCKFORD-:-WARD 3 PRECINCT 7,6
CITY OF ROCKFORD-:-WARD 4 PRECINCT 2,6
CITY OF ROCKFORD-:-WARD 4 PRECINCT 3,6
CITY OF ROCKFORD-:-WARD 4 PRECINCT 5,6
CITY OF ROCKFORD-:-WARD 4 PRECINCT 6,6
CITY OF ROCKFORD-:-WARD 4 PRECINCT 7,6
CITY OF ROCKFORD-:-WARD 5 PRECINCT 1,6
CITY OF ROCKFORD-:-WARD 5 PRECINCT 2,6
CITY OF ROCKFORD-:-WARD 5 PRECINCT 4,6
CITY OF ROCKFORD-:-WARD 5 PRECINCT 5,6
CITY OF ROCKFORD-:-WARD 6 PRECINCT 2,6
CITY OF ROCKFORD-:-WARD 6 PRECINCT 4,6
CITY OF ROCKFORD-:-WARD 6 PRECINCT 5,6
CITY OF ROCKFORD-:-WARD 7 PRECINCT 1,6
CITY OF ROCKFORD-:-WARD 7 PRECINCT 2,6
CITY OF ROCKFORD-:-WARD 7 PRECINCT 3,6
CITY OF ROCKFORD-:-WARD 7 PRECINCT 5,6
CITY OF ROCKFORD-:-WARD 7 PRECINCT 6,6
CITY OF ROCKFORD-:-WARD 8 PRECINCT 1,6
CITY OF ROCKFORD-:-WARD 8 PRECINCT 2,6
CITY OF ROCKFORD-:-WARD 8 PRECINCT 3,6
CITY OF ROCKFORD-:-WARD 8 PRECINCT 4,6
CITY OF ROCKFORD-:-WARD 8 PRECINCT 5,6
CITY OF ROCKFORD-:-WARD 8 PRECINCT 6,6
CITY OF ROCKFORD-:-WARD 9 PRECINCT 1,6
CITY OF ROCKFORD-:-WARD 9 PRECINCT 2,6
CITY OF ROCKFORD-:-WARD 9 PRECINCT 4,6
CITY OF ROCKFORD-:-WARD 9 PRECINCT 5,6
CITY OF ROCKFORD-:-WARD 9 PRECINCT 6,6
CLARK-:-ANDERSON,0
CLARK-:-AUBURN,0
CLARK-:-CASEY 1,0
CLARK-:-CASEY 2,0
CLARK-:-CASEY 3,0
CLARK-:-CASEY 4,0
CLARK-:-DARWIN,0
CLARK-:-DOLSON,0
CLARK-:-DOUGLAS,0
CLARK-:-JOHNSON,0
CLARK-:-MARSHALL 1,0
CLARK-:-MARSHALL 2,0
CLARK-:-MARSHALL 3,0
CLARK-:-MARSHALL 4,0
CLARK-:-MARTINSVILLE 1,0
CLARK-:-MARTINSVILLE 2,0
CLARK-:-MELROSE,0
CLARK-:-ORANGE,0
CLARK-:-PARKER,0
CLARK-:-WABASH 1,0
CLARK-:-WABASH 2,0
CLARK-:-WESTFIELD,0
CLARK-:-YORK,0
CLAY-:-BIBLE GROVE,0
CLAY-:-BLAIR,0
CLAY-:-CLAY CITY,0
CLAY-:-HARTER 1,0
CLAY-:-HARTER 3,0
CLAY-:-HARTER 4,0
CLAY-:-HARTER 5,0
CLAY-:-HARTER 6,0
CLAY-:-HARTER 7,0
CLAY-:-HOOSIER,0
CLAY-:-LARKINSBURG,0
CLAY-:-LOUISVILLE 1,0
CLAY-:-LOUISVILLE 2,0
CLAY-:-OSKALOOSA,0
CLAY-:-PIXLEY,0
CLAY-:-SONGER,0
CLAY-:-STANFORD,0
CLAY-:-XENIA,0
CLINTON-:-BREESE 1,0
CLINTON-:-BREESE 2,0
CLINTON-:-BREESE 3,0
CLINTON-:-BREESE 4,0
CLINTON-:-BROOKSIDE 1,0
CLINTON-:-BROOKSIDE 2,0
CLINTON-:-BROOKSIDE 3,0
CLINTON-:-CARLYLE 1,0
CLINTON-:-CARLYLE 2,0
CLINTON-:-CARLYLE 3,0
CLINTON-:-CARLYLE 4,0
CLINTON-:-CLEMENT,0
CLINTON-:-EAST FORK,0
CLINTON-:-GERMANTOWN 1,0
CLINTON-:-GERMANTOWN 2,0
CLINTON-:-IRISHTOWN,0
CLINTON-:-LAKE,0
CLINTON-:-LOOKINGGLASS 1,0
CLINTON-:-LOOKINGGLASS 2,0
CLINTON-:-LOOKINGGLASS 3,0
CLINTON-:-LOOKINGGLASS 4,0
CLINTON-:-LOOKINGGLASS 5,0
CLINTON-:-LOOKINGGLASS 6,0
CLINTON-:-MERIDIAN,0
CLINTON-:-SANTA FE,0
CLINTON-:-ST ROSE,0
CLINTON-:-SUGAR CREEK 1,0
CLINTON-:-SUGAR CREEK 2,0
CLINTON-:-SUGAR CREEK 3,0
CLINTON-:-SUGAR CREEK 4,0
CLINTON-:-SUGAR CREEK 5,0
CLINTON-:-WADE 1,0
CLINTON-:-WADE 2,0
CLINTON-:-WHEATFIELD,0
COLES-:-ASHMORE 1,14
COLES-:-CHARLESTON 1,14
COLES-:-CHARLESTON 10,14
COLES-:-CHARLESTON 11,14
COLES-:-CHARLESTON 12,14
COLES-:-CHARLESTON 13,11
COLES-:-CHARLESTON 14,14
COLES-:-CHARLESTON 15,14
COLES-:-CHARLESTON 16,14
COLES-:-CHARLESTON 17,14
COLES-:-CHARLESTON 18,14
COLES-:-CHARLESTON 19,14
COLES-:-CHARLESTON 2,14
COLES-:-CHARLESTON 3,14
COLES-:-CHARLESTON 4,14
COLES-:-CHARLESTON 5,11
COLES-:-CHARLESTON 6,14
COLES-:-CHARLESTON 8,14
COLES-:-EAST OAKLAND 1,14
COLES-:-HUMBOLDT 1,14
COLES-:-HUTTON 1,14
COLES-:-LAFAYETTE 1,14
COLES-:-LAFAYETTE 2,14
COLES-:-LAFAYETTE 3,14
COLES-:-LAFAYETTE 4,14
COLES-:-MATTOON 10,14
COLES-:-MATTOON 12,14
COLES-:-MATTOON 13,14
COLES-:-MATTOON 16,14
COLES-:-MATTOON 17,14
COLES-:-MATTOON 18,14
COLES-:-MATTOON 19,14
COLES-:-MATTOON 21,14
COLES-:-MATTOON 22,14
COLES-:-MATTOON 3,14
COLES-:-MATTOON 4,11
COLES-:-MATTOON 5,14
COLES-:-MATTOON 6,14
COLES-:-MATTOON 8,14
COLES-:-MORGAN 1,14
COLES-:-NORTH OKAW 1,14
COLES-:-PARADISE 1,14
COLES-:-PLEASANT GROVE 1,14
COLES-:-SEVEN HICKORY 1,14
COOK-:-7000001,11
COOK-:-7000002,11
COOK-:-7000003,7
COOK-:-7000005,11
COOK-:-7000006,11
COOK-:-7000007,7
COOK-:-7000009,7
COOK-:-7000010,11
COOK-:-7000011,9
COOK-:-7100001,11
COOK-:-7100002,9
COOK-:-7100003,3
COOK-:-7100004,3
COOK-:-7100005,3
COOK-:-7100006,3
COOK-:-7100007,3
COOK-:-7100008,3
COOK-:-7100009,3
COOK-:-7100010,3
COOK-:-7100011,13
COOK-:-7100012,3
COOK-:-7100013,3
COOK-:-7100014,3
COOK-:-7100015,3
COOK-:-7100016,3
COOK-:-7100017,13
COOK-:-7100018,11
COOK-:-7100019,11
COOK-:-7100020,9
COOK-:-7100021,3
COOK-:-7100022,3
COOK-:-7100023,3
COOK-:-7100024,3
COOK-:-7100025,3
COOK-:-7100026,3
COOK-:-7100027,3
COOK-:-7100028,11
COOK-:-7100029,3
COOK-:-7100030,11
COOK-:-7100031,3
COOK-:-7100032,3
COOK-:-7100033,3
COOK-:-7100034,3
COOK-:-7100035,3
COOK-:-7100036,3
COOK-:-7100037,3
COOK-:-7100038,3
COOK-:-7100039,3
COOK-:-7100040,3
COOK-:-7100041,11
COOK-:-7100042,3
COOK-:-7100043,11
COOK-:-7100044,3
COOK-:-7100045,3
COOK-:-7100046,3
COOK-:-7100047,3
COOK-:-7100048,3
COOK-:-7100049,3
COOK-:-7100050,11
COOK-:-7100051,13
COOK-:-7100052,13
COOK-:-7100053,13
COOK-:-7100054,3
COOK-:-7200001,13
COOK-:-7200002,11
COOK-:-7200004,3
COOK-:-7200005,13
COOK-:-7200006,3
COOK-:-7200008,11
COOK-:-7200009,3
COOK-:-7200010,3
COOK-:-7200011,3
COOK-:-7200013,3
COOK-:-7200014,3
COOK-:-7200015,3
COOK-:-7200016,8
COOK-:-7200017,3
COOK-:-7200018,3
COOK-:-7200019,3
COOK-:-7200020,3
COOK-:-7200022,13
COOK-:-7200023,3
COOK-:-7200024,13
COOK-:-7200025,3
COOK-:-7200026,9
COOK-:-7200027,3
COOK-:-7200028,3
COOK-:-7200029,3
COOK-:-7200031,3
COOK-:-7200032,3
COOK-:-7200033,3
COOK-:-7200034,3
COOK-:-7200035,3
COOK-:-7200036,9
COOK-:-7200037,13
COOK-:-7200038,3
COOK-:-7200039,11
COOK-:-7200040,3
COOK-:-7200041,3
COOK-:-7200042,3
COOK-:-7200043,3
COOK-:-7200044,3
COOK-:-7200046,3
COOK-:-7200047,11
COOK-:-7200048,11
COOK-:-7200049,3
COOK-:-7200050,3
COOK-:-7200051,3
COOK-:-7200052,13
COOK-:-7200053,8
COOK-:-7200054,11
COOK-:-7200055,3
COOK-:-7200056,3
COOK-:-7200057,13
COOK-:-7200058,3
COOK-:-7200059,13
COOK-:-7200060,8
COOK-:-7200061,3
COOK-:-7200062,3
COOK-:-7200063,3
COOK-:-7200064,3
COOK-:-7200065,3
COOK-:-7200066,3
COOK-:-7300003,3
COOK-:-7300004,3
COOK-:-7300005,3
COOK-:-7300006,3
COOK-:-7300007,3
COOK-:-7300008,3
COOK-:-7300009,11
COOK-:-7300010,11
COOK-:-7300011,3
COOK-:-7400001,5
COOK-:-7400002,7
COOK-:-7400003,7
COOK-:-7400004,7
COOK-:-7400005,7
COOK-:-7400006,7
COOK-:-7400007,5
COOK-:-7400008,7
COOK-:-7400009,8
COOK-:-7400010,7
COOK-:-7400011,5
COOK-:-7400012,7
COOK-:-7400013,7
COOK-:-7400015,7
COOK-:-7400018,7
COOK-:-7400019,7
COOK-:-7400020,7
COOK-:-7400021,7
COOK-:-7400022,7
COOK-:-7400024,7
COOK-:-7400025,5
COOK-:-7400026,5
COOK-:-7400028,7
COOK-:-7400029,7
COOK-:-7400030,11
COOK-:-7400031,7
COOK-:-7400032,7
COOK-:-7400033,5
COOK-:-7400034,7
COOK-:-7400035,7
COOK-:-7400036,7
COOK-:-7400037,7
COOK-:-7400038,7
COOK-:-7400039,7
COOK-:-7400040,7
COOK-:-7400041,7
COOK-:-7400042,7
COOK-:-7400043,8
COOK-:-7400045,8
COOK-:-7501001,13
COOK-:-7501002,11
COOK-:-7501003,7
COOK-:-7501004,11
COOK-:-7502001,7
COOK-:-7502002,8
COOK-:-7502003,7
COOK-:-7502004,7
COOK-:-7502005,7
COOK-:-7503001,11
COOK-:-7503002,11
COOK-:-7503003,11
COOK-:-7503004,11
COOK-:-7503005,11
COOK-:-7504001,7
COOK-:-7504002,11
COOK-:-7504003,11
COOK-:-7504004,7
COOK-:-7504005,7
COOK-:-7504006,7
COOK-:-7504007,11
COOK-:-7505001,7
COOK-:-7505002,7
COOK-:-7505003,7
COOK-:-7506001,5
COOK-:-7506002,5
COOK-:-7506003,5
COOK-:-7506004,5
COOK-:-7506005,5
COOK-:-7506006,5
COOK-:-7507001,7
COOK-:-7507002,7
COOK-:-7507003,7
COOK-:-7507004,8
COOK-:-7507005,7
COOK-:-7508001,7
COOK-:-7508002,7
COOK-:-7508003,7
COOK-:-7508004,11
COOK-:-7508005,7
COOK-:-7509001,11
COOK-:-7509002,7
COOK-:-7509003,7
COOK-:-7509004,7
COOK-:-7509005,11
COOK-:-7600001,7
COOK-:-7600002,7
COOK-:-7600003,13
COOK-:-7600005,7
COOK-:-7600006,7
COOK-:-7600007,7
COOK-:-7600008,7
COOK-:-7600009,8
COOK-:-7600010,7
COOK-:-7600011,7
COOK-:-7600012,7
COOK-:-7600013,13
COOK-:-7600014,7
COOK-:-7600016,7
COOK-:-7600017,7
COOK-:-7600018,7
COOK-:-7600019,8
COOK-:-7600020,7
COOK-:-7600021,7
COOK-:-7600022,7
COOK-:-7600023,7
COOK-:-7600024,7
COOK-:-7600025,7
COOK-:-7600026,7
COOK-:-7600027,7
COOK-:-7600028,7
COOK-:-7600029,7
COOK-:-7600030,7
COOK-:-7600031,7
COOK-:-7600032,7
COOK-:-7600033,7
COOK-:-7600034,7
COOK-:-7600035,7
COOK-:-7600036,9
COOK-:-7600037,7
COOK-:-7600038,7
COOK-:-7600039,7
COOK-:-7600040,7
COOK-:-7600041,7
COOK-:-7600042,7
COOK-:-7600043,7
COOK-:-7700001,3
COOK-:-7700002,12
COOK-:-7700003,3
COOK-:-7700004,12
COOK-:-7700005,12
COOK-:-7700006,3
COOK-:-7700007,12
COOK-:-7700008,12
COOK-:-7700009,13
COOK-:-7700010,12
COOK-:-7700011,3
COOK-:-7700012,3
COOK-:-7700014,3
COOK-:-7800001,12
COOK-:-7800002,12
COOK-:-7800003,12
COOK-:-7800004,12
COOK-:-7800005,12
COOK-:-7800006,12
COOK-:-7800007,12
COOK-:-7800008,12
COOK-:-7800009,12
COOK-:-7800010,12
COOK-:-7800011,12
COOK-:-7800012,9
COOK-:-7800013,12
COOK-:-7800014,12
COOK-:-7800015,12
COOK-:-7800016,12
COOK-:-7800017,12
COOK-:-7800018,12
COOK-:-7800019,12
COOK-:-7800020,12
COOK-:-7800021,12
COOK-:-7800022,12
COOK-:-7800023,7
COOK-:-7800024,12
COOK-:-7800025,12
COOK-:-7800027,12
COOK-:-7800028,12
COOK-:-7800029,12
COOK-:-7800030,12
COOK-:-7800031,12
COOK-:-7800032,12
COOK-:-7800033,12
COOK-:-7800034,12
COOK-:-7800035,12
COOK-:-7800036,12
COOK-:-7800037,12
COOK-:-7800038,9
COOK-:-7800039,12
COOK-:-7800040,12
COOK-:-7800041,12
COOK-:-7800043,12
COOK-:-7800044,12
COOK-:-7800045,12
COOK-:-7800046,12
COOK-:-7800047,12
COOK-:-7800048,12
COOK-:-7800049,12
COOK-:-7800050,12
COOK-:-7900001,3
COOK-:-7900002,3
COOK-:-7900003,12
COOK-:-7900004,13
COOK-:-7900005,3
COOK-:-7900006,3
COOK-:-7900007,3
COOK-:-7900008,3
COOK-:-7900009,14
COOK-:-7900011,14
COOK-:-7900013,3
COOK-:-7900014,14
COOK-:-7900015,3
COOK-:-7900016,3
COOK-:-7900017,3
COOK-:-7900018,8
COOK-:-7900019,12
COOK-:-7900020,3
COOK-:-7900021,3
COOK-:-7900022,12
COOK-:-7900023,13
COOK-:-7900024,3
COOK-:-7900025,5
COOK-:-7900027,3
COOK-:-7900028,3
COOK-:-7900029,3
COOK-:-7900030,3
COOK-:-7900031,13
COOK-:-7900032,3
COOK-:-7900033,3
COOK-:-7900034,8
COOK-:-7900035,3
COOK-:-7900036,3
COOK-:-7900037,12
COOK-:-7900038,8
COOK-:-7900039,13
COOK-:-7900041,13
COOK-:-7900042,8
COOK-:-7900044,3
COOK-:-7900045,3
COOK-:-7900046,13
COOK-:-7900048,3
COOK-:-7900049,3
COOK-:-7900051,3
COOK-:-7900052,3
COOK-:-7900053,13
COOK-:-7900054,3
COOK-:-7900055,8
COOK-:-7900056,12
COOK-:-7900057,12
COOK-:-7900058,3
COOK-:-7900059,12
COOK-:-7900060,12
COOK-:-7900061,13
COOK-:-7900062,13
COOK-:-7900063,13
COOK-:-7900064,12
COOK-:-7900065,3
COOK-:-7900066,3
COOK-:-7900067,3
COOK-:-7900068,3
COOK-:-7900069,3
COOK-:-8000001,7
COOK-:-8000002,7
COOK-:-8000003,7
COOK-:-8000005,7
COOK-:-8000006,7
COOK-:-8000007,6
COOK-:-8000008,7
COOK-:-8000009,7
COOK-:-8000010,7
COOK-:-8000011,14
COOK-:-8000013,7
COOK-:-8000014,6
COOK-:-8000015,7
COOK-:-8000019,7
COOK-:-8000021,9
COOK-:-8000022,7
COOK-:-8000023,7
COOK-:-8000024,7
COOK-:-8000025,7
COOK-:-8000026,6
COOK-:-8000027,7
COOK-:-8000028,7
COOK-:-8000029,7
COOK-:-8000030,7
COOK-:-8000031,7
COOK-:-8000032,7
COOK-:-8000033,7
COOK-:-8000034,7
COOK-:-8000036,9
COOK-:-8000037,9
COOK-:-8000038,11
COOK-:-8000039,7
COOK-:-8000040,7
COOK-:-8000041,9
COOK-:-8000042,7
COOK-:-8000043,7
COOK-:-8000044,7
COOK-:-8000045,7
COOK-:-8000046,7
COOK-:-8000047,7
COOK-:-8000048,6
COOK-:-8000049,9
COOK-:-8000050,9
COOK-:-8000051,7
COOK-:-8000052,14
COOK-:-8000053,7
COOK-:-8000054,8
COOK-:-8000055,8
COOK-:-8000056,7
COOK-:-8000057,7
COOK-:-8000058,7
COOK-:-8000059,8
COOK-:-8000060,7
COOK-:-8000061,7
COOK-:-8000062,7
COOK-:-8000063,14
COOK-:-8000064,5
COOK-:-8000065,9
COOK-:-8000066,9
COOK-:-8000067,7
COOK-:-8000068,7
COOK-:-8000070,7
COOK-:-8000071,7
COOK-:-8000072,7
COOK-:-8000073,7
COOK-:-8000074,14
COOK-:-8000075,8
COOK-:-8000076,7
COOK-:-8000077,7
COOK-:-8000078,7
COOK-:-8000079,7
COOK-:-8000080,9
COOK-:-8000081,14
COOK-:-8000082,9
COOK-:-8000083,14
COOK-:-8100001,7
COOK-:-8100002,7
COOK-:-8100003,5
COOK-:-8100004,7
COOK-:-8100005,14
COOK-:-8100006,7
COOK-:-8100007,14
COOK-:-8100008,14
COOK-:-8100009,14
COOK-:-8100010,14
COOK-:-8100011,7
COOK-:-8100012,7
COOK-:-8100013,7
COOK-:-8100014,7
COOK-:-8100015,7
COOK-:-8100016,7
COOK-:-8100017,5
COOK-:-8100019,7
COOK-:-8100020,7
COOK-:-8100021,7
COOK-:-8100022,5
COOK-:-8100023,5
COOK-:-8100024,7
COOK-:-8100025,5
COOK-:-8100026,7
COOK-:-8100028,7
COOK-:-8100029,5
COOK-:-8100030,5
COOK-:-8100033,5
COOK-:-8100034,8
COOK-:-8100035,5
COOK-:-8100036,5
COOK-:-8100037,5
COOK-:-8100038,5
COOK-:-8100039,7
COOK-:-8200002,7
COOK-:-8200003,7
COOK-:-8200004,7
COOK-:-8200005,13
COOK-:-8200006,7
COOK-:-8200007,7
COOK-:-8200008,7
COOK-:-8200009,11
COOK-:-8200010,7
COOK-:-8200011,7
COOK-:-8200012,8
COOK-:-8200013,7
COOK-:-8200014,7
COOK-:-8200015,7
COOK-:-8200016,7
COOK-:-8200017,7
COOK-:-8200018,7
COOK-:-8200019,5
COOK-:-8200020,11
COOK-:-8200021,7
COOK-:-8200022,7
COOK-:-8200023,7
COOK-:-8200024,7
COOK-:-8200025,7
COOK-:-8200027,7
COOK-:-8200028,5
COOK-:-8200029,13
COOK-:-8200030,7
COOK-:-8200031,7
COOK-:-8200032,7
COOK-:-8200033,7
COOK-:-8200034,7
COOK-:-8200035,7
COOK-:-8200036,9
COOK-:-8200037,7
COOK-:-8200038,7
COOK-:-8200039,7
COOK-:-8200040,7
COOK-:-8200041,7
COOK-:-8200042,7
COOK-:-8200043,7
COOK-:-8200044,7
COOK-:-8200045,5
COOK-:-8200046,7
COOK-:-8200047,7
COOK-:-8200048,7
COOK-:-8200049,5
COOK-:-8200050,7
COOK-:-8200051,13
COOK-:-8200052,13
COOK-:-8200053,7
COOK-:-8200054,8
COOK-:-8200055,11
COOK-:-8200056,7
COOK-:-8200057,7
COOK-:-8200058,7
COOK-:-8200059,7
COOK-:-8200060,7
COOK-:-8200061,7
COOK-:-8200062,8
COOK-:-8300001,7
COOK-:-8300002,9
COOK-:-8300003,7
COOK-:-8300004,7
COOK-:-8300005,6
COOK-:-8300006,6
COOK-:-8300007,6
COOK-:-8300009,6
COOK-:-8300010,6
COOK-:-8300011,7
COOK-:-8300012,6
COOK-:-8300013,6
COOK-:-8300014,6
COOK-:-8300015,7
COOK-:-8300016,11
COOK-:-8300017,7
COOK-:-8300018,7
COOK-:-8300019,6
COOK-:-8300020,6
COOK-:-8300021,7
COOK-:-8300022,11
COOK-:-8300023,6
COOK-:-8300024,6
COOK-:-8300025,6
COOK-:-8300026,9
COOK-:-8300027,7
COOK-:-8300028,7
COOK-:-8300029,9
COOK-:-8300030,6
COOK-:-8300031,6
COOK-:-8300032,7
COOK-:-8300034,7
COOK-:-8300035,6
COOK-:-8300036,9
COOK-:-8300037,6
COOK-:-8300038,6
COOK-:-8300039,8
COOK-:-8300040,9
COOK-:-8300041,6
COOK-:-8300042,6
COOK-:-8300044,6
COOK-:-8300045,6
COOK-:-8300046,7
COOK-:-8300047,13
COOK-:-8300048,6
COOK-:-8300049,6
COOK-:-8300050,7
COOK-:-8300051,6
COOK-:-8300052,6
COOK-:-8300053,6
COOK-:-8300054,7
COOK-:-8300055,9
COOK-:-8300056,6
COOK-:-8300057,6
COOK-:-8300058,7
COOK-:-8400001,5
COOK-:-8400002,5
COOK-:-8400003,14
COOK-:-8400004,5
COOK-:-8400005,5
COOK-:-8400006,5
COOK-:-8400007,5
COOK-:-8400008,5
COOK-:-8400009,5
COOK-:-8400010,13
COOK-:-8400011,7
COOK-:-8400012,5
COOK-:-8400013,5
COOK-:-8400014,14
COOK-:-8500001,12
COOK-:-8500002,12
COOK-:-8500003,12
COOK-:-8500004,12
COOK-:-8500005,12
COOK-:-8500006,12
COOK-:-8500007,12
COOK-:-8500008,12
COOK-:-8500009,12
COOK-:-8500010,12
COOK-:-8500011,12
COOK-:-8500012,12
COOK-:-8500013,12
COOK-:-8500014,12
COOK-:-8500015,12
COOK-:-8500016,12
COOK-:-8500017,12
COOK-:-8500018,12
COOK-:-8500019,12
COOK-:-8500020,12
COOK-:-8500021,12
COOK-:-8500022,12
COOK-:-8500023,12
COOK-:-8500024,12
COOK-:-8500025,12
COOK-:-8500026,12
COOK-:-8500027,12
COOK-:-8500028,12
COOK-:-8500029,12
COOK-:-8500031,12
COOK-:-8500032,12
COOK-:-8600001,3
COOK-:-8600002,3
COOK-:-8600003,3
COOK-:-8600004,3
COOK-:-8600005,3
COOK-:-8600006,3
COOK-:-8600007,3
COOK-:-8600008,3
COOK-:-8600009,3
COOK-:-8600010,3
COOK-:-8600011,3
COOK-:-8600012,11
COOK-:-8600013,3
COOK-:-8600014,3
COOK-:-8600016,3
COOK-:-8600017,3
COOK-:-8600018,3
COOK-:-8600019,13
COOK-:-8600020,3
COOK-:-8600021,3
COOK-:-8600022,11
COOK-:-8600023,3
COOK-:-8600024,3
COOK-:-8600025,3
COOK-:-8600026,3
COOK-:-8600027,3
COOK-:-8600028,14
COOK-:-8600029,3
COOK-:-8600030,13
COOK-:-8600031,11
COOK-:-8600032,3
COOK-:-8600033,3
COOK-:-8600034,3
COOK-:-8600035,3
COOK-:-8600036,11
COOK-:-8600037,8
COOK-:-8600038,11
COOK-:-8600039,14
COOK-:-8600040,3
COOK-:-8600041,13
COOK-:-8600042,3
COOK-:-8600043,9
COOK-:-8600044,11
COOK-:-8600045,3
COOK-:-8600046,13
COOK-:-8600047,14
COOK-:-8600048,3
COOK-:-8600049,3
COOK-:-8600050,3
COOK-:-8600051,3
COOK-:-8600052,14
COOK-:-8600053,3
COOK-:-8600054,3
COOK-:-8600055,8
COOK-:-8600056,9
COOK-:-8600057,14
COOK-:-8600058,8
COOK-:-8600059,14
COOK-:-8600060,14
COOK-:-8600061,9
COOK-:-8600062,13
COOK-:-8700001,16
COOK-:-8700003,11
COOK-:-8700004,7
COOK-:-8700005,7
COOK-:-8700006,7
COOK-:-8700007,7
COOK-:-8700008,16
COOK-:-8700009,5
COOK-:-8700010,11
COOK-:-8700011,7
COOK-:-8700012,5
COOK-:-8700013,7
COOK-:-8700014,16
COOK-:-8700015,7
COOK-:-8700016,7
COOK-:-8700017,16
COOK-:-8700019,16
COOK-:-8700020,7
COOK-:-8700021,7
COOK-:-8700022,16
COOK-:-8700023,7
COOK-:-8700024,16
COOK-:-8700025,16
COOK-:-8700026,16
COOK-:-8700028,16
COOK-:-8700029,7
COOK-:-8700030,16
COOK-:-8700031,7
COOK-:-8700032,5
COOK-:-8700033,7
COOK-:-8700034,5
COOK-:-8700036,7
COOK-:-8700037,7
COOK-:-8700039,7
COOK-:-8700040,7
COOK-:-8700041,7
COOK-:-8700042,7
COOK-:-8700043,5
COOK-:-8700044,7
COOK-:-8700045,16
COOK-:-8700046,16
COOK-:-8700048,5
COOK-:-8700049,11
COOK-:-8700050,7
COOK-:-8700051,16
COOK-:-8700052,16
COOK-:-8700053,16
COOK-:-8700054,16
COOK-:-8700055,7
COOK-:-8700056,7
COOK-:-8700057,7
COOK-:-8700058,7
COOK-:-8700060,7
COOK-:-8700061,11
COOK-:-8700062,7
COOK-:-8700063,7
COOK-:-8700064,7
COOK-:-8700065,7
COOK-:-8800001,3
COOK-:-8800002,3
COOK-:-8800003,8
COOK-:-8800004,13
COOK-:-8800005,11
COOK-:-8800006,3
COOK-:-8800007,3
COOK-:-8800008,3
COOK-:-8800009,3
COOK-:-8800010,9
COOK-:-8800011,9
COOK-:-8800012,3
COOK-:-8800013,3
COOK-:-8800014,8
COOK-:-8800015,3
COOK-:-8800016,3
COOK-:-8800017,3
COOK-:-8800018,3
COOK-:-8800019,3
COOK-:-8800020,3
COOK-:-8800021,13
COOK-:-8800022,3
COOK-:-8800023,3
COOK-:-8800024,3
COOK-:-8800025,3
COOK-:-8800026,8
COOK-:-8800027,3
COOK-:-8800028,3
COOK-:-8800029,9
COOK-:-8800030,3
COOK-:-8800031,3
COOK-:-8800032,3
COOK-:-8800033,3
COOK-:-8800034,11
COOK-:-8800035,3
COOK-:-8900001,12
COOK-:-8900002,12
COOK-:-8900003,12
COOK-:-8900004,12
COOK-:-8900005,3
COOK-:-8900006,12
COOK-:-8900007,12
COOK-:-8900008,12
COOK-:-8900009,12
COOK-:-8900010,12
COOK-:-8900011,12
COOK-:-8900012,12
COOK-:-8900013,12
COOK-:-8900014,12
COOK-:-8900015,12
COOK-:-8900016,12
COOK-:-8900017,12
COOK-:-8900018,12
COOK-:-8900019,12
COOK-:-8900020,12
COOK-:-8900021,3
COOK-:-8900022,12
COOK-:-8900024,12
COOK-:-8900026,12
COOK-:-8900027,12
COOK-:-8900028,12
COOK-:-8900029,12
COOK-:-8900031,12
COOK-:-8900032,3
COOK-:-8900033,12
COOK-:-8900034,12
COOK-:-8900035,12
COOK-:-8900036,12
COOK-:-8900037,12
COOK-:-8900038,12
COOK-:-8900039,12
COOK-:-8900040,12
COOK-:-8900041,12
COOK-:-8900042,3
COOK-:-8900043,12
COOK-:-8900044,12
COOK-:-8900045,12
COOK-:-8900046,3
COOK-:-8900047,12
COOK-:-8900048,12
COOK-:-8900049,12
COOK-:-8900050,12
COOK-:-8900051,12
COOK-:-8900052,12
COOK-:-8900053,12
COOK-:-8900054,12
COOK-:-8900055,12
COOK-:-8900056,12
COOK-:-8900057,12
COOK-:-8900058,12
COOK-:-8900059,12
COOK-:-8900060,12
COOK-:-8900061,12
COOK-:-8900062,12
COOK-:-8900063,3
COOK-:-8900064,12
COOK-:-8900065,12
COOK-:-8900066,12
COOK-:-8900067,12
COOK-:-8900068,12
COOK-:-8900069,12
COOK-:-8900070,3
COOK-:-8900072,12
COOK-:-8900073,12
COOK-:-8900074,12
COOK-:-8900075,12
COOK-:-8900076,12
COOK-:-8900077,12
COOK-:-8900078,12
COOK-:-8900079,12
COOK-:-8900080,12
COOK-:-8900081,12
COOK-:-8900082,12
COOK-:-8900083,12
COOK-:-8900084,3
COOK-:-8900085,12
COOK-:-8900086,12
COOK-:-8900087,12
COOK-:-8900088,3
COOK-:-8900089,12
COOK-:-9000001,3
COOK-:-9000002,3
COOK-:-9000003,3
COOK-:-9000004,3
COOK-:-9000005,9
COOK-:-9000006,3
COOK-:-9000007,11
COOK-:-9000008,3
COOK-:-9000009,3
COOK-:-9000010,13
COOK-:-9000011,9
COOK-:-9000012,3
COOK-:-9000013,3
COOK-:-9000014,3
COOK-:-9000015,3
COOK-:-9000016,14
COOK-:-9000017,3
COOK-:-9000018,3
COOK-:-9000019,3
COOK-:-9000020,3
COOK-:-9000021,3
COOK-:-9000022,3
COOK-:-9000023,3
COOK-:-9000024,3
COOK-:-9000025,3
COOK-:-9000026,3
COOK-:-9000027,3
COOK-:-9000028,3
COOK-:-9000029,9
COOK-:-9000030,3
COOK-:-9000031,9
COOK-:-9000032,3
COOK-:-9000033,3
COOK-:-9000034,9
COOK-:-9000035,3
COOK-:-9000036,3
COOK-:-9000037,13
COOK-:-9000038,3
COOK-:-9000039,9
COOK-:-9000040,11
COOK-:-9000041,3
COOK-:-9000042,9
COOK-:-9000043,3
COOK-:-9000044,13
COOK-:-9000045,9
COOK-:-9000046,3
COOK-:-9000047,3
COOK-:-9100001,12
COOK-:-9100002,12
COOK-:-9100003,12
COOK-:-9100004,12
COOK-:-9100005,12
COOK-:-9100006,12
COOK-:-9100007,12
COOK-:-9200001,12
COOK-:-9200002,3
COOK-:-9200003,3
COOK-:-9200004,3
COOK-:-9200005,12
COOK-:-9200006,3
COOK-:-9200007,12
COOK-:-9200008,12
COOK-:-9200009,12
COOK-:-9200010,12
COOK-:-9200011,12
COOK-:-9200012,3
COOK-:-9300001,7
COOK-:-9300002,7
COOK-:-9300003,7
COOK-:-9300004,8
COOK-:-9300005,7
COOK-:-9300006,7
COOK-:-9300007,7
COOK-:-9300008,14
COOK-:-9300009,7
COOK-:-9300010,11
COOK-:-9300011,8
COOK-:-9300012,7
COOK-:-9300013,9
COOK-:-9300014,7
COOK-:-9300015,5
COOK-:-9300016,7
COOK-:-9300017,7
COOK-:-9300018,7
COOK-:-9300019,11
COOK-:-9300020,7
COOK-:-9300021,7
COOK-:-9300022,7
COOK-:-9300023,7
COOK-:-9300024,7
COOK-:-9300025,7
COOK-:-9300026,7
COOK-:-9300027,7
COOK-:-9300028,7
COOK-:-9300029,7
COOK-:-9300030,9
COOK-:-9300031,7
COOK-:-9300032,7
COOK-:-9300033,7
COOK-:-9300034,7
COOK-:-9300035,13
COOK-:-9300036,7
COOK-:-9300037,7
COOK-:-9300038,7
COOK-:-9300039,7
COOK-:-9300040,8
COOK-:-9300041,7
COOK-:-9300042,7
COOK-:-9300043,7
COOK-:-9300044,7
COOK-:-9300045,8
COOK-:-9300046,14
COOK-:-9300047,8
COOK-:-9300048,7
COOK-:-9300049,14
COOK-:-9300050,11
COOK-:-9300051,7
COOK-:-9300052,7
COOK-:-9300053,9
COOK-:-9300054,7
COOK-:-9300055,7
COOK-:-9300056,8
COOK-:-9300057,7
COOK-:-9300058,5
COOK-:-9300059,7
COOK-:-9300060,13
COOK-:-9300061,7
COOK-:-9300062,7
COOK-:-9300063,7
COOK-:-9300064,8
COOK-:-9300065,8
COOK-:-9300066,7
COOK-:-9300067,7
COOK-:-9300068,7
COOK-:-9300069,13
COOK-:-9400001,12
COOK-:-9400002,14
COOK-:-9400003,3
COOK-:-9400004,3
COOK-:-9400005,3
COOK-:-9400006,3
COOK-:-9400007,11
COOK-:-9400008,3
COOK-:-9400009,3
COOK-:-9400010,12
COOK-:-9400011,3
COOK-:-9400013,3
COOK-:-9400014,3
COOK-:-9400015,3
COOK-:-9400016,12
COOK-:-9400017,12
COOK-:-9400018,3
COOK-:-9400019,12
COOK-:-9400020,3
COOK-:-9500001,3
COOK-:-9500002,9
COOK-:-9500003,3
COOK-:-9500004,3
COOK-:-9500005,3
COOK-:-9500006,13
COOK-:-9500007,13
COOK-:-9500008,3
COOK-:-9500009,3
COOK-:-9500010,3
COOK-:-9500011,3
COOK-:-9500012,3
COOK-:-9500013,3
COOK-:-9500014,14
COOK-:-9500015,9
COOK-:-9500016,3
COOK-:-9500017,3
COOK-:-9500018,3
COOK-:-9500019,3
COOK-:-9500020,3
COOK-:-9500021,3
COOK-:-9500022,9
COOK-:-9500023,9
COOK-:-9500024,9
COOK-:-9500025,9
COOK-:-9500026,9
COOK-:-9500027,13
COOK-:-9500028,9
COOK-:-9500029,3
COOK-:-9500030,11
COOK-:-9500031,3
COOK-:-9500032,3
COOK-:-9500033,11
COOK-:-9500034,3
COOK-:-9500035,3
COOK-:-9500036,3
COOK-:-9500037,3
COOK-:-9500038,3
COOK-:-9500039,3
COOK-:-9500040,3
COOK-:-9500041,14
COOK-:-9500042,3
COOK-:-9500043,3
COOK-:-9500044,11
COOK-:-9500045,3
COOK-:-9500046,3
COOK-:-9500047,3
COOK-:-9500048,3
COOK-:-9500050,3
COOK-:-9500051,9
COOK-:-9500052,14
COOK-:-9500053,9
COOK-:-9500054,3
COOK-:-9500055,13
COOK-:-9500056,3
COOK-:-9500057,3
COOK-:-9500058,3
COOK-:-9500059,9
COOK-:-9500060,5
COOK-:-9500061,3
COOK-:-9500062,3
COOK-:-9500063,13
COOK-:-9500064,3
COOK-:-9500065,3
COOK-:-9500066,3
COOK-:-9500067,9
COOK-:-9500068,3
COOK-:-9500069,3
COOK-:-9500070,3
COOK-:-9500071,8
COOK-:-9500072,14
COOK-:-9500073,3
COOK-:-9500074,3
COOK-:-9500075,3
COOK-:-9500076,13
COOK-:-9500077,3
COOK-:-9500078,3
COOK-:-9500079,3
COOK-:-9500080,9
COOK-:-9500081,3
COOK-:-9500082,11
COOK-:-9500083,3
COOK-:-9500084,3
COOK-:-9500085,3
COOK-:-9500086,3
COOK-:-9500087,3
COOK-:-9500088,3
COOK-:-9500089,3
COOK-:-9500090,11
COOK-:-9500091,13
COOK-:-9500092,3
COOK-:-9500093,3
COOK-:-9500094,9
COOK-:-9500095,5
COOK-:-9500096,14
COOK-:-9500097,5
COOK-:-9500098,3
COOK-:-9500099,5
COOK-:-9500100,5
COOK-:-9500101,3
COOK-:-9500102,5
COOK-:-9500103,3
COOK-:-9500104,13
COOK-:-9600001,7
COOK-:-9600002,7
COOK-:-9600003,5
COOK-:-9600004,7
COOK-:-9600005,5
COOK-:-9600006,8
COOK-:-9600007,5
COOK-:-9600008,7
COOK-:-9600009,7
COOK-:-9600010,7
COOK-:-9600012,7
COOK-:-9600013,8
COOK-:-9600014,5
COOK-:-9600015,5
COOK-:-9600016,7
COOK-:-9600017,7
COOK-:-9600018,5
COOK-:-9600019,7
COOK-:-9600020,5
COOK-:-9600022,5
COOK-:-9600023,5
COOK-:-9600024,7
COOK-:-9600025,7
COOK-:-9600026,7
COOK-:-9600027,7
COOK-:-9600028,7
COOK-:-9600029,7
COOK-:-9600030,7
COOK-:-9600031,7
COOK-:-9600032,7
COOK-:-9600033,7
COOK-:-9600034,7
COOK-:-9600035,5
COOK-:-9600036,7
COOK-:-9600037,7
COOK-:-9600038,7
COOK-:-9600039,7
COOK-:-9600041,7
COOK-:-9600042,7
COOK-:-9600043,7
COOK-:-9600044,7
COOK-:-9600045,5
COOK-:-9600049,7
COOK-:-9600050,14
COOK-:-9600051,7
COOK-:-9600052,7
COOK-:-9600053,9
COOK-:-9600055,7
COOK-:-9600056,8
COOK-:-9600057,7
COOK-:-9600058,9
COOK-:-9600059,7
COOK-:-9600061,7
COOK-:-9600062,7
COOK-:-9600064,7
COOK-:-9600065,7
COOK-:-9600066,7
COOK-:-9600067,8
COOK-:-9600069,7
COOK-:-9600070,7
COOK-:-9600071,7
COOK-:-9600072,8
COOK-:-9600073,16
COOK-:-9600074,7
COOK-:-9600075,8
COOK-:-9600076,7
COOK-:-9600077,7
COOK-:-9600078,7
COOK-:-9600079,7
COOK-:-9600080,7
COOK-:-9600081,8
COOK-:-9700002,3
COOK-:-9700003,11
COOK-:-9700004,3
COOK-:-9700005,3
COOK-:-9700006,3
COOK-:-9700007,3
COOK-:-9700008,3
COOK-:-9700009,4
COOK-:-9700010,3
COOK-:-9700011,3
COOK-:-9700012,14
COOK-:-9700013,3
COOK-:-9700014,3
COOK-:-9700015,4
COOK-:-9700016,3
COOK-:-9700017,3
COOK-:-9700018,3
COOK-:-9700019,3
COOK-:-9700020,3
COOK-:-9700021,3
COOK-:-9700022,4
COOK-:-9700023,3
COOK-:-9700025,3
COOK-:-9700026,3
COOK-:-9700027,14
COOK-:-9700028,13
COOK-:-9700029,11
COOK-:-9700030,3
COOK-:-9700031,3
COOK-:-9700032,3
COOK-:-9700033,3
COOK-:-9700034,3
COOK-:-9700035,3
COOK-:-9700036,3
COOK-:-9700037,3
COOK-:-9700038,3
COOK-:-9700039,9
COOK-:-9700040,3
COOK-:-9700041,3
COOK-:-9700042,3
COOK-:-9700044,4
COOK-:-9700045,3
COOK-:-9700046,3
COOK-:-9700047,3
COOK-:-9700048,11
COOK-:-9700049,8
COOK-:-9700050,3
COOK-:-9700051,8
COOK-:-9700052,3
COOK-:-9700053,3
COOK-:-9700054,3
COOK-:-9700055,4
COOK-:-9700056,3
COOK-:-9700057,3
COOK-:-9700059,3
COOK-:-9700060,3
COOK-:-9700061,3
COOK-:-9700062,3
COOK-:-9700063,3
COOK-:-9700064,3
COOK-:-9700065,3
COOK-:-9700066,3
COOK-:-9700067,3
COOK-:-9700068,4
COOK-:-9700069,3
COOK-:-9700070,3
COOK-:-9700071,3
COOK-:-9700072,3
COOK-:-9700074,3
COOK-:-9700075,3
COOK-:-9700076,3
COOK-:-9700077,4
COOK-:-9700078,3
COOK-:-9700079,14
COOK-:-9700080,3
COOK-:-9700081,8
COOK-:-9700082,3
COOK-:-9800001,3
COOK-:-9800002,12
COOK-:-9800003,3
COOK-:-9800004,3
COOK-:-9800005,3
COOK-:-9800006,3
COOK-:-9800007,12
COOK-:-9800008,12
COOK-:-9800009,3
COOK-:-9800010,3
COOK-:-9800011,3
COOK-:-9800012,12
COOK-:-9800013,11
COOK-:-9800014,12
COOK-:-9800015,12
COOK-:-9800016,12
COOK-:-9800017,3
COOK-:-9800018,12
COOK-:-9800019,3
COOK-:-9800020,11
COOK-:-9800021,3
COOK-:-9800022,12
COOK-:-9800023,3
COOK-:-9800024,3
COOK-:-9800025,9
COOK-:-9800026,9
COOK-:-9800027,3
COOK-:-9800028,3
COOK-:-9800029,3
COOK-:-9800030,3
COOK-:-9800031,12
COOK-:-9901001,12
COOK-:-9901002,12
COOK-:-9901003,3
COOK-:-9901004,3
COOK-:-9902001,12
COOK-:-9902002,12
COOK-:-9902003,3
COOK-:-9902004,3
COOK-:-9903001,3
COOK-:-9903002,3
COOK-:-9903003,12
COOK-:-9903004,12
COOK-:-9904001,12
COOK-:-9904002,12
COOK-:-9904003,12
COOK-:-9904004,12
COOK-:-9905001,3
COOK-:-9905002,12
COOK-:-9905003,12
COOK-:-9906001,12
COOK-:-9906002,12
COOK-:-9906003,12
COOK-:-9906004,3
COOK-:-9907001,12
COOK-:-9907002,12
COOK-:-9907003,12
COOK-:-9907004,12
COOK-:-9908001,12
COOK-:-9908002,12
COOK-:-9908003,12
CRAWFORD-:-HONEY CREEK 1,0
CRAWFORD-:-HONEY CREEK 2,0
CRAWFORD-:-HUTSONVILLE 1,0
CRAWFORD-:-HUTSONVILLE 2,0
CRAWFORD-:-LAMOTTE 1,0
CRAWFORD-:-LAMOTTE 2,0
CRAWFORD-:-LICKING,0
CRAWFORD-:-MARTIN,0
CRAWFORD-:-MONTGOMERY,0
CRAWFORD-:-OBLONG 1,0
CRAWFORD-:-OBLONG 2,0
CRAWFORD-:-OBLONG 3,0
CRAWFORD-:-PRAIRIE 1,0
CRAWFORD-:-PRAIRIE 2,0
CRAWFORD-:-ROBINSON 1,0
CRAWFORD-:-ROBINSON 2,0
CRAWFORD-:-ROBINSON 3,0
CRAWFORD-:-ROBINSON 4,0
CRAWFORD-:-ROBINSON 5,0
CRAWFORD-:-ROBINSON 6,0
CRAWFORD-:-ROBINSON 7,13
CRAWFORD-:-ROBINSON 8,0
CRAWFORD-:-ROBINSON 9,0
CRAWFORD-:-SOUTHWEST,0
CUMBERLAND-:-COTTONWOOD-2,0
CUMBERLAND-:-CROOKED CREEK-1,0
CUMBERLAND-:-GREENUP 1-1,0
CUMBERLAND-:-GREENUP 2-1,0
CUMBERLAND-:-GREENUP 3-1,0
CUMBERLAND-:-NEOGA 1-2,0
CUMBERLAND-:-NEOGA 1-3,0
CUMBERLAND-:-NEOGA 2-2,0
CUMBERLAND-:-NEOGA 2-3,0
CUMBERLAND-:-SPRING POINT-3,0
CUMBERLAND-:-SPRING POINT-4,0
CUMBERLAND-:-SUMPTER 1-2,0
CUMBERLAND-:-SUMPTER 2-2,0
CUMBERLAND-:-UNION-1,0
CUMBERLAND-:-WOODBURY-2,0
DEKALB-:-AFTON 1,5
DEKALB-:-CLINTON 1,5
DEKALB-:-CORTLAND 1,5
DEKALB-:-CORTLAND 2,5
DEKALB-:-CORTLAND 3,5
DEKALB-:-CORTLAND 4,5
DEKALB-:-CORTLAND 5,5
DEKALB-:-CORTLAND 6,13
DEKALB-:-CORTLAND 7,5
DEKALB-:-CORTLAND 8,14
DEKALB-:-CORTLAND 9,13
DEKALB-:-DEKALB 1,5
DEKALB-:-DEKALB 10,5
DEKALB-:-DEKALB 11,5
DEKALB-:-DEKALB 12,5
DEKALB-:-DEKALB 13,5
DEKALB-:-DEKALB 14,5
DEKALB-:-DEKALB 15,5
DEKALB-:-DEKALB 16,5
DEKALB-:-DEKALB 17,5
DEKALB-:-DEKALB 18,5
DEKALB-:-DEKALB 19,5
DEKALB-:-DEKALB 2,5
DEKALB-:-DEKALB 20,5
DEKALB-:-DEKALB 21,5
DEKALB-:-DEKALB 22,5
DEKALB-:-DEKALB 23,5
DEKALB-:-DEKALB 24,5
DEKALB-:-DEKALB 3,5
DEKALB-:-DEKALB 4,5
DEKALB-:-DEKALB 5,5
DEKALB-:-DEKALB 6,5
DEKALB-:-DEKALB 7,5
DEKALB-:-DEKALB 8,5
DEKALB-:-DEKALB 9,8
DEKALB-:-FRANKLIN 1,5
DEKALB-:-FRANKLIN 2,5
DEKALB-:-GENOA 1,14
DEKALB-:-GENOA 2,11
DEKALB-:-GENOA 3,8
DEKALB-:-KINGSTON 1,5
DEKALB-:-KINGSTON 2,5
DEKALB-:-MALTA 1,5
DEKALB-:-MILAN 1,5
DEKALB-:-PAW PAW 1,5
DEKALB-:-PIERCE 1,5
DEKALB-:-SANDWICH 1,5
DEKALB-:-SANDWICH 2,5
DEKALB-:-SANDWICH 3,5
DEKALB-:-SANDWICH 4,5
DEKALB-:-SANDWICH 5,5
DEKALB-:-SHABBONA 1,5
DEKALB-:-SOMONAUK 1,5
DEKALB-:-SOUTH GROVE 1,5
DEKALB-:-SQUAW GROVE 1,5
DEKALB-:-SQUAW GROVE 2,5
DEKALB-:-SYCAMORE 1,5
DEKALB-:-SYCAMORE 10,5
DEKALB-:-SYCAMORE 11,5
DEKALB-:-SYCAMORE 2,13
DEKALB-:-SYCAMORE 3,5
DEKALB-:-SYCAMORE 4,5
DEKALB-:-SYCAMORE 5,5
DEKALB-:-SYCAMORE 6,5
DEKALB-:-SYCAMORE 8,5
DEKALB-:-VICTOR 1,5
DEWITT-:-BARNETT,0
DEWITT-:-CLINTONIA 1,0
DEWITT-:-CLINTONIA 2,0
DEWITT-:-CLINTONIA 3,0
DEWITT-:-CLINTONIA 4,0
DEWITT-:-CLINTONIA 5,0
DEWITT-:-CLINTONIA 6,0
DEWITT-:-CLINTONIA 7,0
DEWITT-:-CLINTONIA 8,0
DEWITT-:-CLINTONIA 9,0
DEWITT-:-CREEK,0
DEWITT-:-DEWITT,0
DEWITT-:-HARP,0
DEWITT-:-NIXON,0
DEWITT-:-RUTLEDGE,0
DEWITT-:-SANTA ANNA 1,0
DEWITT-:-SANTA ANNA 2,0
DEWITT-:-SANTA ANNA 3,0
DEWITT-:-TEXAS,0
DEWITT-:-TUNBRIDGE,0
DEWITT-:-WAPELLA,0
DEWITT-:-WAYNESVILLE,0
DEWITT-:-WILSON,0
DOUGLAS-:-ARCOLA 1,0
DOUGLAS-:-ARCOLA 2,0
DOUGLAS-:-ARCOLA 3,0
DOUGLAS-:-BOURBON 1,0
DOUGLAS-:-BOURBON 2,0
DOUGLAS-:-BOWDRE,0
DOUGLAS-:-CAMARGO 1,0
DOUGLAS-:-CAMARGO 2,0
DOUGLAS-:-CAMARGO 3,0
DOUGLAS-:-GARRETT,0
DOUGLAS-:-MURDOCK,0
DOUGLAS-:-NEWMAN,0
DOUGLAS-:-SARGENT,0
DOUGLAS-:-TUSCOLA 1,0
DOUGLAS-:-TUSCOLA 2,0
DOUGLAS-:-TUSCOLA 3,0
DOUGLAS-:-TUSCOLA 4,0
DUPAGE-:-ADDISON 001-0152,14
DUPAGE-:-ADDISON 002-0153,14
DUPAGE-:-ADDISON 003-0154,14
DUPAGE-:-ADDISON 004-0155,9
DUPAGE-:-ADDISON 005-0156,9
DUPAGE-:-ADDISON 006-0157,9
DUPAGE-:-ADDISON 007-0158,9
DUPAGE-:-ADDISON 008-0159,9
DUPAGE-:-ADDISON 009-0160,9
DUPAGE-:-ADDISON 010-0161,9
DUPAGE-:-ADDISON 011-0162,9
DUPAGE-:-ADDISON 012-0163/0164,9
DUPAGE-:-ADDISON 013-0165,9
DUPAGE-:-ADDISON 014-0166,9
DUPAGE-:-ADDISON 015-0167,9
DUPAGE-:-ADDISON 016-0168,9
DUPAGE-:-ADDISON 017-0169,9
DUPAGE-:-ADDISON 018-0170,9
DUPAGE-:-ADDISON 019-0171,9
DUPAGE-:-ADDISON 020-0172,9
DUPAGE-:-ADDISON 021-0173,9
DUPAGE-:-ADDISON 022-0174/0175,11
DUPAGE-:-ADDISON 023-0176,9
DUPAGE-:-ADDISON 024-0177,9
DUPAGE-:-ADDISON 025-0178,9
DUPAGE-:-ADDISON 026-0179,9
DUPAGE-:-ADDISON 027-0180,8
DUPAGE-:-ADDISON 028-0181,11
DUPAGE-:-ADDISON 029-0182,9
DUPAGE-:-ADDISON 030-0183,9
DUPAGE-:-ADDISON 031-0184,9
DUPAGE-:-ADDISON 032-0185,9
DUPAGE-:-ADDISON 033-0186/0187,9
DUPAGE-:-ADDISON 034-0188,8
DUPAGE-:-ADDISON 035-0189,8
DUPAGE-:-ADDISON 036-0190,11
DUPAGE-:-ADDISON 037-0191/0192,9
DUPAGE-:-ADDISON 038-0193,9
DUPAGE-:-ADDISON 039-0194,9
DUPAGE-:-ADDISON 040-0195,9
DUPAGE-:-ADDISON 041-0196,9
DUPAGE-:-ADDISON 042-0197,9
DUPAGE-:-ADDISON 043-0198,9
DUPAGE-:-ADDISON 044-0199/0200,9
DUPAGE-:-ADDISON 045-0201,9
DUPAGE-:-ADDISON 046-0202,9
DUPAGE-:-ADDISON 047-0203/0204,9
DUPAGE-:-ADDISON 048-0205,9
DUPAGE-:-ADDISON 049-0207,9
DUPAGE-:-ADDISON 050-0208,13
DUPAGE-:-ADDISON 051-0209,9
DUPAGE-:-ADDISON 052-0210,9
DUPAGE-:-ADDISON 053-0211,9
DUPAGE-:-BLOOMINGDALE 001-0046,13
DUPAGE-:-BLOOMINGDALE 002-0047/0048,13
DUPAGE-:-BLOOMINGDALE 003-0050,13
DUPAGE-:-BLOOMINGDALE 004-0051,13
DUPAGE-:-BLOOMINGDALE 005-0052,14
DUPAGE-:-BLOOMINGDALE 006-0053/0054,13
DUPAGE-:-BLOOMINGDALE 007-0055,8
DUPAGE-:-BLOOMINGDALE 008-0056,13
DUPAGE-:-BLOOMINGDALE 009-0057/0058,14
DUPAGE-:-BLOOMINGDALE 010-0059,8
DUPAGE-:-BLOOMINGDALE 011-0060,13
DUPAGE-:-BLOOMINGDALE 012-0061/0062,13
DUPAGE-:-BLOOMINGDALE 013-0063,14
DUPAGE-:-BLOOMINGDALE 014-0064,13
DUPAGE-:-BLOOMINGDALE 015-0065/0066,13
DUPAGE-:-BLOOMINGDALE 016-0067/0068,11
DUPAGE-:-BLOOMINGDALE 017-0069/0070,13
DUPAGE-:-BLOOMINGDALE 018-0071/0072/0073,13
DUPAGE-:-BLOOMINGDALE 019-0074/0075/0076/0077,13
DUPAGE-:-BLOOMINGDALE 020-0078/0079,13
DUPAGE-:-BLOOMINGDALE 021-0080,13
DUPAGE-:-BLOOMINGDALE 022-0081,13
DUPAGE-:-BLOOMINGDALE 023-0083/0084/0085,11
DUPAGE-:-BLOOMINGDALE 024-0086,11
DUPAGE-:-BLOOMINGDALE 025-0087,11
DUPAGE-:-BLOOMINGDALE 026-0088/0089,13
DUPAGE-:-BLOOMINGDALE 027-0090,9
DUPAGE-:-BLOOMINGDALE 028-0091,8
DUPAGE-:-BLOOMINGDALE 029-0092,13
DUPAGE-:-BLOOMINGDALE 030-0093,13
DUPAGE-:-BLOOMINGDALE 031-0094,13
DUPAGE-:-BLOOMINGDALE 032-0095/0096,13
DUPAGE-:-BLOOMINGDALE 033-0097,14
DUPAGE-:-BLOOMINGDALE 034-0098,13
DUPAGE-:-BLOOMINGDALE 035-0099,13
DUPAGE-:-BLOOMINGDALE 036-0101,13
DUPAGE-:-BLOOMINGDALE 037-0102/0103,13
DUPAGE-:-BLOOMINGDALE 038-0104/0105/0106/0107,13
DUPAGE-:-BLOOMINGDALE 039-0108/0109,13
DUPAGE-:-BLOOMINGDALE 040-0110/0112,13
DUPAGE-:-BLOOMINGDALE 041-0113/0114,13
DUPAGE-:-BLOOMINGDALE 042-0115,14
DUPAGE-:-BLOOMINGDALE 043-0116,14
DUPAGE-:-BLOOMINGDALE 044-0117,13
DUPAGE-:-BLOOMINGDALE 045-0118,13
DUPAGE-:-BLOOMINGDALE 045-0119,13
DUPAGE-:-BLOOMINGDALE 046-0120,13
DUPAGE-:-BLOOMINGDALE 047-0121,13
DUPAGE-:-BLOOMINGDALE 048-0122,8
DUPAGE-:-BLOOMINGDALE 049-0123/0124,13
DUPAGE-:-BLOOMINGDALE 050-0125/0126,14
DUPAGE-:-BLOOMINGDALE 051-0127,13
DUPAGE-:-BLOOMINGDALE 052-0128,8
DUPAGE-:-BLOOMINGDALE 053-0129,13
DUPAGE-:-BLOOMINGDALE 054-0130/0131,13
DUPAGE-:-BLOOMINGDALE 055-0132,13
DUPAGE-:-BLOOMINGDALE 056-0133,13
DUPAGE-:-BLOOMINGDALE 057-0134,13
DUPAGE-:-BLOOMINGDALE 058-0135,13
DUPAGE-:-BLOOMINGDALE 059-0136,13
DUPAGE-:-BLOOMINGDALE 060-0137,13
DUPAGE-:-BLOOMINGDALE 061-0138,11
DUPAGE-:-BLOOMINGDALE 062-0139,13
DUPAGE-:-BLOOMINGDALE 063-0140,13
DUPAGE-:-BLOOMINGDALE 064-0141,13
DUPAGE-:-BLOOMINGDALE 065-0142,13
DUPAGE-:-BLOOMINGDALE 066-0143,13
DUPAGE-:-BLOOMINGDALE 067-0144,13
DUPAGE-:-BLOOMINGDALE 068-0145/0146,13
DUPAGE-:-BLOOMINGDALE 069-0147,13
DUPAGE-:-BLOOMINGDALE 070-0148,13
DUPAGE-:-BLOOMINGDALE 071-0150,13
DUPAGE-:-BLOOMINGDALE 072-0151,13
DUPAGE-:-DOWNERS GROVE 001-0691,9
DUPAGE-:-DOWNERS GROVE 002-0692,9
DUPAGE-:-DOWNERS GROVE 003-0693/0694,9
DUPAGE-:-DOWNERS GROVE 004-0695/0696/0697,9
DUPAGE-:-DOWNERS GROVE 005-0698,9
DUPAGE-:-DOWNERS GROVE 006-0699/0700/0701,9
DUPAGE-:-DOWNERS GROVE 007-0702,9
DUPAGE-:-DOWNERS GROVE 008-0703,9
DUPAGE-:-DOWNERS GROVE 009-0704,9
DUPAGE-:-DOWNERS GROVE 010-0705/0706,9
DUPAGE-:-DOWNERS GROVE 011-0707,9
DUPAGE-:-DOWNERS GROVE 012-0708,9
DUPAGE-:-DOWNERS GROVE 013-0710,9
DUPAGE-:-DOWNERS GROVE 014-0712,9
DUPAGE-:-DOWNERS GROVE 015-0714/0715/0716/0717,9
DUPAGE-:-DOWNERS GROVE 016-0718/0719/0720,9
DUPAGE-:-DOWNERS GROVE 017-0721,8
DUPAGE-:-DOWNERS GROVE 018-0723/0724/0725/0726,8
DUPAGE-:-DOWNERS GROVE 019-0727,8
DUPAGE-:-DOWNERS GROVE 020-0728/0729,9
DUPAGE-:-DOWNERS GROVE 021-0730/0731,9
DUPAGE-:-DOWNERS GROVE 022-0732,9
DUPAGE-:-DOWNERS GROVE 023-0733,9
DUPAGE-:-DOWNERS GROVE 024-0734/0735,9
DUPAGE-:-DOWNERS GROVE 025-0736,12
DUPAGE-:-DOWNERS GROVE 026-0737,9
DUPAGE-:-DOWNERS GROVE 027-0738,9
DUPAGE-:-DOWNERS GROVE 028-0739,10
DUPAGE-:-DOWNERS GROVE 029-0740,8
DUPAGE-:-DOWNERS GROVE 030-0741,8
DUPAGE-:-DOWNERS GROVE 031-0742,12
DUPAGE-:-DOWNERS GROVE 032-0743,9
DUPAGE-:-DOWNERS GROVE 033-0744,9
DUPAGE-:-DOWNERS GROVE 034-0745,9
DUPAGE-:-DOWNERS GROVE 035-0746,10
DUPAGE-:-DOWNERS GROVE 036-0747/0748,12
DUPAGE-:-DOWNERS GROVE 037-0749,9
DUPAGE-:-DOWNERS GROVE 038-0750,9
DUPAGE-:-DOWNERS GROVE 039-0751/0752,9
DUPAGE-:-DOWNERS GROVE 040-0753,9
DUPAGE-:-DOWNERS GROVE 041-0754,10
DUPAGE-:-DOWNERS GROVE 042-0755,10
DUPAGE-:-DOWNERS GROVE 043-0756,10
DUPAGE-:-DOWNERS GROVE 044-0757/0758,9
DUPAGE-:-DOWNERS GROVE 045-0759,9
DUPAGE-:-DOWNERS GROVE 046-0760/0761,9
DUPAGE-:-DOWNERS GROVE 047-0762/0763,9
DUPAGE-:-DOWNERS GROVE 048-0764,9
DUPAGE-:-DOWNERS GROVE 049-0765,10
DUPAGE-:-DOWNERS GROVE 050-0766,10
DUPAGE-:-DOWNERS GROVE 051-0767,10
DUPAGE-:-DOWNERS GROVE 052-0768,10
DUPAGE-:-DOWNERS GROVE 053-0769,9
DUPAGE-:-DOWNERS GROVE 054-0770,9
DUPAGE-:-DOWNERS GROVE 055-0771/0772,9
DUPAGE-:-DOWNERS GROVE 056-0773,9
DUPAGE-:-DOWNERS GROVE 057-0774,9
DUPAGE-:-DOWNERS GROVE 058-0775,10
DUPAGE-:-DOWNERS GROVE 059-0776,10
DUPAGE-:-DOWNERS GROVE 060-0777,10
DUPAGE-:-DOWNERS GROVE 061-0778,9
DUPAGE-:-DOWNERS GROVE 062-0779,12
DUPAGE-:-DOWNERS GROVE 063-0780,9
DUPAGE-:-DOWNERS GROVE 064-0781,12
DUPAGE-:-DOWNERS GROVE 065-0782/0783,9
DUPAGE-:-DOWNERS GROVE 066-0784,9
DUPAGE-:-DOWNERS GROVE 067-0785,8
DUPAGE-:-DOWNERS GROVE 068-0786,12
DUPAGE-:-DOWNERS GROVE 069-0787/0788,9
DUPAGE-:-DOWNERS GROVE 070-0789,9
DUPAGE-:-DOWNERS GROVE 071-0790,10
DUPAGE-:-DOWNERS GROVE 072-0791/0792,10
DUPAGE-:-DOWNERS GROVE 073-0793,10
DUPAGE-:-DOWNERS GROVE 074-0794,10
DUPAGE-:-DOWNERS GROVE 075-0795,10
DUPAGE-:-DOWNERS GROVE 076-0796,9
DUPAGE-:-DOWNERS GROVE 077-0797/0798,9
DUPAGE-:-DOWNERS GROVE 078-0799,9
DUPAGE-:-DOWNERS GROVE 079-0800,8
DUPAGE-:-DOWNERS GROVE 080-0801/0802/0803,10
DUPAGE-:-DOWNERS GROVE 081-0804,10
DUPAGE-:-DOWNERS GROVE 082-0805,10
DUPAGE-:-DOWNERS GROVE 083-0806,10
DUPAGE-:-DOWNERS GROVE 084-0807,10
DUPAGE-:-DOWNERS GROVE 085-0808,9
DUPAGE-:-DOWNERS GROVE 085-0809/0810,12
DUPAGE-:-DOWNERS GROVE 086-0811,9
DUPAGE-:-DOWNERS GROVE 087-0812,9
DUPAGE-:-DOWNERS GROVE 088-0813,9
DUPAGE-:-DOWNERS GROVE 089-0814,10
DUPAGE-:-DOWNERS GROVE 090-0815,10
DUPAGE-:-DOWNERS GROVE 091-0816,9
DUPAGE-:-DOWNERS GROVE 092-0817,10
DUPAGE-:-DOWNERS GROVE 093-0818,10
DUPAGE-:-DOWNERS GROVE 094-0819/0820,9
DUPAGE-:-DOWNERS GROVE 095-0821,9
DUPAGE-:-DOWNERS GROVE 096-0822,10
DUPAGE-:-DOWNERS GROVE 097-0823,8
DUPAGE-:-DOWNERS GROVE 098-0824/0825,10
DUPAGE-:-DOWNERS GROVE 099-0826,9
DUPAGE-:-DOWNERS GROVE 100-0827,9
DUPAGE-:-DOWNERS GROVE 101-0828,9
DUPAGE-:-DOWNERS GROVE 102-0829,9
DUPAGE-:-DOWNERS GROVE 103-0830,9
DUPAGE-:-LISLE 001-0583/0584,13
DUPAGE-:-LISLE 002-0585,12
DUPAGE-:-LISLE 003-0586/0587/0589/0590,9
DUPAGE-:-LISLE 004-0591,8
DUPAGE-:-LISLE 005-0592/0593/0594,13
DUPAGE-:-LISLE 006-0595,13
DUPAGE-:-LISLE 007-0596,13
DUPAGE-:-LISLE 008-0597,9
DUPAGE-:-LISLE 009-0598/0599,8
DUPAGE-:-LISLE 010-0600/0601,8
DUPAGE-:-LISLE 011-0602,8
DUPAGE-:-LISLE 012-0603,13
DUPAGE-:-LISLE 013-0604,14
DUPAGE-:-LISLE 014-0605,14
DUPAGE-:-LISLE 015-0606,13
DUPAGE-:-LISLE 015-0607,13
DUPAGE-:-LISLE 016-0608,9
DUPAGE-:-LISLE 017-0609,9
DUPAGE-:-LISLE 018-0610,8
DUPAGE-:-LISLE 018-0611,8
DUPAGE-:-LISLE 019-0612/0613,8
DUPAGE-:-LISLE 020-0614,13
DUPAGE-:-LISLE 021-0615,14
DUPAGE-:-LISLE 022-0616,14
DUPAGE-:-LISLE 023-0617,8
DUPAGE-:-LISLE 024-0618,8
DUPAGE-:-LISLE 025-0619/0620,8
DUPAGE-:-LISLE 026-0621,14
DUPAGE-:-LISLE 027-0622,14
DUPAGE-:-LISLE 028-0623,9
DUPAGE-:-LISLE 029-0624,9
DUPAGE-:-LISLE 030-0625,9
DUPAGE-:-LISLE 031-0626,9
DUPAGE-:-LISLE 032-0627,8
DUPAGE-:-LISLE 033-0628/0629,8
DUPAGE-:-LISLE 034-0630/0631,8
DUPAGE-:-LISLE 035-0632,11
DUPAGE-:-LISLE 036-0633,14
DUPAGE-:-LISLE 037-0634,14
DUPAGE-:-LISLE 038-0635/0636,9
DUPAGE-:-LISLE 039-0637/0638,11
DUPAGE-:-LISLE 040-0639/0640,9
DUPAGE-:-LISLE 041-0641/0642/0643,9
DUPAGE-:-LISLE 042-0644/0645,8
DUPAGE-:-LISLE 043-0646,8
DUPAGE-:-LISLE 044-0647,8
DUPAGE-:-LISLE 045-0648,8
DUPAGE-:-LISLE 046-0649,8
DUPAGE-:-LISLE 047-0651,14
DUPAGE-:-LISLE 048-0652,14
DUPAGE-:-LISLE 049-0653/0654,14
DUPAGE-:-LISLE 050-0655,9
DUPAGE-:-LISLE 051-0656,8
DUPAGE-:-LISLE 052-0657,8
DUPAGE-:-LISLE 053-0658,9
DUPAGE-:-LISLE 054-0659,14
DUPAGE-:-LISLE 055-0660/0661,14
DUPAGE-:-LISLE 056-0662,14
DUPAGE-:-LISLE 057-0663/0664/0665,11
DUPAGE-:-LISLE 058-0666/0667,11
DUPAGE-:-LISLE 059-0668,9
DUPAGE-:-LISLE 060-0669,9
DUPAGE-:-LISLE 061-0670,11
DUPAGE-:-LISLE 062-0671/0672,14
DUPAGE-:-LISLE 063-0673,14
DUPAGE-:-LISLE 064-0674,11
DUPAGE-:-LISLE 065-0675,11
DUPAGE-:-LISLE 066-0676,9
DUPAGE-:-LISLE 067-0677,9
DUPAGE-:-LISLE 068-0678,9
DUPAGE-:-LISLE 069-0679,9
DUPAGE-:-LISLE 070-0680,9
DUPAGE-:-LISLE 071-0681,14
DUPAGE-:-LISLE 072-0682,14
DUPAGE-:-LISLE 073-0683/0684,14
DUPAGE-:-LISLE 074-0685,14
DUPAGE-:-LISLE 075-0686,11
DUPAGE-:-LISLE 076-0687/0688,8
DUPAGE-:-LISLE 077-0689/0690,9
DUPAGE-:-MILTON 001-0263/0264,13
DUPAGE-:-MILTON 002-0265/0266/0267/0268,11
DUPAGE-:-MILTON 003-0269/0270,13
DUPAGE-:-MILTON 004-0271/0272/0273,13
DUPAGE-:-MILTON 005-0275,13
DUPAGE-:-MILTON 006-0276/0277,13
DUPAGE-:-MILTON 007-0278/0279/0280,13
DUPAGE-:-MILTON 008-0282/0283/0284,13
DUPAGE-:-MILTON 009-0285/0286,13
DUPAGE-:-MILTON 010-0287,13
DUPAGE-:-MILTON 011-0288,13
DUPAGE-:-MILTON 012-0289/0290,13
DUPAGE-:-MILTON 013-0291/0292/0293,8
DUPAGE-:-MILTON 014-0294/0295,13
DUPAGE-:-MILTON 015-0296/0297/0298,13
DUPAGE-:-MILTON 016-0299,13
DUPAGE-:-MILTON 017-0300/0301/0302,13
DUPAGE-:-MILTON 018-0303/0304,13
DUPAGE-:-MILTON 019-0305,13
DUPAGE-:-MILTON 020-0306,11
DUPAGE-:-MILTON 021-0307,13
DUPAGE-:-MILTON 022-0308/0309,8
DUPAGE-:-MILTON 023-0310/0311,13
DUPAGE-:-MILTON 024-0312,11
DUPAGE-:-MILTON 025-0313,13
DUPAGE-:-MILTON 026-0314,13
DUPAGE-:-MILTON 027-0315,13
DUPAGE-:-MILTON 028-0316/0317,13
DUPAGE-:-MILTON 029-0318/0319,13
DUPAGE-:-MILTON 030-0320,13
DUPAGE-:-MILTON 031-0321,13
DUPAGE-:-MILTON 031-0322,13
DUPAGE-:-MILTON 032-0323/0324,13
DUPAGE-:-MILTON 033-0325,13
DUPAGE-:-MILTON 034-0326,13
DUPAGE-:-MILTON 035-0327,13
DUPAGE-:-MILTON 036-0328,13
DUPAGE-:-MILTON 037-0329,8
DUPAGE-:-MILTON 038-0330/0331,11
DUPAGE-:-MILTON 039-0332,11
DUPAGE-:-MILTON 040-0333,13
DUPAGE-:-MILTON 041-0334,12
DUPAGE-:-MILTON 042-0335,13
DUPAGE-:-MILTON 043-0336,12
DUPAGE-:-MILTON 044-0337,13
DUPAGE-:-MILTON 045-0338,13
DUPAGE-:-MILTON 046-0339,13
DUPAGE-:-MILTON 047-0340/0341,12
DUPAGE-:-MILTON 048-0342,12
DUPAGE-:-MILTON 049-0343,13
DUPAGE-:-MILTON 050-0344,13
DUPAGE-:-MILTON 051-0345/0346,12
DUPAGE-:-MILTON 052-0347,12
DUPAGE-:-MILTON 053-0348/0349,12
DUPAGE-:-MILTON 054-0350,13
DUPAGE-:-MILTON 055-0351,13
DUPAGE-:-MILTON 056-0352,13
DUPAGE-:-MILTON 057-0353,13
DUPAGE-:-MILTON 058-0354/0355,12
DUPAGE-:-MILTON 059-0356/0357,12
DUPAGE-:-MILTON 060-0358/0359,12
DUPAGE-:-MILTON 061-0360,12
DUPAGE-:-MILTON 062-0361,12
DUPAGE-:-MILTON 062-0362,12
DUPAGE-:-MILTON 063-0363,12
DUPAGE-:-MILTON 064-0364,12
DUPAGE-:-MILTON 065-0365/0366,12
DUPAGE-:-MILTON 066-0368,12
DUPAGE-:-MILTON 067-0369,13
DUPAGE-:-MILTON 068-0370/0371,12
DUPAGE-:-MILTON 069-0372/0373,12
DUPAGE-:-MILTON 070-0374,12
DUPAGE-:-MILTON 071-0375/0376,12
DUPAGE-:-MILTON 072-0377/0378,12
DUPAGE-:-MILTON 073-0379/0380/0381,13
DUPAGE-:-MILTON 074-0382,13
DUPAGE-:-MILTON 075-0383,13
DUPAGE-:-MILTON 076-0384,13
DUPAGE-:-MILTON 077-0385/0386,12
DUPAGE-:-MILTON 078-0387/0388,13
DUPAGE-:-MILTON 079-0389/0390,12
DUPAGE-:-MILTON 080-0391,12
DUPAGE-:-MILTON 081-0392,9
DUPAGE-:-NAPERVILLE 001-0509,13
DUPAGE-:-NAPERVILLE 002-0510/0511,13
DUPAGE-:-NAPERVILLE 003-0512/0513/0514,10
DUPAGE-:-NAPERVILLE 004-0515/0517,13
DUPAGE-:-NAPERVILLE 005-0519,12
DUPAGE-:-NAPERVILLE 006-0520/0521,13
DUPAGE-:-NAPERVILLE 007-0522,14
DUPAGE-:-NAPERVILLE 008-0523,13
DUPAGE-:-NAPERVILLE 009-0524,13
DUPAGE-:-NAPERVILLE 010-0525/0526,13
DUPAGE-:-NAPERVILLE 011-0527/0528,13
DUPAGE-:-NAPERVILLE 012-0529,11
DUPAGE-:-NAPERVILLE 013-0530/0531,13
DUPAGE-:-NAPERVILLE 014-0532/0533,10
DUPAGE-:-NAPERVILLE 015-0534,11
DUPAGE-:-NAPERVILLE 016-0535,13
DUPAGE-:-NAPERVILLE 017-0536/0537,13
DUPAGE-:-NAPERVILLE 018-0538/0539,13
DUPAGE-:-NAPERVILLE 019-0540,12
DUPAGE-:-NAPERVILLE 020-0541,13
DUPAGE-:-NAPERVILLE 021-0542,13
DUPAGE-:-NAPERVILLE 022-0543,14
DUPAGE-:-NAPERVILLE 023-0544/0545,14
DUPAGE-:-NAPERVILLE 024-0546,10
DUPAGE-:-NAPERVILLE 025-0547,12
DUPAGE-:-NAPERVILLE 026-0548,12
DUPAGE-:-NAPERVILLE 027-0549,13
DUPAGE-:-NAPERVILLE 028-0550,13
DUPAGE-:-NAPERVILLE 029-0551,13
DUPAGE-:-NAPERVILLE 030-0552,13
DUPAGE-:-NAPERVILLE 031-0553/0554,14
DUPAGE-:-NAPERVILLE 032-0555,10
DUPAGE-:-NAPERVILLE 033-0556,13
DUPAGE-:-NAPERVILLE 034-0557,14
DUPAGE-:-NAPERVILLE 035-0558,10
DUPAGE-:-NAPERVILLE 036-0559,13
DUPAGE-:-NAPERVILLE 037-0560,10
DUPAGE-:-NAPERVILLE 038-0561,13
DUPAGE-:-NAPERVILLE 039-0562,13
DUPAGE-:-NAPERVILLE 040-0563,13
DUPAGE-:-NAPERVILLE 041-0564,13
DUPAGE-:-NAPERVILLE 042-0565,13
DUPAGE-:-NAPERVILLE 043-0566,11
DUPAGE-:-NAPERVILLE 044-0567,13
DUPAGE-:-NAPERVILLE 045-0568,13
DUPAGE-:-NAPERVILLE 046-0570,14
DUPAGE-:-NAPERVILLE 047-0571,13
DUPAGE-:-NAPERVILLE 048-0572,13
DUPAGE-:-NAPERVILLE 049-0573,13
DUPAGE-:-NAPERVILLE 050-0574,8
DUPAGE-:-NAPERVILLE 051-0575,11
DUPAGE-:-NAPERVILLE 052-0576,6
DUPAGE-:-NAPERVILLE 053-0577,11
DUPAGE-:-NAPERVILLE 054-0578,13
DUPAGE-:-NAPERVILLE 055-0579,13
DUPAGE-:-NAPERVILLE 056-0580,13
DUPAGE-:-NAPERVILLE 057-0581,13
DUPAGE-:-NAPERVILLE 058-0582,14
DUPAGE-:-WAYNE 001-0001,13
DUPAGE-:-WAYNE 002-0002,8
DUPAGE-:-WAYNE 003-0003,12
DUPAGE-:-WAYNE 004-0004,13
DUPAGE-:-WAYNE 005-0005,13
DUPAGE-:-WAYNE 006-0006,13
DUPAGE-:-WAYNE 007-0007,13
DUPAGE-:-WAYNE 008-0008,13
DUPAGE-:-WAYNE 009-0009,6
DUPAGE-:-WAYNE 010-0010,13
DUPAGE-:-WAYNE 011-0011,13
DUPAGE-:-WAYNE 012-0012,13
DUPAGE-:-WAYNE 013-0013,11
DUPAGE-:-WAYNE 014-0014,13
DUPAGE-:-WAYNE 015-0015,13
DUPAGE-:-WAYNE 016-0016,11
DUPAGE-:-WAYNE 017-0017,13
DUPAGE-:-WAYNE 018-0018,8
DUPAGE-:-WAYNE 019-0019,11
DUPAGE-:-WAYNE 020-0020,11
DUPAGE-:-WAYNE 021-0021,11
DUPAGE-:-WAYNE 022-0022,11
DUPAGE-:-WAYNE 023-0023,13
DUPAGE-:-WAYNE 024-0024,13
DUPAGE-:-WAYNE 025-0025,13
DUPAGE-:-WAYNE 026-0026,11
DUPAGE-:-WAYNE 027-0027,11
DUPAGE-:-WAYNE 028-0028,13
DUPAGE-:-WAYNE 029-0029,11
DUPAGE-:-WAYNE 030-0030,13
DUPAGE-:-WAYNE 031-0031,13
DUPAGE-:-WAYNE 032-0032,13
DUPAGE-:-WAYNE 033-0033,11
DUPAGE-:-WAYNE 034-0034,11
DUPAGE-:-WAYNE 035-0035,13
DUPAGE-:-WAYNE 036-0036,11
DUPAGE-:-WAYNE 037-0037,11
DUPAGE-:-WAYNE 038-0038,11
DUPAGE-:-WAYNE 038-0039,11
DUPAGE-:-WAYNE 039-0040,11
DUPAGE-:-WAYNE 040-0041/0042,11
DUPAGE-:-WAYNE 041-0043,11
DUPAGE-:-WAYNE 042-0044,11
DUPAGE-:-WAYNE 043-0045,13
DUPAGE-:-WINFIELD 001-0212,13
DUPAGE-:-WINFIELD 002-0213/0214,8
DUPAGE-:-WINFIELD 003-0215/0216/0217/0218,13
DUPAGE-:-WINFIELD 004-0219/0220/0221,8
DUPAGE-:-WINFIELD 005-0222,13
DUPAGE-:-WINFIELD 006-0223/0224,13
DUPAGE-:-WINFIELD 006-0225,13
DUPAGE-:-WINFIELD 007-0226/0227,8
DUPAGE-:-WINFIELD 008-0228/0229,8
DUPAGE-:-WINFIELD 009-0230,13
DUPAGE-:-WINFIELD 010-0231,13
DUPAGE-:-WINFIELD 011-0232/0233,13
DUPAGE-:-WINFIELD 012-0234/0235,13
DUPAGE-:-WINFIELD 013-0236/0237,13
DUPAGE-:-WINFIELD 014-0238/0239,13
DUPAGE-:-WINFIELD 015-0240,8
DUPAGE-:-WINFIELD 016-0241/0242/0243,14
DUPAGE-:-WINFIELD 017-0244,14
DUPAGE-:-WINFIELD 018-0245/0246/0247,14
DUPAGE-:-WINFIELD 019-0248/0249/0250/0251,13
DUPAGE-:-WINFIELD 020-0252,12
DUPAGE-:-WINFIELD 021-0253,12
DUPAGE-:-WINFIELD 022-0254,13
DUPAGE-:-WINFIELD 023-0255,13
DUPAGE-:-WINFIELD 023-0257,13
DUPAGE-:-WINFIELD 024-0258/0259,10
DUPAGE-:-WINFIELD 025-0260,10
DUPAGE-:-WINFIELD 026-0261,13
DUPAGE-:-WINFIELD 027-0262,11
DUPAGE-:-YORK 001-0394/0395,14
DUPAGE-:-YORK 002-0396,14
DUPAGE-:-YORK 003-0397,14
DUPAGE-:-YORK 004-0398,14
DUPAGE-:-YORK 005-0399,9
DUPAGE-:-YORK 006-0400,9
DUPAGE-:-YORK 007-0401,9
DUPAGE-:-YORK 008-0403/0404,9
DUPAGE-:-YORK 009-0406,9
DUPAGE-:-YORK 010-0407,9
DUPAGE-:-YORK 011-0408,9
DUPAGE-:-YORK 012-0409,9
DUPAGE-:-YORK 013-0410,9
DUPAGE-:-YORK 014-0411,9
DUPAGE-:-YORK 015-0412,9
DUPAGE-:-YORK 016-0413/0414,9
DUPAGE-:-YORK 017-0415/0416,9
DUPAGE-:-YORK 018-0417,9
DUPAGE-:-YORK 019-0418,9
DUPAGE-:-YORK 020-0419,9
DUPAGE-:-YORK 021-0420,14
DUPAGE-:-YORK 022-0421,14
DUPAGE-:-YORK 023-0422,9
DUPAGE-:-YORK 024-0423,9
DUPAGE-:-YORK 025-0424,9
DUPAGE-:-YORK 026-0425,9
DUPAGE-:-YORK 027-0426,6
DUPAGE-:-YORK 028-0427,9
DUPAGE-:-YORK 029-0428/0429,8
DUPAGE-:-YORK 030-0430,9
DUPAGE-:-YORK 031-0431,14
DUPAGE-:-YORK 032-0432,14
DUPAGE-:-YORK 033-0433,10
DUPAGE-:-YORK 034-0434,11
DUPAGE-:-YORK 035-0435,9
DUPAGE-:-YORK 036-0436,9
DUPAGE-:-YORK 037-0437,9
DUPAGE-:-YORK 038-0438,9
DUPAGE-:-YORK 039-0439,9
DUPAGE-:-YORK 040-0440,9
DUPAGE-:-YORK 041-0442,9
DUPAGE-:-YORK 042-0443,9
DUPAGE-:-YORK 043-0444,9
DUPAGE-:-YORK 044-0445,9
DUPAGE-:-YORK 045-0446,9
DUPAGE-:-YORK 046-0447,9
DUPAGE-:-YORK 047-0448,9
DUPAGE-:-YORK 048-0449,9
DUPAGE-:-YORK 049-0450,6
DUPAGE-:-YORK 050-0451,9
DUPAGE-:-YORK 051-0452,8
DUPAGE-:-YORK 052-0453,9
DUPAGE-:-YORK 053-0454,9
DUPAGE-:-YORK 054-0455,10
DUPAGE-:-YORK 055-0456/0457/0458,9
DUPAGE-:-YORK 056-0459,9
DUPAGE-:-YORK 057-0460/0461,9
DUPAGE-:-YORK 058-0462/0463,9
DUPAGE-:-YORK 059-0464/0465,9
DUPAGE-:-YORK 060-0466,9
DUPAGE-:-YORK 061-0467,9
DUPAGE-:-YORK 062-0468,9
DUPAGE-:-YORK 063-0469/0470,9
DUPAGE-:-YORK 064-0471/0472,9
DUPAGE-:-YORK 065-0473,9
DUPAGE-:-YORK 066-0474,9
DUPAGE-:-YORK 067-0475,9
DUPAGE-:-YORK 068-0476/0477/0478,9
DUPAGE-:-YORK 069-0479,9
DUPAGE-:-YORK 070-0480/0481,9
DUPAGE-:-YORK 071-0483/0484,11
DUPAGE-:-YORK 072-0485,9
DUPAGE-:-YORK 073-0486/0487,9
DUPAGE-:-YORK 074-0488/0489/0490,9
DUPAGE-:-YORK 075-0491,9
DUPAGE-:-YORK 076-0492/0493,12
DUPAGE-:-YORK 077-0494/0495,6
DUPAGE-:-YORK 078-0496,9
DUPAGE-:-YORK 079-0497/0498,6
DUPAGE-:-YORK 080-0499/0500,9
DUPAGE-:-YORK 081-0501/0502,9
DUPAGE-:-YORK 082-0503,9
DUPAGE-:-YORK 083-0504,9
DUPAGE-:-YORK 084-0505/0506,9
DUPAGE-:-YORK 085-0507,9
DUPAGE-:-YORK 086-0508,9
EDGAR-:-BROUILLETTS CREEK,0
EDGAR-:-BUCK,0
EDGAR-:-EDGAR,0
EDGAR-:-ELBRIDGE,0
EDGAR-:-EMBARRASS,0
EDGAR-:-GRANDVIEW,0
EDGAR-:-HUNTER,0
EDGAR-:-KANSAS,0
EDGAR-:-PARIS 1,0
EDGAR-:-PARIS 10,0
EDGAR-:-PARIS 11,0
EDGAR-:-PARIS 12,0
EDGAR-:-PARIS 14,0
EDGAR-:-PARIS 15,0
EDGAR-:-PARIS 2,0
EDGAR-:-PARIS 3,0
EDGAR-:-PARIS 4,0
EDGAR-:-PARIS 5,0
EDGAR-:-PARIS 6,0
EDGAR-:-PARIS 7,0
EDGAR-:-PARIS 8,0
EDGAR-:-PARIS 9,0
EDGAR-:-PRAIRIE,0
EDGAR-:-ROSS 1,0
EDGAR-:-ROSS 2,0
EDGAR-:-SHILOH,0
EDGAR-:-STRATTON,0
EDGAR-:-SYMMES 1,0
EDGAR-:-SYMMES 2,0
EDGAR-:-YOUNG AMERICA 1,0
EDGAR-:-YOUNG AMERICA 2,0
EDWARDS-:-ALBION 1,0
EDWARDS-:-ALBION 2,0
EDWARDS-:-ALBION 3,0
EDWARDS-:-BONE GAP,0
EDWARDS-:-BROWNS,0
EDWARDS-:-DIXON,0
EDWARDS-:-ELLERY,0
EDWARDS-:-FRENCH CREEK,0
EDWARDS-:-SALEM 1,0
EDWARDS-:-SALEM 2,0
EDWARDS-:-SHELBY 1,0
EDWARDS-:-SHELBY 2,0
EFFINGHAM-:-BANNER,0
EFFINGHAM-:-BISHOP,0
EFFINGHAM-:-DOUGLAS 1,0
EFFINGHAM-:-DOUGLAS 10,0
EFFINGHAM-:-DOUGLAS 11,0
EFFINGHAM-:-DOUGLAS 12,0
EFFINGHAM-:-DOUGLAS 13,0
EFFINGHAM-:-DOUGLAS 14,0
EFFINGHAM-:-DOUGLAS 2,0
EFFINGHAM-:-DOUGLAS 3,0
EFFINGHAM-:-DOUGLAS 4,0
EFFINGHAM-:-DOUGLAS 5,0
EFFINGHAM-:-DOUGLAS 6,0
EFFINGHAM-:-DOUGLAS 7,0
EFFINGHAM-:-DOUGLAS 8,0
EFFINGHAM-:-DOUGLAS 9,0
EFFINGHAM-:-JACKSON,0
EFFINGHAM-:-LIBERTY,0
EFFINGHAM-:-LUCAS,0
EFFINGHAM-:-MASON,0
EFFINGHAM-:-MOCCASIN,0
EFFINGHAM-:-MOUND 1,0
EFFINGHAM-:-MOUND 2,0
EFFINGHAM-:-MOUND 3,0
EFFINGHAM-:-ST. FRANCIS,0
EFFINGHAM-:-SUMMIT 1,0
EFFINGHAM-:-SUMMIT 2,0
EFFINGHAM-:-SUMMIT 3,0
EFFINGHAM-:-SUMMIT 4,0
EFFINGHAM-:-SUMMIT 5,0
EFFINGHAM-:-TEUTOPOLIS 1,0
EFFINGHAM-:-TEUTOPOLIS 2,0
EFFINGHAM-:-TEUTOPOLIS 3,0
EFFINGHAM-:-UNION,0
EFFINGHAM-:-WATSON 1,0
EFFINGHAM-:-WATSON 2,0
EFFINGHAM-:-WATSON 3,0
EFFINGHAM-:-WEST,0
FAYETTE-:-AVENA,0
FAYETTE-:-BEAR GROVE,0
FAYETTE-:-BOWLING GREEN,0
FAYETTE-:-CARSON,0
FAYETTE-:-KASKASKIA,0
FAYETTE-:-LACLEDE,0
FAYETTE-:-LONE GROVE,0
FAYETTE-:-LOUDON,0
FAYETTE-:-NORTH HURRICANE,0
FAYETTE-:-OTEGO,0
FAYETTE-:-POPE,0
FAYETTE-:-RAMSEY,0
FAYETTE-:-SEFTON,0
FAYETTE-:-SEMINARY,0
FAYETTE-:-SHAFTER,0
FAYETTE-:-SHARON,0
FAYETTE-:-SOUTH HURRICANE,0
FAYETTE-:-VANDALIA 1,0
FAYETTE-:-VANDALIA 2,0
FAYETTE-:-VANDALIA 3,0
FAYETTE-:-VANDALIA 4,0
FAYETTE-:-VANDALIA 5,0
FAYETTE-:-VANDALIA 6,0
FAYETTE-:-VANDALIA 7,0
FAYETTE-:-VANDALIA 8,0
FAYETTE-:-VANDALIA 9,0
FAYETTE-:-WHEATLAND,0
FAYETTE-:-WILBERTON,0
FORD-:-BRENTON,0
FORD-:-BUTTON,0
FORD-:-DIX,0
FORD-:-DRUMMER 1,0
FORD-:-DRUMMER 2,0
FORD-:-DRUMMER 3,0
FORD-:-DRUMMER 4,0
FORD-:-DRUMMER 5,0
FORD-:-LYMAN,0
FORD-:-MONA,0
FORD-:-PATTON 1,0
FORD-:-PATTON 2,0
FORD-:-PATTON 3,0
FORD-:-PATTON 4,0
FORD-:-PATTON 5,0
FORD-:-PATTON 6,0
FORD-:-PATTON 7,0
FORD-:-PEACH ORCHARD,0
FORD-:-PELLA,0
FORD-:-ROGERS,2
FORD-:-SULLIVANT,0
FORD-:-WALL,0
FRANKLIN-:-BARREN,0
FRANKLIN-:-BENTON 1,0
FRANKLIN-:-BENTON 2,0
FRANKLIN-:-BENTON 3,0
FRANKLIN-:-BENTON 4,0
FRANKLIN-:-BENTON 5,0
FRANKLIN-:-BENTON 6,0
FRANKLIN-:-BENTON 7,0
FRANKLIN-:-BROWNING 1,0
FRANKLIN-:-BROWNING 2,0
FRANKLIN-:-BROWNING 3,0
FRANKLIN-:-CAVE,0
FRANKLIN-:-DENNING 1,0
FRANKLIN-:-DENNING 2,0
FRANKLIN-:-DENNING 3,0
FRANKLIN-:-DENNING 4,0
FRANKLIN-:-DENNING 5,0
FRANKLIN-:-EASTERN,0
FRANKLIN-:-EWING 1,0
FRANKLIN-:-EWING 2,0
FRANKLIN-:-FRANKFORT 1,0
FRANKLIN-:-FRANKFORT 2,0
FRANKLIN-:-FRANKFORT 3,0
FRANKLIN-:-FRANKFORT 4,0
FRANKLIN-:-GOODE 1,0
FRANKLIN-:-GOODE 2,0
FRANKLIN-:-NORTHERN,0
FRANKLIN-:-SIX MILE 1,0
FRANKLIN-:-SIX MILE 2,0
FRANKLIN-:-SIX MILE 3,0
FRANKLIN-:-TYRONE 1,0
FRANKLIN-:-TYRONE 2,0
FRANKLIN-:-TYRONE 3,0
FRANKLIN-:-TYRONE 4,0
FRANKLIN-:-TYRONE 5,0
FULTON-:-ASTORIA-42,8
FULTON-:-ASTORIA-43,8
FULTON-:-BANNER-31,8
FULTON-:-BERNADOTTE-33,8
FULTON-:-BUCKHEART-30,8
FULTON-:-CANTON  1-10,8
FULTON-:-CANTON  2-11,8
FULTON-:-CANTON  3-12,8
FULTON-:-CANTON  4-13,8
FULTON-:-CANTON  5-14,8
FULTON-:-CANTON  6-15,8
FULTON-:-CANTON  7-16,8
FULTON-:-CANTON  8-17,8
FULTON-:-CANTON  9-18,8
FULTON-:-CANTON 10-19,8
FULTON-:-CANTON 11-20,8
FULTON-:-CANTON 12-21,8
FULTON-:-CANTON 13-22,8
FULTON-:-CANTON 14-23,8
FULTON-:-CANTON 15-24,8
FULTON-:-CANTON 16-25,8
FULTON-:-CASS-28,8
FULTON-:-DEERFIELD-8,8
FULTON-:-ELLISVILLE-2,8
FULTON-:-FAIRVIEW-4,8
FULTON-:-FARMERS-32,8
FULTON-:-FARMINGTON 1-5,8
FULTON-:-FARMINGTON 2-6,8
FULTON-:-HARRIS-27,8
FULTON-:-ISABEL-40,8
FULTON-:-JOSHUA-9,8
FULTON-:-KERTON-45,8
FULTON-:-LEE TWP-7,8
FULTON-:-LEWISTOWN 1-34,8
FULTON-:-LEWISTOWN 2-35,8
FULTON-:-LEWISTOWN 3-36,8
FULTON-:-LIVERPOOL-37,8
FULTON-:-ORION-26,8
FULTON-:-PLEASANT-39,8
FULTON-:-PUTMAN-29,8
FULTON-:-UNION-1,8
FULTON-:-VERMONT-38,8
FULTON-:-WATERFORD-41,8
FULTON-:-WOODLAND-44,8
FULTON-:-YOUNG HICKORY-3,8
GALLATIN-:-ASBURY 1,0
GALLATIN-:-BOWLESVILLE 1,0
GALLATIN-:-EAGLE CREEK 1,0
GALLATIN-:-EQUALITY 1,0
GALLATIN-:-GOLD HILL 1,0
GALLATIN-:-GOLD HILL 2,0
GALLATIN-:-NEW HAVEN 1,11
GALLATIN-:-NORTH FORK 1,0
GALLATIN-:-OMAHA 1,0
GALLATIN-:-RIDGWAY 1,0
GALLATIN-:-SHAWNEE 1,0
GREENE-:-ATHENSVILLE 1-1,0
GREENE-:-BLUFFDALE 1-1,0
GREENE-:-CARROLLTON 1-1,0
GREENE-:-CARROLLTON 2-1,0
GREENE-:-CARROLLTON 3-1,0
GREENE-:-KANE 1-1,0
GREENE-:-KANE 2-1,0
GREENE-:-LINDER 1-1,0
GREENE-:-PATTERSON 1-1,0
GREENE-:-ROCKBRIDGE 1-1,0
GREENE-:-ROCKBRIDGE 2-1,0
GREENE-:-ROCKBRIDGE 3-1,0
GREENE-:-ROODHOUSE 1-1,0
GREENE-:-ROODHOUSE 2-1,0
GREENE-:-ROODHOUSE 3-1,0
GREENE-:-RUBICON 1-1,0
GREENE-:-WALKERVILLE 1-1,0
GREENE-:-WHITE HALL 1-1,0
GREENE-:-WHITE HALL 2-1,0
GREENE-:-WHITE HALL 3-1,0
GREENE-:-WOODVILLE 1-1,0
GREENE-:-WRIGHTS 2-1,0
GRUNDY-:-AUX SABLE 01-001,0
GRUNDY-:-AUX SABLE 02-002,0
GRUNDY-:-AUX SABLE 02-003,0
GRUNDY-:-AUX SABLE 03-004,0
GRUNDY-:-AUX SABLE 04-005,0
GRUNDY-:-AUX SABLE 05-006,0
GRUNDY-:-AUX SABLE 05-007,0
GRUNDY-:-AUX SABLE 06-008,0
GRUNDY-:-AUX SABLE 07-009,0
GRUNDY-:-AUX SABLE 07-010,0
GRUNDY-:-BRACEVILLE 01-011,0
GRUNDY-:-BRACEVILLE 02-12/13,0
GRUNDY-:-BRACEVILLE 02-14/15,0
GRUNDY-:-BRACEVILLE 03-016,0
GRUNDY-:-BRACEVILLE 04-017,0
GRUNDY-:-ERIENNA 01-018,0
GRUNDY-:-ERIENNA 02-019,0
GRUNDY-:-FELIX 01-021,0
GRUNDY-:-FELIX 02-022,0
GRUNDY-:-FELIX 03-023,0
GRUNDY-:-FELIX 04-024,0
GRUNDY-:-GARFIELD 01-025,0
GRUNDY-:-GOODFARM 01-026,0
GRUNDY-:-GOOSE LAKE 01-027,0
GRUNDY-:-GOOSE LAKE 02-028,0
GRUNDY-:-GREENFIELD 01-029,0
GRUNDY-:-GREENFIELD 01-030,0
GRUNDY-:-HIGHLAND 01-031,0
GRUNDY-:-MAINE 01-32/33,0
GRUNDY-:-MAZON 01-034,0
GRUNDY-:-MORRIS 01-035,0
GRUNDY-:-MORRIS 02-036,0
GRUNDY-:-MORRIS 03-037,0
GRUNDY-:-MORRIS 04-038,0
GRUNDY-:-MORRIS 05-039,0
GRUNDY-:-NETTLE CREEK 01-040,0
GRUNDY-:-NORMAN 01-041,0
GRUNDY-:-SARATOGA 01-042,0
GRUNDY-:-SARATOGA 02-043,0
GRUNDY-:-SARATOGA 02-044,0
GRUNDY-:-SARATOGA 03-045,0
GRUNDY-:-SARATOGA 04-046,0
GRUNDY-:-SARATOGA 05-047,0
GRUNDY-:-VIENNA 01-048,0
GRUNDY-:-WAUPONSEE 01-049,0
GRUNDY-:-WAUPONSEE 02-050,0
HAMILTON-:-BEAVER CREEK,0
HAMILTON-:-CROOK,0
HAMILTON-:-CROUCH,0
HAMILTON-:-DAHLGREN 1,0
HAMILTON-:-DAHLGREN 2,0
HAMILTON-:-FLANNIGAN,0
HAMILTON-:-KNIGHTS PRAIRIE,0
HAMILTON-:-MAYBERRY,0
HAMILTON-:-MCLEANSBORO 1,0
HAMILTON-:-MCLEANSBORO 2,0
HAMILTON-:-MCLEANSBORO 3,0
HAMILTON-:-MCLEANSBORO 4,0
HAMILTON-:-SOUTH CROUCH,0
HAMILTON-:-SOUTH FLANNIGAN,0
HAMILTON-:-SOUTH TWIGG,0
HAMILTON-:-TWIGG,0
HANCOCK-:-APPANOOSE,0
HANCOCK-:-AUGUSTA,0
HANCOCK-:-BEAR CREEK,0
HANCOCK-:-CARTHAGE 1,0
HANCOCK-:-CARTHAGE 2,0
HANCOCK-:-CARTHAGE 3,0
HANCOCK-:-CARTHAGE 4,0
HANCOCK-:-CHILI,0
HANCOCK-:-DALLAS CITY,0
HANCOCK-:-DURHAM,0
HANCOCK-:-FOUNTAIN GREEN,0
HANCOCK-:-HANCOCK,0
HANCOCK-:-HARMONY,0
HANCOCK-:-LAHARPE 1,0
HANCOCK-:-LAHARPE 2,0
HANCOCK-:-MONTEBELLO 1,0
HANCOCK-:-MONTEBELLO 2,0
HANCOCK-:-MONTEBELLO 3,0
HANCOCK-:-MONTEBELLO 4,0
HANCOCK-:-NAUVOO,0
HANCOCK-:-PILOT GROVE,0
HANCOCK-:-PONTOOSUC,0
HANCOCK-:-PRAIRIE,0
HANCOCK-:-ROCK CREEK,0
HANCOCK-:-ROCKY RUN-WILCOX,0
HANCOCK-:-SONORA,0
HANCOCK-:-ST ALBANS,0
HANCOCK-:-ST MARYS,0
HANCOCK-:-WALKER,0
HANCOCK-:-WARSAW 1,0
HANCOCK-:-WARSAW 2,0
HANCOCK-:-WARSAW 3,0
HANCOCK-:-WYTHE,0
HARDIN-:-CAVE IN ROCK,0
HARDIN-:-MCFARLAN,0
HARDIN-:-MONROE,0
HARDIN-:-ROCK,0
HARDIN-:-ROSICLARE,0
HARDIN-:-STONE CHURCH,0
HENDERSON-:-BALD BLUFF,0
HENDERSON-:-BIGGSVILLE,0
HENDERSON-:-CARMAN,0
HENDERSON-:-GLADSTONE 1,0
HENDERSON-:-GLADSTONE 2,0
HENDERSON-:-LOMAX,0
HENDERSON-:-MEDIA,0
HENDERSON-:-OQUAWKA 1,0
HENDERSON-:-OQUAWKA 2,0
HENDERSON-:-RARITAN,0
HENDERSON-:-ROZETTA,0
HENDERSON-:-STRONGHURST,0
HENDERSON-:-TERRE HAUTE,0
HENRY-:-ALBA,0
HENRY-:-ANDOVER,0
HENRY-:-ANNAWAN,0
HENRY-:-ATKINSON,0
HENRY-:-BURNS,0
HENRY-:-CAMBRIDGE 1,0
HENRY-:-CAMBRIDGE 2,0
HENRY-:-CLOVER,0
HENRY-:-COLONA 2,6
HENRY-:-COLONA 3,2
HENRY-:-COLONA 4,2
HENRY-:-COLONA 5,6
HENRY-:-CORNWALL,0
HENRY-:-EDFORD,0
HENRY-:-GALVA 1,2
HENRY-:-GALVA 2,2
HENRY-:-GALVA 3,10
HENRY-:-GENESEO 1,0
HENRY-:-GENESEO 2,0
HENRY-:-GENESEO 3,0
HENRY-:-GENESEO 4,0
HENRY-:-GENESEO 5,0
HENRY-:-GENESEO 6,0
HENRY-:-HANNA 1,0
HENRY-:-HANNA 2,0
HENRY-:-KEWANEE 1,2
HENRY-:-KEWANEE 10,12
HENRY-:-KEWANEE 11,12
HENRY-:-KEWANEE 2,2
HENRY-:-KEWANEE 3,14
HENRY-:-KEWANEE 4,12
HENRY-:-KEWANEE 5,2
HENRY-:-KEWANEE 6,2
HENRY-:-KEWANEE 7,12
HENRY-:-KEWANEE 8,12
HENRY-:-KEWANEE 9,2
HENRY-:-LORAINE,0
HENRY-:-LYNN,0
HENRY-:-MUNSON,0
HENRY-:-OSCO,0
HENRY-:-OXFORD,0
HENRY-:-PHENIX,0
HENRY-:-WELLER,0
HENRY-:-WESTERN 1,0
HENRY-:-WESTERN 2,0
HENRY-:-WESTERN 3,0
HENRY-:-WETHERSFIELD 1,12
HENRY-:-WETHERSFIELD 2,12
HENRY-:-WETHERSFIELD 3,12
HENRY-:-WETHERSFIELD 4,12
HENRY-:-YORKTOWN,0
IROQUOIS-:-ARTESIA-1,0
IROQUOIS-:-ASH GROVE-2,0
IROQUOIS-:-ASHKUM 1-3,0
IROQUOIS-:-ASHKUM 2-3,0
IROQUOIS-:-BEAVER-3,0
IROQUOIS-:-BEAVERVILLE-3,0
IROQUOIS-:-BELMONT 1-4,0
IROQUOIS-:-BELMONT 2-4,0
IROQUOIS-:-BELMONT 3-4,0
IROQUOIS-:-CHEBANSE 1-3,0
IROQUOIS-:-CHEBANSE 2-3,0
IROQUOIS-:-CONCORD-4/5,0
IROQUOIS-:-CRESCENT-1,0
IROQUOIS-:-DANFORTH-1,0
IROQUOIS-:-DOUGLAS 1-1,0
IROQUOIS-:-DOUGLAS 2-1,0
IROQUOIS-:-FOUNTAIN CREEK-2,0
IROQUOIS-:-IROQUOIS-1,0
IROQUOIS-:-LODA-2,0
IROQUOIS-:-LOVEJOY-2,0
IROQUOIS-:-MARTINTON-3,0
IROQUOIS-:-MIDDLEPORT 1-4,0
IROQUOIS-:-MIDDLEPORT 2-4,0
IROQUOIS-:-MIDDLEPORT 3-4/5,0
IROQUOIS-:-MIDDLEPORT 4-4,0
IROQUOIS-:-MILFORD 1-2,0
IROQUOIS-:-MILFORD 2-2,0
IROQUOIS-:-MILKS GROVE-3,0
IROQUOIS-:-ONARGA 1-1,0
IROQUOIS-:-ONARGA 2-1,0
IROQUOIS-:-PAPINEAU-3,0
IROQUOIS-:-PIGEON GROVE-2,0
IROQUOIS-:-PRAIRIE GREEN-2,0
IROQUOIS-:-RIDGELAND-1,0
IROQUOIS-:-SHELDON 1-2,0
IROQUOIS-:-SHELDON 2-2,0
IROQUOIS-:-STOCKLAND-2,0
JACKSON-:-BRADLEY - AVA-4,0
JACKSON-:-BRADLEY - CAMPBELL HILL-4,0
JACKSON-:-CARBONDALE 1-8,6
JACKSON-:-CARBONDALE 10-12,6
JACKSON-:-CARBONDALE 11-13,6
JACKSON-:-CARBONDALE 12-13,6
JACKSON-:-CARBONDALE 13-13,6
JACKSON-:-CARBONDALE 14-12,6
JACKSON-:-CARBONDALE 15-12,6
JACKSON-:-CARBONDALE 16-12,6
JACKSON-:-CARBONDALE 18-10,6
JACKSON-:-CARBONDALE 19-10,6
JACKSON-:-CARBONDALE 2-10,6
JACKSON-:-CARBONDALE 20-10,6
JACKSON-:-CARBONDALE 21-10/13,6
JACKSON-:-CARBONDALE 24-12/13,6
JACKSON-:-CARBONDALE 25-13,6
JACKSON-:-CARBONDALE 26-13,6
JACKSON-:-CARBONDALE 4-8,6
JACKSON-:-CARBONDALE 5-8,6
JACKSON-:-CARBONDALE 6-8,6
JACKSON-:-CARBONDALE 7-11,6
JACKSON-:-CARBONDALE 8-11,6
JACKSON-:-CARBONDALE 9-8,6
JACKSON-:-DEGOGNIA-4,0
JACKSON-:-DESOTO 1-8/9,6
JACKSON-:-DESOTO 2-8/9,0
JACKSON-:-ELK 1-1,0
JACKSON-:-ELK 3-1,0
JACKSON-:-FOUNTAIN BLUFF-4,0
JACKSON-:-GRAND TOWER-15,0
JACKSON-:-KINKAID-4,0
JACKSON-:-LEVAN-5/6,0
JACKSON-:-MAKANDA 1-12,6
JACKSON-:-MAKANDA 2-12,6
JACKSON-:-MAKANDA 3-10,6
JACKSON-:-MAKANDA 4-12,6
JACKSON-:-MURPHYSBORO 1-11,6
JACKSON-:-MURPHYSBORO 1-14,6
JACKSON-:-MURPHYSBORO 10-11,6
JACKSON-:-MURPHYSBORO 12-4,0
JACKSON-:-MURPHYSBORO 2-14,6
JACKSON-:-MURPHYSBORO 3-11,6
JACKSON-:-MURPHYSBORO 3-14,6
JACKSON-:-MURPHYSBORO 4-11/12,6
JACKSON-:-MURPHYSBORO 5-14,6
JACKSON-:-MURPHYSBORO 6-4,6
JACKSON-:-MURPHYSBORO 7-14,6
JACKSON-:-MURPHYSBORO 8-4,6
JACKSON-:-MURPHYSBORO 9-4,6
JACKSON-:-ORA-3/4,0
JACKSON-:-POMONA-15,6
JACKSON-:-SAND RIDGE-6,0
JACKSON-:-SOMERSET 1-6/7,0
JACKSON-:-SOMERSET 2-6,0
JACKSON-:-SOMERSET 3-6,0
JACKSON-:-SOMERSET 4-6/7,0
JACKSON-:-VERGENNES-2,0
JASPER-:-CROOKED CREEK-1,0
JASPER-:-FOX-3,0
JASPER-:-GRANDVILLE-1,0
JASPER-:-GROVE-2,0
JASPER-:-HUNT CITY-1,0
JASPER-:-NORTH MUDDY-2,0
JASPER-:-SMALLWOOD-3,0
JASPER-:-SOUTH MUDDY-2,0
JASPER-:-STE. MARIE 1-3,0
JASPER-:-STE. MARIE 2-1,0
JASPER-:-WADE 1-1,0
JASPER-:-WADE 2-2,0
JASPER-:-WADE 3-2,0
JASPER-:-WADE 4-3,0
JASPER-:-WILLOW HILL-1,0
JEFFERSON-:-BALD HILL,0
JEFFERSON-:-BLISSVILLE,0
JEFFERSON-:-CASNER,0
JEFFERSON-:-DODDS 1,0
JEFFERSON-:-DODDS 2,0
JEFFERSON-:-ELK PRAIRIE,0
JEFFERSON-:-FARRINGTON,0
JEFFERSON-:-FIELD,0
JEFFERSON-:-GRAND PRAIRIE,0
JEFFERSON-:-MCCLELLAN,0
JEFFERSON-:-MOORES PRAIRIE,0
JEFFERSON-:-MT VERNON 1,0
JEFFERSON-:-MT VERNON 10,10
JEFFERSON-:-MT VERNON 2,0
JEFFERSON-:-MT VERNON 3,0
JEFFERSON-:-MT VERNON 4,10
JEFFERSON-:-MT VERNON 5,0
JEFFERSON-:-MT VERNON 6,10
JEFFERSON-:-MT VERNON 7,0
JEFFERSON-:-MT VERNON 8,0
JEFFERSON-:-MT VERNON 9,10
JEFFERSON-:-PENDLETON,0
JEFFERSON-:-ROME 1,0
JEFFERSON-:-ROME 2,0
JEFFERSON-:-SHILOH 1,0
JEFFERSON-:-SHILOH 2,0
JEFFERSON-:-SHILOH 3,0
JEFFERSON-:-SHILOH 4,0
JEFFERSON-:-SHILOH 5,0
JEFFERSON-:-SPRING GARDEN 1,0
JEFFERSON-:-SPRING GARDEN 2,0
JEFFERSON-:-WEBBER 1,0
JEFFERSON-:-WEBBER 2,0
JERSEY-:-ELSAH 1,0
JERSEY-:-ELSAH 2,0
JERSEY-:-ENGLISH,0
JERSEY-:-FIDELITY,0
JERSEY-:-JERSEY 1,0
JERSEY-:-JERSEY 2,0
JERSEY-:-JERSEY 3,0
JERSEY-:-JERSEY 4,0
JERSEY-:-JERSEY 5,0
JERSEY-:-JERSEY 6,0
JERSEY-:-JERSEY 7,14
JERSEY-:-JERSEY 8,14
JERSEY-:-MISSISSIPPI 1,6
JERSEY-:-MISSISSIPPI 2,14
JERSEY-:-OTTER CREEK,14
JERSEY-:-PIASA 1,4
JERSEY-:-PIASA 2,4
JERSEY-:-PIASA 3,4
JERSEY-:-QUARRY,14
JERSEY-:-RICHWOOD,14
JERSEY-:-ROSEDALE,6
JERSEY-:-RUYLE,5
JODAVIESS-:-APPLE RIVER,2
JODAVIESS-:-BERREMAN,2
JODAVIESS-:-COUNCIL HILL,2
JODAVIESS-:-DERINDA,2
JODAVIESS-:-DUNLEITH 1,2
JODAVIESS-:-DUNLEITH 2,2
JODAVIESS-:-DUNLEITH 3,2
JODAVIESS-:-EAST GALENA,2
JODAVIESS-:-ELIZABETH,2
JODAVIESS-:-GUILFORD,2
JODAVIESS-:-HANOVER,2
JODAVIESS-:-MENOMINEE,2
JODAVIESS-:-NORA,2
JODAVIESS-:-PLEASANT VALLEY,2
JODAVIESS-:-RAWLINS,2
JODAVIESS-:-RICE,2
JODAVIESS-:-RUSH,2
JODAVIESS-:-SCALES MOUND,2
JODAVIESS-:-STOCKTON 1,2
JODAVIESS-:-STOCKTON 2,2
JODAVIESS-:-THOMPSON,2
JODAVIESS-:-VINEGAR HILL,2
JODAVIESS-:-WARDS GROVE,2
JODAVIESS-:-WARREN,2
JODAVIESS-:-WEST GALENA 1,2
JODAVIESS-:-WEST GALENA 2,2
JODAVIESS-:-WEST GALENA 3,2
JODAVIESS-:-WOODBINE,2
JOHNSON-:-BELKNAP-1,6
JOHNSON-:-BLOOMFIELD-1,6
JOHNSON-:-BURNSIDE-1,6
JOHNSON-:-CACHE-1,6
JOHNSON-:-ELVIRA-1,6
JOHNSON-:-GOREVILLE 1-1,6
JOHNSON-:-GOREVILLE 2-1,6
JOHNSON-:-GRANTSBURG-1,6
JOHNSON-:-LAKE 1-1,6
JOHNSON-:-LAKE 2-1,6
JOHNSON-:-OZARK-1,6
JOHNSON-:-SIMPSON-1,6
JOHNSON-:-TUNNEL HILL-1,6
JOHNSON-:-VIENNA 1-1,6
JOHNSON-:-VIENNA 2-1,6
JOHNSON-:-VIENNA 3-1,6
KANE-:-AU0001-1/2,6
KANE-:-AU0002-3/4,15
KANE-:-AU0003-5,10
KANE-:-AU0004-6,15
KANE-:-AU0005-7,10
KANE-:-AU0006-8,10
KANE-:-AU0007-9,10
KANE-:-AU0008-10,10
KANE-:-AU0009-11,10
KANE-:-AU0009-12,10
KANE-:-AU0010-13,10
KANE-:-AU0010-14,10
KANE-:-AU0011-15,10
KANE-:-AU0012-16,10
KANE-:-AU0013-17,10
KANE-:-AU0014-18,10
KANE-:-AU0015-19,10
KANE-:-AU0016-20,10
KANE-:-AU0017-21,10
KANE-:-AU0018-22,10
KANE-:-AU0019-23,10
KANE-:-AU0020-24,10
KANE-:-AU0021-25,15
KANE-:-AU0021-26,15
KANE-:-AU0022-27,15
KANE-:-AU0023-28,10
KANE-:-AU0024-29,10
KANE-:-AU0025-30,10
KANE-:-AU0026-31,10
KANE-:-AU0027-32,10
KANE-:-AU0028-33,10
KANE-:-AU0029-34,10
KANE-:-AU0030-35,10
KANE-:-AU0031-36,10
KANE-:-AU0032-37,10
KANE-:-AU0033-38,15
KANE-:-AU0034-39,15
KANE-:-AU0035-40,10
KANE-:-AU0036-41,15
KANE-:-AU0037-42,15
KANE-:-AU0038-43,15
KANE-:-AU0039-44,15
KANE-:-AU0040-45,6
KANE-:-AU0041-46,15
KANE-:-AU0042-47,4
KANE-:-AU0043-48,4
KANE-:-AU0044-49,15
KANE-:-AU0045-50/51,15
KANE-:-AU0046-52,15
KANE-:-AU0047-53,10
KANE-:-AU0048-54,10
KANE-:-AU0049-55,10
KANE-:-AU0050-56,15
KANE-:-AU0050-57,15
KANE-:-AU0051-58,15
KANE-:-AU0052-59,10
KANE-:-AU0053-60,10
KANE-:-AU0054-61,10
KANE-:-AU0055-62,10
KANE-:-AU0056-63,10
KANE-:-AU0057-64,15
KANE-:-AU0058-65,15
KANE-:-AU0059-66,15
KANE-:-AU0060-67,15
KANE-:-AU0061-68,10
KANE-:-BA0001-69,4
KANE-:-BA0002-70,4
KANE-:-BA0003-71,4
KANE-:-BA0004-72,4
KANE-:-BA0005-73/74,4
KANE-:-BA0006-75,4
KANE-:-BA0007-76,4
KANE-:-BA0008-77,4
KANE-:-BA0009-78,4
KANE-:-BA0010-79,4
KANE-:-BA0011-80,4
KANE-:-BA0012-81,15
KANE-:-BA0013-82,4
KANE-:-BA0014-83,4
KANE-:-BA0015-84,4
KANE-:-BA0016-85,4
KANE-:-BA0017-86,4
KANE-:-BA0018-87/88,4
KANE-:-BA0019-89,4
KANE-:-BA0020-90,4
KANE-:-BA0021-91,15
KANE-:-BA0022-92,4
KANE-:-BB0001-93,15
KANE-:-BB0002-94/95,4
KANE-:-BB0003-97,15
KANE-:-BB0004-98,14
KANE-:-BB0005-99,15
KANE-:-BB0006-100,15
KANE-:-BB0007-101,15
KANE-:-BB0008-103,4
KANE-:-BB0009-104,15
KANE-:-BB0010-105,15
KANE-:-BB0011-106/107,4
KANE-:-BR0001-108,15
KANE-:-BR0002-109,15
KANE-:-BU0001-110/111/112,15
KANE-:-CA0001-114,15
KANE-:-CA0002-115/116,15
KANE-:-CA0003-117/118,15
KANE-:-CA0004-119,12
KANE-:-CA0005-121/122,15
KANE-:-CA0006-123,12
KANE-:-CA0007-124,12
KANE-:-CA0008-125,12
KANE-:-CA0009-127,15
KANE-:-CA0010-128/129,15
KANE-:-CA0011-130/131,15
KANE-:-CA0012-132/133,14
KANE-:-DU0001-134,15
KANE-:-DU0002-135,15
KANE-:-DU0003-136,15
KANE-:-DU0004-137,6
KANE-:-DU0005-138,15
KANE-:-DU0006-139,15
KANE-:-DU0007-141,15
KANE-:-DU0008-142,15
KANE-:-DU0009-143,15
KANE-:-DU0009-144,15
KANE-:-DU0010-145,15
KANE-:-DU0011-146,15
KANE-:-DU0012-147,15
KANE-:-DU0013-148,15
KANE-:-DU0014-149/150,15
KANE-:-DU0015-151,15
KANE-:-DU0016-152,15
KANE-:-DU0016-153,15
KANE-:-DU0017-154,15
KANE-:-DU0018-155,15
KANE-:-DU0019-156,15
KANE-:-DU0020-157,15
KANE-:-DU0021-158,15
KANE-:-DU0022-159,6
KANE-:-DU0023-160,6
KANE-:-DU0024-161,12
KANE-:-DU0025-162,12
KANE-:-DU0026-163,15
KANE-:-DU0027-164,15
KANE-:-DU0028-165,15
KANE-:-DU0029-166,12
KANE-:-DU0030-167,15
KANE-:-DU0031-168,15
KANE-:-DU0032-169,15
KANE-:-DU0033-170,15
KANE-:-DU0034-171,15
KANE-:-DU0035-172,12
KANE-:-EL0001-173,15
KANE-:-EL0002-174,15
KANE-:-EL0003-175,15
KANE-:-EL0004-176,15
KANE-:-EL0005-177,15
KANE-:-EL0006-178,15
KANE-:-EL0007-179,6
KANE-:-EL0008-180,15
KANE-:-EL0009-181,15
KANE-:-EL0010-182,15
KANE-:-EL0010-183,15
KANE-:-EL0011-184,15
KANE-:-EL0012-185,15
KANE-:-EL0013-186,15
KANE-:-EL0014-187,15
KANE-:-EL0015-188/189/190,15
KANE-:-EL0016-191,15
KANE-:-EL0017-192,15
KANE-:-EL0018-193,15
KANE-:-EL0019-194,15
KANE-:-EL0020-195,15
KANE-:-EL0021-196,15
KANE-:-EL0022-197/198/199,15
KANE-:-EL0023-200/201,15
KANE-:-EL0024-202/203/204,15
KANE-:-EL0025-205,15
KANE-:-EL0026-206,15
KANE-:-EL0027-207,6
KANE-:-EL0028-208,14
KANE-:-EL0029-209,15
KANE-:-EL0030-210/211,14
KANE-:-EL0031-212,15
KANE-:-EL0032-214,15
KANE-:-EL0033-215,15
KANE-:-EL0033-216,15
KANE-:-EL0034-217,15
KANE-:-EL0035-218,15
KANE-:-EL0036-219,15
KANE-:-EL0037-220,15
KANE-:-EL0037-221,15
KANE-:-EL0038-222,6
KANE-:-EL0039-223,15
KANE-:-EL0040-224/225/226,14
KANE-:-EL0041-227/228,15
KANE-:-EL0042-229,15
KANE-:-EL0043-230/231,15
KANE-:-EL0044-232,15
KANE-:-EL0045-233/234,14
KANE-:-EL0046-235,15
KANE-:-EL0047-236,15
KANE-:-EL0048-237,15
KANE-:-EL0049-238,15
KANE-:-EL0050-239/240,15
KANE-:-EL0051-241,15
KANE-:-EL0052-242,6
KANE-:-EL0052-243,15
KANE-:-GE0001-244,15
KANE-:-GE0002-245,15
KANE-:-GE0003-246,4
KANE-:-GE0004-247,15
KANE-:-GE0005-248,15
KANE-:-GE0006-249,4
KANE-:-GE0007-250,4
KANE-:-GE0008-251,15
KANE-:-GE0009-252,15
KANE-:-GE0010-253,15
KANE-:-GE0010-254,15
KANE-:-GE0010-255,15
KANE-:-GE0011-256,15
KANE-:-GE0012-257,4
KANE-:-GE0013-258/259,4
KANE-:-GE0014-260,15
KANE-:-GE0015-261,4
KANE-:-GE0016-262/263,4
KANE-:-GE0017-264,6
KANE-:-GE0018-265,4
KANE-:-GE0019-266/267,15
KANE-:-GE0020-268,14
KANE-:-HA0001-269/270/271,6
KANE-:-HA0002-272,15
KANE-:-HA0003-274,15
KANE-:-HA0004-275,15
KANE-:-HA0005-276,15
KANE-:-KA0001-277,14
KANE-:-PL0001-278,15
KANE-:-PL0002-280/281/282/283,15
KANE-:-PL0003-284/285,15
KANE-:-PL0004-286/287/288,6
KANE-:-PL0005-289/290,15
KANE-:-PL0006-291,15
KANE-:-RU0001-292/293,15
KANE-:-RU0002-294/295/296/297/298,15
KANE-:-RU0003-299/300,6
KANE-:-RU0004-301,15
KANE-:-RU0005-302,6
KANE-:-RU0006-304,6
KANE-:-RU0007-305/306,15
KANE-:-RU0008-307,15
KANE-:-RU0009-308/309,15
KANE-:-RU0009-310,15
KANE-:-RU0010-311,15
KANE-:-RU0011-312,15
KANE-:-RU0012-313,6
KANE-:-RU0013-314,6
KANE-:-RU0013-315,6
KANE-:-RU0014-316,15
KANE-:-SC0001-317,14
KANE-:-SC0002-318,6
KANE-:-SC0003-319,15
KANE-:-SC0004-320/321,15
KANE-:-SC0005-322,15
KANE-:-SC0006-323,14
KANE-:-SC0007-324,14
KANE-:-SC0008-325/326,15
KANE-:-SC0009-327,15
KANE-:-SC0010-328,12
KANE-:-SC0011-329,15
KANE-:-SC0012-330,15
KANE-:-SC0013-331,15
KANE-:-SC0013-332,15
KANE-:-SC0014-333,15
KANE-:-SC0015-334,15
KANE-:-SC0016-335,15
KANE-:-SC0017-336/337,15
KANE-:-SC0018-338,15
KANE-:-SC0018-339,15
KANE-:-SC0019-340,6
KANE-:-SC0020-341,14
KANE-:-SC0021-342,6
KANE-:-SC0022-344,14
KANE-:-SC0023-345,15
KANE-:-SC0024-346,15
KANE-:-SC0025-347/348,15
KANE-:-SC0026-349,15
KANE-:-SC0027-350,15
KANE-:-SC0028-351,14
KANE-:-SC0029-352,15
KANE-:-SC0030-353,14
KANE-:-SC0031-354,15
KANE-:-SC0032-355,14
KANE-:-SC0033-356,14
KANE-:-SC0034-357,14
KANE-:-SG0001-358,15
KANE-:-SG0002-359,10
KANE-:-SG0003-360,14
KANE-:-SG0004-361,15
KANE-:-SG0005-362,14
KANE-:-SG0006-363/364,15
KANE-:-SG0007-365,6
KANE-:-SG0008-366,6
KANE-:-SG0009-367,15
KANE-:-SG0010-368,10
KANE-:-SG0011-369,10
KANE-:-SG0012-370,15
KANE-:-SG0013-371,14
KANE-:-SG0014-372,15
KANE-:-VI0001-373,14
KANE-:-VI0002-374/375/376,14
KANKAKEE-:-AROMA 1,4
KANKAKEE-:-AROMA 2,4
KANKAKEE-:-AROMA 3,4
KANKAKEE-:-BOURBONNAIS 1,4
KANKAKEE-:-BOURBONNAIS 12,4
KANKAKEE-:-BOURBONNAIS 15,4
KANKAKEE-:-BOURBONNAIS 16,4
KANKAKEE-:-BOURBONNAIS 18,4
KANKAKEE-:-BOURBONNAIS 19,4
KANKAKEE-:-BOURBONNAIS 2,4
KANKAKEE-:-BOURBONNAIS 3,4
KANKAKEE-:-BOURBONNAIS 4,4
KANKAKEE-:-BOURBONNAIS 6,4
KANKAKEE-:-BOURBONNAIS 7,4
KANKAKEE-:-BOURBONNAIS 8,4
KANKAKEE-:-BOURBONNAIS 9,4
KANKAKEE-:-ESSEX,4
KANKAKEE-:-GANEER 1,4
KANKAKEE-:-GANEER 2,4
KANKAKEE-:-GANEER 3,4
KANKAKEE-:-KANKAKEE 1,4
KANKAKEE-:-KANKAKEE 2,4
KANKAKEE-:-KANKAKEE 3,4
KANKAKEE-:-KANKAKEE 4,4
KANKAKEE-:-KANKAKEE 5,4
KANKAKEE-:-KANKAKEE 6,4
KANKAKEE-:-KANKAKEE 7,4
KANKAKEE-:-KANKAKEE 8,4
KANKAKEE-:-KANKAKEE 9,4
KANKAKEE-:-LIMESTONE 1,4
KANKAKEE-:-LIMESTONE 2,4
KANKAKEE-:-LIMESTONE 3,4
KANKAKEE-:-LIMESTONE 4,4
KANKAKEE-:-MANTENO 1,4
KANKAKEE-:-MANTENO 2,4
KANKAKEE-:-MANTENO 3,4
KANKAKEE-:-MANTENO 5,4
KANKAKEE-:-MANTENO 6,4
KANKAKEE-:-MOMENCE 1,4
KANKAKEE-:-MOMENCE 2,4
KANKAKEE-:-NORTON,4
KANKAKEE-:-OTTO 1,4
KANKAKEE-:-OTTO 2,4
KANKAKEE-:-PEMBROKE 1,4
KANKAKEE-:-PEMBROKE 2,4
KANKAKEE-:-PILOT,4
KANKAKEE-:-ROCKVILLE,4
KANKAKEE-:-SALINA,4
KANKAKEE-:-ST. ANNE,4
KANKAKEE-:-SUMNER,4
KANKAKEE-:-YELLOWHEAD 1,4
KANKAKEE-:-YELLOWHEAD 2,4
KENDALL-:-BIG GROVE 1,2
KENDALL-:-BRISTOL 1,12
KENDALL-:-BRISTOL 10,6
KENDALL-:-BRISTOL 11,12
KENDALL-:-BRISTOL 12,12
KENDALL-:-BRISTOL 13,12
KENDALL-:-BRISTOL 14,12
KENDALL-:-BRISTOL 15,12
KENDALL-:-BRISTOL 16,12
KENDALL-:-BRISTOL 17,12
KENDALL-:-BRISTOL 18,12
KENDALL-:-BRISTOL 2,12
KENDALL-:-BRISTOL 3,12
KENDALL-:-BRISTOL 4,12
KENDALL-:-BRISTOL 5,12
KENDALL-:-BRISTOL 6,6
KENDALL-:-BRISTOL 7,12
KENDALL-:-BRISTOL 8,12
KENDALL-:-BRISTOL 9,12
KENDALL-:-FOX 1,6
KENDALL-:-FOX 2,2
KENDALL-:-KENDALL 1,6
KENDALL-:-KENDALL 2,6
KENDALL-:-KENDALL 3,2
KENDALL-:-KENDALL 4,2
KENDALL-:-KENDALL 5,12
KENDALL-:-KENDALL 6,12
KENDALL-:-LISBON 1,2
KENDALL-:-LITTLE ROCK 1,6
KENDALL-:-LITTLE ROCK 2,6
KENDALL-:-LITTLE ROCK 3,6
KENDALL-:-LITTLE ROCK 4,6
KENDALL-:-LITTLE ROCK 5,6
KENDALL-:-LITTLE ROCK 6,6
KENDALL-:-LITTLE ROCK 7,6
KENDALL-:-LITTLE ROCK 8,6
KENDALL-:-NA AU SAY 1,12
KENDALL-:-NA AU SAY 2,12
KENDALL-:-NA AU SAY 3,12
KENDALL-:-NA AU SAY 4,12
KENDALL-:-NA AU SAY 5,12
KENDALL-:-NA AU SAY 6,12
KENDALL-:-OSWEGO 1,12
KENDALL-:-OSWEGO 10,12
KENDALL-:-OSWEGO 11,12
KENDALL-:-OSWEGO 12,12
KENDALL-:-OSWEGO 13,12
KENDALL-:-OSWEGO 14,12
KENDALL-:-OSWEGO 15,8
KENDALL-:-OSWEGO 16,14
KENDALL-:-OSWEGO 17,12
KENDALL-:-OSWEGO 18,8
KENDALL-:-OSWEGO 19,8
KENDALL-:-OSWEGO 2,12
KENDALL-:-OSWEGO 20,12
KENDALL-:-OSWEGO 21,12
KENDALL-:-OSWEGO 22,12
KENDALL-:-OSWEGO 23,12
KENDALL-:-OSWEGO 24,12
KENDALL-:-OSWEGO 25,12
KENDALL-:-OSWEGO 26,12
KENDALL-:-OSWEGO 27,12
KENDALL-:-OSWEGO 28,12
KENDALL-:-OSWEGO 29,12
KENDALL-:-OSWEGO 3,12
KENDALL-:-OSWEGO 30,8
KENDALL-:-OSWEGO 31,12
KENDALL-:-OSWEGO 32,12
KENDALL-:-OSWEGO 33,12
KENDALL-:-OSWEGO 4,8
KENDALL-:-OSWEGO 5,14
KENDALL-:-OSWEGO 6,14
KENDALL-:-OSWEGO 7,12
KENDALL-:-OSWEGO 8,14
KENDALL-:-OSWEGO 9,12
KENDALL-:-SEWARD 1,14
KENDALL-:-SEWARD 2,12
KENDALL-:-SEWARD 3,12
KNOX-:-CEDAR FIRST,2
KNOX-:-CEDAR FOURTH,2
KNOX-:-CEDAR SECOND,2
KNOX-:-CEDAR THIRD,2
KNOX-:-CHESTNUT,2
KNOX-:-COPLEY,2
KNOX-:-ELBA,2
KNOX-:-GALESBURG,2
KNOX-:-HAW CREEK,2
KNOX-:-HENDERSON,2
KNOX-:-INDIAN POINT,8
KNOX-:-KNOX FIFTH,8
KNOX-:-KNOX FIRST,2
KNOX-:-KNOX FOURTH,2
KNOX-:-KNOX SECOND,2
KNOX-:-KNOX SIX,2
KNOX-:-KNOX THIRD,2
KNOX-:-LYNN,2
KNOX-:-MAQUON,2
KNOX-:-ONTARIO,2
KNOX-:-ORANGE,2
KNOX-:-PERSIFER,2
KNOX-:-RIO TWP,2
KNOX-:-SALEM,2
KNOX-:-SPARTA,2
KNOX-:-TRURO,2
KNOX-:-VICTORIA,2
KNOX-:-WALNUT GROVE,2
LAKE-:-ANTIOCH 1,16
LAKE-:-ANTIOCH 10,16
LAKE-:-ANTIOCH 11,16
LAKE-:-ANTIOCH 12,8
LAKE-:-ANTIOCH 13,16
LAKE-:-ANTIOCH 14,16
LAKE-:-ANTIOCH 15,8
LAKE-:-ANTIOCH 16,8
LAKE-:-ANTIOCH 17,8
LAKE-:-ANTIOCH 18,8
LAKE-:-ANTIOCH 19,16
LAKE-:-ANTIOCH 2,16
LAKE-:-ANTIOCH 3,8
LAKE-:-ANTIOCH 4,16
LAKE-:-ANTIOCH 5,16
LAKE-:-ANTIOCH 6,16
LAKE-:-ANTIOCH 7,16
LAKE-:-ANTIOCH 8,16
LAKE-:-ANTIOCH 9,16
LAKE-:-AVON 20,16
LAKE-:-AVON 21,16
LAKE-:-AVON 22,16
LAKE-:-AVON 23,16
LAKE-:-AVON 24,16
LAKE-:-AVON 25,16
LAKE-:-AVON 26,16
LAKE-:-AVON 27,16
LAKE-:-AVON 28,16
LAKE-:-AVON 29,16
LAKE-:-AVON 30,16
LAKE-:-AVON 31,16
LAKE-:-AVON 32,16
LAKE-:-AVON 33,16
LAKE-:-AVON 34,16
LAKE-:-AVON 35,16
LAKE-:-AVON 36,16
LAKE-:-AVON 37,16
LAKE-:-AVON 38,16
LAKE-:-AVON 39,16
LAKE-:-AVON 40,16
LAKE-:-AVON 41,16
LAKE-:-AVON 42,16
LAKE-:-AVON 43,16
LAKE-:-AVON 44,6
LAKE-:-AVON 45,16
LAKE-:-AVON 46,16
LAKE-:-AVON 47,16
LAKE-:-AVON 48,16
LAKE-:-AVON 49,16
LAKE-:-AVON 50,16
LAKE-:-AVON 51,16
LAKE-:-AVON 52,16
LAKE-:-BENTON 53,8
LAKE-:-BENTON 54,8
LAKE-:-BENTON 55,8
LAKE-:-BENTON 56,8
LAKE-:-BENTON 57,8
LAKE-:-BENTON 58,8
LAKE-:-BENTON 59,8
LAKE-:-BENTON 60,16
LAKE-:-BENTON 61,16
LAKE-:-BENTON 62,16
LAKE-:-BENTON 63,4
LAKE-:-BENTON 64,16
LAKE-:-BENTON 65,16
LAKE-:-CUBA 66,6
LAKE-:-CUBA 67,6
LAKE-:-CUBA 68,6
LAKE-:-CUBA 69,16
LAKE-:-CUBA 70,6
LAKE-:-CUBA 71,6
LAKE-:-CUBA 72,6
LAKE-:-CUBA 73,6
LAKE-:-CUBA 74,16
LAKE-:-CUBA 75,6
LAKE-:-CUBA 76,6
LAKE-:-CUBA 77,6
LAKE-:-CUBA 78,6
LAKE-:-ELA 100,16
LAKE-:-ELA 101,4
LAKE-:-ELA 102,6
LAKE-:-ELA 103,6
LAKE-:-ELA 104,16
LAKE-:-ELA 105,16
LAKE-:-ELA 106,16
LAKE-:-ELA 107,16
LAKE-:-ELA 79,16
LAKE-:-ELA 80,16
LAKE-:-ELA 81,4
LAKE-:-ELA 82,16
LAKE-:-ELA 83,16
LAKE-:-ELA 84,16
LAKE-:-ELA 85,16
LAKE-:-ELA 86,16
LAKE-:-ELA 87,16
LAKE-:-ELA 88,16
LAKE-:-ELA 89,16
LAKE-:-ELA 90,4
LAKE-:-ELA 91,16
LAKE-:-ELA 92,16
LAKE-:-ELA 93,16
LAKE-:-ELA 94,16
LAKE-:-ELA 95,16
LAKE-:-ELA 96,16
LAKE-:-ELA 97,16
LAKE-:-ELA 98,16
LAKE-:-ELA 99,16
LAKE-:-FREMONT 108,16
LAKE-:-FREMONT 109,16
LAKE-:-FREMONT 110,16
LAKE-:-FREMONT 111,4
LAKE-:-FREMONT 112,16
LAKE-:-FREMONT 113,16
LAKE-:-FREMONT 114,4
LAKE-:-FREMONT 115,16
LAKE-:-FREMONT 116,16
LAKE-:-FREMONT 117,16
LAKE-:-FREMONT 118,16
LAKE-:-FREMONT 119,16
LAKE-:-FREMONT 120,4
LAKE-:-FREMONT 121,16
LAKE-:-FREMONT 122,16
LAKE-:-FREMONT 123,16
LAKE-:-FREMONT 124,16
LAKE-:-FREMONT 125,16
LAKE-:-FREMONT 126,16
LAKE-:-FREMONT 127,16
LAKE-:-FREMONT 128,16
LAKE-:-FREMONT 129,16
LAKE-:-GRANT 130,16
LAKE-:-GRANT 131,16
LAKE-:-GRANT 132,16
LAKE-:-GRANT 133,16
LAKE-:-GRANT 134,16
LAKE-:-GRANT 135,16
LAKE-:-GRANT 136,16
LAKE-:-GRANT 137,16
LAKE-:-GRANT 138,8
LAKE-:-GRANT 139,16
LAKE-:-GRANT 140,16
LAKE-:-GRANT 141,8
LAKE-:-GRANT 142,16
LAKE-:-GRANT 143,16
LAKE-:-GRANT 144,8
LAKE-:-GRANT 145,8
LAKE-:-GRANT 146,16
LAKE-:-GRANT 147,16
LAKE-:-LAKE VILLA 148,16
LAKE-:-LAKE VILLA 149,16
LAKE-:-LAKE VILLA 150,16
LAKE-:-LAKE VILLA 151,16
LAKE-:-LAKE VILLA 152,16
LAKE-:-LAKE VILLA 153,16
LAKE-:-LAKE VILLA 154,16
LAKE-:-LAKE VILLA 155,6
LAKE-:-LAKE VILLA 156,16
LAKE-:-LAKE VILLA 157,16
LAKE-:-LAKE VILLA 158,6
LAKE-:-LAKE VILLA 159,16
LAKE-:-LAKE VILLA 160,16
LAKE-:-LAKE VILLA 161,16
LAKE-:-LAKE VILLA 162,16
LAKE-:-LAKE VILLA 163,16
LAKE-:-LAKE VILLA 164,16
LAKE-:-LAKE VILLA 165,16
LAKE-:-LAKE VILLA 166,16
LAKE-:-LAKE VILLA 167,16
LAKE-:-LAKE VILLA 168,16
LAKE-:-LAKE VILLA 169,16
LAKE-:-LAKE VILLA 170,16
LAKE-:-LAKE VILLA 171,16
LAKE-:-LAKE VILLA 172,16
LAKE-:-LAKE VILLA 173,16
LAKE-:-LIBERTYVILLE 174,16
LAKE-:-LIBERTYVILLE 175,4
LAKE-:-LIBERTYVILLE 176,4
LAKE-:-LIBERTYVILLE 177,16
LAKE-:-LIBERTYVILLE 178,4
LAKE-:-LIBERTYVILLE 179,16
LAKE-:-LIBERTYVILLE 180,16
LAKE-:-LIBERTYVILLE 181,16
LAKE-:-LIBERTYVILLE 182,16
LAKE-:-LIBERTYVILLE 183,16
LAKE-:-LIBERTYVILLE 184,4
LAKE-:-LIBERTYVILLE 185,4
LAKE-:-LIBERTYVILLE 186,4
LAKE-:-LIBERTYVILLE 187,4
LAKE-:-LIBERTYVILLE 188,4
LAKE-:-LIBERTYVILLE 189,4
LAKE-:-LIBERTYVILLE 190,16
LAKE-:-LIBERTYVILLE 191,4
LAKE-:-LIBERTYVILLE 192,16
LAKE-:-LIBERTYVILLE 193,4
LAKE-:-LIBERTYVILLE 194,4
LAKE-:-LIBERTYVILLE 195,4
LAKE-:-LIBERTYVILLE 196,16
LAKE-:-LIBERTYVILLE 197,4
LAKE-:-LIBERTYVILLE 198,4
LAKE-:-LIBERTYVILLE 199,16
LAKE-:-LIBERTYVILLE 200,16
LAKE-:-LIBERTYVILLE 201,4
LAKE-:-LIBERTYVILLE 202,16
LAKE-:-LIBERTYVILLE 203,16
LAKE-:-LIBERTYVILLE 204,16
LAKE-:-LIBERTYVILLE 205,8
LAKE-:-LIBERTYVILLE 206,16
LAKE-:-LIBERTYVILLE 207,16
LAKE-:-LIBERTYVILLE 208,16
LAKE-:-LIBERTYVILLE 209,16
LAKE-:-MORAINE 210,4
LAKE-:-MORAINE 211,4
LAKE-:-MORAINE 212,4
LAKE-:-MORAINE 213,4
LAKE-:-MORAINE 214,4
LAKE-:-MORAINE 215,4
LAKE-:-MORAINE 216,4
LAKE-:-MORAINE 217,4
LAKE-:-MORAINE 218,4
LAKE-:-MORAINE 219,4
LAKE-:-MORAINE 220,4
LAKE-:-MORAINE 221,4
LAKE-:-MORAINE 222,4
LAKE-:-MORAINE 223,4
LAKE-:-MORAINE 224,4
LAKE-:-MORAINE 225,4
LAKE-:-MORAINE 226,4
LAKE-:-MORAINE 227,4
LAKE-:-MORAINE 228,4
LAKE-:-MORAINE 229,4
LAKE-:-MORAINE 230,4
LAKE-:-MORAINE 231,4
LAKE-:-MORAINE 232,4
LAKE-:-NEWPORT 233,8
LAKE-:-NEWPORT 234,16
LAKE-:-NEWPORT 235,16
LAKE-:-NEWPORT 236,8
LAKE-:-NEWPORT 237,8
LAKE-:-SHIELDS 238,16
LAKE-:-SHIELDS 239,16
LAKE-:-SHIELDS 240,16
LAKE-:-SHIELDS 241,16
LAKE-:-SHIELDS 242,16
LAKE-:-SHIELDS 243,16
LAKE-:-SHIELDS 244,4
LAKE-:-SHIELDS 245,16
LAKE-:-SHIELDS 246,8
LAKE-:-SHIELDS 247,16
LAKE-:-SHIELDS 248,4
LAKE-:-SHIELDS 249,16
LAKE-:-SHIELDS 250,4
LAKE-:-SHIELDS 251,16
LAKE-:-SHIELDS 252,16
LAKE-:-SHIELDS 253,4
LAKE-:-SHIELDS 254,16
LAKE-:-SHIELDS 255,4
LAKE-:-VERNON 256,16
LAKE-:-VERNON 257,16
LAKE-:-VERNON 258,16
LAKE-:-VERNON 259,16
LAKE-:-VERNON 260,16
LAKE-:-VERNON 261,16
LAKE-:-VERNON 262,16
LAKE-:-VERNON 263,16
LAKE-:-VERNON 264,6
LAKE-:-VERNON 265,6
LAKE-:-VERNON 266,16
LAKE-:-VERNON 267,8
LAKE-:-VERNON 268,16
LAKE-:-VERNON 269,16
LAKE-:-VERNON 270,16
LAKE-:-VERNON 271,16
LAKE-:-VERNON 272,16
LAKE-:-VERNON 273,8
LAKE-:-VERNON 274,16
LAKE-:-VERNON 275,16
LAKE-:-VERNON 276,16
LAKE-:-VERNON 277,16
LAKE-:-VERNON 278,16
LAKE-:-VERNON 279,16
LAKE-:-VERNON 280,16
LAKE-:-VERNON 281,16
LAKE-:-VERNON 282,4
LAKE-:-VERNON 283,16
LAKE-:-VERNON 284,16
LAKE-:-VERNON 285,16
LAKE-:-VERNON 286,16
LAKE-:-VERNON 287,16
LAKE-:-VERNON 288,16
LAKE-:-VERNON 289,6
LAKE-:-VERNON 290,16
LAKE-:-VERNON 291,16
LAKE-:-VERNON 292,16
LAKE-:-VERNON 293,16
LAKE-:-VERNON 294,16
LAKE-:-VERNON 295,16
LAKE-:-VERNON 296,16
LAKE-:-VERNON 297,16
LAKE-:-VERNON 298,16
LAKE-:-WARREN 299,8
LAKE-:-WARREN 300,16
LAKE-:-WARREN 301,16
LAKE-:-WARREN 302,16
LAKE-:-WARREN 303,16
LAKE-:-WARREN 304,16
LAKE-:-WARREN 305,16
LAKE-:-WARREN 306,16
LAKE-:-WARREN 307,16
LAKE-:-WARREN 308,16
LAKE-:-WARREN 309,16
LAKE-:-WARREN 310,16
LAKE-:-WARREN 311,16
LAKE-:-WARREN 312,16
LAKE-:-WARREN 313,16
LAKE-:-WARREN 314,16
LAKE-:-WARREN 315,16
LAKE-:-WARREN 316,8
LAKE-:-WARREN 317,8
LAKE-:-WARREN 318,16
LAKE-:-WARREN 319,16
LAKE-:-WARREN 320,16
LAKE-:-WARREN 321,16
LAKE-:-WARREN 322,16
LAKE-:-WARREN 323,16
LAKE-:-WARREN 324,8
LAKE-:-WARREN 325,16
LAKE-:-WARREN 326,16
LAKE-:-WARREN 327,16
LAKE-:-WARREN 328,16
LAKE-:-WARREN 329,16
LAKE-:-WARREN 330,8
LAKE-:-WARREN 331,8
LAKE-:-WARREN 332,16
LAKE-:-WARREN 333,16
LAKE-:-WARREN 334,16
LAKE-:-WARREN 335,16
LAKE-:-WARREN 336,8
LAKE-:-WARREN 337,16
LAKE-:-WARREN 338,16
LAKE-:-WAUCONDA 339,16
LAKE-:-WAUCONDA 340,16
LAKE-:-WAUCONDA 341,16
LAKE-:-WAUCONDA 342,16
LAKE-:-WAUCONDA 343,16
LAKE-:-WAUCONDA 345,16
LAKE-:-WAUCONDA 346,6
LAKE-:-WAUCONDA 347,16
LAKE-:-WAUCONDA 348,16
LAKE-:-WAUCONDA 349,6
LAKE-:-WAUCONDA 351,16
LAKE-:-WAUCONDA 352,16
LAKE-:-WAUCONDA 353,16
LAKE-:-WAUCONDA 354,16
LAKE-:-WAUKEGAN 355,16
LAKE-:-WAUKEGAN 356,16
LAKE-:-WAUKEGAN 357,16
LAKE-:-WAUKEGAN 358,16
LAKE-:-WAUKEGAN 359,16
LAKE-:-WAUKEGAN 360,16
LAKE-:-WAUKEGAN 361,16
LAKE-:-WAUKEGAN 362,16
LAKE-:-WAUKEGAN 363,16
LAKE-:-WAUKEGAN 364,16
LAKE-:-WAUKEGAN 365,16
LAKE-:-WAUKEGAN 366,6
LAKE-:-WAUKEGAN 367,6
LAKE-:-WAUKEGAN 368,16
LAKE-:-WAUKEGAN 369,6
LAKE-:-WAUKEGAN 370,16
LAKE-:-WAUKEGAN 371,16
LAKE-:-WAUKEGAN 372,16
LAKE-:-WAUKEGAN 373,16
LAKE-:-WAUKEGAN 374,16
LAKE-:-WAUKEGAN 375,16
LAKE-:-WAUKEGAN 376,16
LAKE-:-WAUKEGAN 377,16
LAKE-:-WAUKEGAN 378,16
LAKE-:-WAUKEGAN 379,16
LAKE-:-WAUKEGAN 380,16
LAKE-:-WAUKEGAN 381,16
LAKE-:-WAUKEGAN 382,16
LAKE-:-WAUKEGAN 383,16
LAKE-:-WAUKEGAN 384,16
LAKE-:-WAUKEGAN 385,16
LAKE-:-WAUKEGAN 386,16
LAKE-:-WAUKEGAN 387,16
LAKE-:-WAUKEGAN 388,16
LAKE-:-WAUKEGAN 389,16
LAKE-:-WAUKEGAN 390,16
LAKE-:-WAUKEGAN 391,16
LAKE-:-WAUKEGAN 392,16
LAKE-:-WAUKEGAN 393,16
LAKE-:-WEST DEERFIELD 394,4
LAKE-:-WEST DEERFIELD 395,16
LAKE-:-WEST DEERFIELD 396,16
LAKE-:-WEST DEERFIELD 397,16
LAKE-:-WEST DEERFIELD 398,16
LAKE-:-WEST DEERFIELD 399,16
LAKE-:-WEST DEERFIELD 400,16
LAKE-:-WEST DEERFIELD 401,16
LAKE-:-WEST DEERFIELD 402,16
LAKE-:-WEST DEERFIELD 403,16
LAKE-:-WEST DEERFIELD 404,4
LAKE-:-WEST DEERFIELD 405,16
LAKE-:-WEST DEERFIELD 406,16
LAKE-:-WEST DEERFIELD 407,16
LAKE-:-WEST DEERFIELD 408,16
LAKE-:-WEST DEERFIELD 409,16
LAKE-:-WEST DEERFIELD 410,16
LAKE-:-WEST DEERFIELD 411,16
LAKE-:-WEST DEERFIELD 412,16
LAKE-:-WEST DEERFIELD 413,6
LAKE-:-WEST DEERFIELD 414,16
LAKE-:-WEST DEERFIELD 415,16
LAKE-:-WEST DEERFIELD 416,16
LAKE-:-WEST DEERFIELD 417,4
LAKE-:-WEST DEERFIELD 418,4
LAKE-:-ZION 419,16
LAKE-:-ZION 420,16
LAKE-:-ZION 421,16
LAKE-:-ZION 422,16
LAKE-:-ZION 423,16
LAKE-:-ZION 424,16
LAKE-:-ZION 425,16
LAKE-:-ZION 426,16
LAKE-:-ZION 427,16
LAKE-:-ZION 428,16
LAKE-:-ZION 429,16
LAKE-:-ZION 430,16
LAKE-:-ZION 431,16
LASALLE-:-ADAMS 1,2
LASALLE-:-ADAMS 2,2
LASALLE-:-ALLEN,2
LASALLE-:-BROOKFIELD,2
LASALLE-:-BRUCE 1,2
LASALLE-:-BRUCE 10,2
LASALLE-:-BRUCE 11,2
LASALLE-:-BRUCE 12,2
LASALLE-:-BRUCE 2,2
LASALLE-:-BRUCE 3,2
LASALLE-:-BRUCE 4,2
LASALLE-:-BRUCE 5,2
LASALLE-:-BRUCE 6,2
LASALLE-:-BRUCE 7,2
LASALLE-:-BRUCE 8,2
LASALLE-:-BRUCE 9,2
LASALLE-:-DAYTON 1,2
LASALLE-:-DAYTON 2,10
LASALLE-:-DIMMICK,2
LASALLE-:-EAGLE 1,2
LASALLE-:-EAGLE 2,2
LASALLE-:-EAGLE 3,2
LASALLE-:-EARL 1,2
LASALLE-:-EARL 2,2
LASALLE-:-EDEN 2,2
LASALLE-:-FREEDOM,2
LASALLE-:-GRAND RAPIDS,2
LASALLE-:-GROVELAND,2
LASALLE-:-HOPE,2
LASALLE-:-LASALLE 1,13
LASALLE-:-LASALLE 10,13
LASALLE-:-LASALLE 11,13
LASALLE-:-LASALLE 12,13
LASALLE-:-LASALLE 13,2
LASALLE-:-LASALLE 14,2
LASALLE-:-LASALLE 2,13
LASALLE-:-LASALLE 3,13
LASALLE-:-LASALLE 4,13
LASALLE-:-LASALLE 5,13
LASALLE-:-LASALLE 6,13
LASALLE-:-LASALLE 7,13
LASALLE-:-LASALLE 8,13
LASALLE-:-LASALLE 9,13
LASALLE-:-MANLIUS 1,6
LASALLE-:-MANLIUS 2,2
LASALLE-:-MANLIUS 3,2
LASALLE-:-MANLIUS 4,2
LASALLE-:-MANLIUS 5,2
LASALLE-:-MENDOTA 1,2
LASALLE-:-MENDOTA 2,8
LASALLE-:-MENDOTA 3,2
LASALLE-:-MENDOTA 4,2
LASALLE-:-MENDOTA 5,2
LASALLE-:-MENDOTA 6,8
LASALLE-:-MENDOTA 7,8
LASALLE-:-MERIDEN,2
LASALLE-:-MILLER,2
LASALLE-:-MISSION 1,2
LASALLE-:-MISSION 2,2
LASALLE-:-NORTHVILLE 1,2
LASALLE-:-NORTHVILLE 2,2
LASALLE-:-NORTHVILLE 3,2
LASALLE-:-NORTHVILLE 4,2
LASALLE-:-NORTHVILLE 5,6
LASALLE-:-NORTHVILLE 6,2
LASALLE-:-NORTHVILLE 7,2
LASALLE-:-OPHIR,2
LASALLE-:-OSAGE,2
LASALLE-:-OTTAWA 1,10
LASALLE-:-OTTAWA 10,2
LASALLE-:-OTTAWA 11,10
LASALLE-:-OTTAWA 12,10
LASALLE-:-OTTAWA 13,10
LASALLE-:-OTTAWA 2,10
LASALLE-:-OTTAWA 3,10
LASALLE-:-OTTAWA 4,10
LASALLE-:-OTTAWA 5,10
LASALLE-:-OTTAWA 6,10
LASALLE-:-OTTAWA 7,10
LASALLE-:-OTTAWA 8,10
LASALLE-:-OTTAWA 9,10
LASALLE-:-OTTER CREEK 1,2
LASALLE-:-OTTER CREEK 2,2
LASALLE-:-OTTER CREEK 3,2
LASALLE-:-PERU 1,13
LASALLE-:-PERU 10,13
LASALLE-:-PERU 11,13
LASALLE-:-PERU 2,13
LASALLE-:-PERU 3,13
LASALLE-:-PERU 4,13
LASALLE-:-PERU 5,13
LASALLE-:-PERU 6,13
LASALLE-:-PERU 7,13
LASALLE-:-PERU 8,2
LASALLE-:-PERU 9,13
LASALLE-:-RICHLAND,2
LASALLE-:-RUTLAND 1,10
LASALLE-:-RUTLAND 2,2
LASALLE-:-RUTLAND 3,10
LASALLE-:-SERENA,2
LASALLE-:-SO. OTTAWA 1,10
LASALLE-:-SO. OTTAWA 2,10
LASALLE-:-SO. OTTAWA 3,10
LASALLE-:-SO. OTTAWA 4,10
LASALLE-:-SO. OTTAWA 5,10
LASALLE-:-SO. OTTAWA 6,10
LASALLE-:-SO. OTTAWA 7,10
LASALLE-:-SO. OTTAWA 8,10
LASALLE-:-TROY GROVE 1,2
LASALLE-:-TROY GROVE 2,2
LASALLE-:-UTICA 1,13
LASALLE-:-UTICA 2,2
LASALLE-:-VERMILLION,2
LASALLE-:-WALLACE,2
LASALLE-:-WALTHAM,2
LAWRENCE-:-ALLISON 1,11
LAWRENCE-:-BOND 3,11
LAWRENCE-:-BRIDGEPORT 4,11
LAWRENCE-:-BRIDGEPORT 6,11
LAWRENCE-:-CHRISTY 8,11
LAWRENCE-:-DENISON 10,11
LAWRENCE-:-DENISON 12,11
LAWRENCE-:-LAWRENCE 13,11
LAWRENCE-:-LAWRENCE 15,11
LAWRENCE-:-LAWRENCE 16,11
LAWRENCE-:-LAWRENCE 17,11
LAWRENCE-:-LAWRENCE 18,11
LAWRENCE-:-LAWRENCE 20,11
LAWRENCE-:-LAWRENCE 22,11
LAWRENCE-:-LUKIN 24,11
LAWRENCE-:-PETTY 25,11
LAWRENCE-:-RUSSELL 27,11
LEE-:-ALTO,2
LEE-:-AMBOY 1,2
LEE-:-AMBOY 2,2
LEE-:-AMBOY 3,2
LEE-:-ASHTON 1,2
LEE-:-ASHTON 2,2
LEE-:-BRADFORD,2
LEE-:-BROOKLYN 1,2
LEE-:-BROOKLYN 2,2
LEE-:-DIXON 1,2
LEE-:-DIXON 10,2
LEE-:-DIXON 11,2
LEE-:-DIXON 12,2
LEE-:-DIXON 13,2
LEE-:-DIXON 14,2
LEE-:-DIXON 15,2
LEE-:-DIXON 16,2
LEE-:-DIXON 17,2
LEE-:-DIXON 2,2
LEE-:-DIXON 3,2
LEE-:-DIXON 4,2
LEE-:-DIXON 5,2
LEE-:-DIXON 6,2
LEE-:-DIXON 7,2
LEE-:-DIXON 8,2
LEE-:-DIXON 9,2
LEE-:-EAST GROVE,2
LEE-:-FRANKLIN GROVE 1,2
LEE-:-FRANKLIN GROVE 2,2
LEE-:-HAMILTON,2
LEE-:-HARMON,2
LEE-:-LEE CENTER,2
LEE-:-MARION,2
LEE-:-MAY,2
LEE-:-NACHUSA,2
LEE-:-NELSON,2
LEE-:-PALMYRA 1,2
LEE-:-PALMYRA 2,2
LEE-:-PALMYRA 3,2
LEE-:-REYNOLDS,2
LEE-:-SOUTH DIXON,2
LEE-:-SUBLETTE,2
LEE-:-VIOLA,2
LEE-:-WILLOW CREEK,2
LEE-:-WYOMING 1,2
LEE-:-WYOMING 2,2
LIVINGSTON-:-AMITY,2
LIVINGSTON-:-AVOCA,2
LIVINGSTON-:-BELLE PRAIRIE,2
LIVINGSTON-:-BROUGHTON,2
LIVINGSTON-:-CHARLOTTE,2
LIVINGSTON-:-CHATSWORTH 1,2
LIVINGSTON-:-DWIGHT 1,2
LIVINGSTON-:-DWIGHT 2,2
LIVINGSTON-:-DWIGHT 3,2
LIVINGSTON-:-DWIGHT 4,2
LIVINGSTON-:-EPPARDS POINT,2
LIVINGSTON-:-FAYETTE,2
LIVINGSTON-:-FORREST 1,2
LIVINGSTON-:-GERMANVILLE,2
LIVINGSTON-:-INDIAN GRV 1,2
LIVINGSTON-:-INDIAN GRV 2,2
LIVINGSTON-:-INDIAN GRV 3,2
LIVINGSTON-:-INDIAN GRV 4,2
LIVINGSTON-:-LONG POINT,2
LIVINGSTON-:-NEBRASKA 1,2
LIVINGSTON-:-NEVADA,2
LIVINGSTON-:-NEWTOWN,2
LIVINGSTON-:-ODELL 1,2
LIVINGSTON-:-OWEGO,2
LIVINGSTON-:-PIKE,2
LIVINGSTON-:-PLEASANT RIDGE,2
LIVINGSTON-:-PONTIAC 1,5
LIVINGSTON-:-PONTIAC 2,5
LIVINGSTON-:-PONTIAC 3,5
LIVINGSTON-:-PONTIAC 4,5
LIVINGSTON-:-PONTIAC 5,5
LIVINGSTON-:-PONTIAC 6,5
LIVINGSTON-:-PONTIAC 7,5
LIVINGSTON-:-PONTIAC 8,5
LIVINGSTON-:-READING 1,2
LIVINGSTON-:-READING 2,2
LIVINGSTON-:-ROOKS CREEK,2
LIVINGSTON-:-ROUND GROVE,2
LIVINGSTON-:-SAUNEMIN,2
LIVINGSTON-:-SULLIVAN,2
LIVINGSTON-:-SUNBURY,2
LIVINGSTON-:-UNION,2
LIVINGSTON-:-WALDO,2
LOGAN-:-AETNA,2
LOGAN-:-ATLANTA,2
LOGAN-:-BROADWELL,2
LOGAN-:-CHESTER,2
LOGAN-:-CORWIN,2
LOGAN-:-EAST LINCOLN 1,2
LOGAN-:-EAST LINCOLN 2,2
LOGAN-:-EAST LINCOLN 3,2
LOGAN-:-EAST LINCOLN 4,2
LOGAN-:-EAST LINCOLN 5,2
LOGAN-:-EAST LINCOLN 6,2
LOGAN-:-ELKHART,2
LOGAN-:-EMINENCE,2
LOGAN-:-HURLBUT,2
LOGAN-:-LAKE FORK/LAENNA,2
LOGAN-:-MT. PULASKI 1,2
LOGAN-:-MT. PULASKI 2,2
LOGAN-:-ORAN,2
LOGAN-:-ORVIL 1,2
LOGAN-:-ORVIL 2,2
LOGAN-:-PRAIRIE CREEK,2
LOGAN-:-SHERIDAN,2
LOGAN-:-WEST LINCOLN 1,2
LOGAN-:-WEST LINCOLN 2,2
LOGAN-:-WEST LINCOLN 3,2
LOGAN-:-WEST LINCOLN 4,2
LOGAN-:-WEST LINCOLN 5,2
LOGAN-:-WEST LINCOLN 6,2
LOGAN-:-WEST LINCOLN 7,2
MACON-:-AUSTIN,4
MACON-:-BLUE MOUND,4
MACON-:-DECATUR 1,4
MACON-:-DECATUR 10,4
MACON-:-DECATUR 11,4
MACON-:-DECATUR 12,4
MACON-:-DECATUR 13,4
MACON-:-DECATUR 14,4
MACON-:-DECATUR 15,4
MACON-:-DECATUR 17,4
MACON-:-DECATUR 18,4
MACON-:-DECATUR 2,4
MACON-:-DECATUR 20,4
MACON-:-DECATUR 21,4
MACON-:-DECATUR 22,4
MACON-:-DECATUR 23,4
MACON-:-DECATUR 24,4
MACON-:-DECATUR 25,4
MACON-:-DECATUR 26,4
MACON-:-DECATUR 3,4
MACON-:-DECATUR 4,4
MACON-:-DECATUR 5,4
MACON-:-DECATUR 6,4
MACON-:-FRIENDS CREEK,4
MACON-:-HICKORY PT. 1,4
MACON-:-HICKORY PT. 10,4
MACON-:-HICKORY PT. 11,4
MACON-:-HICKORY PT. 4,4
MACON-:-HICKORY PT. 5,4
MACON-:-HICKORY PT. 6,4
MACON-:-HICKORY PT. 7,4
MACON-:-HICKORY PT. 8,4
MACON-:-HICKORY PT. 9,4
MACON-:-ILLINI,4
MACON-:-LONG CREEK 1,4
MACON-:-LONG CREEK 2,4
MACON-:-LONG CREEK 3,4
MACON-:-LONG CREEK 5,4
MACON-:-LONG CREEK 6,4
MACON-:-LONG CREEK 7,4
MACON-:-MAROA,4
MACON-:-MT. ZION 1,4
MACON-:-MT. ZION 2,4
MACON-:-MT. ZION 3,4
MACON-:-NIANTIC,4
MACON-:-PLEASANT VIEW,4
MACON-:-SOUTH MACON,4
MACON-:-SOUTH WHEATLAND 1,4
MACON-:-SOUTH WHEATLAND 2,4
MACON-:-SOUTH WHEATLAND 3,4
MACON-:-WHITMORE 1,4
MACON-:-WHITMORE 2,4
MACOUPIN-:-BARR,5
MACOUPIN-:-BIRD,5
MACOUPIN-:-BRIGHTON 1,5
MACOUPIN-:-BRIGHTON 2,5
MACOUPIN-:-BRIGHTON 3,5
MACOUPIN-:-BRUSHY MOUND,5
MACOUPIN-:-BUNKER HILL 1,5
MACOUPIN-:-BUNKER HILL 2,5
MACOUPIN-:-BUNKER HILL 3,5
MACOUPIN-:-CAHOKIA 1,5
MACOUPIN-:-CAHOKIA 2,5
MACOUPIN-:-CARLINVILLE 1,5
MACOUPIN-:-CARLINVILLE 2,5
MACOUPIN-:-CARLINVILLE 3,5
MACOUPIN-:-CARLINVILLE 4,5
MACOUPIN-:-CARLINVILLE 5,5
MACOUPIN-:-CHESTERFIELD,5
MACOUPIN-:-DORCHESTER,5
MACOUPIN-:-GILLESPIE 1,5
MACOUPIN-:-GILLESPIE 2,5
MACOUPIN-:-GILLESPIE 3,5
MACOUPIN-:-GIRARD 1,5
MACOUPIN-:-GIRARD 2,5
MACOUPIN-:-HILYARD,5
MACOUPIN-:-HONEY POINT,5
MACOUPIN-:-MT. OLIVE 1,5
MACOUPIN-:-MT. OLIVE 2,5
MACOUPIN-:-MT. OLIVE 3,5
MACOUPIN-:-MT. OLIVE 4,5
MACOUPIN-:-NILWOOD,5
MACOUPIN-:-NORTH OTTER,5
MACOUPIN-:-NORTH PALMYRA,5
MACOUPIN-:-POLK,5
MACOUPIN-:-SCOTTVILLE,5
MACOUPIN-:-SHAWS POINT,5
MACOUPIN-:-SHIPMAN,5
MACOUPIN-:-SOUTH OTTER,5
MACOUPIN-:-SOUTH PALMYRA,5
MACOUPIN-:-STAUNTON 1,5
MACOUPIN-:-STAUNTON 2,5
MACOUPIN-:-STAUNTON 3,5
MACOUPIN-:-STAUNTON 4,5
MACOUPIN-:-VIRDEN 1,5
MACOUPIN-:-VIRDEN 2,5
MACOUPIN-:-WESTERN MOUND,5
MADISON-:-ALHAMBRA 01,5
MADISON-:-ALTON 02,5
MADISON-:-ALTON 04,5
MADISON-:-ALTON 06,5
MADISON-:-ALTON 07,5
MADISON-:-ALTON 08,5
MADISON-:-ALTON 09,5
MADISON-:-ALTON 10,5
MADISON-:-ALTON 11,5
MADISON-:-ALTON 12,5
MADISON-:-ALTON 13,5
MADISON-:-ALTON 14,5
MADISON-:-ALTON 15,5
MADISON-:-ALTON 16,5
MADISON-:-ALTON 17,5
MADISON-:-CHOUTEAU 01,5
MADISON-:-CHOUTEAU 02,5
MADISON-:-CHOUTEAU 03,5
MADISON-:-CHOUTEAU 04,5
MADISON-:-CHOUTEAU 05,5
MADISON-:-CHOUTEAU 06,5
MADISON-:-COLLINSVILLE 02,5
MADISON-:-COLLINSVILLE 03,5
MADISON-:-COLLINSVILLE 04,5
MADISON-:-COLLINSVILLE 05,5
MADISON-:-COLLINSVILLE 06,5
MADISON-:-COLLINSVILLE 07,5
MADISON-:-COLLINSVILLE 08,5
MADISON-:-COLLINSVILLE 09,5
MADISON-:-COLLINSVILLE 10,5
MADISON-:-COLLINSVILLE 11,5
MADISON-:-COLLINSVILLE 12,5
MADISON-:-COLLINSVILLE 13,5
MADISON-:-COLLINSVILLE 14,5
MADISON-:-COLLINSVILLE 15,5
MADISON-:-COLLINSVILLE 16,5
MADISON-:-COLLINSVILLE 17,5
MADISON-:-COLLINSVILLE 18,5
MADISON-:-COLLINSVILLE 19,5
MADISON-:-COLLINSVILLE 21,5
MADISON-:-COLLINSVILLE 22,5
MADISON-:-COLLINSVILLE 23,5
MADISON-:-COLLINSVILLE 24,5
MADISON-:-COLLINSVILLE 25,5
MADISON-:-EDWARDSVILLE 01,5
MADISON-:-EDWARDSVILLE 02,5
MADISON-:-EDWARDSVILLE 03,5
MADISON-:-EDWARDSVILLE 04,5
MADISON-:-EDWARDSVILLE 05,5
MADISON-:-EDWARDSVILLE 06,5
MADISON-:-EDWARDSVILLE 07,5
MADISON-:-EDWARDSVILLE 08,5
MADISON-:-EDWARDSVILLE 09,5
MADISON-:-EDWARDSVILLE 10,5
MADISON-:-EDWARDSVILLE 11,5
MADISON-:-EDWARDSVILLE 12,5
MADISON-:-EDWARDSVILLE 13,5
MADISON-:-EDWARDSVILLE 14,5
MADISON-:-EDWARDSVILLE 15,5
MADISON-:-EDWARDSVILLE 16,5
MADISON-:-EDWARDSVILLE 17,5
MADISON-:-EDWARDSVILLE 18,5
MADISON-:-EDWARDSVILLE 19,5
MADISON-:-EDWARDSVILLE 20,5
MADISON-:-EDWARDSVILLE 21,5
MADISON-:-EDWARDSVILLE 22,5
MADISON-:-EDWARDSVILLE 23,5
MADISON-:-EDWARDSVILLE 24,5
MADISON-:-EDWARDSVILLE 25,5
MADISON-:-EDWARDSVILLE 26,5
MADISON-:-FOSTER 01,5
MADISON-:-FOSTER 03,5
MADISON-:-FOSTER 04,5
MADISON-:-FT. RUSSELL 01,5
MADISON-:-FT. RUSSELL 02,5
MADISON-:-FT. RUSSELL 03,5
MADISON-:-FT. RUSSELL 04,5
MADISON-:-FT. RUSSELL 05,5
MADISON-:-FT. RUSSELL 06,5
MADISON-:-GODFREY 01,5
MADISON-:-GODFREY 02,5
MADISON-:-GODFREY 03,5
MADISON-:-GODFREY 04,5
MADISON-:-GODFREY 05,5
MADISON-:-GODFREY 06,5
MADISON-:-GODFREY 07,5
MADISON-:-GODFREY 08,5
MADISON-:-GODFREY 09,5
MADISON-:-GODFREY 10,5
MADISON-:-GODFREY 11,5
MADISON-:-GODFREY 12,5
MADISON-:-GODFREY 13,5
MADISON-:-GODFREY 14,5
MADISON-:-GRANITE CITY 01,5
MADISON-:-GRANITE CITY 02,5
MADISON-:-GRANITE CITY 03,5
MADISON-:-GRANITE CITY 04,5
MADISON-:-GRANITE CITY 05,5
MADISON-:-GRANITE CITY 06,5
MADISON-:-GRANITE CITY 07,5
MADISON-:-GRANITE CITY 08,5
MADISON-:-GRANITE CITY 09,5
MADISON-:-GRANITE CITY 10,5
MADISON-:-GRANITE CITY 11,5
MADISON-:-GRANITE CITY 12,5
MADISON-:-GRANITE CITY 13,5
MADISON-:-GRANITE CITY 14,5
MADISON-:-GRANITE CITY 15,5
MADISON-:-GRANITE CITY 16,5
MADISON-:-GRANITE CITY 17,5
MADISON-:-HAMEL 01,5
MADISON-:-HAMEL 02,5
MADISON-:-HELVETIA 01,5
MADISON-:-HELVETIA 02,5
MADISON-:-HELVETIA 03,5
MADISON-:-HELVETIA 04,5
MADISON-:-HELVETIA 05,5
MADISON-:-HELVETIA 06,5
MADISON-:-JARVIS 01,5
MADISON-:-JARVIS 02,5
MADISON-:-JARVIS 03,5
MADISON-:-JARVIS 04,5
MADISON-:-JARVIS 05,5
MADISON-:-JARVIS 06,5
MADISON-:-JARVIS 07,5
MADISON-:-JARVIS 08,5
MADISON-:-JARVIS 09,5
MADISON-:-JARVIS 10,5
MADISON-:-JARVIS 11,5
MADISON-:-JARVIS 12,5
MADISON-:-LEEF 01,5
MADISON-:-MARINE 01,5
MADISON-:-MARINE 02,5
MADISON-:-MORO 01,5
MADISON-:-MORO 03,5
MADISON-:-NAMEOKI 01,5
MADISON-:-NAMEOKI 02,5
MADISON-:-NAMEOKI 03,5
MADISON-:-NAMEOKI 04,5
MADISON-:-NAMEOKI 05,5
MADISON-:-NAMEOKI 06,5
MADISON-:-NAMEOKI 07,5
MADISON-:-NAMEOKI 08,5
MADISON-:-NEW DOUGLAS 01,5
MADISON-:-OLIVE 01,5
MADISON-:-OLIVE 02,5
MADISON-:-OMPHGHENT 01,5
MADISON-:-OMPHGHENT 02,5
MADISON-:-PIN OAK 01,5
MADISON-:-PIN OAK 02,5
MADISON-:-PIN OAK 03,5
MADISON-:-SALINE 01,5
MADISON-:-SALINE 02,5
MADISON-:-SALINE 03,5
MADISON-:-SALINE 04,5
MADISON-:-SALINE 05,5
MADISON-:-ST. JACOB 01,5
MADISON-:-ST. JACOB 02,5
MADISON-:-VENICE 01,5
MADISON-:-VENICE 02,5
MADISON-:-VENICE 03,5
MADISON-:-VENICE 04,5
MADISON-:-WOOD RIVER 01,5
MADISON-:-WOOD RIVER 02,5
MADISON-:-WOOD RIVER 03,5
MADISON-:-WOOD RIVER 04,5
MADISON-:-WOOD RIVER 05,5
MADISON-:-WOOD RIVER 06,5
MADISON-:-WOOD RIVER 07,5
MADISON-:-WOOD RIVER 08,5
MADISON-:-WOOD RIVER 09,5
MADISON-:-WOOD RIVER 10,5
MADISON-:-WOOD RIVER 11,5
MADISON-:-WOOD RIVER 12,5
MADISON-:-WOOD RIVER 13,5
MADISON-:-WOOD RIVER 14,5
MADISON-:-WOOD RIVER 15,5
MADISON-:-WOOD RIVER 16,5
MADISON-:-WOOD RIVER 17,5
MADISON-:-WOOD RIVER 18,5
MADISON-:-WOOD RIVER 19,5
MADISON-:-WOOD RIVER 20,5
MADISON-:-WOOD RIVER 21,5
MARION-:-ALMA,11
MARION-:-CARRIGAN,11
MARION-:-CENTRALIA 1,11
MARION-:-CENTRALIA 11,11
MARION-:-CENTRALIA 12,11
MARION-:-CENTRALIA 13,11
MARION-:-CENTRALIA 14,11
MARION-:-CENTRALIA 15,11
MARION-:-CENTRALIA 17,11
MARION-:-CENTRALIA 3,11
MARION-:-CENTRALIA 4,11
MARION-:-CENTRALIA 5,11
MARION-:-CENTRALIA 6,11
MARION-:-CENTRALIA 7,11
MARION-:-CENTRALIA 9,11
MARION-:-FOSTER,11
MARION-:-HAINES,11
MARION-:-IUKA,11
MARION-:-KINMUNDY,11
MARION-:-MEACHAM,11
MARION-:-ODIN,11
MARION-:-OMEGA,11
MARION-:-PATOKA,11
MARION-:-RACCOON,11
MARION-:-ROMINE,11
MARION-:-SALEM 1,11
MARION-:-SALEM 2,11
MARION-:-SALEM 4,11
MARION-:-SALEM 5,11
MARION-:-SALEM 6,11
MARION-:-SALEM 7,11
MARION-:-SALEM 8,11
MARION-:-SALEM 9,11
MARION-:-SANDOVAL 1,11
MARION-:-SANDOVAL 3,11
MARION-:-STEVENSON,11
MARION-:-TONTI,11
MARSHALL-:-BELL PLAIN,2
MARSHALL-:-BENNINGTON,2
MARSHALL-:-EVANS,2
MARSHALL-:-HENRY 1,2
MARSHALL-:-HENRY 2,2
MARSHALL-:-HOPEWELL,2
MARSHALL-:-LA PRAIRIE,2
MARSHALL-:-LACON 1,2
MARSHALL-:-LACON 2,2
MARSHALL-:-RICHLAND,2
MARSHALL-:-ROBERTS,2
MARSHALL-:-SARATOGA,2
MARSHALL-:-STEUBEN,2
MARSHALL-:-WHITEFIELD,2
MASON-:-ALLENS GROVE,2
MASON-:-BATH 1,2
MASON-:-CRANE CREEK,2
MASON-:-FOREST CITY,2
MASON-:-HAVANA 1,2
MASON-:-HAVANA 2,2
MASON-:-HAVANA 3,2
MASON-:-HAVANA 4,2
MASON-:-HAVANA 5,2
MASON-:-HAVANA 6,2
MASON-:-KILBOURNE,2
MASON-:-LYNCHBURG,2
MASON-:-MANITO 1,2
MASON-:-MANITO 2,2
MASON-:-MASON CITY 1,2
MASON-:-MASON CITY 2,2
MASON-:-MASON CITY 3,2
MASON-:-PENNSYLVANIA,2
MASON-:-QUIVER,2
MASON-:-SALT CREEK,2
MASON-:-SHERMAN,2
MASSAC-:-ADKINS-17COMB,6
MASSAC-:-BENTON-10,6
MASSAC-:-EAST BROOKLYN-7COMB,6
MASSAC-:-FRANKLIN-15,6
MASSAC-:-GEORGE'S CREEK-11,6
MASSAC-:-GRANT-14,6
MASSAC-:-HILLERMAN-13COMB,6
MASSAC-:-JACKSON-8,6
MASSAC-:-JEFFERSON-16COMB,6
MASSAC-:-LINCOLN-5,6
MASSAC-:-LOGAN-12,6
MASSAC-:-METROPOLIS 1-1,6
MASSAC-:-METROPOLIS 2-2,6
MASSAC-:-METROPOLIS 3-3,6
MASSAC-:-METROPOLIS 4-4,6
MASSAC-:-WASHINGTON-9,6
MASSAC-:-WEST BROOKLYN-6COMB,6
MCDONOUGH-:-BETHEL-1/2,2
MCDONOUGH-:-BLANDINSVILLE-3/4,2
MCDONOUGH-:-BUSHNELL 1-5,2
MCDONOUGH-:-BUSHNELL 2-6,2
MCDONOUGH-:-CHALMERS-7/8,2
MCDONOUGH-:-COLCHESTER-9,2
MCDONOUGH-:-ELDORADO-10,2
MCDONOUGH-:-EMMET-11/12,2
MCDONOUGH-:-EMMET-13,2
MCDONOUGH-:-HIRE-14,2
MCDONOUGH-:-INDUSTRY-15,2
MCDONOUGH-:-LAMOINE-16/17,2
MCDONOUGH-:-MACOMB CITY 1-18,2
MCDONOUGH-:-MACOMB CITY 1-19,6
MCDONOUGH-:-MACOMB CITY 2-20,2
MCDONOUGH-:-MACOMB CITY 2-21,6
MCDONOUGH-:-MACOMB CITY 3-22,2
MCDONOUGH-:-MACOMB CITY 3-23,6
MCDONOUGH-:-MACOMB CITY 4-24,8
MCDONOUGH-:-MACOMB CITY 5-25,8
MCDONOUGH-:-MACOMB CITY 5-26,2
MCDONOUGH-:-MACOMB CITY 6-27,6
MCDONOUGH-:-MACOMB CITY 7-28,2
MCDONOUGH-:-MACOMB CITY 7-29,6
MCDONOUGH-:-MACOMB CITY 7-30,2
MCDONOUGH-:-MACOMB CITY 8-31,2
MCDONOUGH-:-MACOMB TOWNSHIP-32/33,2
MCDONOUGH-:-MOUND-34,2
MCDONOUGH-:-MOUND-35,2
MCDONOUGH-:-NEW SALEM-36,2
MCDONOUGH-:-PRAIRIE CITY-37,2
MCDONOUGH-:-SCIOTA-38/39,2
MCDONOUGH-:-SCOTLAND-40,2
MCDONOUGH-:-SCOTLAND-41,2
MCDONOUGH-:-TENNESSEE-43,2
MCDONOUGH-:-WALNUT GROVE-44/45,2
MCHENRY-:-ALDEN ALD 01,8
MCHENRY-:-ALGONQUIN ALG 01,15
MCHENRY-:-ALGONQUIN ALG 02,10
MCHENRY-:-ALGONQUIN ALG 03,5
MCHENRY-:-ALGONQUIN ALG 04,5
MCHENRY-:-ALGONQUIN ALG 05,15
MCHENRY-:-ALGONQUIN ALG 06,15
MCHENRY-:-ALGONQUIN ALG 07,15
MCHENRY-:-ALGONQUIN ALG 08,15
MCHENRY-:-ALGONQUIN ALG 09,5
MCHENRY-:-ALGONQUIN ALG 10,15
MCHENRY-:-ALGONQUIN ALG 11,5
MCHENRY-:-ALGONQUIN ALG 12,5
MCHENRY-:-ALGONQUIN ALG 13,15
MCHENRY-:-ALGONQUIN ALG 14,15
MCHENRY-:-ALGONQUIN ALG 15,12
MCHENRY-:-ALGONQUIN ALG 16,15
MCHENRY-:-ALGONQUIN ALG 17,15
MCHENRY-:-ALGONQUIN ALG 18,12
MCHENRY-:-ALGONQUIN ALG 19,12
MCHENRY-:-ALGONQUIN ALG 20,12
MCHENRY-:-ALGONQUIN ALG 21,12
MCHENRY-:-ALGONQUIN ALG 22,12
MCHENRY-:-ALGONQUIN ALG 23,12
MCHENRY-:-ALGONQUIN ALG 24,12
MCHENRY-:-ALGONQUIN ALG 25,15
MCHENRY-:-ALGONQUIN ALG 26,15
MCHENRY-:-ALGONQUIN ALG 27,15
MCHENRY-:-ALGONQUIN ALG 28,10
MCHENRY-:-ALGONQUIN ALG 29,15
MCHENRY-:-ALGONQUIN ALG 30,15
MCHENRY-:-ALGONQUIN ALG 31,15
MCHENRY-:-ALGONQUIN ALG 32,15
MCHENRY-:-ALGONQUIN ALG 33,10
MCHENRY-:-ALGONQUIN ALG 34,10
MCHENRY-:-ALGONQUIN ALG 35,15
MCHENRY-:-ALGONQUIN ALG 36,10
MCHENRY-:-ALGONQUIN ALG 37,10
MCHENRY-:-ALGONQUIN ALG 38,10
MCHENRY-:-ALGONQUIN ALG 39,10
MCHENRY-:-ALGONQUIN ALG 40,10
MCHENRY-:-ALGONQUIN ALG 41,10
MCHENRY-:-ALGONQUIN ALG 42,15
MCHENRY-:-ALGONQUIN ALG 43,15
MCHENRY-:-ALGONQUIN ALG 44,6
MCHENRY-:-ALGONQUIN ALG 45,15
MCHENRY-:-ALGONQUIN ALG 46,15
MCHENRY-:-ALGONQUIN ALG 47,15
MCHENRY-:-ALGONQUIN ALG 48,10
MCHENRY-:-ALGONQUIN ALG 49,15
MCHENRY-:-ALGONQUIN ALG 50,10
MCHENRY-:-ALGONQUIN ALG 51,15
MCHENRY-:-ALGONQUIN ALG 52,10
MCHENRY-:-ALGONQUIN ALG 53,10
MCHENRY-:-ALGONQUIN ALG 54,10
MCHENRY-:-ALGONQUIN ALG 55,15
MCHENRY-:-ALGONQUIN ALG 56,10
MCHENRY-:-ALGONQUIN ALG 57,10
MCHENRY-:-ALGONQUIN ALG 58,15
MCHENRY-:-ALGONQUIN ALG 59,15
MCHENRY-:-ALGONQUIN ALG 60,15
MCHENRY-:-ALGONQUIN ALG 61,15
MCHENRY-:-ALGONQUIN ALG 62,15
MCHENRY-:-ALGONQUIN ALG 63,15
MCHENRY-:-BURTON BUR 01,6
MCHENRY-:-BURTON BUR 02,6
MCHENRY-:-BURTON BUR 03,6
MCHENRY-:-BURTON BUR 04,15
MCHENRY-:-CHEMUNG CHE 01,8
MCHENRY-:-CHEMUNG CHE 02,8
MCHENRY-:-CHEMUNG CHE 03,8
MCHENRY-:-CHEMUNG CHE 04,8
MCHENRY-:-CHEMUNG CHE 05,8
MCHENRY-:-CORAL COR 01,8
MCHENRY-:-CORAL COR 02,15
MCHENRY-:-CORAL COR 03,5
MCHENRY-:-DORR DOR 01,15
MCHENRY-:-DORR DOR 02,15
MCHENRY-:-DORR DOR 03,15
MCHENRY-:-DORR DOR 04,15
MCHENRY-:-DORR DOR 05,5
MCHENRY-:-DORR DOR 06,15
MCHENRY-:-DORR DOR 07,5
MCHENRY-:-DORR DOR 08,15
MCHENRY-:-DORR DOR 09,15
MCHENRY-:-DORR DOR 10,15
MCHENRY-:-DORR DOR 11,15
MCHENRY-:-DORR DOR 12,15
MCHENRY-:-DORR DOR 13,6
MCHENRY-:-DORR DOR 14,6
MCHENRY-:-DUNHAM DUN 01,8
MCHENRY-:-DUNHAM DUN 02,8
MCHENRY-:-GRAFTON GRA 01,15
MCHENRY-:-GRAFTON GRA 02,15
MCHENRY-:-GRAFTON GRA 03,15
MCHENRY-:-GRAFTON GRA 04,15
MCHENRY-:-GRAFTON GRA 05,5
MCHENRY-:-GRAFTON GRA 06,15
MCHENRY-:-GRAFTON GRA 07,15
MCHENRY-:-GRAFTON GRA 08,5
MCHENRY-:-GRAFTON GRA 09,15
MCHENRY-:-GRAFTON GRA 10,15
MCHENRY-:-GRAFTON GRA 11,5
MCHENRY-:-GRAFTON GRA 12,15
MCHENRY-:-GRAFTON GRA 13,15
MCHENRY-:-GRAFTON GRA 14,15
MCHENRY-:-GRAFTON GRA 15,15
MCHENRY-:-GRAFTON GRA 16,15
MCHENRY-:-GRAFTON GRA 17,15
MCHENRY-:-GRAFTON GRA 18,5
MCHENRY-:-GRAFTON GRA 19,15
MCHENRY-:-GRAFTON GRA 20,15
MCHENRY-:-GRAFTON GRA 21,15
MCHENRY-:-GRAFTON GRA 22,15
MCHENRY-:-GRAFTON GRA 23,15
MCHENRY-:-GRAFTON GRA 24,15
MCHENRY-:-GRAFTON GRA 25,15
MCHENRY-:-GRAFTON GRA 26,5
MCHENRY-:-GRAFTON GRA 27,5
MCHENRY-:-GRAFTON GRA 28,15
MCHENRY-:-GRAFTON GRA 29,15
MCHENRY-:-GRAFTON GRA 30,15
MCHENRY-:-GRAFTON GRA 31,5
MCHENRY-:-GRAFTON GRA 32,6
MCHENRY-:-GRAFTON GRA 33,5
MCHENRY-:-GRAFTON GRA 34,5
MCHENRY-:-GRAFTON GRA 35,15
MCHENRY-:-GRAFTON GRA 36,15
MCHENRY-:-GRAFTON GRA 37,15
MCHENRY-:-GRAFTON GRA 38,15
MCHENRY-:-GREENWOOD GRE 01,8
MCHENRY-:-GREENWOOD GRE 02,6
MCHENRY-:-GREENWOOD GRE 03,15
MCHENRY-:-GREENWOOD GRE 04,15
MCHENRY-:-GREENWOOD GRE 05,15
MCHENRY-:-GREENWOOD GRE 07,8
MCHENRY-:-GREENWOOD GRE 08,15
MCHENRY-:-GREENWOOD GRE 09,15
MCHENRY-:-GREENWOOD GRE 10,15
MCHENRY-:-HEBRON HEB 01,8
MCHENRY-:-HEBRON HEB 02,8
MCHENRY-:-MARENGO MAR 01,8
MCHENRY-:-MARENGO MAR 02,8
MCHENRY-:-MARENGO MAR 03,8
MCHENRY-:-MARENGO MAR 04,8
MCHENRY-:-MARENGO MAR 05,8
MCHENRY-:-MCHENRY MCH 01,15
MCHENRY-:-MCHENRY MCH 02,15
MCHENRY-:-MCHENRY MCH 03,15
MCHENRY-:-MCHENRY MCH 04,5
MCHENRY-:-MCHENRY MCH 05,15
MCHENRY-:-MCHENRY MCH 06,15
MCHENRY-:-MCHENRY MCH 08,15
MCHENRY-:-MCHENRY MCH 09,15
MCHENRY-:-MCHENRY MCH 10,15
MCHENRY-:-MCHENRY MCH 11,15
MCHENRY-:-MCHENRY MCH 12,15
MCHENRY-:-MCHENRY MCH 13,15
MCHENRY-:-MCHENRY MCH 14,15
MCHENRY-:-MCHENRY MCH 15,6
MCHENRY-:-MCHENRY MCH 16,15
MCHENRY-:-MCHENRY MCH 17,15
MCHENRY-:-MCHENRY MCH 18,6
MCHENRY-:-MCHENRY MCH 19,15
MCHENRY-:-MCHENRY MCH 20,15
MCHENRY-:-MCHENRY MCH 21,15
MCHENRY-:-MCHENRY MCH 22,6
MCHENRY-:-MCHENRY MCH 23,5
MCHENRY-:-MCHENRY MCH 24,15
MCHENRY-:-MCHENRY MCH 25,15
MCHENRY-:-MCHENRY MCH 26,15
MCHENRY-:-MCHENRY MCH 27,5
MCHENRY-:-MCHENRY MCH 28,15
MCHENRY-:-MCHENRY MCH 29,5
MCHENRY-:-MCHENRY MCH 30,5
MCHENRY-:-MCHENRY MCH 31,5
MCHENRY-:-MCHENRY MCH 32,5
MCHENRY-:-MCHENRY MCH 33,15
MCHENRY-:-MCHENRY MCH 34,16
MCHENRY-:-NUNDA NUN 01,15
MCHENRY-:-NUNDA NUN 02,15
MCHENRY-:-NUNDA NUN 03,6
MCHENRY-:-NUNDA NUN 04,15
MCHENRY-:-NUNDA NUN 05,6
MCHENRY-:-NUNDA NUN 06,10
MCHENRY-:-NUNDA NUN 07,15
MCHENRY-:-NUNDA NUN 08,15
MCHENRY-:-NUNDA NUN 09,10
MCHENRY-:-NUNDA NUN 10,10
MCHENRY-:-NUNDA NUN 11,10
MCHENRY-:-NUNDA NUN 12,15
MCHENRY-:-NUNDA NUN 13,15
MCHENRY-:-NUNDA NUN 14,10
MCHENRY-:-NUNDA NUN 15,10
MCHENRY-:-NUNDA NUN 16,10
MCHENRY-:-NUNDA NUN 17,15
MCHENRY-:-NUNDA NUN 18,15
MCHENRY-:-NUNDA NUN 19,10
MCHENRY-:-NUNDA NUN 20,10
MCHENRY-:-NUNDA NUN 21,10
MCHENRY-:-NUNDA NUN 22,10
MCHENRY-:-NUNDA NUN 23,10
MCHENRY-:-NUNDA NUN 24,10
MCHENRY-:-NUNDA NUN 25,16
MCHENRY-:-NUNDA NUN 26,5
MCHENRY-:-NUNDA NUN 27,10
MCHENRY-:-NUNDA NUN 28,10
MCHENRY-:-NUNDA NUN 29,16
MCHENRY-:-RICHMOND RIC 01,6
MCHENRY-:-RICHMOND RIC 02,6
MCHENRY-:-RICHMOND RIC 03,6
MCHENRY-:-RICHMOND RIC 04,6
MCHENRY-:-RICHMOND RIC 05,15
MCHENRY-:-RICHMOND RIC 06,6
MCHENRY-:-RILEY RIL 01,8
MCHENRY-:-RILEY RIL 02,8
MCHENRY-:-SENECA SEN 01,15
MCHENRY-:-SENECA SEN 02,15
MCHENRY-:-SENECA SEN 03,8
MCLEAN-:-ANCHOR 01,1
MCLEAN-:-ARROWSMITH 01,1
MCLEAN-:-BELLFLOWER 01,1
MCLEAN-:-BLOOMINGTON 03,1
MCLEAN-:-BLUE MOUND 01,1
MCLEAN-:-CHENEY'S GROVE 01,1
MCLEAN-:-CHENOA 01,1
MCLEAN-:-CHENOA 02,1
MCLEAN-:-CROPSEY 01,1
MCLEAN-:-DANVERS 01,1
MCLEAN-:-DANVERS 02,6
MCLEAN-:-DAWSON 01,1
MCLEAN-:-DOWNS 01,1
MCLEAN-:-DRY GROVE 01,1
MCLEAN-:-DRY GROVE 02,1
MCLEAN-:-EMPIRE 01,1
MCLEAN-:-EMPIRE 02,1
MCLEAN-:-EMPIRE 03,1
MCLEAN-:-FUNKS GROVE 01,1
MCLEAN-:-GRIDLEY 01,1
MCLEAN-:-GRIDLEY 02,1
MCLEAN-:-HUDSON 01,1
MCLEAN-:-HUDSON 02,1
MCLEAN-:-LAWNDALE 01,1
MCLEAN-:-LEXINGTON 01,1
MCLEAN-:-LEXINGTON 02,1
MCLEAN-:-MARTIN 01,1
MCLEAN-:-MONEY CREEK 01,1
MCLEAN-:-MT. HOPE 01,1
MCLEAN-:-NORMAL 01,1
MCLEAN-:-NORMAL 02,1
MCLEAN-:-NORMAL 03,1
MCLEAN-:-NORMAL 04,1
MCLEAN-:-NORMAL 05,1
MCLEAN-:-NORMAL 06,1
MCLEAN-:-NORMAL 07,1
MCLEAN-:-NORMAL 08,1
MCLEAN-:-NORMAL 09,1
MCLEAN-:-NORMAL 10,1
MCLEAN-:-NORMAL 11,1
MCLEAN-:-NORMAL 12,1
MCLEAN-:-NORMAL 13,1
MCLEAN-:-NORMAL 14,1
MCLEAN-:-NORMAL 15,1
MCLEAN-:-NORMAL 16,1
MCLEAN-:-NORMAL 17,1
MCLEAN-:-NORMAL 18,1
MCLEAN-:-NORMAL 19,1
MCLEAN-:-NORMAL 20,1
MCLEAN-:-NORMAL 21,1
MCLEAN-:-NORMAL 22,1
MCLEAN-:-NORMAL 23,1
MCLEAN-:-NORMAL 24,1
MCLEAN-:-NORMAL 25,1
MCLEAN-:-NORMAL 26,1
MCLEAN-:-NORMAL 27,1
MCLEAN-:-NORMAL 28,8
MCLEAN-:-NORMAL 29,1
MCLEAN-:-NORMAL 30,1
MCLEAN-:-NORMAL 32,1
MCLEAN-:-NORMAL 33,1
MCLEAN-:-NORMAL 34,1
MCLEAN-:-NORMAL 35,1
MCLEAN-:-NORMAL 36,1
MCLEAN-:-OLD TOWN 01,1
MCLEAN-:-OLD TOWN 02,1
MCLEAN-:-OLD TOWN 03,1
MCLEAN-:-RANDOLPH 01,1
MCLEAN-:-RANDOLPH 02,1
MCLEAN-:-RANDOLPH 03,1
MCLEAN-:-RANDOLPH 04,1
MCLEAN-:-TOWANDA 01,1
MCLEAN-:-TOWANDA 02,1
MCLEAN-:-WEST 01,1
MCLEAN-:-WHITE OAK 01,1
MCLEAN-:-YATES 01,1
MENARD-:-EAST MENARD,2
MENARD-:-EAST PETERSBURG,2
MENARD-:-GREENVIEW,2
MENARD-:-INDIAN CREEK,2
MENARD-:-NORTH ATHENS-CITY,2
MENARD-:-NORTH ATHENS-RURAL,2
MENARD-:-NORTH PETERSBURG,2
MENARD-:-NORTHWEST MENARD,2
MENARD-:-ROCK CREEK,2
MENARD-:-SOUTH ATHENS-CITY,2
MENARD-:-SOUTH ATHENS-RURAL,2
MENARD-:-SOUTH PETERSBURG,2
MENARD-:-SOUTHWEST MENARD,2
MENARD-:-WEST PETERSBURG,2
MERCER-:-ABINGTON,2
MERCER-:-DUNCAN,2
MERCER-:-ELIZA,2
MERCER-:-GREENE 1,6
MERCER-:-GREENE 2,2
MERCER-:-KEITHSBURG,2
MERCER-:-MERCER 1,2
MERCER-:-MERCER 2,2
MERCER-:-MERCER 3,2
MERCER-:-MERCER 4,2
MERCER-:-MERCER 5,2
MERCER-:-MERCER 6,2
MERCER-:-MILLERSBURG,2
MERCER-:-NEW BOSTON,2
MERCER-:-NORTH HENDERSON,2
MERCER-:-OHIO GROVE,2
MERCER-:-PERRYTON,2
MERCER-:-PREEMPTION 1,2
MERCER-:-PREEMPTION 2,2
MERCER-:-RICHLAND GROVE 1,2
MERCER-:-RICHLAND GROVE 2,2
MERCER-:-RICHLAND GROVE 3,2
MERCER-:-RIVOLI,2
MERCER-:-SUEZ,2
MONROE-:-PRECINCT 1,11
MONROE-:-PRECINCT 10,11
MONROE-:-PRECINCT 11,11
MONROE-:-PRECINCT 12,11
MONROE-:-PRECINCT 13,11
MONROE-:-PRECINCT 14,11
MONROE-:-PRECINCT 15,11
MONROE-:-PRECINCT 16,11
MONROE-:-PRECINCT 17,11
MONROE-:-PRECINCT 18,11
MONROE-:-PRECINCT 19,11
MONROE-:-PRECINCT 2,11
MONROE-:-PRECINCT 20,11
MONROE-:-PRECINCT 21,11
MONROE-:-PRECINCT 22,11
MONROE-:-PRECINCT 23,11
MONROE-:-PRECINCT 24,11
MONROE-:-PRECINCT 25,11
MONROE-:-PRECINCT 3,11
MONROE-:-PRECINCT 4,11
MONROE-:-PRECINCT 5,11
MONROE-:-PRECINCT 6,11
MONROE-:-PRECINCT 7,11
MONROE-:-PRECINCT 8,11
MONROE-:-PRECINCT 9,11
MONTGOMERY-:-AUDUBON,5
MONTGOMERY-:-BOIS D'ARC,5
MONTGOMERY-:-BUTLER GROVE,5
MONTGOMERY-:-EAST FORK 1,5
MONTGOMERY-:-EAST FORK 2,5
MONTGOMERY-:-EAST FORK 3,5
MONTGOMERY-:-FILLMORE CONS,5
MONTGOMERY-:-GRISHAM 1,5
MONTGOMERY-:-GRISHAM 2,5
MONTGOMERY-:-HARVEL,5
MONTGOMERY-:-HILLSBORO 1,5
MONTGOMERY-:-HILLSBORO 2,5
MONTGOMERY-:-HILLSBORO 3,5
MONTGOMERY-:-HILLSBORO 4,5
MONTGOMERY-:-HILLSBORO 5,5
MONTGOMERY-:-HILLSBORO 6,5
MONTGOMERY-:-IRVING,5
MONTGOMERY-:-NOKOMIS 1,5
MONTGOMERY-:-NOKOMIS 2,5
MONTGOMERY-:-NOKOMIS 3,5
MONTGOMERY-:-NOKOMIS 4,5
MONTGOMERY-:-NORTH LITCHFIELD 1,5
MONTGOMERY-:-NORTH LITCHFIELD 2,5
MONTGOMERY-:-NORTH LITCHFIELD 3,5
MONTGOMERY-:-NORTH LITCHFIELD 4,5
MONTGOMERY-:-NORTH LITCHFIELD 5,5
MONTGOMERY-:-NORTH LITCHFIELD 6,5
MONTGOMERY-:-PITMAN,5
MONTGOMERY-:-RAYMOND,5
MONTGOMERY-:-ROUNTREE,5
MONTGOMERY-:-SOUTH LITCHFIELD 1,5
MONTGOMERY-:-SOUTH LITCHFIELD 2,5
MONTGOMERY-:-SOUTH LITCHFIELD 3,5
MONTGOMERY-:-SOUTH LITCHFIELD 4,5
MONTGOMERY-:-WALSHVILLE,5
MONTGOMERY-:-WITT 1,5
MONTGOMERY-:-WITT 2,5
MONTGOMERY-:-ZANESVILLE,5
MORGAN-:-ALEX-PRENT-SINC-1/2,8
MORGAN-:-ARCADIA-1,6
MORGAN-:-CHAPIN-CONCORD-1,8
MORGAN-:-FRANKLIN-3/4,5
MORGAN-:-JACKSONVILLE 01-1,8
MORGAN-:-JACKSONVILLE 02-1,5
MORGAN-:-JACKSONVILLE 03-1,8
MORGAN-:-JACKSONVILLE 04-1,6
MORGAN-:-JACKSONVILLE 05-1,8
MORGAN-:-JACKSONVILLE 06-1,5
MORGAN-:-JACKSONVILLE 07-1,6
MORGAN-:-JACKSONVILLE 08-1,6
MORGAN-:-JACKSONVILLE 09-1,6
MORGAN-:-JACKSONVILLE 10-1,5
MORGAN-:-JACKSONVILLE 11-1,6
MORGAN-:-JACKSONVILLE 12-1,5
MORGAN-:-LITERBERRY-1,8
MORGAN-:-LYNNVL-MARKM-1,6
MORGAN-:-LYNNVL-MARKM-3,6
MORGAN-:-MEREDOSIA-3,4
MORGAN-:-MURRVL-NORTNVL-3/4,5
MORGAN-:-PISGAH-1/2/6,8
MORGAN-:-S JACKSONVILLE 1-1,4
MORGAN-:-S JACKSONVILLE 2-1,5
MORGAN-:-S JACKSONVILLE 3-1,5
MORGAN-:-WAVERLY 01-3,5
MORGAN-:-WAVERLY 02-3/4,5
MORGAN-:-WOODSON-3/5,6
MOULTRIE-:-DORA #1,4
MOULTRIE-:-EAST NELSON #1,4
MOULTRIE-:-JONATHAN CREEK #1,4
MOULTRIE-:-LOVINGTON #1,4
MOULTRIE-:-LOVINGTON #2,4
MOULTRIE-:-LOWE #1,4
MOULTRIE-:-MARROWBONE #1,4
MOULTRIE-:-MARROWBONE #2,4
MOULTRIE-:-SULLIVAN #1,4
MOULTRIE-:-SULLIVAN #2,4
MOULTRIE-:-SULLIVAN #3,4
MOULTRIE-:-SULLIVAN #4,4
MOULTRIE-:-SULLIVAN #5,4
MOULTRIE-:-SULLIVAN #6,4
MOULTRIE-:-SULLIVAN #7,4
MOULTRIE-:-WHITLEY #1,4
OGLE-:-BROOKVILLE,2
OGLE-:-BUFFALO 1,2
OGLE-:-BUFFALO 2,2
OGLE-:-BUFFALO 3,2
OGLE-:-BYRON 1,2
OGLE-:-BYRON 2,2
OGLE-:-BYRON 3,2
OGLE-:-BYRON 4,2
OGLE-:-DEMENT,4
OGLE-:-EAGLE POINT,2
OGLE-:-FLAGG 1,8
OGLE-:-FLAGG 10,5
OGLE-:-FLAGG 11,2
OGLE-:-FLAGG 2,8
OGLE-:-FLAGG 3,8
OGLE-:-FLAGG 4,2
OGLE-:-FLAGG 5,2
OGLE-:-FLAGG 6,8
OGLE-:-FLAGG 7,8
OGLE-:-FLAGG 8,2
OGLE-:-FLAGG 9,8
OGLE-:-FORRESTON 1,2
OGLE-:-FORRESTON 2,2
OGLE-:-GRAND DETOUR,2
OGLE-:-LAFAYETTE,2
OGLE-:-LEAF RIVER,2
OGLE-:-LINCOLN,2
OGLE-:-LYNNVILLE,2
OGLE-:-MARION 1,2
OGLE-:-MARION 2,2
OGLE-:-MARION 3,2
OGLE-:-MARYLAND,2
OGLE-:-MONROE,2
OGLE-:-MT. MORRIS 1,2
OGLE-:-MT. MORRIS 2,2
OGLE-:-MT. MORRIS 3,4
OGLE-:-MT. MORRIS 4,5
OGLE-:-OREGON-NASHUA 1,2
OGLE-:-OREGON-NASHUA 2,4
OGLE-:-OREGON-NASHUA 3,10
OGLE-:-OREGON-NASHUA 4,2
OGLE-:-OREGON-NASHUA 5,4
OGLE-:-OREGON-NASHUA 6,2
OGLE-:-PINE CREEK,2
OGLE-:-PINE ROCK,2
OGLE-:-ROCKVALE 1,2
OGLE-:-ROCKVALE 2,2
OGLE-:-SCOTT,2
OGLE-:-TAYLOR,2
OGLE-:-WHITE ROCK,2
OGLE-:-WOOSUNG,2
PEORIA-:-AK01 - 1,2
PEORIA-:-BR01 - 2,2
PEORIA-:-CH01 - 3,2
PEORIA-:-CH02 - 4,2
PEORIA-:-CH03 - 5,2
PEORIA-:-CH04 - 6,2
PEORIA-:-CH05 - 7,2
PEORIA-:-CH06 - 8,2
PEORIA-:-EL01 - 9,2
PEORIA-:-EL02 - 10,2
PEORIA-:-EL03 - 11,2
PEORIA-:-HA01 - 12/13,2
PEORIA-:-HO01 - 14,2
PEORIA-:-HO02 - 15,2
PEORIA-:-JU01 - 16,2
PEORIA-:-JU02 - 17/18,2
PEORIA-:-KI01 - 19,2
PEORIA-:-KI01 - 20/22,2
PEORIA-:-KI01 - 21/23,2
PEORIA-:-KI02 - 24,2
PEORIA-:-LI01 - 25,2
PEORIA-:-LI01 - 26,2
PEORIA-:-LI02 - 27/28,2
PEORIA-:-LI02 - 29,2
PEORIA-:-LI02 - 30,2
PEORIA-:-LI03 - 31/32,5
PEORIA-:-LI04 - 33,4
PEORIA-:-LI05 - 34,5
PEORIA-:-LI06 - 35,5
PEORIA-:-LI06 - 36/37,5
PEORIA-:-LI07 - 38,5
PEORIA-:-LI07 - 39/40,5
PEORIA-:-LI08 - 41,5
PEORIA-:-LI09 - 42,10
PEORIA-:-LI10 - 43/44,5
PEORIA-:-LI11 - 45/46,5
PEORIA-:-LI11 - 47/48,5
PEORIA-:-LO01 - 49,2
PEORIA-:-LO02 - 50,10
PEORIA-:-ME01 - 51,2
PEORIA-:-ME01 - 52,2
PEORIA-:-ME02 - 53/54/55,2
PEORIA-:-ME03 - 56/57,2
PEORIA-:-ME04 - 58,2
PEORIA-:-MI01 - 59/60,2
PEORIA-:-PE01 - 61,5
PEORIA-:-PE02 - 62,5
PEORIA-:-PE03 - 63/64,5
PEORIA-:-PE04 - 65,5
PEORIA-:-PE05 - 66,5
PEORIA-:-PE06 - 67,5
PEORIA-:-PE07 - 68,5
PEORIA-:-PE08 - 69/70,5
PEORIA-:-PE09 - 71,5
PEORIA-:-PE10 - 72,5
PEORIA-:-PE11 - 73/74,5
PEORIA-:-PE12 - 75,5
PEORIA-:-PE13 - 76/77,5
PEORIA-:-PE14 - 78,5
PEORIA-:-PE15 - 79,5
PEORIA-:-PE16 - 80,5
PEORIA-:-PE17 - 81,5
PEORIA-:-PE18 - 82,5
PEORIA-:-PE19 - 83,5
PEORIA-:-PE20 - 84,5
PEORIA-:-PE21 - 85,5
PEORIA-:-PE22 - 87,5
PEORIA-:-PE23 - 88,5
PEORIA-:-PE24 - 89,5
PEORIA-:-PE25 - 90/91,5
PEORIA-:-PE26 - 92/93,5
PEORIA-:-PE27 - 94,5
PEORIA-:-PE28 - 95/96/97,5
PEORIA-:-PE29 - 98/99,5
PEORIA-:-PE30 - 100,5
PEORIA-:-PE31 - 101,5
PEORIA-:-PE32 - 102,5
PEORIA-:-PE33 - 103,5
PEORIA-:-PE34 - 104/105,5
PEORIA-:-PE35 - 106,5
PEORIA-:-PE36 - 107,5
PEORIA-:-PE37 - 108,5
PEORIA-:-PE38 - 109,5
PEORIA-:-PE39 - 110,4
PEORIA-:-PE40 - 111,5
PEORIA-:-PE41 - 112,5
PEORIA-:-PE42 - 113/114,5
PEORIA-:-PE43 - 115/116,10
PEORIA-:-PE44 - 117,2
PEORIA-:-PE44 - 118,2
PEORIA-:-PE45 - 119/120,2
PEORIA-:-PE46 - 121,10
PEORIA-:-PE47 - 122/123/127,2
PEORIA-:-PE47 - 124/126,2
PEORIA-:-PE48 - 128/129,2
PEORIA-:-PE49 - 130/131/133/134,2
PEORIA-:-PE49 - 132,2
PEORIA-:-PE50 - 135/136,4
PEORIA-:-PE51 - 137/138/139/141,2
PEORIA-:-PE52 - 142/143,5
PEORIA-:-PE53 - 144,4
PEORIA-:-PE54 - 145/147,5
PEORIA-:-PE54 - 146,5
PEORIA-:-PE55 - 148,5
PEORIA-:-PE56 - 149,2
PEORIA-:-PE57 - 150,2
PEORIA-:-PE57 - 151,2
PEORIA-:-PE58 - 152,2
PEORIA-:-PE58 - 153,2
PEORIA-:-PE59 - 154,2
PEORIA-:-PE60 - 155,2
PEORIA-:-PE61 - 156,2
PEORIA-:-PE62 - 157,2
PEORIA-:-PE63 - 158/159,2
PEORIA-:-PE64 - 160,2
PEORIA-:-PE65 - 161/162,2
PEORIA-:-PE65 - 163,2
PEORIA-:-PR01 - 164,2
PEORIA-:-PR01 - 165,2
PEORIA-:-RA01 - 166,2
PEORIA-:-RA01 - 167,2
PEORIA-:-RA02 - 168,2
PEORIA-:-RA02 - 169/170,2
PEORIA-:-RA02 - 171,2
PEORIA-:-RI01 - 172,5
PEORIA-:-RI01 - 173,2
PEORIA-:-RI02 - 174,5
PEORIA-:-RI03 - 175,5
PEORIA-:-RI03 - 176,2
PEORIA-:-RI04 - 177,5
PEORIA-:-RO01 - 178,2
PEORIA-:-RO01 - 179,2
PEORIA-:-TI01 - 180/181,2
PEORIA-:-TI02 - 182,8
PEORIA-:-TR01 - 183,2
PEORIA-:-TR01 - 184,2
PEORIA-:-WP01 - 185,5
PEORIA-:-WP02 - 186,5
PEORIA-:-WP03 - 187,5
PEORIA-:-WP04 - 188,5
PERRY-:-BEAUCOUP-001,11
PERRY-:-CUTLER-001,11
PERRY-:-DUQUOIN 1-001,11
PERRY-:-DUQUOIN 10-001,11
PERRY-:-DUQUOIN 11-001,11
PERRY-:-DUQUOIN 12-001,11
PERRY-:-DUQUOIN 2-001,11
PERRY-:-DUQUOIN 3-001,11
PERRY-:-DUQUOIN 4-001,11
PERRY-:-DUQUOIN 5-001,11
PERRY-:-DUQUOIN 6-001,11
PERRY-:-DUQUOIN 7-001,11
PERRY-:-DUQUOIN 8-001,11
PERRY-:-DUQUOIN 9-001,11
PERRY-:-PINCKNEYVILLE 1-001,11
PERRY-:-PINCKNEYVILLE 2-001,11
PERRY-:-PINCKNEYVILLE 3-001,11
PERRY-:-PINCKNEYVILLE 4-001,11
PERRY-:-PINCKNEYVILLE 5-001,11
PERRY-:-PINCKNEYVILLE 6-001,11
PERRY-:-PINCKNEYVILLE 7-001,11
PERRY-:-PINCKNEYVILLE 8-001,11
PERRY-:-SUNFIELD-001,11
PERRY-:-SWANWICK-001,11
PERRY-:-TAMAROA 1-001,11
PERRY-:-TAMAROA 2-001,11
PERRY-:-WILLISVILLE-001,11
PIATT-:-BEMENT 1,4
PIATT-:-BEMENT 2,4
PIATT-:-BLUE RIDGE,4
PIATT-:-CERRO GORDO 1,4
PIATT-:-CERRO GORDO 2,4
PIATT-:-CERRO GORDO 4,4
PIATT-:-GOOSE CREEK,4
PIATT-:-MONTICELLO 1,4
PIATT-:-MONTICELLO 2,4
PIATT-:-MONTICELLO 3,4
PIATT-:-MONTICELLO 4,4
PIATT-:-SANGAMON 1,4
PIATT-:-SANGAMON 2,4
PIATT-:-UNITY 1,4
PIATT-:-UNITY 2,4
PIATT-:-WILLOW BRANCH,4
PIKE-:-ATLAS 1,6
PIKE-:-BARRY 1,6
PIKE-:-BARRY 2,6
PIKE-:-CHAMBERSBURG 1,6
PIKE-:-CINCINNATI,6
PIKE-:-DERRY 1,6
PIKE-:-DETROIT 1,6
PIKE-:-FAIRMOUNT 1,6
PIKE-:-FLINT 1,6
PIKE-:-GRIGGSVILLE 1,6
PIKE-:-GRIGGSVILLE 2,6
PIKE-:-HADLEY 1,6
PIKE-:-HARDIN 1,6
PIKE-:-KINDERHOOK 1,6
PIKE-:-KINDERHOOK 2,6
PIKE-:-LEVEE 1,6
PIKE-:-MARTINSBURG 1,6
PIKE-:-MONTEZUMA 1,6
PIKE-:-NEW SALEM 1,6
PIKE-:-NEW SALEM 2,6
PIKE-:-NEWBURG 1,6
PIKE-:-PEARL 1,6
PIKE-:-PERRY 1,6
PIKE-:-PITTSFIELD 1,6
PIKE-:-PITTSFIELD 2,6
PIKE-:-PITTSFIELD 3,6
PIKE-:-PITTSFIELD 4,6
PIKE-:-PLEASANT HILL 1,6
PIKE-:-PLEASANT VALE 1,6
PIKE-:-ROSS 1,6
PIKE-:-SPRING CREEK 1,6
POPE-:-EDDYVILLE 6,6
POPE-:-GOLCONDA 1,6
POPE-:-GOLCONDA 2,6
POPE-:-GOLCONDA 3,6
POPE-:-JEFFERSON 4,6
POPE-:-WEBSTER 5,6
PULASKI-:-GRAND CHAIN,6
PULASKI-:-KARNAK,6
PULASKI-:-MOUND CITY,6
PULASKI-:-MOUNDS 1,6
PULASKI-:-MOUNDS 2,6
PULASKI-:-MOUNDS 3,6
PULASKI-:-OLMSTED,6
PULASKI-:-PERKS-WETAUG,6
PULASKI-:-PULASKI,6
PULASKI-:-ULLIN,6
PULASKI-:-VILLA RIDGE-AMERICA,6
PUTNAM-:-GRANVILLE 1,2
PUTNAM-:-GRANVILLE 2,13
PUTNAM-:-GRANVILLE 3,2
PUTNAM-:-GRANVILLE 4,13
PUTNAM-:-MAGNOLIA 1,2
PUTNAM-:-SENACHWINE 1,2
RANDOLPH-:-BALDWIN,11
RANDOLPH-:-BREMEN,11
RANDOLPH-:-CENTRAL,11
RANDOLPH-:-CHESTER 1,11
RANDOLPH-:-CHESTER 2,11
RANDOLPH-:-CHESTER 3,11
RANDOLPH-:-CHESTER 4,11
RANDOLPH-:-CHESTER 5,11
RANDOLPH-:-CHESTER 6,11
RANDOLPH-:-CHESTER 7,11
RANDOLPH-:-COULTERVILLE 1,11
RANDOLPH-:-COULTERVILLE 2,11
RANDOLPH-:-ELLIS GROVE,11
RANDOLPH-:-EVANSVILLE,11
RANDOLPH-:-KASKASKIA,11
RANDOLPH-:-PALESTINE,11
RANDOLPH-:-PERCY,11
RANDOLPH-:-PRAIRIE DU ROCHER,11
RANDOLPH-:-RED BUD 1,11
RANDOLPH-:-RED BUD 2,11
RANDOLPH-:-RED BUD 3,11
RANDOLPH-:-RED BUD 4,11
RANDOLPH-:-RED BUD 5,11
RANDOLPH-:-ROCKWOOD,11
RANDOLPH-:-RUMA,11
RANDOLPH-:-SPARTA 1,11
RANDOLPH-:-SPARTA 2,11
RANDOLPH-:-SPARTA 3,11
RANDOLPH-:-SPARTA 4,11
RANDOLPH-:-SPARTA 5,11
RANDOLPH-:-SPARTA 6,11
RANDOLPH-:-STEELEVILLE 1,11
RANDOLPH-:-STEELEVILLE 2,11
RANDOLPH-:-STEELEVILLE 3,11
RANDOLPH-:-TILDEN,11
RANDOLPH-:-WALSH,11
RANDOLPH-:-WINE HILL,11
RICHLAND-:-BONPAS-3,11
RICHLAND-:-CLAREMONT-3,11
RICHLAND-:-DECKER-2,11
RICHLAND-:-DENVER-2,11
RICHLAND-:-GERMAN-1,11
RICHLAND-:-MADISON 1-3,11
RICHLAND-:-MADISON 2-3,11
RICHLAND-:-NOBLE 1-2,11
RICHLAND-:-NOBLE 2-2,11
RICHLAND-:-OLNEY 1-4,11
RICHLAND-:-OLNEY 10-1,11
RICHLAND-:-OLNEY 11-1,11
RICHLAND-:-OLNEY 2-1,11
RICHLAND-:-OLNEY 3-1,11
RICHLAND-:-OLNEY 4-1,11
RICHLAND-:-OLNEY 5-1,11
RICHLAND-:-OLNEY 6-1,11
RICHLAND-:-OLNEY 7-4,11
RICHLAND-:-OLNEY 9-1,11
RICHLAND-:-PRESTON 1-1,11
RICHLAND-:-PRESTON 2-1,11
ROCK ISLAND-:-ANDALUSIA,6
ROCK ISLAND-:-BLACKHAWK 1,6
ROCK ISLAND-:-BLACKHAWK 2,6
ROCK ISLAND-:-BLACKHAWK 3,6
ROCK ISLAND-:-BLACKHAWK 4,6
ROCK ISLAND-:-BLACKHAWK 5,6
ROCK ISLAND-:-BLACKHAWK 6,6
ROCK ISLAND-:-BLACKHAWK 7,6
ROCK ISLAND-:-BOWLING 1,6
ROCK ISLAND-:-BOWLING 2,6
ROCK ISLAND-:-BUFFALO PRAIRIE,2
ROCK ISLAND-:-CANOE CREEK,2
ROCK ISLAND-:-COAL VALLEY 1,6
ROCK ISLAND-:-COAL VALLEY 2,6
ROCK ISLAND-:-COAL VALLEY 3,6
ROCK ISLAND-:-COE,6
ROCK ISLAND-:-CORDOVA,2
ROCK ISLAND-:-DRURY,2
ROCK ISLAND-:-EDGINGTON 1,2
ROCK ISLAND-:-EDGINGTON 2,2
ROCK ISLAND-:-HAMPTON 1,6
ROCK ISLAND-:-HAMPTON 10,6
ROCK ISLAND-:-HAMPTON 11,6
ROCK ISLAND-:-HAMPTON 12,6
ROCK ISLAND-:-HAMPTON 13,6
ROCK ISLAND-:-HAMPTON 14,6
ROCK ISLAND-:-HAMPTON 15,6
ROCK ISLAND-:-HAMPTON 16,6
ROCK ISLAND-:-HAMPTON 17,6
ROCK ISLAND-:-HAMPTON 2,6
ROCK ISLAND-:-HAMPTON 3,6
ROCK ISLAND-:-HAMPTON 4,6
ROCK ISLAND-:-HAMPTON 5,6
ROCK ISLAND-:-HAMPTON 6,6
ROCK ISLAND-:-HAMPTON 7,6
ROCK ISLAND-:-HAMPTON 8,2
ROCK ISLAND-:-HAMPTON 9,2
ROCK ISLAND-:-MOLINE 1,6
ROCK ISLAND-:-MOLINE 10,6
ROCK ISLAND-:-MOLINE 11,6
ROCK ISLAND-:-MOLINE 12,6
ROCK ISLAND-:-MOLINE 13,6
ROCK ISLAND-:-MOLINE 14,6
ROCK ISLAND-:-MOLINE 15,6
ROCK ISLAND-:-MOLINE 16,6
ROCK ISLAND-:-MOLINE 17,6
ROCK ISLAND-:-MOLINE 18,6
ROCK ISLAND-:-MOLINE 19,6
ROCK ISLAND-:-MOLINE 2,6
ROCK ISLAND-:-MOLINE 20,6
ROCK ISLAND-:-MOLINE 3,6
ROCK ISLAND-:-MOLINE 4,6
ROCK ISLAND-:-MOLINE 5,6
ROCK ISLAND-:-MOLINE 6,6
ROCK ISLAND-:-MOLINE 7,6
ROCK ISLAND-:-MOLINE 8,6
ROCK ISLAND-:-MOLINE 9,6
ROCK ISLAND-:-PORT BYRON,6
ROCK ISLAND-:-ROCK ISLAND 1,6
ROCK ISLAND-:-ROCK ISLAND 10,6
ROCK ISLAND-:-ROCK ISLAND 11,6
ROCK ISLAND-:-ROCK ISLAND 12,6
ROCK ISLAND-:-ROCK ISLAND 13,6
ROCK ISLAND-:-ROCK ISLAND 14,6
ROCK ISLAND-:-ROCK ISLAND 15,6
ROCK ISLAND-:-ROCK ISLAND 2,6
ROCK ISLAND-:-ROCK ISLAND 3,6
ROCK ISLAND-:-ROCK ISLAND 4,6
ROCK ISLAND-:-ROCK ISLAND 5,6
ROCK ISLAND-:-ROCK ISLAND 6,6
ROCK ISLAND-:-ROCK ISLAND 7,6
ROCK ISLAND-:-ROCK ISLAND 8,6
ROCK ISLAND-:-ROCK ISLAND 9,6
ROCK ISLAND-:-RURAL,2
ROCK ISLAND-:-SO MOLINE 1,6
ROCK ISLAND-:-SO MOLINE 10,6
ROCK ISLAND-:-SO MOLINE 11,6
ROCK ISLAND-:-SO MOLINE 12,6
ROCK ISLAND-:-SO MOLINE 13,6
ROCK ISLAND-:-SO MOLINE 14,6
ROCK ISLAND-:-SO MOLINE 15,6
ROCK ISLAND-:-SO MOLINE 16,6
ROCK ISLAND-:-SO MOLINE 17,6
ROCK ISLAND-:-SO MOLINE 18,6
ROCK ISLAND-:-SO MOLINE 19,6
ROCK ISLAND-:-SO MOLINE 2,6
ROCK ISLAND-:-SO MOLINE 20,6
ROCK ISLAND-:-SO MOLINE 21,6
ROCK ISLAND-:-SO MOLINE 22,6
ROCK ISLAND-:-SO MOLINE 23,6
ROCK ISLAND-:-SO MOLINE 24,6
ROCK ISLAND-:-SO MOLINE 25,6
ROCK ISLAND-:-SO MOLINE 26,6
ROCK ISLAND-:-SO MOLINE 27,6
ROCK ISLAND-:-SO MOLINE 28,6
ROCK ISLAND-:-SO MOLINE 29,6
ROCK ISLAND-:-SO MOLINE 3,6
ROCK ISLAND-:-SO MOLINE 4,6
ROCK ISLAND-:-SO MOLINE 5,6
ROCK ISLAND-:-SO MOLINE 6,6
ROCK ISLAND-:-SO MOLINE 7,6
ROCK ISLAND-:-SO MOLINE 8,6
ROCK ISLAND-:-SO MOLINE 9,6
ROCK ISLAND-:-SO ROCK ISLAND 1,6
ROCK ISLAND-:-SO ROCK ISLAND 10,6
ROCK ISLAND-:-SO ROCK ISLAND 11,6
ROCK ISLAND-:-SO ROCK ISLAND 12,6
ROCK ISLAND-:-SO ROCK ISLAND 13,6
ROCK ISLAND-:-SO ROCK ISLAND 14,6
ROCK ISLAND-:-SO ROCK ISLAND 15,6
ROCK ISLAND-:-SO ROCK ISLAND 16,6
ROCK ISLAND-:-SO ROCK ISLAND 2,6
ROCK ISLAND-:-SO ROCK ISLAND 3,6
ROCK ISLAND-:-SO ROCK ISLAND 4,6
ROCK ISLAND-:-SO ROCK ISLAND 5,6
ROCK ISLAND-:-SO ROCK ISLAND 6,6
ROCK ISLAND-:-SO ROCK ISLAND 7,6
ROCK ISLAND-:-SO ROCK ISLAND 8,6
ROCK ISLAND-:-SO ROCK ISLAND 9,6
ROCK ISLAND-:-ZUMA,2
SALINE-:-BRUSHY,6
SALINE-:-CARRIER MILLS #1,6
SALINE-:-CARRIER MILLS #2,6
SALINE-:-COTTAGE,6
SALINE-:-EAST ELDORADO #1,6
SALINE-:-EAST ELDORADO #2,6
SALINE-:-EAST ELDORADO #3,6
SALINE-:-EAST ELDORADO #4,6
SALINE-:-EAST ELDORADO #5,6
SALINE-:-EAST ELDORADO #6,6
SALINE-:-GALATIA,6
SALINE-:-HARRISBURG # 1,6
SALINE-:-HARRISBURG # 2,6
SALINE-:-HARRISBURG # 3,6
SALINE-:-HARRISBURG # 4,6
SALINE-:-HARRISBURG # 5,6
SALINE-:-HARRISBURG # 6,6
SALINE-:-HARRISBURG # 7,6
SALINE-:-HARRISBURG # 8,6
SALINE-:-HARRISBURG # 9,6
SALINE-:-HARRISBURG #10,6
SALINE-:-INDEPENDENCE,6
SALINE-:-LONG BRANCH,6
SALINE-:-MOUNTAIN,6
SALINE-:-RALEIGH,6
SALINE-:-RECTOR,6
SALINE-:-STONEFORT,6
SALINE-:-TATE,6
SANGAMON-:-AUBURN 001,10
SANGAMON-:-AUBURN 002,10
SANGAMON-:-AUBURN 003,10
SANGAMON-:-AUBURN 004,10
SANGAMON-:-AUBURN 005,10
SANGAMON-:-BALL 001,10
SANGAMON-:-BALL 002,10
SANGAMON-:-BALL 003,10
SANGAMON-:-BALL 004,10
SANGAMON-:-BALL 005,10
SANGAMON-:-BUFFALO HART,10
SANGAMON-:-CAPITAL 001,10
SANGAMON-:-CAPITAL 002,10
SANGAMON-:-CAPITAL 003,10
SANGAMON-:-CAPITAL 004,10
SANGAMON-:-CAPITAL 005,10
SANGAMON-:-CAPITAL 006,10
SANGAMON-:-CAPITAL 007,10
SANGAMON-:-CAPITAL 008,10
SANGAMON-:-CAPITAL 009,10
SANGAMON-:-CAPITAL 010,10
SANGAMON-:-CAPITAL 011,10
SANGAMON-:-CAPITAL 013,10
SANGAMON-:-CAPITAL 014,10
SANGAMON-:-CAPITAL 015,10
SANGAMON-:-CAPITAL 017,10
SANGAMON-:-CAPITAL 018,10
SANGAMON-:-CAPITAL 019,10
SANGAMON-:-CAPITAL 021,10
SANGAMON-:-CAPITAL 022,10
SANGAMON-:-CAPITAL 023,10
SANGAMON-:-CAPITAL 024,10
SANGAMON-:-CAPITAL 026,10
SANGAMON-:-CAPITAL 027,10
SANGAMON-:-CAPITAL 028,10
SANGAMON-:-CAPITAL 030,10
SANGAMON-:-CAPITAL 031,10
SANGAMON-:-CAPITAL 032,10
SANGAMON-:-CAPITAL 033,8
SANGAMON-:-CAPITAL 034,10
SANGAMON-:-CAPITAL 035,10
SANGAMON-:-CAPITAL 036,10
SANGAMON-:-CAPITAL 037,10
SANGAMON-:-CAPITAL 038,10
SANGAMON-:-CAPITAL 039,10
SANGAMON-:-CAPITAL 040,10
SANGAMON-:-CAPITAL 041,10
SANGAMON-:-CAPITAL 042,10
SANGAMON-:-CAPITAL 043,10
SANGAMON-:-CAPITAL 044,10
SANGAMON-:-CAPITAL 045,10
SANGAMON-:-CAPITAL 046,10
SANGAMON-:-CAPITAL 047,10
SANGAMON-:-CAPITAL 048,10
SANGAMON-:-CAPITAL 049,10
SANGAMON-:-CAPITAL 050,10
SANGAMON-:-CAPITAL 051,10
SANGAMON-:-CAPITAL 052,10
SANGAMON-:-CAPITAL 053,10
SANGAMON-:-CAPITAL 054,10
SANGAMON-:-CAPITAL 055,10
SANGAMON-:-CAPITAL 056,10
SANGAMON-:-CAPITAL 057,10
SANGAMON-:-CAPITAL 058,10
SANGAMON-:-CAPITAL 059,10
SANGAMON-:-CAPITAL 060,10
SANGAMON-:-CAPITAL 061,10
SANGAMON-:-CAPITAL 062,10
SANGAMON-:-CAPITAL 063,10
SANGAMON-:-CAPITAL 064,10
SANGAMON-:-CAPITAL 065,10
SANGAMON-:-CAPITAL 066,10
SANGAMON-:-CAPITAL 067,10
SANGAMON-:-CAPITAL 068,10
SANGAMON-:-CAPITAL 069,10
SANGAMON-:-CAPITAL 070,10
SANGAMON-:-CAPITAL 071,10
SANGAMON-:-CAPITAL 072,10
SANGAMON-:-CAPITAL 073,10
SANGAMON-:-CAPITAL 074,10
SANGAMON-:-CAPITAL 075,10
SANGAMON-:-CAPITAL 076,10
SANGAMON-:-CAPITAL 077,10
SANGAMON-:-CAPITAL 078,10
SANGAMON-:-CAPITAL 079,10
SANGAMON-:-CAPITAL 082,10
SANGAMON-:-CAPITAL 083,10
SANGAMON-:-CAPITAL 084,10
SANGAMON-:-CAPITAL 085,10
SANGAMON-:-CAPITAL 086,10
SANGAMON-:-CAPITAL 087,10
SANGAMON-:-CAPITAL 088,10
SANGAMON-:-CAPITAL 089,10
SANGAMON-:-CAPITAL 090,10
SANGAMON-:-CAPITAL 091,10
SANGAMON-:-CAPITAL 092,10
SANGAMON-:-CAPITAL 093,10
SANGAMON-:-CARTWRIGHT,10
SANGAMON-:-CHATHAM 001,10
SANGAMON-:-CHATHAM 002,10
SANGAMON-:-CHATHAM 003,10
SANGAMON-:-CHATHAM 004,10
SANGAMON-:-CHATHAM 005,10
SANGAMON-:-CLEARLAKE 001,10
SANGAMON-:-CLEARLAKE 002,10
SANGAMON-:-CLEARLAKE 003,10
SANGAMON-:-CLEARLAKE 004,10
SANGAMON-:-CLEARLAKE 005,10
SANGAMON-:-CLEARLAKE 006,10
SANGAMON-:-CLEARLAKE 007,10
SANGAMON-:-COOPER,10
SANGAMON-:-COTTON HILL,10
SANGAMON-:-CURRAN 002,10
SANGAMON-:-DIVERNON 001,10
SANGAMON-:-DIVERNON 002,10
SANGAMON-:-FANCY CREEK 001,10
SANGAMON-:-FANCY CREEK 002,10
SANGAMON-:-FANCY CREEK 003,10
SANGAMON-:-FANCY CREEK 004,10
SANGAMON-:-FANCY CREEK 005,10
SANGAMON-:-GARDNER 001,10
SANGAMON-:-GARDNER 002,10
SANGAMON-:-GARDNER 003,10
SANGAMON-:-ILLIOPOLIS,10
SANGAMON-:-ISLAND GROVE,10
SANGAMON-:-LANESVILLE,10
SANGAMON-:-LOAMI,10
SANGAMON-:-MAXWELL,10
SANGAMON-:-MECHANICSBURG 001,10
SANGAMON-:-MECHANICSBURG 002,10
SANGAMON-:-MECHANICSBURG 003,10
SANGAMON-:-NEW BERLIN,10
SANGAMON-:-PAWNEE 001,10
SANGAMON-:-PAWNEE 002,10
SANGAMON-:-PAWNEE 003,10
SANGAMON-:-ROCHESTER 001,10
SANGAMON-:-ROCHESTER 002,10
SANGAMON-:-ROCHESTER 003,10
SANGAMON-:-ROCHESTER 004,10
SANGAMON-:-SPRINGFIELD 002,10
SANGAMON-:-SPRINGFIELD 003,10
SANGAMON-:-SPRINGFIELD 004,10
SANGAMON-:-SPRINGFIELD 005,10
SANGAMON-:-TALKINGTON,10
SANGAMON-:-WILLIAMS 001,10
SANGAMON-:-WILLIAMS 002,10
SANGAMON-:-WILLIAMS 003,10
SANGAMON-:-WOODSIDE 001,10
SANGAMON-:-WOODSIDE 002,10
SANGAMON-:-WOODSIDE 003,10
SANGAMON-:-WOODSIDE 004,10
SANGAMON-:-WOODSIDE 005,10
SANGAMON-:-WOODSIDE 006,10
SANGAMON-:-WOODSIDE 007,10
SANGAMON-:-WOODSIDE 008,10
SANGAMON-:-WOODSIDE 009,10
SCHUYLER-:-BAINBRIDGE-2,2
SCHUYLER-:-BIRMINGHAM-1,2
SCHUYLER-:-BROOKLYN-1,2
SCHUYLER-:-BROWNING-2,2
SCHUYLER-:-BUENAVISTA 1-2,2
SCHUYLER-:-BUENAVISTA 2-2,2
SCHUYLER-:-CAMDEN-1,2
SCHUYLER-:-FREDERICK-2,2
SCHUYLER-:-HICKORY-1,2
SCHUYLER-:-HUNTSVILLE-1,2
SCHUYLER-:-LITTLETON-1,2
SCHUYLER-:-OAKLAND-1,2
SCHUYLER-:-RUSHVILLE 1-2,2
SCHUYLER-:-RUSHVILLE 2-2,2
SCHUYLER-:-RUSHVILLE 3-2,2
SCHUYLER-:-RUSHVILLE 4-2,2
SCHUYLER-:-WOODSTOCK-2,2
SCOTT-:-ALSEY-1,6
SCOTT-:-BLOOMFIELD-1,6
SCOTT-:-EXETER-BLUFFS-1,6
SCOTT-:-GLASGOW-1,6
SCOTT-:-MANCHESTER-1,6
SCOTT-:-MERRITT-1,6
SCOTT-:-NAPLES-BLUFFS-1,6
SCOTT-:-WINCHESTER I-1,6
SCOTT-:-WINCHESTER II-1,6
SCOTT-:-WINCHESTER III-1,6
SHELBY-:-ASH GROVE,5
SHELBY-:-BIG SPRING,5
SHELBY-:-CLARKSBURG,5
SHELBY-:-COLD SPRING,5
SHELBY-:-DRY POINT,5
SHELBY-:-FLAT BRANCH,5
SHELBY-:-HERRICK,5
SHELBY-:-HOLLAND,5
SHELBY-:-LAKEWOOD,5
SHELBY-:-MOWEAQUA 1,5
SHELBY-:-MOWEAQUA 2,5
SHELBY-:-OCONEE,5
SHELBY-:-OKAW,5
SHELBY-:-PENN,5
SHELBY-:-PICKAWAY,5
SHELBY-:-PRAIRIE,5
SHELBY-:-RICHLAND,5
SHELBY-:-RIDGE,5
SHELBY-:-ROSE 1,5
SHELBY-:-ROSE 2,5
SHELBY-:-RURAL,5
SHELBY-:-SHELBYVILLE 1,5
SHELBY-:-SHELBYVILLE 2,5
SHELBY-:-SHELBYVILLE 3,5
SHELBY-:-SHELBYVILLE 4,5
SHELBY-:-SHELBYVILLE 5,5
SHELBY-:-SHELBYVILLE 6,5
SHELBY-:-SHELBYVILLE 7,5
SHELBY-:-SIGEL,5
SHELBY-:-TODDS POINT,5
SHELBY-:-TOWER HILL,5
SHELBY-:-WINDSOR 1,5
SHELBY-:-WINDSOR 2,5
ST. CLAIR-:-BELLEVILLE 1,4
ST. CLAIR-:-BELLEVILLE 10,4
ST. CLAIR-:-BELLEVILLE 11,4
ST. CLAIR-:-BELLEVILLE 12,4
ST. CLAIR-:-BELLEVILLE 13,4
ST. CLAIR-:-BELLEVILLE 14,4
ST. CLAIR-:-BELLEVILLE 15,4
ST. CLAIR-:-BELLEVILLE 16,4
ST. CLAIR-:-BELLEVILLE 17,4
ST. CLAIR-:-BELLEVILLE 18,4
ST. CLAIR-:-BELLEVILLE 19,4
ST. CLAIR-:-BELLEVILLE 2,4
ST. CLAIR-:-BELLEVILLE 21,4
ST. CLAIR-:-BELLEVILLE 23,4
ST. CLAIR-:-BELLEVILLE 24,4
ST. CLAIR-:-BELLEVILLE 25,4
ST. CLAIR-:-BELLEVILLE 3,4
ST. CLAIR-:-BELLEVILLE 4,4
ST. CLAIR-:-BELLEVILLE 5,4
ST. CLAIR-:-BELLEVILLE 6,4
ST. CLAIR-:-BELLEVILLE 7,4
ST. CLAIR-:-BELLEVILLE 8,4
ST. CLAIR-:-BELLEVILLE 9,4
ST. CLAIR-:-CANTEEN 1,4
ST. CLAIR-:-CANTEEN 2,4
ST. CLAIR-:-CANTEEN 3,4
ST. CLAIR-:-CANTEEN 4,4
ST. CLAIR-:-CANTEEN 5,4
ST. CLAIR-:-CASEYVILLE 11,4
ST. CLAIR-:-CASEYVILLE 13,4
ST. CLAIR-:-CASEYVILLE 14,4
ST. CLAIR-:-CASEYVILLE 15,4
ST. CLAIR-:-CASEYVILLE 16,4
ST. CLAIR-:-CASEYVILLE 17,4
ST. CLAIR-:-CASEYVILLE 18,4
ST. CLAIR-:-CASEYVILLE 19,4
ST. CLAIR-:-CASEYVILLE 2,4
ST. CLAIR-:-CASEYVILLE 20,4
ST. CLAIR-:-CASEYVILLE 21,4
ST. CLAIR-:-CASEYVILLE 22,4
ST. CLAIR-:-CASEYVILLE 3,4
ST. CLAIR-:-CASEYVILLE 4,4
ST. CLAIR-:-CASEYVILLE 5,4
ST. CLAIR-:-CASEYVILLE 6,4
ST. CLAIR-:-CASEYVILLE 7,4
ST. CLAIR-:-CASEYVILLE 8,4
ST. CLAIR-:-CASEYVILLE 9,4
ST. CLAIR-:-CENTREVILLE 1,4
ST. CLAIR-:-CENTREVILLE 2,4
ST. CLAIR-:-CENTREVILLE 3,4
ST. CLAIR-:-CENTREVILLE 4,4
ST. CLAIR-:-CENTREVILLE 5,4
ST. CLAIR-:-CENTREVILLE 6,4
ST. CLAIR-:-CENTREVILLE 7,4
ST. CLAIR-:-CENTREVILLE 9,4
ST. CLAIR-:-ENGELMANN 1,4
ST. CLAIR-:-FAYETTEVILLE 1,4
ST. CLAIR-:-FAYETTEVILLE 2,4
ST. CLAIR-:-FREEBURG 1,4
ST. CLAIR-:-FREEBURG 2,4
ST. CLAIR-:-FREEBURG 3,4
ST. CLAIR-:-LEBANON 1,4
ST. CLAIR-:-LEBANON 2,4
ST. CLAIR-:-LEBANON 3,4
ST. CLAIR-:-LENZBURG 1,4
ST. CLAIR-:-MARISSA 1,4
ST. CLAIR-:-MASCOUTAH 1,4
ST. CLAIR-:-MASCOUTAH 2,4
ST. CLAIR-:-MASCOUTAH 3,4
ST. CLAIR-:-MASCOUTAH 4,4
ST. CLAIR-:-MILLSTADT 1,4
ST. CLAIR-:-MILLSTADT 2,4
ST. CLAIR-:-MILLSTADT 3,4
ST. CLAIR-:-MILLSTADT 4,4
ST. CLAIR-:-MILLSTADT 5,4
ST. CLAIR-:-NEW ATHENS 1,4
ST. CLAIR-:-NEW ATHENS 2,4
ST. CLAIR-:-O FALLON 1,4
ST. CLAIR-:-O FALLON 10,4
ST. CLAIR-:-O FALLON 11,4
ST. CLAIR-:-O FALLON 12,4
ST. CLAIR-:-O FALLON 13,4
ST. CLAIR-:-O FALLON 14,4
ST. CLAIR-:-O FALLON 15,4
ST. CLAIR-:-O FALLON 16,4
ST. CLAIR-:-O FALLON 17,4
ST. CLAIR-:-O FALLON 18,4
ST. CLAIR-:-O FALLON 3,4
ST. CLAIR-:-O FALLON 4,4
ST. CLAIR-:-O FALLON 5,4
ST. CLAIR-:-O FALLON 6,4
ST. CLAIR-:-O FALLON 7,4
ST. CLAIR-:-O FALLON 8,4
ST. CLAIR-:-O FALLON 9,4
ST. CLAIR-:-PRAIRIE DU LONG 1,4
ST. CLAIR-:-PRAIRIE DU LONG 2,4
ST. CLAIR-:-SHILOH VALLEY 1,4
ST. CLAIR-:-SHILOH VALLEY 2,4
ST. CLAIR-:-SHILOH VALLEY 3,4
ST. CLAIR-:-SHILOH VALLEY 4,4
ST. CLAIR-:-SHILOH VALLEY 5,4
ST. CLAIR-:-SMITHTON 1,4
ST. CLAIR-:-SMITHTON 2,4
ST. CLAIR-:-SMITHTON 3,4
ST. CLAIR-:-ST CLAIR 1,4
ST. CLAIR-:-ST CLAIR 11,4
ST. CLAIR-:-ST CLAIR 12,4
ST. CLAIR-:-ST CLAIR 13,4
ST. CLAIR-:-ST CLAIR 14,4
ST. CLAIR-:-ST CLAIR 15,4
ST. CLAIR-:-ST CLAIR 16,4
ST. CLAIR-:-ST CLAIR 17,4
ST. CLAIR-:-ST CLAIR 18,4
ST. CLAIR-:-ST CLAIR 19,4
ST. CLAIR-:-ST CLAIR 2,4
ST. CLAIR-:-ST CLAIR 20,4
ST. CLAIR-:-ST CLAIR 21,4
ST. CLAIR-:-ST CLAIR 22,4
ST. CLAIR-:-ST CLAIR 23,4
ST. CLAIR-:-ST CLAIR 24,4
ST. CLAIR-:-ST CLAIR 3,4
ST. CLAIR-:-ST CLAIR 4,4
ST. CLAIR-:-ST CLAIR 5,4
ST. CLAIR-:-ST CLAIR 6,4
ST. CLAIR-:-ST CLAIR 7,4
ST. CLAIR-:-ST CLAIR 8,4
ST. CLAIR-:-ST CLAIR 9,4
ST. CLAIR-:-STITES 1,4
ST. CLAIR-:-STOOKEY 1,4
ST. CLAIR-:-STOOKEY 3,4
ST. CLAIR-:-STOOKEY 4,4
ST. CLAIR-:-STOOKEY 6,4
ST. CLAIR-:-STOOKEY 7,4
ST. CLAIR-:-SUGAR LOAF 1,4
ST. CLAIR-:-SUGAR LOAF 2,4
ST. CLAIR-:-SUGAR LOAF 3,4
ST. CLAIR-:-SUGAR LOAF 4,4
ST. CLAIR-:-SUGAR LOAF 5,4
STARK-:-EAST TOULON,2
STARK-:-ELMIRA,2
STARK-:-ESSEX,2
STARK-:-GOSHEN,2
STARK-:-OSCEOLA,2
STARK-:-PENN,2
STARK-:-VALLEY,2
STARK-:-WEST JERSEY,2
STARK-:-WEST TOULON,2
STEPHENSON-:-BUCKEYE,2
STEPHENSON-:-DAKOTA,2
STEPHENSON-:-ERIN,2
STEPHENSON-:-FLORENCE,4
STEPHENSON-:-FREEPORT 1,4
STEPHENSON-:-FREEPORT 10,4
STEPHENSON-:-FREEPORT 11,4
STEPHENSON-:-FREEPORT 12,4
STEPHENSON-:-FREEPORT 13,4
STEPHENSON-:-FREEPORT 14,4
STEPHENSON-:-FREEPORT 15,4
STEPHENSON-:-FREEPORT 16,4
STEPHENSON-:-FREEPORT 2,4
STEPHENSON-:-FREEPORT 3,4
STEPHENSON-:-FREEPORT 4,4
STEPHENSON-:-FREEPORT 5,4
STEPHENSON-:-FREEPORT 6,4
STEPHENSON-:-FREEPORT 7,4
STEPHENSON-:-FREEPORT 8,4
STEPHENSON-:-FREEPORT 9,8
STEPHENSON-:-HARLEM 1,4
STEPHENSON-:-HARLEM 2,4
STEPHENSON-:-JEFFERSON,2
STEPHENSON-:-KENT,2
STEPHENSON-:-LANCASTER,2
STEPHENSON-:-LORAN,2
STEPHENSON-:-ONECO,2
STEPHENSON-:-RIDOTT,2
STEPHENSON-:-ROCK GROVE,2
STEPHENSON-:-ROCK RUN 1,2
STEPHENSON-:-ROCK RUN 2,2
STEPHENSON-:-SILVER CREEK,2
STEPHENSON-:-WADDAMS,2
STEPHENSON-:-WEST POINT 1,2
STEPHENSON-:-WEST POINT 2,2
STEPHENSON-:-WINSLOW,2
TAZEWELL-:-BOYNTON,2
TAZEWELL-:-CINCINNATI 2,2
TAZEWELL-:-CINCINNATI 4,2
TAZEWELL-:-CINCINNATI 5,2
TAZEWELL-:-DEER CREEK,2
TAZEWELL-:-DELAVAN 1,2
TAZEWELL-:-DILLON,2
TAZEWELL-:-ELM GROVE 1,2
TAZEWELL-:-ELM GROVE 2,2
TAZEWELL-:-FONDULAC 1,2
TAZEWELL-:-FONDULAC 2,2
TAZEWELL-:-FONDULAC 3,2
TAZEWELL-:-FONDULAC 4,2
TAZEWELL-:-FONDULAC 5,2
TAZEWELL-:-FONDULAC 6,2
TAZEWELL-:-FONDULAC 7,2
TAZEWELL-:-GROVELAND 1,2
TAZEWELL-:-GROVELAND 10,2
TAZEWELL-:-GROVELAND 11,2
TAZEWELL-:-GROVELAND 12,2
TAZEWELL-:-GROVELAND 2,2
TAZEWELL-:-GROVELAND 3,2
TAZEWELL-:-GROVELAND 4,2
TAZEWELL-:-GROVELAND 5,2
TAZEWELL-:-GROVELAND 6,2
TAZEWELL-:-GROVELAND 7,2
TAZEWELL-:-GROVELAND 8,2
TAZEWELL-:-GROVELAND 9,2
TAZEWELL-:-HITTLE,2
TAZEWELL-:-MACKINAW 1,2
TAZEWELL-:-MACKINAW 2,2
TAZEWELL-:-MACKINAW 3,2
TAZEWELL-:-MALONE,2
TAZEWELL-:-MORTON 1,2
TAZEWELL-:-MORTON 10,2
TAZEWELL-:-MORTON 11,2
TAZEWELL-:-MORTON 2,2
TAZEWELL-:-MORTON 3,2
TAZEWELL-:-MORTON 4,2
TAZEWELL-:-MORTON 5,2
TAZEWELL-:-MORTON 6,2
TAZEWELL-:-MORTON 7,2
TAZEWELL-:-MORTON 8,2
TAZEWELL-:-MORTON 9,2
TAZEWELL-:-PEKIN 1,2
TAZEWELL-:-PEKIN 10,2
TAZEWELL-:-PEKIN 11,2
TAZEWELL-:-PEKIN 12,2
TAZEWELL-:-PEKIN 14,2
TAZEWELL-:-PEKIN 15,2
TAZEWELL-:-PEKIN 16,2
TAZEWELL-:-PEKIN 2,2
TAZEWELL-:-PEKIN 3,2
TAZEWELL-:-PEKIN 4,2
TAZEWELL-:-PEKIN 5,2
TAZEWELL-:-PEKIN 6,2
TAZEWELL-:-PEKIN 7,2
TAZEWELL-:-PEKIN 8,2
TAZEWELL-:-PEKIN 9,2
TAZEWELL-:-SAND PRAIRIE 1,2
TAZEWELL-:-SPRINGLAKE 1,2
TAZEWELL-:-TREMONT 1,2
TAZEWELL-:-TREMONT 2,2
TAZEWELL-:-WASHINGTON 1,2
TAZEWELL-:-WASHINGTON 10,2
TAZEWELL-:-WASHINGTON 11,2
TAZEWELL-:-WASHINGTON 12,2
TAZEWELL-:-WASHINGTON 13,2
TAZEWELL-:-WASHINGTON 14,2
TAZEWELL-:-WASHINGTON 2,2
TAZEWELL-:-WASHINGTON 3,2
TAZEWELL-:-WASHINGTON 4,2
TAZEWELL-:-WASHINGTON 5,2
TAZEWELL-:-WASHINGTON 6,2
TAZEWELL-:-WASHINGTON 7,2
TAZEWELL-:-WASHINGTON 8,2
TAZEWELL-:-WASHINGTON 9,2
UNION-:-ALTO PASS,6
UNION-:-ANNA 1,6
UNION-:-ANNA 2,6
UNION-:-ANNA 3,6
UNION-:-ANNA 4,6
UNION-:-ANNA 5,6
UNION-:-ANNA 6,6
UNION-:-ANNA 7,6
UNION-:-BALCOM,6
UNION-:-COBDEN 1,6
UNION-:-COBDEN 2,6
UNION-:-DONGOLA 1,6
UNION-:-DONGOLA 2,6
UNION-:-JONESBORO 1,6
UNION-:-JONESBORO 2,6
UNION-:-JONESBORO 3,6
UNION-:-LICK CREEK,6
UNION-:-MILL CREEK,6
UNION-:-STOKES,6
UNION-:-UNION,6
VERMILION-:-BLOUNT 1,14
VERMILION-:-BLOUNT 2,14
VERMILION-:-BUTLER,14
VERMILION-:-CARROLL,10
VERMILION-:-CATLIN 1,14
VERMILION-:-CATLIN 3,14
VERMILION-:-DANVILLE 1,14
VERMILION-:-DANVILLE 13,14
VERMILION-:-DANVILLE 2,14
VERMILION-:-DANVILLE 3,14
VERMILION-:-DANVILLE 5,14
VERMILION-:-DANVILLE 6,14
VERMILION-:-DANVILLE 7,14
VERMILION-:-DANVILLE 8,14
VERMILION-:-ELWOOD,10
VERMILION-:-GEORGETOWN 1,10
VERMILION-:-GEORGETOWN 3,10
VERMILION-:-GRANT 1,14
VERMILION-:-GRANT 2,14
VERMILION-:-GRANT 4,14
VERMILION-:-JAMAICA,10
VERMILION-:-LOVE,10
VERMILION-:-MIDDLEFORK,14
VERMILION-:-NEWELL 1,14
VERMILION-:-NEWELL 2,14
VERMILION-:-NEWELL 3,14
VERMILION-:-OAKWOOD 1,14
VERMILION-:-OAKWOOD 5,14
VERMILION-:-PILOT,14
VERMILION-:-ROSS,14
VERMILION-:-SIDELL,10
VERMILION-:-SOUTH ROSS,14
WABASH-:-BELLMONT,11
WABASH-:-COFFEE,11
WABASH-:-COMPTON,11
WABASH-:-FRIENDSVILLE,11
WABASH-:-LANCASTER,11
WABASH-:-LICK PRAIRIE,11
WABASH-:-MT. CARMEL 1,11
WABASH-:-MT. CARMEL 2,11
WABASH-:-MT. CARMEL 3,11
WABASH-:-MT. CARMEL 4,11
WABASH-:-MT. CARMEL 5,11
WABASH-:-MT. CARMEL 6,11
WABASH-:-MT. CARMEL 7,11
WABASH-:-MT. CARMEL 8,11
WABASH-:-MT. CARMEL 9,11
WABASH-:-WABASH,11
WARREN-:-BERWICK 1-1,2
WARREN-:-COLDBROOK 1-2,2
WARREN-:-ELLISON 1-6,2
WARREN-:-FLOYD 1-1,2
WARREN-:-GREENBUSH 1-1,2
WARREN-:-HALE 1-7,2
WARREN-:-KELLY 1-2,2
WARREN-:-LENOX 1-1,2
WARREN-:-MONMOUTH  1-3,2
WARREN-:-MONMOUTH  2-4,2
WARREN-:-MONMOUTH  3-3,2
WARREN-:-MONMOUTH  4-3,8
WARREN-:-MONMOUTH  5-4,2
WARREN-:-MONMOUTH  6-3,8
WARREN-:-MONMOUTH  7-4,2
WARREN-:-MONMOUTH  8-5,2
WARREN-:-MONMOUTH  9-4,2
WARREN-:-MONMOUTH 10-4,2
WARREN-:-MONMOUTH 11-3,8
WARREN-:-MONMOUTH 12-2/5,2
WARREN-:-POINT PLEASANT 1-6,2
WARREN-:-ROSEVILLE 1-1,2
WARREN-:-ROSEVILLE 2-1,2
WARREN-:-SPRING GROVE-ALEXIS 1-2,2
WARREN-:-SPRING GROVE-GERLAW 2-2,2
WARREN-:-SUMNER 1-7/8,2
WARREN-:-SWAN 1-1,2
WARREN-:-TOMPKINS 1-6,2
WASHINGTON-:-ASHLEY-001,11
WASHINGTON-:-BEAUCOUP-001,11
WASHINGTON-:-BOLO-002,11
WASHINGTON-:-COVINGTON-003,11
WASHINGTON-:-DUBOIS-004,11
WASHINGTON-:-DUBOIS-005,11
WASHINGTON-:-HOYLETON-001,11
WASHINGTON-:-IRVINGTON-001,11
WASHINGTON-:-JOHANNISBURG-3/9,11
WASHINGTON-:-LIVELY GROVE-6/10,11
WASHINGTON-:-NASHVILLE 1-007,11
WASHINGTON-:-NASHVILLE 3-007,11
WASHINGTON-:-NASHVILLE 4-007,11
WASHINGTON-:-OAKDALE-006,11
WASHINGTON-:-OKAWVILLE 1-003,11
WASHINGTON-:-OKAWVILLE 2-003,11
WASHINGTON-:-PILOT KNOB-002,11
WASHINGTON-:-PLUM HILL-003,11
WASHINGTON-:-RICHVIEW-001,11
WASHINGTON-:-VENEDY-3/9,11
WAYNE-:-ARRINGTON,11
WAYNE-:-BARNHILL,11
WAYNE-:-BEDFORD,11
WAYNE-:-BERRY,11
WAYNE-:-BIG MOUND 1,11
WAYNE-:-BIG MOUND 2,11
WAYNE-:-ELM RIVER,11
WAYNE-:-FAIRFIELD 1,11
WAYNE-:-FAIRFIELD 2,11
WAYNE-:-FOUR MILE,11
WAYNE-:-GARDEN HILL,11
WAYNE-:-GOLDENGATE,11
WAYNE-:-GROVER,11
WAYNE-:-HICKORY HILL,11
WAYNE-:-INDIAN PRAIRIE,11
WAYNE-:-JASPER 1,11
WAYNE-:-JASPER 2,11
WAYNE-:-KEITH,11
WAYNE-:-LAMARD 1,11
WAYNE-:-LAMARD 2,11
WAYNE-:-MASSILON,11
WAYNE-:-MERRIAM,11
WAYNE-:-MT. ERIE,11
WAYNE-:-ORCHARD,11
WAYNE-:-OREL,11
WAYNE-:-RIDER,11
WAYNE-:-ZIF,11
WHITE-:-BURNT PRAIRIE 10-1,11
WHITE-:-CARMI 12-1,11
WHITE-:-CARMI 13-2,11
WHITE-:-CARMI 14-1,11
WHITE-:-CARMI 16-1,11
WHITE-:-CARMI 18-4,11
WHITE-:-CARMI 19-4,11
WHITE-:-CARMI 20-4,11
WHITE-:-CARMI 20-5,11
WHITE-:-EMMA 30-3,11
WHITE-:-ENFIELD 4-2,11
WHITE-:-GRAY 24-2,11
WHITE-:-HAWTHORNE 28-2,11
WHITE-:-HAWTHORNE 28-3,11
WHITE-:-HERALDS PRAIRIE 22-3,11
WHITE-:-INDIAN CREEK 6-3,11
WHITE-:-INDIAN CREEK 8-3,11
WHITE-:-MILL SHOALS 1-1,11
WHITE-:-MILL SHOALS 2-2,11
WHITE-:-PHILLIPS 26-2,11
WHITESIDE-:-ALBANY 1,6
WHITESIDE-:-CLYDE 1,2
WHITESIDE-:-COLOMA 1,2
WHITESIDE-:-COLOMA 10,8
WHITESIDE-:-COLOMA 2,8
WHITESIDE-:-COLOMA 3,8
WHITESIDE-:-COLOMA 4,8
WHITESIDE-:-COLOMA 5,8
WHITESIDE-:-COLOMA 6,8
WHITESIDE-:-COLOMA 7,8
WHITESIDE-:-COLOMA 8,8
WHITESIDE-:-COLOMA 9,8
WHITESIDE-:-ERIE 1,2
WHITESIDE-:-ERIE 2,2
WHITESIDE-:-FENTON 1,2
WHITESIDE-:-FULTON 1,2
WHITESIDE-:-FULTON 2,2
WHITESIDE-:-FULTON 3,2
WHITESIDE-:-FULTON 4,2
WHITESIDE-:-GARDEN PLAIN 1,2
WHITESIDE-:-GENESEE 1,2
WHITESIDE-:-HAHNAMAN 1,2
WHITESIDE-:-HOPKINS 1,2
WHITESIDE-:-HOPKINS 2,2
WHITESIDE-:-HUME 1,2
WHITESIDE-:-JORDAN 1,2
WHITESIDE-:-LYNDON 1,2
WHITESIDE-:-MONTMORENCY 1,2
WHITESIDE-:-MONTMORENCY 2,8
WHITESIDE-:-MT. PLEASANT 1,10
WHITESIDE-:-MT. PLEASANT 2,10
WHITESIDE-:-MT. PLEASANT 3,10
WHITESIDE-:-MT. PLEASANT 4,10
WHITESIDE-:-MT. PLEASANT 5,2
WHITESIDE-:-NEWTON 1,2
WHITESIDE-:-PORTLAND 1,2
WHITESIDE-:-PROPHETSTOWN 1,2
WHITESIDE-:-PROPHETSTOWN 2,2
WHITESIDE-:-PROPHETSTOWN 3,2
WHITESIDE-:-STERLING 1,8
WHITESIDE-:-STERLING 10,8
WHITESIDE-:-STERLING 11,8
WHITESIDE-:-STERLING 12,8
WHITESIDE-:-STERLING 13,8
WHITESIDE-:-STERLING 14,8
WHITESIDE-:-STERLING 15,8
WHITESIDE-:-STERLING 16,8
WHITESIDE-:-STERLING 17,8
WHITESIDE-:-STERLING 18,8
WHITESIDE-:-STERLING 2,8
WHITESIDE-:-STERLING 3,8
WHITESIDE-:-STERLING 4,8
WHITESIDE-:-STERLING 5,8
WHITESIDE-:-STERLING 6,8
WHITESIDE-:-STERLING 7,8
WHITESIDE-:-STERLING 8,8
WHITESIDE-:-STERLING 9,8
WHITESIDE-:-TAMPICO 1,2
WHITESIDE-:-UNION GROVE 1,2
WHITESIDE-:-USTICK 1,2
WILL-:-CHANNAHON PCT 001-STYLE 1,6
WILL-:-CHANNAHON PCT 002-STYLE 2,6
WILL-:-CHANNAHON PCT 003-STYLE 3,6
WILL-:-CHANNAHON PCT 004-STYLE 4,10
WILL-:-CHANNAHON PCT 005-STYLE 5,6
WILL-:-CRETE PCT 001-STYLE 6/7,10
WILL-:-CRETE PCT 002-STYLE 8,10
WILL-:-CRETE PCT 003-STYLE 9,10
WILL-:-CRETE PCT 004-STYLE 10,4
WILL-:-CRETE PCT 004-STYLE 11,4
WILL-:-CRETE PCT 005-STYLE 12,4
WILL-:-CRETE PCT 006-STYLE 13,6
WILL-:-CRETE PCT 006-STYLE 14,6
WILL-:-CRETE PCT 007-STYLE 15,4
WILL-:-CRETE PCT 008-STYLE 16,6
WILL-:-CRETE PCT 008-STYLE 17,10
WILL-:-CRETE PCT 009-STYLE 18,10
WILL-:-CRETE PCT 010-STYLE 19,10
WILL-:-CRETE PCT 011-STYLE 20,6
WILL-:-CRETE PCT 011-STYLE 21,6
WILL-:-CRETE PCT 012-STYLE 22,6
WILL-:-CUSTER PCT 001-STYLE 23,6
WILL-:-CUSTER PCT 001-STYLE 24,6
WILL-:-DUPAGE PCT 001-STYLE 25/26,4
WILL-:-DUPAGE PCT 002-STYLE 27,4
WILL-:-DUPAGE PCT 003-STYLE 28,4
WILL-:-DUPAGE PCT 004-STYLE 29,4
WILL-:-DUPAGE PCT 005-STYLE 30/31,14
WILL-:-DUPAGE PCT 006-STYLE 32,14
WILL-:-DUPAGE PCT 007-STYLE 33,4
WILL-:-DUPAGE PCT 008-STYLE 34,14
WILL-:-DUPAGE PCT 009-STYLE 35/37,4
WILL-:-DUPAGE PCT 010-STYLE 38,12
WILL-:-DUPAGE PCT 011-STYLE 39,14
WILL-:-DUPAGE PCT 012-STYLE 40,8
WILL-:-DUPAGE PCT 013-STYLE 41,14
WILL-:-DUPAGE PCT 014-STYLE 42/43,12
WILL-:-DUPAGE PCT 015-STYLE 44,12
WILL-:-DUPAGE PCT 016-STYLE 45,12
WILL-:-DUPAGE PCT 017-STYLE 46,12
WILL-:-DUPAGE PCT 017-STYLE 47,12
WILL-:-DUPAGE PCT 018-STYLE 48,12
WILL-:-DUPAGE PCT 019-STYLE 49,12
WILL-:-DUPAGE PCT 020-STYLE 50,12
WILL-:-DUPAGE PCT 021-STYLE 51,14
WILL-:-DUPAGE PCT 022-STYLE 52,14
WILL-:-DUPAGE PCT 023-STYLE 53,12
WILL-:-DUPAGE PCT 024-STYLE 54,8
WILL-:-DUPAGE PCT 025-STYLE 56,14
WILL-:-DUPAGE PCT 025-STYLE 57,12
WILL-:-DUPAGE PCT 026-STYLE 58,14
WILL-:-DUPAGE PCT 027-STYLE 59,8
WILL-:-DUPAGE PCT 027-STYLE 60,8
WILL-:-DUPAGE PCT 028-STYLE 61/62,14
WILL-:-DUPAGE PCT 029-STYLE 63,12
WILL-:-DUPAGE PCT 030-STYLE 64,14
WILL-:-DUPAGE PCT 031-STYLE 65/66,12
WILL-:-DUPAGE PCT 032-STYLE 67,14
WILL-:-DUPAGE PCT 032-STYLE 68,12
WILL-:-DUPAGE PCT 033-STYLE 69/71,8
WILL-:-DUPAGE PCT 033-STYLE 70/72,12
WILL-:-DUPAGE PCT 034-STYLE 73,12
WILL-:-DUPAGE PCT 035-STYLE 74,14
WILL-:-DUPAGE PCT 036-STYLE 75,12
WILL-:-DUPAGE PCT 036-STYLE 76,14
WILL-:-DUPAGE PCT 037-STYLE 77,14
WILL-:-FLORENCE PCT 001-STYLE 78,6
WILL-:-FRANKFORT PCT 001-STYLE 79,8
WILL-:-FRANKFORT PCT 002-STYLE 80/81,10
WILL-:-FRANKFORT PCT 003-STYLE 83/85,8
WILL-:-FRANKFORT PCT 003-STYLE 84,8
WILL-:-FRANKFORT PCT 004-STYLE 86,8
WILL-:-FRANKFORT PCT 004-STYLE 87,8
WILL-:-FRANKFORT PCT 005-STYLE 88,8
WILL-:-FRANKFORT PCT 006-STYLE 89,10
WILL-:-FRANKFORT PCT 007-STYLE 90/91,8
WILL-:-FRANKFORT PCT 008-STYLE 92,8
WILL-:-FRANKFORT PCT 008-STYLE 93/94,8
WILL-:-FRANKFORT PCT 009-STYLE 95,10
WILL-:-FRANKFORT PCT 010-STYLE 96/97,10
WILL-:-FRANKFORT PCT 011-STYLE 98,6
WILL-:-FRANKFORT PCT 011-STYLE 99,6
WILL-:-FRANKFORT PCT 012-STYLE 100,8
WILL-:-FRANKFORT PCT 013-STYLE 101,8
WILL-:-FRANKFORT PCT 014-STYLE 102/103,10
WILL-:-FRANKFORT PCT 015-STYLE 104,10
WILL-:-FRANKFORT PCT 016-STYLE 105/106,8
WILL-:-FRANKFORT PCT 017-STYLE 107,8
WILL-:-FRANKFORT PCT 017-STYLE 108,6
WILL-:-FRANKFORT PCT 018-STYLE 109,8
WILL-:-FRANKFORT PCT 019-STYLE 110,10
WILL-:-FRANKFORT PCT 020-STYLE 111,10
WILL-:-FRANKFORT PCT 021-STYLE 112,6
WILL-:-FRANKFORT PCT 021-STYLE 113,6
WILL-:-FRANKFORT PCT 022-STYLE 114/115,8
WILL-:-FRANKFORT PCT 023-STYLE 116,6
WILL-:-FRANKFORT PCT 023-STYLE 117,6
WILL-:-FRANKFORT PCT 024-STYLE 118,8
WILL-:-FRANKFORT PCT 025-STYLE 119,8
WILL-:-FRANKFORT PCT 026-STYLE 120,8
WILL-:-FRANKFORT PCT 027-STYLE 121,6
WILL-:-FRANKFORT PCT 027-STYLE 122,6
WILL-:-FRANKFORT PCT 028-STYLE 123,6
WILL-:-GREEN GARDEN PCT 001-STYLE 124,6
WILL-:-GREEN GARDEN PCT 002-STYLE 125,6
WILL-:-GREEN GARDEN PCT 002-STYLE 126,6
WILL-:-HOMER PCT 001-STYLE 127/128,4
WILL-:-HOMER PCT 002-STYLE 129,4
WILL-:-HOMER PCT 003-STYLE 130,4
WILL-:-HOMER PCT 004-STYLE 131,4
WILL-:-HOMER PCT 004-STYLE 132,4
WILL-:-HOMER PCT 005-STYLE 133,4
WILL-:-HOMER PCT 005-STYLE 134,4
WILL-:-HOMER PCT 006-STYLE 135,4
WILL-:-HOMER PCT 007-STYLE 136,4
WILL-:-HOMER PCT 008-STYLE 137,4
WILL-:-HOMER PCT 009-STYLE 138,4
WILL-:-HOMER PCT 009-STYLE 139,4
WILL-:-HOMER PCT 010-STYLE 140,4
WILL-:-HOMER PCT 011-STYLE 141,4
WILL-:-HOMER PCT 012-STYLE 142,4
WILL-:-HOMER PCT 013-STYLE 143,4
WILL-:-HOMER PCT 014-STYLE 144,4
WILL-:-HOMER PCT 015-STYLE 145,10
WILL-:-HOMER PCT 016-STYLE 146,11
WILL-:-HOMER PCT 017-STYLE 147,4
WILL-:-HOMER PCT 018-STYLE 148,11
WILL-:-HOMER PCT 019-STYLE 149,11
WILL-:-JACKSON PCT 001-STYLE 150,6
WILL-:-JACKSON PCT 002-STYLE 151,6
WILL-:-JOLIET PCT 001-STYLE 152/153,14
WILL-:-JOLIET PCT 002-STYLE 154/155,14
WILL-:-JOLIET PCT 003-STYLE 156/157,11
WILL-:-JOLIET PCT 003-STYLE 158,14
WILL-:-JOLIET PCT 004-STYLE 159,14
WILL-:-JOLIET PCT 004-STYLE 160,14
WILL-:-JOLIET PCT 005-STYLE 161,14
WILL-:-JOLIET PCT 006-STYLE 162,14
WILL-:-JOLIET PCT 007-STYLE 163/165,10
WILL-:-JOLIET PCT 007-STYLE 164/166,10
WILL-:-JOLIET PCT 008-STYLE 167,14
WILL-:-JOLIET PCT 009-STYLE 168,11
WILL-:-JOLIET PCT 009-STYLE 169,14
WILL-:-JOLIET PCT 010-STYLE 170,14
WILL-:-JOLIET PCT 011-STYLE 171/172,14
WILL-:-JOLIET PCT 012-STYLE 173,14
WILL-:-JOLIET PCT 012-STYLE 174,14
WILL-:-JOLIET PCT 013-STYLE 175,14
WILL-:-JOLIET PCT 014-STYLE 176,14
WILL-:-JOLIET PCT 015-STYLE 177/178,14
WILL-:-JOLIET PCT 016-STYLE 179/181/182,10
WILL-:-JOLIET PCT 016-STYLE 180,10
WILL-:-JOLIET PCT 017-STYLE 183,11
WILL-:-JOLIET PCT 018-STYLE 184,14
WILL-:-JOLIET PCT 018-STYLE 185,14
WILL-:-JOLIET PCT 019-STYLE 186,14
WILL-:-JOLIET PCT 019-STYLE 187,14
WILL-:-JOLIET PCT 020-STYLE 188/189,11
WILL-:-JOLIET PCT 021-STYLE 190,14
WILL-:-JOLIET PCT 022-STYLE 191,11
WILL-:-JOLIET PCT 023-STYLE 192,14
WILL-:-JOLIET PCT 024-STYLE 193,14
WILL-:-JOLIET PCT 025-STYLE 194,14
WILL-:-JOLIET PCT 026-STYLE 195/196,14
WILL-:-JOLIET PCT 027-STYLE 197,11
WILL-:-JOLIET PCT 028-STYLE 198,14
WILL-:-JOLIET PCT 029-STYLE 199,14
WILL-:-JOLIET PCT 030-STYLE 200,10
WILL-:-JOLIET PCT 031-STYLE 201/202,14
WILL-:-JOLIET PCT 032-STYLE 203,11
WILL-:-JOLIET PCT 033-STYLE 204,8
WILL-:-JOLIET PCT 034-STYLE 205,10
WILL-:-JOLIET PCT 035-STYLE 206,10
WILL-:-JOLIET PCT 036-STYLE 207/208/209/210,11
WILL-:-JOLIET PCT 037-STYLE 211,10
WILL-:-LOCKPORT PCT 001-STYLE 212,6
WILL-:-LOCKPORT PCT 002-STYLE 213,14
WILL-:-LOCKPORT PCT 003-STYLE 214,14
WILL-:-LOCKPORT PCT 004-STYLE 215,14
WILL-:-LOCKPORT PCT 005-STYLE 216/217,4
WILL-:-LOCKPORT PCT 006-STYLE 218,14
WILL-:-LOCKPORT PCT 007-STYLE 219,14
WILL-:-LOCKPORT PCT 008-STYLE 220,14
WILL-:-LOCKPORT PCT 009-STYLE 221,14
WILL-:-LOCKPORT PCT 010-STYLE 222,4
WILL-:-LOCKPORT PCT 011-STYLE 223,14
WILL-:-LOCKPORT PCT 012-STYLE 224,14
WILL-:-LOCKPORT PCT 012-STYLE 225,14
WILL-:-LOCKPORT PCT 013-STYLE 226,14
WILL-:-LOCKPORT PCT 014-STYLE 227,12
WILL-:-LOCKPORT PCT 015-STYLE 228,14
WILL-:-LOCKPORT PCT 015-STYLE 229,13
WILL-:-LOCKPORT PCT 016-STYLE 230,14
WILL-:-LOCKPORT PCT 017-STYLE 231,10
WILL-:-LOCKPORT PCT 018-STYLE 232,14
WILL-:-LOCKPORT PCT 019-STYLE 233,10
WILL-:-LOCKPORT PCT 020-STYLE 234,16
WILL-:-LOCKPORT PCT 021-STYLE 235,14
WILL-:-LOCKPORT PCT 022-STYLE 236,10
WILL-:-LOCKPORT PCT 023-STYLE 237,14
WILL-:-LOCKPORT PCT 023-STYLE 238,14
WILL-:-LOCKPORT PCT 024-STYLE 239,14
WILL-:-MANHATTAN PCT 001-STYLE 240,6
WILL-:-MANHATTAN PCT 002-STYLE 241,6
WILL-:-MANHATTAN PCT 003-STYLE 242,5
WILL-:-MANHATTAN PCT 004-STYLE 243,6
WILL-:-MANHATTAN PCT 005-STYLE 244,6
WILL-:-MONEE PCT 001-STYLE 245/246,6
WILL-:-MONEE PCT 001-STYLE 247,6
WILL-:-MONEE PCT 002-STYLE 248,6
WILL-:-MONEE PCT 002-STYLE 249/250,10
WILL-:-MONEE PCT 003-STYLE 251,10
WILL-:-MONEE PCT 003-STYLE 252,6
WILL-:-MONEE PCT 004-STYLE 253,10
WILL-:-MONEE PCT 005-STYLE 254,10
WILL-:-MONEE PCT 006-STYLE 255,6
WILL-:-MONEE PCT 007-STYLE 256,10
WILL-:-MONEE PCT 008-STYLE 257,6
WILL-:-MONEE PCT 008-STYLE 258,6
WILL-:-NEW LENOX PCT 001-STYLE 259,10
WILL-:-NEW LENOX PCT 002-STYLE 260,8
WILL-:-NEW LENOX PCT 003-STYLE 261,8
WILL-:-NEW LENOX PCT 004-STYLE 262,8
WILL-:-NEW LENOX PCT 005-STYLE 263,8
WILL-:-NEW LENOX PCT 006-STYLE 264,8
WILL-:-NEW LENOX PCT 007-STYLE 265,14
WILL-:-NEW LENOX PCT 008-STYLE 266,8
WILL-:-NEW LENOX PCT 009-STYLE 267,10
WILL-:-NEW LENOX PCT 010-STYLE 268,8
WILL-:-NEW LENOX PCT 010-STYLE 269,6
WILL-:-NEW LENOX PCT 011-STYLE 270,3
WILL-:-NEW LENOX PCT 011-STYLE 271,6
WILL-:-NEW LENOX PCT 012-STYLE 272,6
WILL-:-NEW LENOX PCT 012-STYLE 273,6
WILL-:-NEW LENOX PCT 013-STYLE 274,8
WILL-:-NEW LENOX PCT 013-STYLE 275,6
WILL-:-NEW LENOX PCT 014-STYLE 276,8
WILL-:-NEW LENOX PCT 014-STYLE 277,6
WILL-:-NEW LENOX PCT 015-STYLE 278,7
WILL-:-NEW LENOX PCT 016-STYLE 279,10
WILL-:-NEW LENOX PCT 017-STYLE 280,6
WILL-:-NEW LENOX PCT 018-STYLE 281,6
WILL-:-NEW LENOX PCT 019-STYLE 282,6
WILL-:-NEW LENOX PCT 020-STYLE 283,6
WILL-:-PEOTONE PCT 001-STYLE 284/286,10
WILL-:-PEOTONE PCT 001-STYLE 285,6
WILL-:-PEOTONE PCT 001-STYLE 287,6
WILL-:-PEOTONE PCT 002-STYLE 288/289,10
WILL-:-PEOTONE PCT 002-STYLE 290,6
WILL-:-PEOTONE PCT 002-STYLE 291,6
WILL-:-PEOTONE PCT 002-STYLE 292,10
WILL-:-PLAINFIELD PCT 001-STYLE 293,12
WILL-:-PLAINFIELD PCT 002-STYLE 294,12
WILL-:-PLAINFIELD PCT 003-STYLE 295,12
WILL-:-PLAINFIELD PCT 003-STYLE 296,12
WILL-:-PLAINFIELD PCT 004-STYLE 297,14
WILL-:-PLAINFIELD PCT 005-STYLE 298,4
WILL-:-PLAINFIELD PCT 006-STYLE 299,14
WILL-:-PLAINFIELD PCT 007-STYLE 300,14
WILL-:-PLAINFIELD PCT 008-STYLE 301,12
WILL-:-PLAINFIELD PCT 009-STYLE 302,12
WILL-:-PLAINFIELD PCT 010-STYLE 303,12
WILL-:-PLAINFIELD PCT 010-STYLE 304,12
WILL-:-PLAINFIELD PCT 011-STYLE 305,14
WILL-:-PLAINFIELD PCT 012-STYLE 306,14
WILL-:-PLAINFIELD PCT 013-STYLE 307,12
WILL-:-PLAINFIELD PCT 014-STYLE 308,12
WILL-:-PLAINFIELD PCT 014-STYLE 309,15
WILL-:-PLAINFIELD PCT 015-STYLE 310/311,14
WILL-:-PLAINFIELD PCT 016-STYLE 312,14
WILL-:-PLAINFIELD PCT 017-STYLE 313,14
WILL-:-PLAINFIELD PCT 018-STYLE 314,14
WILL-:-PLAINFIELD PCT 019-STYLE 315,12
WILL-:-PLAINFIELD PCT 020-STYLE 316,12
WILL-:-PLAINFIELD PCT 021-STYLE 317,9
WILL-:-PLAINFIELD PCT 022-STYLE 318,14
WILL-:-PLAINFIELD PCT 023-STYLE 319,8
WILL-:-PLAINFIELD PCT 024-STYLE 320,11
WILL-:-PLAINFIELD PCT 025-STYLE 321/322,12
WILL-:-PLAINFIELD PCT 026-STYLE 323/324,12
WILL-:-PLAINFIELD PCT 027-STYLE 325,6
WILL-:-PLAINFIELD PCT 028-STYLE 326,12
WILL-:-PLAINFIELD PCT 029-STYLE 327,12
WILL-:-PLAINFIELD PCT 030-STYLE 328,12
WILL-:-PLAINFIELD PCT 031-STYLE 329,14
WILL-:-PLAINFIELD PCT 032-STYLE 330,16
WILL-:-PLAINFIELD PCT 033-STYLE 331,13
WILL-:-PLAINFIELD PCT 034-STYLE 332/333,14
WILL-:-PLAINFIELD PCT 035-STYLE 334,12
WILL-:-REED PCT 001-STYLE 335,6
WILL-:-REED PCT 001-STYLE 336,6
WILL-:-REED PCT 001-STYLE 337,6
WILL-:-REED PCT 001-STYLE 338,6
WILL-:-REED PCT 002-STYLE 339,5
WILL-:-REED PCT 002-STYLE 340,6
WILL-:-REED PCT 002-STYLE 341,6
WILL-:-REED PCT 003-STYLE 342,6
WILL-:-REED PCT 003-STYLE 343,6
WILL-:-TROY PCT 001-STYLE 344,10
WILL-:-TROY PCT 002-STYLE 345,14
WILL-:-TROY PCT 003-STYLE 346,14
WILL-:-TROY PCT 003-STYLE 347,14
WILL-:-TROY PCT 004-STYLE 348,3
WILL-:-TROY PCT 005-STYLE 349,9
WILL-:-TROY PCT 006-STYLE 350,14
WILL-:-TROY PCT 007-STYLE 351,7
WILL-:-TROY PCT 008-STYLE 352,8
WILL-:-TROY PCT 008-STYLE 353,14
WILL-:-TROY PCT 009-STYLE 354,14
WILL-:-TROY PCT 009-STYLE 355,14
WILL-:-TROY PCT 010-STYLE 356,14
WILL-:-TROY PCT 010-STYLE 357,15
WILL-:-TROY PCT 011-STYLE 358,11
WILL-:-TROY PCT 012-STYLE 359,14
WILL-:-TROY PCT 013-STYLE 360,14
WILL-:-TROY PCT 014-STYLE 361,14
WILL-:-TROY PCT 014-STYLE 362,14
WILL-:-TROY PCT 015-STYLE 363,14
WILL-:-TROY PCT 015-STYLE 364,14
WILL-:-TROY PCT 016-STYLE 365,14
WILL-:-TROY PCT 017-STYLE 366,14
WILL-:-TROY PCT 018-STYLE 367,14
WILL-:-TROY PCT 019-STYLE 368,14
WILL-:-TROY PCT 020-STYLE 369,14
WILL-:-TROY PCT 021-STYLE 370,14
WILL-:-TROY PCT 022-STYLE 371,14
WILL-:-TROY PCT 022-STYLE 372,14
WILL-:-WASHINGTON PCT 001-STYLE 373,10
WILL-:-WASHINGTON PCT 002-STYLE 374,10
WILL-:-WASHINGTON PCT 002-STYLE 375,6
WILL-:-WASHINGTON PCT 003-STYLE 376,10
WILL-:-WASHINGTON PCT 003-STYLE 377,6
WILL-:-WESLEY PCT 001-STYLE 378,6
WILL-:-WESLEY PCT 001-STYLE 379,6
WILL-:-WHEATLAND PCT 001-STYLE 380,12
WILL-:-WHEATLAND PCT 002-STYLE 381,12
WILL-:-WHEATLAND PCT 003-STYLE 382,12
WILL-:-WHEATLAND PCT 004-STYLE 383,12
WILL-:-WHEATLAND PCT 005-STYLE 384,12
WILL-:-WHEATLAND PCT 006-STYLE 385,4
WILL-:-WHEATLAND PCT 007-STYLE 386,4
WILL-:-WHEATLAND PCT 008-STYLE 387/388,4
WILL-:-WHEATLAND PCT 009-STYLE 389,12
WILL-:-WHEATLAND PCT 010-STYLE 390,4
WILL-:-WHEATLAND PCT 011-STYLE 391,12
WILL-:-WHEATLAND PCT 011-STYLE 392,12
WILL-:-WHEATLAND PCT 012-STYLE 393,12
WILL-:-WHEATLAND PCT 012-STYLE 394,12
WILL-:-WHEATLAND PCT 012-STYLE 395,12
WILL-:-WHEATLAND PCT 013-STYLE 396,4
WILL-:-WHEATLAND PCT 014-STYLE 397,12
WILL-:-WHEATLAND PCT 015-STYLE 398,12
WILL-:-WHEATLAND PCT 016-STYLE 399/401,12
WILL-:-WHEATLAND PCT 016-STYLE 400,12
WILL-:-WHEATLAND PCT 017-STYLE 402,4
WILL-:-WHEATLAND PCT 018-STYLE 403,12
WILL-:-WHEATLAND PCT 019-STYLE 404/405,4
WILL-:-WHEATLAND PCT 020-STYLE 406,4
WILL-:-WHEATLAND PCT 021-STYLE 407,4
WILL-:-WHEATLAND PCT 021-STYLE 408,4
WILL-:-WHEATLAND PCT 022-STYLE 409/412,12
WILL-:-WHEATLAND PCT 022-STYLE 410/411,12
WILL-:-WHEATLAND PCT 023-STYLE 413/414,12
WILL-:-WHEATLAND PCT 024-STYLE 415/416/417,12
WILL-:-WHEATLAND PCT 025-STYLE 418,12
WILL-:-WHEATLAND PCT 026-STYLE 419,12
WILL-:-WHEATLAND PCT 026-STYLE 420,12
WILL-:-WHEATLAND PCT 027-STYLE 421,12
WILL-:-WHEATLAND PCT 027-STYLE 422,6
WILL-:-WHEATLAND PCT 028-STYLE 423,13
WILL-:-WHEATLAND PCT 028-STYLE 424,12
WILL-:-WHEATLAND PCT 029-STYLE 425,12
WILL-:-WHEATLAND PCT 030-STYLE 426,12
WILL-:-WHEATLAND PCT 031-STYLE 427,16
WILL-:-WHEATLAND PCT 032-STYLE 428,5
WILL-:-WHEATLAND PCT 033-STYLE 429,9
WILL-:-WHEATLAND PCT 034-STYLE 431,3
WILL-:-WHEATLAND PCT 035-STYLE 432,12
WILL-:-WHEATLAND PCT 035-STYLE 433,12
WILL-:-WHEATLAND PCT 036-STYLE 434,4
WILL-:-WHEATLAND PCT 037-STYLE 435/436,12
WILL-:-WHEATLAND PCT 038-STYLE 437/438,13
WILL-:-WILL PCT 001-STYLE 439/440,10
WILL-:-WILL PCT 001-STYLE 441,6
WILL-:-WILMINGTON PCT 001-STYLE 442,6
WILL-:-WILMINGTON PCT 001-STYLE 443,6
WILL-:-WILMINGTON PCT 002-STYLE 444,6
WILL-:-WILMINGTON PCT 002-STYLE 445,6
WILL-:-WILMINGTON PCT 003-STYLE 446,6
WILL-:-WILTON PCT 001-STYLE 447,6
WILLIAMSON-:-BLAIRSVILLE 1,6
WILLIAMSON-:-BLAIRSVILLE 2,6
WILLIAMSON-:-BLAIRSVILLE 3,6
WILLIAMSON-:-BLAIRSVILLE 4,6
WILLIAMSON-:-BLAIRSVILLE 5,6
WILLIAMSON-:-CARTERVILLE 1,6
WILLIAMSON-:-CARTERVILLE 2,6
WILLIAMSON-:-CARTERVILLE 3,6
WILLIAMSON-:-CARTERVILLE 4,6
WILLIAMSON-:-CARTERVILLE 5,6
WILLIAMSON-:-CARTERVILLE 6,6
WILLIAMSON-:-CARTERVILLE 7,6
WILLIAMSON-:-CARTERVILLE 8,6
WILLIAMSON-:-CORINTH 1,6
WILLIAMSON-:-CRAB ORCHARD,6
WILLIAMSON-:-CREAL SPRINGS 1,6
WILLIAMSON-:-CREAL SPRINGS 2,6
WILLIAMSON-:-EAST MARION 1,6
WILLIAMSON-:-EAST MARION 2,6
WILLIAMSON-:-EAST MARION 3,6
WILLIAMSON-:-EAST MARION 4,6
WILLIAMSON-:-EAST MARION 5,6
WILLIAMSON-:-EAST MARION 6,6
WILLIAMSON-:-EAST MARION 7,6
WILLIAMSON-:-EAST MARION 8,6
WILLIAMSON-:-EAST MARION 9,6
WILLIAMSON-:-GRASSY,6
WILLIAMSON-:-HERRIN 1,6
WILLIAMSON-:-HERRIN 10,6
WILLIAMSON-:-HERRIN 11,6
WILLIAMSON-:-HERRIN 12,6
WILLIAMSON-:-HERRIN 13,6
WILLIAMSON-:-HERRIN 2,6
WILLIAMSON-:-HERRIN 3,6
WILLIAMSON-:-HERRIN 4,6
WILLIAMSON-:-HERRIN 5,6
WILLIAMSON-:-HERRIN 6,6
WILLIAMSON-:-HERRIN 7,6
WILLIAMSON-:-HERRIN 8,6
WILLIAMSON-:-HERRIN 9,6
WILLIAMSON-:-LAKE CREEK 1,6
WILLIAMSON-:-LAKE CREEK 2,6
WILLIAMSON-:-LAKE CREEK 3,6
WILLIAMSON-:-SOUTHERN 1,6
WILLIAMSON-:-SOUTHERN 2,6
WILLIAMSON-:-STONEFORT,6
WILLIAMSON-:-WEST MARION 1,6
WILLIAMSON-:-WEST MARION 10,6
WILLIAMSON-:-WEST MARION 2,6
WILLIAMSON-:-WEST MARION 3,6
WILLIAMSON-:-WEST MARION 4,6
WILLIAMSON-:-WEST MARION 5,6
WILLIAMSON-:-WEST MARION 6,6
WILLIAMSON-:-WEST MARION 7,6
WILLIAMSON-:-WEST MARION 8,6
WILLIAMSON-:-WEST MARION 9,6
WINNEBAGO-:-BURRITT 1,2
WINNEBAGO-:-CHERRY VALLEY 1,6
WINNEBAGO-:-CHERRY VALLEY 11,6
WINNEBAGO-:-CHERRY VALLEY 4,6
WINNEBAGO-:-CHERRY VALLEY 5,6
WINNEBAGO-:-CHERRY VALLEY 9,6
WINNEBAGO-:-DURAND 1,2
WINNEBAGO-:-DURAND 2,2
WINNEBAGO-:-HARLEM 10,2
WINNEBAGO-:-HARLEM 11,2
WINNEBAGO-:-HARLEM 12,2
WINNEBAGO-:-HARLEM 13,2
WINNEBAGO-:-HARLEM 14,2
WINNEBAGO-:-HARLEM 15,2
WINNEBAGO-:-HARLEM 16,2
WINNEBAGO-:-HARLEM 17,2
WINNEBAGO-:-HARLEM 18,2
WINNEBAGO-:-HARLEM 19,2
WINNEBAGO-:-HARLEM 2,2
WINNEBAGO-:-HARLEM 21,2
WINNEBAGO-:-HARLEM 22,2
WINNEBAGO-:-HARLEM 24,2
WINNEBAGO-:-HARLEM 25,2
WINNEBAGO-:-HARLEM 26,2
WINNEBAGO-:-HARLEM 27,2
WINNEBAGO-:-HARLEM 4,2
WINNEBAGO-:-HARLEM 5,2
WINNEBAGO-:-HARLEM 6,2
WINNEBAGO-:-HARLEM 7,2
WINNEBAGO-:-HARLEM 8,2
WINNEBAGO-:-HARRISON 1,2
WINNEBAGO-:-LAONA 1,2
WINNEBAGO-:-OWEN 1,2
WINNEBAGO-:-OWEN 2,2
WINNEBAGO-:-OWEN 3,2
WINNEBAGO-:-PECATONICA 2,2
WINNEBAGO-:-PECATONICA 3,2
WINNEBAGO-:-PECATONICA 4,2
WINNEBAGO-:-ROCKFORD 12,6
WINNEBAGO-:-ROCKFORD 13,6
WINNEBAGO-:-ROCKFORD 14,6
WINNEBAGO-:-ROCKFORD 26,6
WINNEBAGO-:-ROCKFORD 30,6
WINNEBAGO-:-ROCKFORD 4,6
WINNEBAGO-:-ROCKFORD 5,15
WINNEBAGO-:-ROCKFORD 54,11
WINNEBAGO-:-ROCKFORD 55,6
WINNEBAGO-:-ROCKFORD 8,6
WINNEBAGO-:-ROCKTON 1,2
WINNEBAGO-:-ROCKTON 10,2
WINNEBAGO-:-ROCKTON 11,2
WINNEBAGO-:-ROCKTON 13,2
WINNEBAGO-:-ROCKTON 2,2
WINNEBAGO-:-ROCKTON 3,2
WINNEBAGO-:-ROCKTON 5,2
WINNEBAGO-:-ROCKTON 6,2
WINNEBAGO-:-ROCKTON 8,2
WINNEBAGO-:-ROCKTON 9,2
WINNEBAGO-:-ROSCOE 1,2
WINNEBAGO-:-ROSCOE 10,2
WINNEBAGO-:-ROSCOE 11,2
WINNEBAGO-:-ROSCOE 12,2
WINNEBAGO-:-ROSCOE 14,2
WINNEBAGO-:-ROSCOE 15,2
WINNEBAGO-:-ROSCOE 2,2
WINNEBAGO-:-ROSCOE 3,2
WINNEBAGO-:-ROSCOE 4,2
WINNEBAGO-:-ROSCOE 5,2
WINNEBAGO-:-ROSCOE 6,2
WINNEBAGO-:-ROSCOE 7,2
WINNEBAGO-:-ROSCOE 8,2
WINNEBAGO-:-ROSCOE 9,2
WINNEBAGO-:-SEWARD 1,2
WINNEBAGO-:-SHIRLAND 1,2
WINNEBAGO-:-WINNEBAGO 3,2
WINNEBAGO-:-WINNEBAGO 4,2
WOODFORD-:-CAZENOVIA 1,2
WOODFORD-:-CAZENOVIA 3,2
WOODFORD-:-CLAYTON,2
WOODFORD-:-CRUGER 1,2
WOODFORD-:-CRUGER 2,2
WOODFORD-:-EL PASO 1,2
WOODFORD-:-EL PASO 2,2
WOODFORD-:-EL PASO 3,2
WOODFORD-:-GREENE,2
WOODFORD-:-KANSAS,2
WOODFORD-:-LINN,2
WOODFORD-:-METAMORA 1,2
WOODFORD-:-METAMORA 2,2
WOODFORD-:-METAMORA 3,2
WOODFORD-:-METAMORA 4,2
WOODFORD-:-MINONK 1,2
WOODFORD-:-MINONK 2,2
WOODFORD-:-MONTGOMERY 1,2
WOODFORD-:-MONTGOMERY 2,2
WOODFORD-:-OLIO 1,2
WOODFORD-:-OLIO 2,2
WOODFORD-:-OLIO 3,2
WOODFORD-:-OLIO 4,2
WOODFORD-:-PALESTINE,2
WOODFORD-:-PANOLA,2
WOODFORD-:-PARTRIDGE,2
WOODFORD-:-ROANOKE 1,2
WOODFORD-:-ROANOKE 2,2
WOODFORD-:-SPRING BAY 1,2
WOODFORD-:-SPRING BAY 2,2
WOODFORD-:-WORTH 1,2
WOODFORD-:-WORTH 3,2
WOODFORD-:-WORTH 4,2
WOODFORD-:-WORTH 5,2
WOODFORD-:-WORTH 6,2
WOODFORD-:-WORTH 7,2
WOODFORD-:-WORTH 9,2
