unit_id,district
BOONE-:-FLORA 1-(CONG-11),3
BOONE-:-FLORA 1-(CONG-16),4
BUREAU-:-ARISPIE-(CONG-14),5
BUREAU-:-ARISPIE-(CONG-16),6
BUREAU-:-PRINCETON 6-(CONG-14),7
BUREAU-:-PRINCETON 6-(CONG-16),8
BUREAU-:-SELBY 2-(CONG-14),9
BUREAU-:-SELBY 2-(CONG-16),10
CHAMPAIGN-:-HENSLEY-(CONG-13),11
CHAMPAIGN-:-HENSLEY-(CONG-15),12
CHAMPAIGN-:-RANTOUL 4-(CONG-02),13
CHAMPAIGN-:-RANTOUL 4-(CONG-15),14
CHAMPAIGN-:-SOMER-(CONG-13),15
CHAMPAIGN-:-SOMER-(CONG-15),16
CITY OF BLOOMINGTON-:-PRECINCT 10-(CONG-16),7
CITY OF BLOOMINGTON-:-PRECINCT 10-(CONG-17),7
CITY OF BLOOMINGTON-:-PRECINCT 15-(CONG-16),7
CITY OF BLOOMINGTON-:-PRECINCT 15-(CONG-17),7
CITY OF BLOOMINGTON-:-PRECINCT 17-(CONG-16),7
CITY OF BLOOMINGTON-:-PRECINCT 17-(CONG-17),7
CITY OF BLOOMINGTON-:-PRECINCT 2-(CONG-16),7
CITY OF BLOOMINGTON-:-PRECINCT 2-(CONG-17),7
CITY OF BLOOMINGTON-:-PRECINCT 52-(CONG-16),5
CITY OF BLOOMINGTON-:-PRECINCT 52-(CONG-17),5
CITY OF CHICAGO-:-WARD 01 PRECINCT 21-(CONG-05),0
CITY OF CHICAGO-:-WARD 01 PRECINCT 21-(CONG-07),0
CITY OF CHICAGO-:-WARD 02 PRECINCT 23-(CONG-05),0
CITY OF CHICAGO-:-WARD 02 PRECINCT 23-(CONG-07),0
CITY OF CHICAGO-:-WARD 03 PRECINCT 02-(CONG-01),0
CITY OF CHICAGO-:-WARD 03 PRECINCT 02-(CONG-07),0
CITY OF CHICAGO-:-WARD 03 PRECINCT 07-(CONG-01),0
CITY OF CHICAGO-:-WARD 03 PRECINCT 07-(CONG-07),0
CITY OF CHICAGO-:-WARD 03 PRECINCT 19-(CONG-01),0
CITY OF CHICAGO-:-WARD 03 PRECINCT 19-(CONG-07),0
CITY OF CHICAGO-:-WARD 03 PRECINCT 20-(CONG-01),0
CITY OF CHICAGO-:-WARD 03 PRECINCT 20-(CONG-07),0
CITY OF CHICAGO-:-WARD 03 PRECINCT 22-(CONG-01),0
CITY OF CHICAGO-:-WARD 03 PRECINCT 22-(CONG-07),0
CITY OF CHICAGO-:-WARD 04 PRECINCT 01-(CONG-01),0
CITY OF CHICAGO-:-WARD 04 PRECINCT 01-(CONG-02),0
CITY OF CHICAGO-:-WARD 04 PRECINCT 03-(CONG-01),0
CITY OF CHICAGO-:-WARD 04 PRECINCT 03-(CONG-02),0
CITY OF CHICAGO-:-WARD 04 PRECINCT 24-(CONG-01),0
CITY OF CHICAGO-:-WARD 04 PRECINCT 24-(CONG-07),0
CITY OF CHICAGO-:-WARD 05 PRECINCT 01-(CONG-01),0
CITY OF CHICAGO-:-WARD 05 PRECINCT 01-(CONG-02),0
CITY OF CHICAGO-:-WARD 05 PRECINCT 09-(CONG-01),0
CITY OF CHICAGO-:-WARD 05 PRECINCT 09-(CONG-02),0
CITY OF CHICAGO-:-WARD 05 PRECINCT 15-(CONG-01),0
CITY OF CHICAGO-:-WARD 05 PRECINCT 15-(CONG-02),0
CITY OF CHICAGO-:-WARD 07 PRECINCT 02-(CONG-01),0
CITY OF CHICAGO-:-WARD 07 PRECINCT 02-(CONG-02),0
CITY OF CHICAGO-:-WARD 07 PRECINCT 10-(CONG-01),0
CITY OF CHICAGO-:-WARD 07 PRECINCT 10-(CONG-02),0
CITY OF CHICAGO-:-WARD 07 PRECINCT 12-(CONG-01),0
CITY OF CHICAGO-:-WARD 07 PRECINCT 12-(CONG-02),0
CITY OF CHICAGO-:-WARD 07 PRECINCT 13-(CONG-01),0
CITY OF CHICAGO-:-WARD 07 PRECINCT 13-(CONG-02),0
CITY OF CHICAGO-:-WARD 07 PRECINCT 16-(CONG-01),0
CITY OF CHICAGO-:-WARD 07 PRECINCT 16-(CONG-02),0
CITY OF CHICAGO-:-WARD 07 PRECINCT 17-(CONG-01),0
CITY OF CHICAGO-:-WARD 07 PRECINCT 17-(CONG-02),0
CITY OF CHICAGO-:-WARD 09 PRECINCT 08-(CONG-01),0
CITY OF CHICAGO-:-WARD 09 PRECINCT 08-(CONG-02),0
CITY OF CHICAGO-:-WARD 14 PRECINCT 01-(CONG-04),0
CITY OF CHICAGO-:-WARD 14 PRECINCT 01-(CONG-07),0
CITY OF CHICAGO-:-WARD 15 PRECINCT 10-(CONG-04),0
CITY OF CHICAGO-:-WARD 15 PRECINCT 10-(CONG-07),0
CITY OF CHICAGO-:-WARD 16 PRECINCT 07-(CONG-04),0
CITY OF CHICAGO-:-WARD 16 PRECINCT 07-(CONG-07),0
CITY OF CHICAGO-:-WARD 16 PRECINCT 20-(CONG-01),0
CITY OF CHICAGO-:-WARD 16 PRECINCT 20-(CONG-07),0
CITY OF CHICAGO-:-WARD 16 PRECINCT 23-(CONG-04),0
CITY OF CHICAGO-:-WARD 16 PRECINCT 23-(CONG-07),0
CITY OF CHICAGO-:-WARD 17 PRECINCT 02-(CONG-01),0
CITY OF CHICAGO-:-WARD 17 PRECINCT 02-(CONG-07),0
CITY OF CHICAGO-:-WARD 17 PRECINCT 14-(CONG-01),0
CITY OF CHICAGO-:-WARD 17 PRECINCT 14-(CONG-07),0
CITY OF CHICAGO-:-WARD 18 PRECINCT 18-(CONG-01),0
CITY OF CHICAGO-:-WARD 18 PRECINCT 18-(CONG-04),0
CITY OF CHICAGO-:-WARD 19 PRECINCT 10-(CONG-01),0
CITY OF CHICAGO-:-WARD 19 PRECINCT 10-(CONG-06),0
CITY OF CHICAGO-:-WARD 19 PRECINCT 11-(CONG-01),5
CITY OF CHICAGO-:-WARD 19 PRECINCT 11-(CONG-06),5
CITY OF CHICAGO-:-WARD 19 PRECINCT 19-(CONG-01),0
CITY OF CHICAGO-:-WARD 19 PRECINCT 19-(CONG-06),0
CITY OF CHICAGO-:-WARD 19 PRECINCT 25-(CONG-01),0
CITY OF CHICAGO-:-WARD 19 PRECINCT 25-(CONG-06),0
CITY OF CHICAGO-:-WARD 19 PRECINCT 26-(CONG-01),0
CITY OF CHICAGO-:-WARD 19 PRECINCT 26-(CONG-06),0
CITY OF CHICAGO-:-WARD 19 PRECINCT 31-(CONG-01),0
CITY OF CHICAGO-:-WARD 19 PRECINCT 31-(CONG-06),5
CITY OF CHICAGO-:-WARD 19 PRECINCT 36-(CONG-01),0
CITY OF CHICAGO-:-WARD 19 PRECINCT 36-(CONG-06),0
CITY OF CHICAGO-:-WARD 20 PRECINCT 01-(CONG-04),0
CITY OF CHICAGO-:-WARD 20 PRECINCT 01-(CONG-07),0
CITY OF CHICAGO-:-WARD 20 PRECINCT 03-(CONG-04),0
CITY OF CHICAGO-:-WARD 20 PRECINCT 03-(CONG-07),0
CITY OF CHICAGO-:-WARD 20 PRECINCT 05-(CONG-04),5
CITY OF CHICAGO-:-WARD 20 PRECINCT 05-(CONG-07),0
CITY OF CHICAGO-:-WARD 20 PRECINCT 08-(CONG-01),0
CITY OF CHICAGO-:-WARD 20 PRECINCT 08-(CONG-07),0
CITY OF CHICAGO-:-WARD 20 PRECINCT 14-(CONG-01),0
CITY OF CHICAGO-:-WARD 20 PRECINCT 14-(CONG-07),0
CITY OF CHICAGO-:-WARD 22 PRECINCT 02-(CONG-04),0
CITY OF CHICAGO-:-WARD 22 PRECINCT 02-(CONG-07),0
CITY OF CHICAGO-:-WARD 24 PRECINCT 18-(CONG-04),0
CITY OF CHICAGO-:-WARD 24 PRECINCT 18-(CONG-07),0
CITY OF CHICAGO-:-WARD 25 PRECINCT 03-(CONG-04),0
CITY OF CHICAGO-:-WARD 25 PRECINCT 03-(CONG-07),0
CITY OF CHICAGO-:-WARD 25 PRECINCT 13-(CONG-04),0
CITY OF CHICAGO-:-WARD 25 PRECINCT 13-(CONG-07),0
CITY OF CHICAGO-:-WARD 26 PRECINCT 27-(CONG-03),0
CITY OF CHICAGO-:-WARD 26 PRECINCT 27-(CONG-07),0
CITY OF CHICAGO-:-WARD 27 PRECINCT 09-(CONG-05),0
CITY OF CHICAGO-:-WARD 27 PRECINCT 09-(CONG-07),0
CITY OF CHICAGO-:-WARD 27 PRECINCT 12-(CONG-05),0
CITY OF CHICAGO-:-WARD 27 PRECINCT 12-(CONG-07),0
CITY OF CHICAGO-:-WARD 27 PRECINCT 13-(CONG-05),0
CITY OF CHICAGO-:-WARD 27 PRECINCT 13-(CONG-07),0
CITY OF CHICAGO-:-WARD 27 PRECINCT 21-(CONG-05),0
CITY OF CHICAGO-:-WARD 27 PRECINCT 21-(CONG-07),0
CITY OF CHICAGO-:-WARD 28 PRECINCT 17-(CONG-04),0
CITY OF CHICAGO-:-WARD 28 PRECINCT 17-(CONG-07),0
CITY OF CHICAGO-:-WARD 29 PRECINCT 04-(CONG-03),0
CITY OF CHICAGO-:-WARD 29 PRECINCT 04-(CONG-07),4
CITY OF CHICAGO-:-WARD 29 PRECINCT 05-(CONG-03),0
CITY OF CHICAGO-:-WARD 29 PRECINCT 05-(CONG-07),0
CITY OF CHICAGO-:-WARD 30 PRECINCT 03-(CONG-03),0
CITY OF CHICAGO-:-WARD 30 PRECINCT 03-(CONG-05),0
CITY OF CHICAGO-:-WARD 30 PRECINCT 15-(CONG-03),0
CITY OF CHICAGO-:-WARD 30 PRECINCT 15-(CONG-05),0
CITY OF CHICAGO-:-WARD 30 PRECINCT 22-(CONG-03),0
CITY OF CHICAGO-:-WARD 30 PRECINCT 22-(CONG-05),0
CITY OF CHICAGO-:-WARD 30 PRECINCT 23-(CONG-03),0
CITY OF CHICAGO-:-WARD 30 PRECINCT 23-(CONG-05),0
CITY OF CHICAGO-:-WARD 32 PRECINCT 19-(CONG-03),0
CITY OF CHICAGO-:-WARD 32 PRECINCT 19-(CONG-05),0
CITY OF CHICAGO-:-WARD 33 PRECINCT 16-(CONG-03),0
CITY OF CHICAGO-:-WARD 33 PRECINCT 16-(CONG-05),0
CITY OF CHICAGO-:-WARD 35 PRECINCT 22-(CONG-03),0
CITY OF CHICAGO-:-WARD 35 PRECINCT 22-(CONG-05),0
CITY OF CHICAGO-:-WARD 37 PRECINCT 16-(CONG-03),0
CITY OF CHICAGO-:-WARD 37 PRECINCT 16-(CONG-07),0
CITY OF CHICAGO-:-WARD 38 PRECINCT 06-(CONG-03),15
CITY OF CHICAGO-:-WARD 38 PRECINCT 06-(CONG-05),15
CITY OF CHICAGO-:-WARD 38 PRECINCT 11-(CONG-03),4
CITY OF CHICAGO-:-WARD 38 PRECINCT 11-(CONG-05),0
CITY OF CHICAGO-:-WARD 38 PRECINCT 17-(CONG-03),0
CITY OF CHICAGO-:-WARD 38 PRECINCT 17-(CONG-05),0
CITY OF CHICAGO-:-WARD 38 PRECINCT 24-(CONG-03),0
CITY OF CHICAGO-:-WARD 38 PRECINCT 24-(CONG-05),0
CITY OF CHICAGO-:-WARD 39 PRECINCT 28-(CONG-03),0
CITY OF CHICAGO-:-WARD 39 PRECINCT 28-(CONG-05),5
CITY OF CHICAGO-:-WARD 40 PRECINCT 04-(CONG-05),0
CITY OF CHICAGO-:-WARD 40 PRECINCT 04-(CONG-09),0
CITY OF CHICAGO-:-WARD 40 PRECINCT 19-(CONG-05),0
CITY OF CHICAGO-:-WARD 40 PRECINCT 19-(CONG-09),0
CITY OF CHICAGO-:-WARD 40 PRECINCT 23-(CONG-03),0
CITY OF CHICAGO-:-WARD 40 PRECINCT 23-(CONG-05),0
CITY OF CHICAGO-:-WARD 41 PRECINCT 28-(CONG-05),4
CITY OF CHICAGO-:-WARD 41 PRECINCT 28-(CONG-09),4
CITY OF CHICAGO-:-WARD 42 PRECINCT 09-(CONG-05),0
CITY OF CHICAGO-:-WARD 42 PRECINCT 09-(CONG-07),0
CITY OF CHICAGO-:-WARD 42 PRECINCT 22-(CONG-05),0
CITY OF CHICAGO-:-WARD 42 PRECINCT 22-(CONG-07),0
CITY OF CHICAGO-:-WARD 43 PRECINCT 15-(CONG-05),0
CITY OF CHICAGO-:-WARD 43 PRECINCT 15-(CONG-07),0
CITY OF CHICAGO-:-WARD 45 PRECINCT 24-(CONG-03),0
CITY OF CHICAGO-:-WARD 45 PRECINCT 24-(CONG-05),0
CITY OF CHICAGO-:-WARD 45 PRECINCT 27-(CONG-03),0
CITY OF CHICAGO-:-WARD 45 PRECINCT 27-(CONG-05),0
CITY OF CHICAGO-:-WARD 45 PRECINCT 29-(CONG-03),0
CITY OF CHICAGO-:-WARD 45 PRECINCT 29-(CONG-05),0
CITY OF CHICAGO-:-WARD 46 PRECINCT 07-(CONG-05),0
CITY OF CHICAGO-:-WARD 46 PRECINCT 07-(CONG-09),0
CITY OF CHICAGO-:-WARD 46 PRECINCT 08-(CONG-05),0
CITY OF CHICAGO-:-WARD 46 PRECINCT 08-(CONG-09),0
CITY OF CHICAGO-:-WARD 46 PRECINCT 10-(CONG-05),0
CITY OF CHICAGO-:-WARD 46 PRECINCT 10-(CONG-09),0
CITY OF CHICAGO-:-WARD 47 PRECINCT 02-(CONG-05),0
CITY OF CHICAGO-:-WARD 47 PRECINCT 02-(CONG-09),0
CITY OF CHICAGO-:-WARD 47 PRECINCT 03-(CONG-05),0
CITY OF CHICAGO-:-WARD 47 PRECINCT 03-(CONG-09),0
CITY OF CHICAGO-:-WARD 47 PRECINCT 28-(CONG-03),0
CITY OF CHICAGO-:-WARD 47 PRECINCT 28-(CONG-05),0
CITY OF CHICAGO-:-WARD 50 PRECINCT 24-(CONG-05),15
CITY OF CHICAGO-:-WARD 50 PRECINCT 24-(CONG-09),5
CITY OF ROCKFORD-:-WARD 1 PRECINCT 2-(CONG-16),9
CITY OF ROCKFORD-:-WARD 1 PRECINCT 2-(CONG-17),9
CITY OF ROCKFORD-:-WARD 1 PRECINCT 5-(CONG-16),9
CITY OF ROCKFORD-:-WARD 1 PRECINCT 5-(CONG-17),9
CITY OF ROCKFORD-:-WARD 12 PRECINCT 2-(CONG-16),3
CITY OF ROCKFORD-:-WARD 12 PRECINCT 2-(CONG-17),3
CITY OF ROCKFORD-:-WARD 12 PRECINCT 5-(CONG-16),3
CITY OF ROCKFORD-:-WARD 12 PRECINCT 5-(CONG-17),3
CITY OF ROCKFORD-:-WARD 4 PRECINCT 1-(CONG-16),9
CITY OF ROCKFORD-:-WARD 4 PRECINCT 1-(CONG-17),9
CITY OF ROCKFORD-:-WARD 4 PRECINCT 4-(CONG-16),9
CITY OF ROCKFORD-:-WARD 4 PRECINCT 4-(CONG-17),9
CITY OF ROCKFORD-:-WARD 4 PRECINCT 8-(CONG-16),9
CITY OF ROCKFORD-:-WARD 4 PRECINCT 8-(CONG-17),9
CITY OF ROCKFORD-:-WARD 5 PRECINCT 3-(CONG-16),3
CITY OF ROCKFORD-:-WARD 5 PRECINCT 3-(CONG-17),3
CITY OF ROCKFORD-:-WARD 6 PRECINCT 1-(CONG-16),3
CITY OF ROCKFORD-:-WARD 6 PRECINCT 1-(CONG-17),3
CITY OF ROCKFORD-:-WARD 6 PRECINCT 3-(CONG-16),3
CITY OF ROCKFORD-:-WARD 6 PRECINCT 3-(CONG-17),3
CITY OF ROCKFORD-:-WARD 7 PRECINCT 4-(CONG-16),3
CITY OF ROCKFORD-:-WARD 7 PRECINCT 4-(CONG-17),3
CITY OF ROCKFORD-:-WARD 9 PRECINCT 3-(CONG-16),3
CITY OF ROCKFORD-:-WARD 9 PRECINCT 3-(CONG-17),3
COOK-:-7000004-(CONG-05),15
COOK-:-7000004-(CONG-08),15
COOK-:-7000008-(CONG-05),15
COOK-:-7000008-(CONG-08),15
COOK-:-7200003-(CONG-01),7
COOK-:-7200003-(CONG-02),7
COOK-:-7200007-(CONG-01),1
COOK-:-7200007-(CONG-02),1
COOK-:-7200012-(CONG-01),1
COOK-:-7200012-(CONG-02),1
COOK-:-7200021-(CONG-01),1
COOK-:-7200021-(CONG-02),1
COOK-:-7200030-(CONG-01),1
COOK-:-7200030-(CONG-06),1
COOK-:-7200045-(CONG-01),1
COOK-:-7200045-(CONG-02),1
COOK-:-7300001-(CONG-01),1
COOK-:-7300001-(CONG-02),1
COOK-:-7300002-(CONG-01),1
COOK-:-7300002-(CONG-02),1
COOK-:-7400014-(CONG-05),15
COOK-:-7400014-(CONG-08),15
COOK-:-7400016-(CONG-05),15
COOK-:-7400016-(CONG-08),15
COOK-:-7400017-(CONG-03),15
COOK-:-7400017-(CONG-08),7
COOK-:-7400023-(CONG-05),15
COOK-:-7400023-(CONG-08),15
COOK-:-7400027-(CONG-05),7
COOK-:-7400027-(CONG-08),7
COOK-:-7400044-(CONG-05),15
COOK-:-7400044-(CONG-08),15
COOK-:-7600004-(CONG-03),15
COOK-:-7600004-(CONG-08),15
COOK-:-7600015-(CONG-03),15
COOK-:-7600015-(CONG-08),15
COOK-:-7700013-(CONG-01),2
COOK-:-7700013-(CONG-11),2
COOK-:-7800026-(CONG-03),2
COOK-:-7800026-(CONG-07),2
COOK-:-7800042-(CONG-05),7
COOK-:-7800042-(CONG-08),7
COOK-:-7900010-(CONG-04),2
COOK-:-7900010-(CONG-06),2
COOK-:-7900012-(CONG-04),2
COOK-:-7900012-(CONG-06),2
COOK-:-7900026-(CONG-04),2
COOK-:-7900026-(CONG-06),2
COOK-:-7900040-(CONG-04),2
COOK-:-7900040-(CONG-06),2
COOK-:-7900043-(CONG-04),2
COOK-:-7900043-(CONG-06),2
COOK-:-7900047-(CONG-04),2
COOK-:-7900047-(CONG-06),2
COOK-:-7900050-(CONG-04),2
COOK-:-7900050-(CONG-06),2
COOK-:-8000004-(CONG-05),7
COOK-:-8000004-(CONG-08),15
COOK-:-8000012-(CONG-05),15
COOK-:-8000012-(CONG-08),15
COOK-:-8000016-(CONG-05),15
COOK-:-8000016-(CONG-08),15
COOK-:-8000017-(CONG-05),15
COOK-:-8000017-(CONG-08),7
COOK-:-8000018-(CONG-05),15
COOK-:-8000018-(CONG-08),7
COOK-:-8000020-(CONG-05),15
COOK-:-8000020-(CONG-09),15
COOK-:-8000035-(CONG-05),15
COOK-:-8000035-(CONG-08),7
COOK-:-8000069-(CONG-05),15
COOK-:-8000069-(CONG-09),15
COOK-:-8100018-(CONG-09),3
COOK-:-8100018-(CONG-10),3
COOK-:-8100027-(CONG-09),3
COOK-:-8100027-(CONG-10),3
COOK-:-8100031-(CONG-09),3
COOK-:-8100031-(CONG-10),3
COOK-:-8100032-(CONG-09),3
COOK-:-8100032-(CONG-10),3
COOK-:-8200001-(CONG-05),15
COOK-:-8200001-(CONG-09),15
COOK-:-8200026-(CONG-05),15
COOK-:-8200026-(CONG-09),15
COOK-:-8300008-(CONG-09),7
COOK-:-8300008-(CONG-10),15
COOK-:-8300033-(CONG-05),7
COOK-:-8300033-(CONG-09),15
COOK-:-8300043-(CONG-09),15
COOK-:-8300043-(CONG-10),13
COOK-:-8500030-(CONG-04),2
COOK-:-8500030-(CONG-07),2
COOK-:-8600015-(CONG-01),2
COOK-:-8600015-(CONG-06),1
COOK-:-8700002-(CONG-05),13
COOK-:-8700002-(CONG-08),13
COOK-:-8700018-(CONG-05),13
COOK-:-8700018-(CONG-08),15
COOK-:-8700027-(CONG-05),15
COOK-:-8700027-(CONG-08),6
COOK-:-8700035-(CONG-05),13
COOK-:-8700035-(CONG-08),13
COOK-:-8700038-(CONG-05),15
COOK-:-8700047-(CONG-05),15
COOK-:-8700047-(CONG-08),13
COOK-:-8700059-(CONG-05),15
COOK-:-8700059-(CONG-08),15
COOK-:-8900023-(CONG-04),2
COOK-:-8900023-(CONG-06),2
COOK-:-8900025-(CONG-04),2
COOK-:-8900025-(CONG-07),2
COOK-:-8900030-(CONG-04),2
COOK-:-8900030-(CONG-07),2
COOK-:-8900071-(CONG-04),2
COOK-:-8900071-(CONG-07),2
COOK-:-9400012-(CONG-04),6
COOK-:-9400012-(CONG-06),1
COOK-:-9500049-(CONG-01),1
COOK-:-9500049-(CONG-02),1
COOK-:-9600011-(CONG-05),7
COOK-:-9600011-(CONG-09),15
COOK-:-9600021-(CONG-05),15
COOK-:-9600021-(CONG-09),6
COOK-:-9600040-(CONG-05),15
COOK-:-9600040-(CONG-09),15
COOK-:-9600046-(CONG-05),6
COOK-:-9600046-(CONG-09),15
COOK-:-9600047-(CONG-09),15
COOK-:-9600047-(CONG-10),6
COOK-:-9600048-(CONG-09),15
COOK-:-9600048-(CONG-10),6
COOK-:-9600054-(CONG-09),6
COOK-:-9600054-(CONG-10),15
COOK-:-9600060-(CONG-05),15
COOK-:-9600060-(CONG-09),6
COOK-:-9600063-(CONG-05),15
COOK-:-9600063-(CONG-09),15
COOK-:-9600068-(CONG-05),15
COOK-:-9600068-(CONG-09),15
COOK-:-9700001-(CONG-04),1
COOK-:-9700001-(CONG-06),1
COOK-:-9700024-(CONG-01),1
COOK-:-9700024-(CONG-02),1
COOK-:-9700043-(CONG-01),1
COOK-:-9700043-(CONG-06),1
COOK-:-9700058-(CONG-04),1
COOK-:-9700058-(CONG-06),1
COOK-:-9700073-(CONG-01),1
COOK-:-9700073-(CONG-06),1
DEKALB-:-MAYFIELD 1-(CONG-14),6
DEKALB-:-MAYFIELD 1-(CONG-16),6
DEKALB-:-SYCAMORE 7-(CONG-11),3
DEKALB-:-SYCAMORE 7-(CONG-14),3
DEKALB-:-SYCAMORE 9-(CONG-11),3
DEKALB-:-SYCAMORE 9-(CONG-14),3
HENRY-:-COLONA 1-(CONG-16),8
HENRY-:-COLONA 1-(CONG-17),8
KANKAKEE-:-BOURBONNAIS 10-(CONG-01),10
KANKAKEE-:-BOURBONNAIS 10-(CONG-02),10
KANKAKEE-:-BOURBONNAIS 11-(CONG-01),10
KANKAKEE-:-BOURBONNAIS 11-(CONG-02),10
KANKAKEE-:-BOURBONNAIS 13-(CONG-01),10
KANKAKEE-:-BOURBONNAIS 13-(CONG-02),10
KANKAKEE-:-BOURBONNAIS 14-(CONG-01),10
KANKAKEE-:-BOURBONNAIS 14-(CONG-02),10
KANKAKEE-:-BOURBONNAIS 17-(CONG-01),10
KANKAKEE-:-BOURBONNAIS 17-(CONG-02),10
KANKAKEE-:-BOURBONNAIS 5-(CONG-01),10
KANKAKEE-:-BOURBONNAIS 5-(CONG-02),10
KANKAKEE-:-MANTENO 4-(CONG-01),10
KANKAKEE-:-MANTENO 4-(CONG-02),10
LAKE-:-WAUCONDA 344-(CONG-09),3
LAKE-:-WAUCONDA 344-(CONG-11),3
LAKE-:-WAUCONDA 350-(CONG-09),3
LAKE-:-WAUCONDA 350-(CONG-11),3
LASALLE-:-DEER PARK-(CONG-14),13
LASALLE-:-DEER PARK-(CONG-16),13
LASALLE-:-EDEN 1-(CONG-14),13
LASALLE-:-EDEN 1-(CONG-16),10
LASALLE-:-FALL RIVER-(CONG-14),13
LASALLE-:-FALL RIVER-(CONG-16),13
LASALLE-:-FARM RIDGE-(CONG-14),13
LASALLE-:-FARM RIDGE-(CONG-16),10
LIVINGSTON-:-ESMEN-(CONG-02),13
LIVINGSTON-:-ESMEN-(CONG-16),13
LIVINGSTON-:-PONTIAC 10-(CONG-02),13
LIVINGSTON-:-PONTIAC 10-(CONG-16),13
LIVINGSTON-:-PONTIAC 9-(CONG-02),13
LIVINGSTON-:-PONTIAC 9-(CONG-16),13
MACON-:-DECATUR 16-(CONG-13),11
MACON-:-DECATUR 16-(CONG-15),11
MACON-:-DECATUR 19-(CONG-13),11
MACON-:-DECATUR 19-(CONG-15),11
MACON-:-DECATUR 27-(CONG-13),11
MACON-:-DECATUR 27-(CONG-15),12
MACON-:-DECATUR 28-(CONG-13),11
MACON-:-DECATUR 28-(CONG-15),12
MACON-:-DECATUR 7-(CONG-13),12
MACON-:-DECATUR 7-(CONG-15),12
MACON-:-DECATUR 8-(CONG-13),12
MACON-:-DECATUR 8-(CONG-15),12
MACON-:-DECATUR 9-(CONG-13),12
MACON-:-DECATUR 9-(CONG-15),12
MACON-:-HARRISTOWN-(CONG-13),11
MACON-:-HARRISTOWN-(CONG-15),11
MACON-:-HICKORY PT. 2-(CONG-13),12
MACON-:-HICKORY PT. 2-(CONG-15),12
MACON-:-HICKORY PT. 3-(CONG-13),12
MACON-:-HICKORY PT. 3-(CONG-15),12
MACON-:-LONG CREEK 4-(CONG-13),12
MACON-:-LONG CREEK 4-(CONG-15),11
MACON-:-OAKLEY-(CONG-13),12
MACON-:-OAKLEY-(CONG-15),12
MADISON-:-ALTON 01-(CONG-13),11
MADISON-:-ALTON 01-(CONG-15),12
MADISON-:-ALTON 03-(CONG-13),12
MADISON-:-ALTON 03-(CONG-15),12
MADISON-:-ALTON 05-(CONG-13),12
MADISON-:-ALTON 05-(CONG-15),12
MADISON-:-COLLINSVILLE 01-(CONG-13),11
MADISON-:-COLLINSVILLE 01-(CONG-15),11
MADISON-:-COLLINSVILLE 20-(CONG-13),16
MADISON-:-COLLINSVILLE 20-(CONG-15),16
MADISON-:-FOSTER 02-(CONG-13),12
MADISON-:-FOSTER 02-(CONG-15),12
MADISON-:-FT. RUSSELL 07-(CONG-13),12
MADISON-:-FT. RUSSELL 07-(CONG-15),12
MADISON-:-MORO 02-(CONG-13),12
MADISON-:-MORO 02-(CONG-15),12
MCHENRY-:-GREENWOOD GRE 06-(CONG-10),7
MCHENRY-:-GREENWOOD GRE 06-(CONG-11),7
MCHENRY-:-HARTLAND HAR 01-(CONG-11),7
MCHENRY-:-HARTLAND HAR 01-(CONG-16),7
MCHENRY-:-HARTLAND HAR 02-(CONG-11),7
MCHENRY-:-HARTLAND HAR 02-(CONG-16),7
MCHENRY-:-MCHENRY MCH 07-(CONG-10),7
MCHENRY-:-MCHENRY MCH 07-(CONG-11),7
MCLEAN-:-ALLIN 01-(CONG-16),7
MCLEAN-:-ALLIN 01-(CONG-17),7
MCLEAN-:-BLOOMINGTON 01-(CONG-16),7
MCLEAN-:-BLOOMINGTON 01-(CONG-17),7
MCLEAN-:-BLOOMINGTON 02-(CONG-16),7
MCLEAN-:-BLOOMINGTON 02-(CONG-17),7
MCLEAN-:-DALE 01-(CONG-16),7
MCLEAN-:-DALE 01-(CONG-17),7
MCLEAN-:-NORMAL 31-(CONG-16),7
MCLEAN-:-NORMAL 31-(CONG-17),7
PUTNAM-:-HENNEPIN 1-(CONG-14),10
PUTNAM-:-HENNEPIN 1-(CONG-16),6
PUTNAM-:-MAGNOLIA 2-(CONG-14),10
PUTNAM-:-MAGNOLIA 2-(CONG-16),10
SANGAMON-:-CAPITAL 012-(CONG-13),13
SANGAMON-:-CAPITAL 012-(CONG-15),13
SANGAMON-:-CAPITAL 016-(CONG-13),13
SANGAMON-:-CAPITAL 016-(CONG-15),13
SANGAMON-:-CAPITAL 020-(CONG-13),13
SANGAMON-:-CAPITAL 020-(CONG-15),13
SANGAMON-:-CAPITAL 025-(CONG-13),13
SANGAMON-:-CAPITAL 025-(CONG-15),13
SANGAMON-:-CAPITAL 029-(CONG-13),13
SANGAMON-:-CAPITAL 029-(CONG-15),13
SANGAMON-:-CAPITAL 080-(CONG-13),13
SANGAMON-:-CAPITAL 080-(CONG-15),13
SANGAMON-:-CAPITAL 081-(CONG-13),13
SANGAMON-:-CAPITAL 081-(CONG-15),13
SANGAMON-:-CURRAN 001-(CONG-13),13
SANGAMON-:-CURRAN 001-(CONG-15),13
SANGAMON-:-GARDNER 004-(CONG-13),13
SANGAMON-:-GARDNER 004-(CONG-15),13
SANGAMON-:-SPRINGFIELD 001-(CONG-13),13
SANGAMON-:-SPRINGFIELD 001-(CONG-15),13
ST. CLAIR-:-BELLEVILLE 20-(CONG-12),8
ST. CLAIR-:-BELLEVILLE 20-(CONG-13),8
ST. CLAIR-:-BELLEVILLE 22-(CONG-12),8
ST. CLAIR-:-BELLEVILLE 22-(CONG-13),8
ST. CLAIR-:-CASEYVILLE 1-(CONG-12),8
ST. CLAIR-:-CASEYVILLE 1-(CONG-13),8
ST. CLAIR-:-CASEYVILLE 10-(CONG-12),8
ST. CLAIR-:-CASEYVILLE 10-(CONG-13),8
ST. CLAIR-:-CASEYVILLE 12-(CONG-12),8
ST. CLAIR-:-CASEYVILLE 12-(CONG-13),8
ST. CLAIR-:-CENTREVILLE 10-(CONG-12),8
ST. CLAIR-:-CENTREVILLE 10-(CONG-13),8
ST. CLAIR-:-CENTREVILLE 8-(CONG-12),8
ST. CLAIR-:-CENTREVILLE 8-(CONG-13),8
ST. CLAIR-:-O FALLON 2-(CONG-12),8
ST. CLAIR-:-O FALLON 2-(CONG-13),8
ST. CLAIR-:-ST CLAIR 10-(CONG-12),8
ST. CLAIR-:-ST CLAIR 10-(CONG-13),8
ST. CLAIR-:-STOOKEY 2-(CONG-12),8
ST. CLAIR-:-STOOKEY 2-(CONG-13),8
ST. CLAIR-:-STOOKEY 5-(CONG-12),8
ST. CLAIR-:-STOOKEY 5-(CONG-13),8
TAZEWELL-:-CINCINNATI 1-(CONG-16),13
TAZEWELL-:-CINCINNATI 1-(CONG-17),12
TAZEWELL-:-CINCINNATI 3-(CONG-16),13
TAZEWELL-:-CINCINNATI 3-(CONG-17),13
TAZEWELL-:-HOPEDALE 1-(CONG-16),13
TAZEWELL-:-HOPEDALE 1-(CONG-17),13
TAZEWELL-:-LT MACKINAW 1-(CONG-16),13
TAZEWELL-:-LT MACKINAW 1-(CONG-17),13
TAZEWELL-:-PEKIN 13-(CONG-16),13
TAZEWELL-:-PEKIN 13-(CONG-17),13
VERMILION-:-CATLIN 2-(CONG-02),16
VERMILION-:-CATLIN 2-(CONG-15),16
VERMILION-:-GEORGETOWN 5-(CONG-02),14
VERMILION-:-GEORGETOWN 5-(CONG-15),14
VERMILION-:-GEORGETOWN 7-(CONG-02),14
VERMILION-:-GEORGETOWN 7-(CONG-15),14
VERMILION-:-MCKENDREE-(CONG-02),14
VERMILION-:-MCKENDREE-(CONG-15),14
VERMILION-:-OAKWOOD 2-(CONG-02),16
VERMILION-:-OAKWOOD 2-(CONG-15),16
VERMILION-:-VANCE-(CONG-02),16
VERMILION-:-VANCE-(CONG-15),16
WINNEBAGO-:-CHERRY VALLEY 2-(CONG-16),9
WINNEBAGO-:-CHERRY VALLEY 2-(CONG-17),9
WINNEBAGO-:-CHERRY VALLEY 3-(CONG-16),9
WINNEBAGO-:-CHERRY VALLEY 3-(CONG-17),12
WINNEBAGO-:-CHERRY VALLEY 6-(CONG-16),9
WINNEBAGO-:-CHERRY VALLEY 6-(CONG-17),9
WINNEBAGO-:-HARLEM 1-(CONG-16),3
WINNEBAGO-:-HARLEM 1-(CONG-17),3
WINNEBAGO-:-HARLEM 23-(CONG-16),3
WINNEBAGO-:-HARLEM 23-(CONG-17),3
WINNEBAGO-:-ROCKFORD 1-(CONG-16),9
WINNEBAGO-:-ROCKFORD 1-(CONG-17),9
WINNEBAGO-:-ROCKFORD 15-(CONG-16),12
WINNEBAGO-:-ROCKFORD 15-(CONG-17),9
WINNEBAGO-:-ROCKFORD 2-(CONG-16),9
WINNEBAGO-:-ROCKFORD 2-(CONG-17),9
WINNEBAGO-:-ROCKFORD 25-(CONG-16),3
WINNEBAGO-:-ROCKFORD 25-(CONG-17),3
WINNEBAGO-:-ROCKFORD 27-(CONG-16),9
WINNEBAGO-:-ROCKFORD 27-(CONG-17),9
WINNEBAGO-:-ROCKFORD 31-(CONG-16),9
WINNEBAGO-:-ROCKFORD 31-(CONG-17),9
WINNEBAGO-:-ROCKFORD 32-(CONG-16),3
WINNEBAGO-:-ROCKFORD 32-(CONG-17),9
WINNEBAGO-:-ROCKFORD 33-(CONG-16),3
WINNEBAGO-:-ROCKFORD 33-(CONG-17),9
WINNEBAGO-:-ROCKFORD 51-(CONG-16),3
WINNEBAGO-:-ROCKFORD 51-(CONG-17),3
WINNEBAGO-:-ROCKFORD 52-(CONG-16),3
WINNEBAGO-:-ROCKFORD 52-(CONG-17),3
WINNEBAGO-:-ROCKFORD 9-(CONG-16),9
WINNEBAGO-:-ROCKFORD 9-(CONG-17),3
WINNEBAGO-:-WINNEBAGO 1-(CONG-16),3
WINNEBAGO-:-WINNEBAGO 1-(CONG-17),9
WINNEBAGO-:-WINNEBAGO 2-(CONG-16),3
WINNEBAGO-:-WINNEBAGO 2-(CONG-17),9
ADAMS-:-BEVERLY PCT 1,8
ADAMS-:-BURTON PCT 1,8
ADAMS-:-CAMP POINT PCT 1,8
ADAMS-:-CAMP POINT PCT 2,8
ADAMS-:-CLAYTON PCT 1,8
ADAMS-:-COLUMBUS PCT 1,8
ADAMS-:-CONCORD PCT 1,8
ADAMS-:-ELLINGTON PCT 1,8
ADAMS-:-ELLINGTON PCT 2,8
ADAMS-:-ELLINGTON PCT 3,8
ADAMS-:-FALL CREEK PCT 1,8
ADAMS-:-GILMER PCT 1,8
ADAMS-:-HONEY CREEK PCT 1,8
ADAMS-:-HOUSTON PCT 1,8
ADAMS-:-KEENE PCT 1,8
ADAMS-:-LIBERTY PCT 1,8
ADAMS-:-LIMA PCT 1,8
ADAMS-:-MCKEE PCT 1,8
ADAMS-:-MELROSE PCT 1,8
ADAMS-:-MELROSE PCT 2,8
ADAMS-:-MELROSE PCT 3,8
ADAMS-:-MELROSE PCT 4,8
ADAMS-:-MELROSE PCT 5,8
ADAMS-:-MELROSE PCT 6,8
ADAMS-:-MENDON PCT 1,8
ADAMS-:-MENDON PCT 2,8
ADAMS-:-NORTHEAST PCT 1,8
ADAMS-:-PAYSON PCT 1,8
ADAMS-:-PAYSON PCT 2,8
ADAMS-:-QUINCY PCT 1,8
ADAMS-:-QUINCY PCT 10,8
ADAMS-:-QUINCY PCT 11,8
ADAMS-:-QUINCY PCT 12,8
ADAMS-:-QUINCY PCT 13,8
ADAMS-:-QUINCY PCT 14,8
ADAMS-:-QUINCY PCT 15,8
ADAMS-:-QUINCY PCT 16,8
ADAMS-:-QUINCY PCT 17,8
ADAMS-:-QUINCY PCT 18,8
ADAMS-:-QUINCY PCT 19,8
ADAMS-:-QUINCY PCT 2,8
ADAMS-:-QUINCY PCT 20,8
ADAMS-:-QUINCY PCT 21,8
ADAMS-:-QUINCY PCT 22,8
ADAMS-:-QUINCY PCT 23,8
ADAMS-:-QUINCY PCT 24,8
ADAMS-:-QUINCY PCT 25,8
ADAMS-:-QUINCY PCT 26,8
ADAMS-:-QUINCY PCT 27,8
ADAMS-:-QUINCY PCT 28,8
ADAMS-:-QUINCY PCT 29,8
ADAMS-:-QUINCY PCT 3,8
ADAMS-:-QUINCY PCT 30,8
ADAMS-:-QUINCY PCT 31,8
ADAMS-:-QUINCY PCT 32,8
ADAMS-:-QUINCY PCT 33,8
ADAMS-:-QUINCY PCT 34,8
ADAMS-:-QUINCY PCT 35,8
ADAMS-:-QUINCY PCT 36,8
ADAMS-:-QUINCY PCT 37,8
ADAMS-:-QUINCY PCT 38,8
ADAMS-:-QUINCY PCT 39,8
ADAMS-:-QUINCY PCT 4,8
ADAMS-:-QUINCY PCT 40,8
ADAMS-:-QUINCY PCT 5,8
ADAMS-:-QUINCY PCT 6,8
ADAMS-:-QUINCY PCT 7,8
ADAMS-:-QUINCY PCT 8,8
ADAMS-:-QUINCY PCT 9,8
ADAMS-:-RICHFIELD PCT 1,8
ADAMS-:-RIVERSIDE PCT 1,8
ADAMS-:-RIVERSIDE PCT 2,8
ADAMS-:-RIVERSIDE PCT 3,8
ADAMS-:-URSA PCT 1,8
ALEXANDER-:-CACHE,16
ALEXANDER-:-CAIRO 1,16
ALEXANDER-:-CAIRO 2,16
ALEXANDER-:-CAIRO 3,16
ALEXANDER-:-CAIRO 4,16
ALEXANDER-:-CAIRO 5,16
ALEXANDER-:-MCCLURE,16
ALEXANDER-:-OLIVE BRANCH,16
ALEXANDER-:-SANDUSKY,16
ALEXANDER-:-TAMMS,16
ALEXANDER-:-THEBES,16
BOND-:-BURGESS 1,16
BOND-:-BURGESS 2,16
BOND-:-BURGESS 3,16
BOND-:-CENTRAL 1,11
BOND-:-CENTRAL 1-A,11
BOND-:-CENTRAL 2,11
BOND-:-CENTRAL 3,16
BOND-:-CENTRAL 4,16
BOND-:-CENTRAL 6,16
BOND-:-CENTRAL 7,16
BOND-:-LAGRANGE,11
BOND-:-MILLS,11
BOND-:-MULBERRY GROVE 1,11
BOND-:-MULBERRY GROVE 2,11
BOND-:-OLD RIPLEY,16
BOND-:-PLEASANT MOUND 1,11
BOND-:-PLEASANT MOUND 2,11
BOND-:-SHOAL CREEK 1,11
BOND-:-SHOAL CREEK 2,11
BOND-:-TAMALCO,11
BOONE-:-BELVIDERE 1,3
BOONE-:-BELVIDERE 10,12
BOONE-:-BELVIDERE 11,4
BOONE-:-BELVIDERE 12,4
BOONE-:-BELVIDERE 13,4
BOONE-:-BELVIDERE 14,4
BOONE-:-BELVIDERE 15,4
BOONE-:-BELVIDERE 16,4
BOONE-:-BELVIDERE 17,4
BOONE-:-BELVIDERE 18,4
BOONE-:-BELVIDERE 2,3
BOONE-:-BELVIDERE 3,3
BOONE-:-BELVIDERE 4,3
BOONE-:-BELVIDERE 5,4
BOONE-:-BELVIDERE 6,4
BOONE-:-BELVIDERE 7,4
BOONE-:-BELVIDERE 8,3
BOONE-:-BELVIDERE 9,3
BOONE-:-BONUS 1,3
BOONE-:-BONUS 2,12
BOONE-:-BOONE 1,3
BOONE-:-CALEDONIA 1,3
BOONE-:-CALEDONIA 2,4
BOONE-:-CALEDONIA 3,4
BOONE-:-CALEDONIA 4,4
BOONE-:-CALEDONIA 5,4
BOONE-:-FLORA 2,4
BOONE-:-FLORA 3,4
BOONE-:-LE ROY,3
BOONE-:-MANCHESTER,3
BOONE-:-POPLAR GROVE 1,3
BOONE-:-POPLAR GROVE 2,3
BOONE-:-POPLAR GROVE 3,3
BOONE-:-POPLAR GROVE 4,3
BOONE-:-POPLAR GROVE 5,3
BOONE-:-SPRING,3
BROWN-:-BUCKHORN,8
BROWN-:-COOPERSTOWN,8
BROWN-:-ELKHORN,8
BROWN-:-LEE,8
BROWN-:-MISSOURI,8
BROWN-:-MT. STERLING 1,12
BROWN-:-MT. STERLING 2,12
BROWN-:-MT. STERLING 3,12
BROWN-:-MT. STERLING 4,12
BROWN-:-MT. STERLING 5,12
BROWN-:-PEA RIDGE,8
BROWN-:-RIPLEY,8
BROWN-:-VERSAILLES 1,12
BROWN-:-VERSAILLES 2,12
BUREAU-:-BERLIN,9
BUREAU-:-BUREAU,6
BUREAU-:-CLARION,13
BUREAU-:-CONCORD 1,8
BUREAU-:-CONCORD 2,8
BUREAU-:-DOVER,8
BUREAU-:-FAIRFIELD,6
BUREAU-:-GOLD,6
BUREAU-:-GREENVILLE,6
BUREAU-:-HALL 1,10
BUREAU-:-HALL 10,10
BUREAU-:-HALL 2,10
BUREAU-:-HALL 3,10
BUREAU-:-HALL 4,10
BUREAU-:-HALL 5,10
BUREAU-:-HALL 6,10
BUREAU-:-HALL 7,10
BUREAU-:-HALL 8,10
BUREAU-:-HALL 9,10
BUREAU-:-INDIANTOWN,6
BUREAU-:-LA MOILLE 1,9
BUREAU-:-LA MOILLE 2,6
BUREAU-:-LEEPERTOWN,10
BUREAU-:-MACON,6
BUREAU-:-MANLIUS,8
BUREAU-:-MILO,6
BUREAU-:-MINERAL,8
BUREAU-:-NEPONSET,8
BUREAU-:-OHIO 1,8
BUREAU-:-OHIO 2,6
BUREAU-:-PRINCETON 1,6
BUREAU-:-PRINCETON 2,6
BUREAU-:-PRINCETON 3,8
BUREAU-:-PRINCETON 4,6
BUREAU-:-PRINCETON 5,8
BUREAU-:-PRINCETON 7,8
BUREAU-:-PRINCETON 8,5
BUREAU-:-PRINCETON 9,5
BUREAU-:-SELBY 1,9
BUREAU-:-SELBY 3,10
BUREAU-:-WALNUT 1,8
BUREAU-:-WALNUT 2,8
BUREAU-:-WESTFIELD 1,13
BUREAU-:-WESTFIELD 2,10
BUREAU-:-WHEATLAND,6
BUREAU-:-WYANET 1,6
BUREAU-:-WYANET 2,8
CALHOUN-:-BELLEVIEW-HAMBURG,12
CALHOUN-:-CRATER-CARLIN,12
CALHOUN-:-HARDIN-GILEAD,12
CALHOUN-:-POINT,12
CALHOUN-:-RICHWOODS,12
CARROLL-:-CHERRY GROVE/SHANNON 1,9
CARROLL-:-CHERRY GROVE/SHANNON 2,9
CARROLL-:-ELKHORN GROVE,9
CARROLL-:-FAIR HAVEN,9
CARROLL-:-FREEDOM,9
CARROLL-:-MT. CARROLL 1,9
CARROLL-:-MT. CARROLL 2,9
CARROLL-:-MT. CARROLL 3,9
CARROLL-:-ROCK CREEK-LIMA 1,9
CARROLL-:-ROCK CREEK-LIMA 2,9
CARROLL-:-SALEM,9
CARROLL-:-SAVANNA 1,9
CARROLL-:-SAVANNA 2,9
CARROLL-:-SAVANNA 3,9
CARROLL-:-SAVANNA 4,9
CARROLL-:-SAVANNA 5,9
CARROLL-:-SAVANNA 6,9
CARROLL-:-WASHINGTON,9
CARROLL-:-WOODLAND,9
CARROLL-:-WYSOX 1,9
CARROLL-:-WYSOX 2,9
CARROLL-:-YORK,9
CASS-:-ARENZVILLE 11-001,12
CASS-:-ASHLAND 20-002,12
CASS-:-ASHLAND 21-002,12
CASS-:-BEARDSTOWN 1-003,12
CASS-:-BEARDSTOWN 2-003,12
CASS-:-BEARDSTOWN 3-003,12
CASS-:-BEARDSTOWN 4-003,12
CASS-:-BEARDSTOWN 5-004,12
CASS-:-BEARDSTOWN 6-004,12
CASS-:-BEARDSTOWN 7-004,12
CASS-:-BEARDSTOWN 8-004,12
CASS-:-BLUFF SPRINGS 10-001,12
CASS-:-CHANDLERVILLE 18-002,12
CASS-:-HAGENER 9-004,12
CASS-:-NEWMANSVILLE 19-002,12
CASS-:-PANTHER CREEK 17-002,12
CASS-:-PHILADELPHIA 16-002,12
CASS-:-SANGAMON VALLEY 12-001,12
CASS-:-VIRGINIA 13-001,12
CASS-:-VIRGINIA 14-001,12
CASS-:-VIRGINIA 15-001,12
CHAMPAIGN-:-AYERS,16
CHAMPAIGN-:-BROWN FISHER,13
CHAMPAIGN-:-BROWN FOOSLAND,13
CHAMPAIGN-:-CHAMPAIGN 1,15
CHAMPAIGN-:-CHAMPAIGN 2,11
CHAMPAIGN-:-CHAMPAIGN 3,11
CHAMPAIGN-:-CHAMPAIGN 4,11
CHAMPAIGN-:-CHAMPAIGN 5,11
CHAMPAIGN-:-CHAMPAIGN 6,11
CHAMPAIGN-:-CITY OF CHAMPAIGN 1,16
CHAMPAIGN-:-CITY OF CHAMPAIGN 10,15
CHAMPAIGN-:-CITY OF CHAMPAIGN 11,16
CHAMPAIGN-:-CITY OF CHAMPAIGN 12,16
CHAMPAIGN-:-CITY OF CHAMPAIGN 13,16
CHAMPAIGN-:-CITY OF CHAMPAIGN 14,11
CHAMPAIGN-:-CITY OF CHAMPAIGN 15,16
CHAMPAIGN-:-CITY OF CHAMPAIGN 16,11
CHAMPAIGN-:-CITY OF CHAMPAIGN 17,15
CHAMPAIGN-:-CITY OF CHAMPAIGN 18,15
CHAMPAIGN-:-CITY OF CHAMPAIGN 19,11
CHAMPAIGN-:-CITY OF CHAMPAIGN 2,15
CHAMPAIGN-:-CITY OF CHAMPAIGN 20,11
CHAMPAIGN-:-CITY OF CHAMPAIGN 21,11
CHAMPAIGN-:-CITY OF CHAMPAIGN 22,11
CHAMPAIGN-:-CITY OF CHAMPAIGN 23,11
CHAMPAIGN-:-CITY OF CHAMPAIGN 24,11
CHAMPAIGN-:-CITY OF CHAMPAIGN 25,11
CHAMPAIGN-:-CITY OF CHAMPAIGN 26,11
CHAMPAIGN-:-CITY OF CHAMPAIGN 27,11
CHAMPAIGN-:-CITY OF CHAMPAIGN 28,11
CHAMPAIGN-:-CITY OF CHAMPAIGN 29,11
CHAMPAIGN-:-CITY OF CHAMPAIGN 3,15
CHAMPAIGN-:-CITY OF CHAMPAIGN 30,11
CHAMPAIGN-:-CITY OF CHAMPAIGN 31,11
CHAMPAIGN-:-CITY OF CHAMPAIGN 32,11
CHAMPAIGN-:-CITY OF CHAMPAIGN 33,11
CHAMPAIGN-:-CITY OF CHAMPAIGN 34,11
CHAMPAIGN-:-CITY OF CHAMPAIGN 35,11
CHAMPAIGN-:-CITY OF CHAMPAIGN 36,11
CHAMPAIGN-:-CITY OF CHAMPAIGN 37,11
CHAMPAIGN-:-CITY OF CHAMPAIGN 38,11
CHAMPAIGN-:-CITY OF CHAMPAIGN 39,11
CHAMPAIGN-:-CITY OF CHAMPAIGN 4,15
CHAMPAIGN-:-CITY OF CHAMPAIGN 5,15
CHAMPAIGN-:-CITY OF CHAMPAIGN 6,15
CHAMPAIGN-:-CITY OF CHAMPAIGN 7,15
CHAMPAIGN-:-CITY OF CHAMPAIGN 8,16
CHAMPAIGN-:-CITY OF CHAMPAIGN 9,11
CHAMPAIGN-:-COLFAX,11
CHAMPAIGN-:-COMPROMISE GIFFORD,14
CHAMPAIGN-:-COMPROMISE PENFIELD,14
CHAMPAIGN-:-CONDIT,13
CHAMPAIGN-:-CRITTENDEN,12
CHAMPAIGN-:-CUNNINGHAM 1,15
CHAMPAIGN-:-CUNNINGHAM 10,15
CHAMPAIGN-:-CUNNINGHAM 11,15
CHAMPAIGN-:-CUNNINGHAM 12,16
CHAMPAIGN-:-CUNNINGHAM 13,15
CHAMPAIGN-:-CUNNINGHAM 14,15
CHAMPAIGN-:-CUNNINGHAM 15,15
CHAMPAIGN-:-CUNNINGHAM 16,15
CHAMPAIGN-:-CUNNINGHAM 17,16
CHAMPAIGN-:-CUNNINGHAM 18,16
CHAMPAIGN-:-CUNNINGHAM 19,16
CHAMPAIGN-:-CUNNINGHAM 2,16
CHAMPAIGN-:-CUNNINGHAM 20,16
CHAMPAIGN-:-CUNNINGHAM 21,16
CHAMPAIGN-:-CUNNINGHAM 22,16
CHAMPAIGN-:-CUNNINGHAM 23,16
CHAMPAIGN-:-CUNNINGHAM 3,15
CHAMPAIGN-:-CUNNINGHAM 4,15
CHAMPAIGN-:-CUNNINGHAM 5,15
CHAMPAIGN-:-CUNNINGHAM 6,15
CHAMPAIGN-:-CUNNINGHAM 7,15
CHAMPAIGN-:-CUNNINGHAM 8,15
CHAMPAIGN-:-CUNNINGHAM 9,15
CHAMPAIGN-:-EAST BEND,13
CHAMPAIGN-:-HARWOOD,14
CHAMPAIGN-:-KERR,14
CHAMPAIGN-:-LUDLOW 1,13
CHAMPAIGN-:-LUDLOW 2,13
CHAMPAIGN-:-LUDLOW 3,13
CHAMPAIGN-:-MAHOMET 1,12
CHAMPAIGN-:-MAHOMET 2,12
CHAMPAIGN-:-MAHOMET 3,12
CHAMPAIGN-:-MAHOMET 4,12
CHAMPAIGN-:-MAHOMET 5,12
CHAMPAIGN-:-NEWCOMB,13
CHAMPAIGN-:-OGDEN 1,16
CHAMPAIGN-:-OGDEN 2,16
CHAMPAIGN-:-PESOTUM,12
CHAMPAIGN-:-PHILO,16
CHAMPAIGN-:-RANTOUL 1,13
CHAMPAIGN-:-RANTOUL 2,13
CHAMPAIGN-:-RANTOUL 3,13
CHAMPAIGN-:-RANTOUL 5,13
CHAMPAIGN-:-RANTOUL 6,14
CHAMPAIGN-:-RAYMOND,16
CHAMPAIGN-:-SADORUS IVESDALE,12
CHAMPAIGN-:-SADORUS SADORUS,11
CHAMPAIGN-:-SCOTT BONDVILLE,11
CHAMPAIGN-:-SCOTT SEYMOUR,11
CHAMPAIGN-:-SIDNEY,16
CHAMPAIGN-:-SOUTH HOMER,16
CHAMPAIGN-:-ST. JOSEPH 1,16
CHAMPAIGN-:-ST. JOSEPH 2,16
CHAMPAIGN-:-ST. JOSEPH 3,16
CHAMPAIGN-:-STANTON,16
CHAMPAIGN-:-TOLONO 1,16
CHAMPAIGN-:-TOLONO 2,11
CHAMPAIGN-:-TOLONO 3,16
CHAMPAIGN-:-URBANA 1,15
CHAMPAIGN-:-URBANA 2,16
CHAMPAIGN-:-URBANA 3,16
CHAMPAIGN-:-URBANA 4,16
CHRISTIAN-:-ASSUMPTION,11
CHRISTIAN-:-BEAR CREEK,11
CHRISTIAN-:-BUCKHART,11
CHRISTIAN-:-GREENWOOD,11
CHRISTIAN-:-JOHNSON,11
CHRISTIAN-:-KING,12
CHRISTIAN-:-LOCUST,11
CHRISTIAN-:-MAY,11
CHRISTIAN-:-MOSQUITO,11
CHRISTIAN-:-MT AUBURN,11
CHRISTIAN-:-PANA #1,16
CHRISTIAN-:-PANA #2,11
CHRISTIAN-:-PANA #3,16
CHRISTIAN-:-PANA #4,11
CHRISTIAN-:-PRAIRIETON,11
CHRISTIAN-:-RICKS,11
CHRISTIAN-:-ROSAMOND,11
CHRISTIAN-:-SOUTH FORK #1,11
CHRISTIAN-:-SOUTH FORK #2,11
CHRISTIAN-:-STONINGTON,11
CHRISTIAN-:-TAYLORVILLE #1,11
CHRISTIAN-:-TAYLORVILLE #2,11
CHRISTIAN-:-TAYLORVILLE #3,11
CHRISTIAN-:-TAYLORVILLE #4,11
CHRISTIAN-:-TAYLORVILLE #5,11
CHRISTIAN-:-TAYLORVILLE #6,11
CHRISTIAN-:-TAYLORVILLE #7,11
CHRISTIAN-:-TAYLORVILLE #8,11
CHRISTIAN-:-TAYLORVILLE #9,11
CITY OF BLOOMINGTON-:-PRECINCT 1,7
CITY OF BLOOMINGTON-:-PRECINCT 11,7
CITY OF BLOOMINGTON-:-PRECINCT 12,12
CITY OF BLOOMINGTON-:-PRECINCT 13,12
CITY OF BLOOMINGTON-:-PRECINCT 14,7
CITY OF BLOOMINGTON-:-PRECINCT 16,7
CITY OF BLOOMINGTON-:-PRECINCT 18,7
CITY OF BLOOMINGTON-:-PRECINCT 19,12
CITY OF BLOOMINGTON-:-PRECINCT 20,7
CITY OF BLOOMINGTON-:-PRECINCT 21,7
CITY OF BLOOMINGTON-:-PRECINCT 22,7
CITY OF BLOOMINGTON-:-PRECINCT 23,7
CITY OF BLOOMINGTON-:-PRECINCT 24,7
CITY OF BLOOMINGTON-:-PRECINCT 25,7
CITY OF BLOOMINGTON-:-PRECINCT 26,12
CITY OF BLOOMINGTON-:-PRECINCT 27,7
CITY OF BLOOMINGTON-:-PRECINCT 28,7
CITY OF BLOOMINGTON-:-PRECINCT 29,7
CITY OF BLOOMINGTON-:-PRECINCT 3,7
CITY OF BLOOMINGTON-:-PRECINCT 30,7
CITY OF BLOOMINGTON-:-PRECINCT 31,7
CITY OF BLOOMINGTON-:-PRECINCT 32,7
CITY OF BLOOMINGTON-:-PRECINCT 33,7
CITY OF BLOOMINGTON-:-PRECINCT 34,7
CITY OF BLOOMINGTON-:-PRECINCT 35,12
CITY OF BLOOMINGTON-:-PRECINCT 36,7
CITY OF BLOOMINGTON-:-PRECINCT 37,7
CITY OF BLOOMINGTON-:-PRECINCT 38,7
CITY OF BLOOMINGTON-:-PRECINCT 39,7
CITY OF BLOOMINGTON-:-PRECINCT 4,7
CITY OF BLOOMINGTON-:-PRECINCT 40,12
CITY OF BLOOMINGTON-:-PRECINCT 41,7
CITY OF BLOOMINGTON-:-PRECINCT 42,7
CITY OF BLOOMINGTON-:-PRECINCT 43,7
CITY OF BLOOMINGTON-:-PRECINCT 44,7
CITY OF BLOOMINGTON-:-PRECINCT 45,11
CITY OF BLOOMINGTON-:-PRECINCT 46,7
CITY OF BLOOMINGTON-:-PRECINCT 47,11
CITY OF BLOOMINGTON-:-PRECINCT 48,12
CITY OF BLOOMINGTON-:-PRECINCT 49,7
CITY OF BLOOMINGTON-:-PRECINCT 5,7
CITY OF BLOOMINGTON-:-PRECINCT 50,7
CITY OF BLOOMINGTON-:-PRECINCT 51,11
CITY OF BLOOMINGTON-:-PRECINCT 53,12
CITY OF BLOOMINGTON-:-PRECINCT 54,7
CITY OF BLOOMINGTON-:-PRECINCT 55,7
CITY OF BLOOMINGTON-:-PRECINCT 56,12
CITY OF BLOOMINGTON-:-PRECINCT 57,7
CITY OF BLOOMINGTON-:-PRECINCT 58,7
CITY OF BLOOMINGTON-:-PRECINCT 59,7
CITY OF BLOOMINGTON-:-PRECINCT 6,7
CITY OF BLOOMINGTON-:-PRECINCT 60,5
CITY OF BLOOMINGTON-:-PRECINCT 7,7
CITY OF BLOOMINGTON-:-PRECINCT 8,7
CITY OF BLOOMINGTON-:-PRECINCT 9,7
CITY OF CHICAGO-:-WARD 01 PRECINCT 01,0
CITY OF CHICAGO-:-WARD 01 PRECINCT 02,0
CITY OF CHICAGO-:-WARD 01 PRECINCT 03,0
CITY OF CHICAGO-:-WARD 01 PRECINCT 04,0
CITY OF CHICAGO-:-WARD 01 PRECINCT 05,0
CITY OF CHICAGO-:-WARD 01 PRECINCT 06,0
CITY OF CHICAGO-:-WARD 01 PRECINCT 07,0
CITY OF CHICAGO-:-WARD 01 PRECINCT 08,0
CITY OF CHICAGO-:-WARD 01 PRECINCT 09,0
CITY OF CHICAGO-:-WARD 01 PRECINCT 10,0
CITY OF CHICAGO-:-WARD 01 PRECINCT 11,0
CITY OF CHICAGO-:-WARD 01 PRECINCT 12,0
CITY OF CHICAGO-:-WARD 01 PRECINCT 13,0
CITY OF CHICAGO-:-WARD 01 PRECINCT 14,0
CITY OF CHICAGO-:-WARD 01 PRECINCT 15,0
CITY OF CHICAGO-:-WARD 01 PRECINCT 16,0
CITY OF CHICAGO-:-WARD 01 PRECINCT 17,0
CITY OF CHICAGO-:-WARD 01 PRECINCT 18,0
CITY OF CHICAGO-:-WARD 01 PRECINCT 19,0
CITY OF CHICAGO-:-WARD 01 PRECINCT 20,0
CITY OF CHICAGO-:-WARD 01 PRECINCT 22,0
CITY OF CHICAGO-:-WARD 01 PRECINCT 23,0
CITY OF CHICAGO-:-WARD 01 PRECINCT 24,0
CITY OF CHICAGO-:-WARD 01 PRECINCT 25,0
CITY OF CHICAGO-:-WARD 01 PRECINCT 26,0
CITY OF CHICAGO-:-WARD 02 PRECINCT 01,0
CITY OF CHICAGO-:-WARD 02 PRECINCT 02,0
CITY OF CHICAGO-:-WARD 02 PRECINCT 03,0
CITY OF CHICAGO-:-WARD 02 PRECINCT 04,0
CITY OF CHICAGO-:-WARD 02 PRECINCT 05,0
CITY OF CHICAGO-:-WARD 02 PRECINCT 06,0
CITY OF CHICAGO-:-WARD 02 PRECINCT 07,0
CITY OF CHICAGO-:-WARD 02 PRECINCT 08,0
CITY OF CHICAGO-:-WARD 02 PRECINCT 09,0
CITY OF CHICAGO-:-WARD 02 PRECINCT 10,0
CITY OF CHICAGO-:-WARD 02 PRECINCT 11,0
CITY OF CHICAGO-:-WARD 02 PRECINCT 12,0
CITY OF CHICAGO-:-WARD 02 PRECINCT 13,0
CITY OF CHICAGO-:-WARD 02 PRECINCT 14,0
CITY OF CHICAGO-:-WARD 02 PRECINCT 15,0
CITY OF CHICAGO-:-WARD 02 PRECINCT 16,0
CITY OF CHICAGO-:-WARD 02 PRECINCT 17,0
CITY OF CHICAGO-:-WARD 02 PRECINCT 18,0
CITY OF CHICAGO-:-WARD 02 PRECINCT 19,0
CITY OF CHICAGO-:-WARD 02 PRECINCT 20,0
CITY OF CHICAGO-:-WARD 02 PRECINCT 21,12
CITY OF CHICAGO-:-WARD 02 PRECINCT 22,0
CITY OF CHICAGO-:-WARD 02 PRECINCT 24,0
CITY OF CHICAGO-:-WARD 02 PRECINCT 25,0
CITY OF CHICAGO-:-WARD 03 PRECINCT 01,0
CITY OF CHICAGO-:-WARD 03 PRECINCT 03,0
CITY OF CHICAGO-:-WARD 03 PRECINCT 04,0
CITY OF CHICAGO-:-WARD 03 PRECINCT 05,0
CITY OF CHICAGO-:-WARD 03 PRECINCT 06,0
CITY OF CHICAGO-:-WARD 03 PRECINCT 08,0
CITY OF CHICAGO-:-WARD 03 PRECINCT 09,0
CITY OF CHICAGO-:-WARD 03 PRECINCT 10,0
CITY OF CHICAGO-:-WARD 03 PRECINCT 11,0
CITY OF CHICAGO-:-WARD 03 PRECINCT 12,0
CITY OF CHICAGO-:-WARD 03 PRECINCT 13,0
CITY OF CHICAGO-:-WARD 03 PRECINCT 14,0
CITY OF CHICAGO-:-WARD 03 PRECINCT 15,0
CITY OF CHICAGO-:-WARD 03 PRECINCT 16,0
CITY OF CHICAGO-:-WARD 03 PRECINCT 17,0
CITY OF CHICAGO-:-WARD 03 PRECINCT 18,0
CITY OF CHICAGO-:-WARD 03 PRECINCT 21,0
CITY OF CHICAGO-:-WARD 03 PRECINCT 23,0
CITY OF CHICAGO-:-WARD 03 PRECINCT 24,0
CITY OF CHICAGO-:-WARD 03 PRECINCT 25,0
CITY OF CHICAGO-:-WARD 03 PRECINCT 26,0
CITY OF CHICAGO-:-WARD 03 PRECINCT 27,0
CITY OF CHICAGO-:-WARD 04 PRECINCT 02,0
CITY OF CHICAGO-:-WARD 04 PRECINCT 04,0
CITY OF CHICAGO-:-WARD 04 PRECINCT 05,0
CITY OF CHICAGO-:-WARD 04 PRECINCT 06,0
CITY OF CHICAGO-:-WARD 04 PRECINCT 07,0
CITY OF CHICAGO-:-WARD 04 PRECINCT 08,0
CITY OF CHICAGO-:-WARD 04 PRECINCT 09,0
CITY OF CHICAGO-:-WARD 04 PRECINCT 10,0
CITY OF CHICAGO-:-WARD 04 PRECINCT 11,0
CITY OF CHICAGO-:-WARD 04 PRECINCT 12,0
CITY OF CHICAGO-:-WARD 04 PRECINCT 13,0
CITY OF CHICAGO-:-WARD 04 PRECINCT 14,0
CITY OF CHICAGO-:-WARD 04 PRECINCT 15,0
CITY OF CHICAGO-:-WARD 04 PRECINCT 16,0
CITY OF CHICAGO-:-WARD 04 PRECINCT 17,0
CITY OF CHICAGO-:-WARD 04 PRECINCT 18,0
CITY OF CHICAGO-:-WARD 04 PRECINCT 19,0
CITY OF CHICAGO-:-WARD 04 PRECINCT 20,0
CITY OF CHICAGO-:-WARD 04 PRECINCT 21,0
CITY OF CHICAGO-:-WARD 04 PRECINCT 22,0
CITY OF CHICAGO-:-WARD 04 PRECINCT 23,0
CITY OF CHICAGO-:-WARD 04 PRECINCT 25,0
CITY OF CHICAGO-:-WARD 04 PRECINCT 26,0
CITY OF CHICAGO-:-WARD 04 PRECINCT 27,0
CITY OF CHICAGO-:-WARD 04 PRECINCT 28,0
CITY OF CHICAGO-:-WARD 05 PRECINCT 02,0
CITY OF CHICAGO-:-WARD 05 PRECINCT 03,0
CITY OF CHICAGO-:-WARD 05 PRECINCT 04,0
CITY OF CHICAGO-:-WARD 05 PRECINCT 05,0
CITY OF CHICAGO-:-WARD 05 PRECINCT 06,0
CITY OF CHICAGO-:-WARD 05 PRECINCT 07,0
CITY OF CHICAGO-:-WARD 05 PRECINCT 08,0
CITY OF CHICAGO-:-WARD 05 PRECINCT 10,0
CITY OF CHICAGO-:-WARD 05 PRECINCT 11,0
CITY OF CHICAGO-:-WARD 05 PRECINCT 12,0
CITY OF CHICAGO-:-WARD 05 PRECINCT 13,0
CITY OF CHICAGO-:-WARD 05 PRECINCT 14,0
CITY OF CHICAGO-:-WARD 05 PRECINCT 16,0
CITY OF CHICAGO-:-WARD 05 PRECINCT 17,0
CITY OF CHICAGO-:-WARD 05 PRECINCT 18,0
CITY OF CHICAGO-:-WARD 05 PRECINCT 19,0
CITY OF CHICAGO-:-WARD 05 PRECINCT 20,0
CITY OF CHICAGO-:-WARD 05 PRECINCT 21,0
CITY OF CHICAGO-:-WARD 05 PRECINCT 22,0
CITY OF CHICAGO-:-WARD 05 PRECINCT 23,0
CITY OF CHICAGO-:-WARD 05 PRECINCT 24,0
CITY OF CHICAGO-:-WARD 05 PRECINCT 25,0
CITY OF CHICAGO-:-WARD 06 PRECINCT 01,0
CITY OF CHICAGO-:-WARD 06 PRECINCT 02,0
CITY OF CHICAGO-:-WARD 06 PRECINCT 03,0
CITY OF CHICAGO-:-WARD 06 PRECINCT 04,0
CITY OF CHICAGO-:-WARD 06 PRECINCT 05,0
CITY OF CHICAGO-:-WARD 06 PRECINCT 06,0
CITY OF CHICAGO-:-WARD 06 PRECINCT 07,0
CITY OF CHICAGO-:-WARD 06 PRECINCT 08,0
CITY OF CHICAGO-:-WARD 06 PRECINCT 09,0
CITY OF CHICAGO-:-WARD 06 PRECINCT 10,0
CITY OF CHICAGO-:-WARD 06 PRECINCT 11,0
CITY OF CHICAGO-:-WARD 06 PRECINCT 12,0
CITY OF CHICAGO-:-WARD 06 PRECINCT 13,0
CITY OF CHICAGO-:-WARD 06 PRECINCT 14,0
CITY OF CHICAGO-:-WARD 06 PRECINCT 15,0
CITY OF CHICAGO-:-WARD 06 PRECINCT 16,0
CITY OF CHICAGO-:-WARD 06 PRECINCT 17,0
CITY OF CHICAGO-:-WARD 06 PRECINCT 18,0
CITY OF CHICAGO-:-WARD 06 PRECINCT 19,0
CITY OF CHICAGO-:-WARD 06 PRECINCT 20,0
CITY OF CHICAGO-:-WARD 06 PRECINCT 21,0
CITY OF CHICAGO-:-WARD 06 PRECINCT 22,0
CITY OF CHICAGO-:-WARD 06 PRECINCT 23,0
CITY OF CHICAGO-:-WARD 06 PRECINCT 24,0
CITY OF CHICAGO-:-WARD 06 PRECINCT 25,0
CITY OF CHICAGO-:-WARD 06 PRECINCT 26,0
CITY OF CHICAGO-:-WARD 06 PRECINCT 27,0
CITY OF CHICAGO-:-WARD 07 PRECINCT 01,0
CITY OF CHICAGO-:-WARD 07 PRECINCT 03,0
CITY OF CHICAGO-:-WARD 07 PRECINCT 04,0
CITY OF CHICAGO-:-WARD 07 PRECINCT 05,0
CITY OF CHICAGO-:-WARD 07 PRECINCT 06,0
CITY OF CHICAGO-:-WARD 07 PRECINCT 07,0
CITY OF CHICAGO-:-WARD 07 PRECINCT 08,0
CITY OF CHICAGO-:-WARD 07 PRECINCT 09,0
CITY OF CHICAGO-:-WARD 07 PRECINCT 11,0
CITY OF CHICAGO-:-WARD 07 PRECINCT 14,0
CITY OF CHICAGO-:-WARD 07 PRECINCT 15,0
CITY OF CHICAGO-:-WARD 07 PRECINCT 18,0
CITY OF CHICAGO-:-WARD 07 PRECINCT 19,0
CITY OF CHICAGO-:-WARD 07 PRECINCT 20,0
CITY OF CHICAGO-:-WARD 07 PRECINCT 21,0
CITY OF CHICAGO-:-WARD 07 PRECINCT 22,0
CITY OF CHICAGO-:-WARD 07 PRECINCT 23,0
CITY OF CHICAGO-:-WARD 07 PRECINCT 24,0
CITY OF CHICAGO-:-WARD 07 PRECINCT 25,0
CITY OF CHICAGO-:-WARD 07 PRECINCT 26,0
CITY OF CHICAGO-:-WARD 07 PRECINCT 27,0
CITY OF CHICAGO-:-WARD 07 PRECINCT 28,0
CITY OF CHICAGO-:-WARD 07 PRECINCT 29,0
CITY OF CHICAGO-:-WARD 07 PRECINCT 30,0
CITY OF CHICAGO-:-WARD 07 PRECINCT 31,0
CITY OF CHICAGO-:-WARD 08 PRECINCT 01,0
CITY OF CHICAGO-:-WARD 08 PRECINCT 02,0
CITY OF CHICAGO-:-WARD 08 PRECINCT 03,0
CITY OF CHICAGO-:-WARD 08 PRECINCT 04,0
CITY OF CHICAGO-:-WARD 08 PRECINCT 05,0
CITY OF CHICAGO-:-WARD 08 PRECINCT 06,0
CITY OF CHICAGO-:-WARD 08 PRECINCT 07,0
CITY OF CHICAGO-:-WARD 08 PRECINCT 08,0
CITY OF CHICAGO-:-WARD 08 PRECINCT 09,0
CITY OF CHICAGO-:-WARD 08 PRECINCT 10,0
CITY OF CHICAGO-:-WARD 08 PRECINCT 11,0
CITY OF CHICAGO-:-WARD 08 PRECINCT 12,0
CITY OF CHICAGO-:-WARD 08 PRECINCT 13,0
CITY OF CHICAGO-:-WARD 08 PRECINCT 14,0
CITY OF CHICAGO-:-WARD 08 PRECINCT 15,0
CITY OF CHICAGO-:-WARD 08 PRECINCT 16,0
CITY OF CHICAGO-:-WARD 08 PRECINCT 17,0
CITY OF CHICAGO-:-WARD 08 PRECINCT 18,0
CITY OF CHICAGO-:-WARD 08 PRECINCT 19,0
CITY OF CHICAGO-:-WARD 08 PRECINCT 20,0
CITY OF CHICAGO-:-WARD 08 PRECINCT 21,0
CITY OF CHICAGO-:-WARD 08 PRECINCT 22,0
CITY OF CHICAGO-:-WARD 08 PRECINCT 23,0
CITY OF CHICAGO-:-WARD 08 PRECINCT 24,0
CITY OF CHICAGO-:-WARD 08 PRECINCT 25,0
CITY OF CHICAGO-:-WARD 08 PRECINCT 26,0
CITY OF CHICAGO-:-WARD 08 PRECINCT 27,0
CITY OF CHICAGO-:-WARD 08 PRECINCT 28,0
CITY OF CHICAGO-:-WARD 08 PRECINCT 29,0
CITY OF CHICAGO-:-WARD 08 PRECINCT 30,0
CITY OF CHICAGO-:-WARD 09 PRECINCT 01,0
CITY OF CHICAGO-:-WARD 09 PRECINCT 02,0
CITY OF CHICAGO-:-WARD 09 PRECINCT 03,0
CITY OF CHICAGO-:-WARD 09 PRECINCT 04,0
CITY OF CHICAGO-:-WARD 09 PRECINCT 05,0
CITY OF CHICAGO-:-WARD 09 PRECINCT 06,0
CITY OF CHICAGO-:-WARD 09 PRECINCT 07,0
CITY OF CHICAGO-:-WARD 09 PRECINCT 09,0
CITY OF CHICAGO-:-WARD 09 PRECINCT 10,0
CITY OF CHICAGO-:-WARD 09 PRECINCT 11,0
CITY OF CHICAGO-:-WARD 09 PRECINCT 12,0
CITY OF CHICAGO-:-WARD 09 PRECINCT 13,0
CITY OF CHICAGO-:-WARD 09 PRECINCT 14,0
CITY OF CHICAGO-:-WARD 09 PRECINCT 15,0
CITY OF CHICAGO-:-WARD 09 PRECINCT 16,0
CITY OF CHICAGO-:-WARD 09 PRECINCT 17,0
CITY OF CHICAGO-:-WARD 09 PRECINCT 18,0
CITY OF CHICAGO-:-WARD 09 PRECINCT 19,0
CITY OF CHICAGO-:-WARD 09 PRECINCT 20,0
CITY OF CHICAGO-:-WARD 09 PRECINCT 21,0
CITY OF CHICAGO-:-WARD 09 PRECINCT 22,0
CITY OF CHICAGO-:-WARD 09 PRECINCT 23,0
CITY OF CHICAGO-:-WARD 09 PRECINCT 24,0
CITY OF CHICAGO-:-WARD 09 PRECINCT 25,0
CITY OF CHICAGO-:-WARD 09 PRECINCT 26,0
CITY OF CHICAGO-:-WARD 09 PRECINCT 27,0
CITY OF CHICAGO-:-WARD 09 PRECINCT 28,0
CITY OF CHICAGO-:-WARD 09 PRECINCT 29,0
CITY OF CHICAGO-:-WARD 09 PRECINCT 30,0
CITY OF CHICAGO-:-WARD 10 PRECINCT 01,0
CITY OF CHICAGO-:-WARD 10 PRECINCT 02,0
CITY OF CHICAGO-:-WARD 10 PRECINCT 03,0
CITY OF CHICAGO-:-WARD 10 PRECINCT 04,0
CITY OF CHICAGO-:-WARD 10 PRECINCT 05,0
CITY OF CHICAGO-:-WARD 10 PRECINCT 06,0
CITY OF CHICAGO-:-WARD 10 PRECINCT 07,0
CITY OF CHICAGO-:-WARD 10 PRECINCT 08,0
CITY OF CHICAGO-:-WARD 10 PRECINCT 09,0
CITY OF CHICAGO-:-WARD 10 PRECINCT 10,0
CITY OF CHICAGO-:-WARD 10 PRECINCT 11,0
CITY OF CHICAGO-:-WARD 10 PRECINCT 12,0
CITY OF CHICAGO-:-WARD 10 PRECINCT 13,0
CITY OF CHICAGO-:-WARD 10 PRECINCT 14,0
CITY OF CHICAGO-:-WARD 10 PRECINCT 15,11
CITY OF CHICAGO-:-WARD 10 PRECINCT 16,11
CITY OF CHICAGO-:-WARD 10 PRECINCT 17,11
CITY OF CHICAGO-:-WARD 10 PRECINCT 18,11
CITY OF CHICAGO-:-WARD 10 PRECINCT 19,11
CITY OF CHICAGO-:-WARD 10 PRECINCT 20,0
CITY OF CHICAGO-:-WARD 10 PRECINCT 21,11
CITY OF CHICAGO-:-WARD 10 PRECINCT 22,11
CITY OF CHICAGO-:-WARD 10 PRECINCT 23,0
CITY OF CHICAGO-:-WARD 10 PRECINCT 24,0
CITY OF CHICAGO-:-WARD 10 PRECINCT 25,0
CITY OF CHICAGO-:-WARD 11 PRECINCT 01,0
CITY OF CHICAGO-:-WARD 11 PRECINCT 02,0
CITY OF CHICAGO-:-WARD 11 PRECINCT 03,0
CITY OF CHICAGO-:-WARD 11 PRECINCT 04,0
CITY OF CHICAGO-:-WARD 11 PRECINCT 05,0
CITY OF CHICAGO-:-WARD 11 PRECINCT 06,0
CITY OF CHICAGO-:-WARD 11 PRECINCT 07,0
CITY OF CHICAGO-:-WARD 11 PRECINCT 08,6
CITY OF CHICAGO-:-WARD 11 PRECINCT 09,6
CITY OF CHICAGO-:-WARD 11 PRECINCT 10,6
CITY OF CHICAGO-:-WARD 11 PRECINCT 11,6
CITY OF CHICAGO-:-WARD 11 PRECINCT 12,6
CITY OF CHICAGO-:-WARD 11 PRECINCT 13,6
CITY OF CHICAGO-:-WARD 11 PRECINCT 14,0
CITY OF CHICAGO-:-WARD 11 PRECINCT 15,0
CITY OF CHICAGO-:-WARD 11 PRECINCT 16,0
CITY OF CHICAGO-:-WARD 11 PRECINCT 17,0
CITY OF CHICAGO-:-WARD 11 PRECINCT 18,0
CITY OF CHICAGO-:-WARD 11 PRECINCT 19,0
CITY OF CHICAGO-:-WARD 11 PRECINCT 20,0
CITY OF CHICAGO-:-WARD 11 PRECINCT 21,6
CITY OF CHICAGO-:-WARD 11 PRECINCT 22,6
CITY OF CHICAGO-:-WARD 11 PRECINCT 23,6
CITY OF CHICAGO-:-WARD 12 PRECINCT 01,0
CITY OF CHICAGO-:-WARD 12 PRECINCT 02,0
CITY OF CHICAGO-:-WARD 12 PRECINCT 03,0
CITY OF CHICAGO-:-WARD 12 PRECINCT 04,0
CITY OF CHICAGO-:-WARD 12 PRECINCT 05,0
CITY OF CHICAGO-:-WARD 12 PRECINCT 06,0
CITY OF CHICAGO-:-WARD 12 PRECINCT 07,0
CITY OF CHICAGO-:-WARD 12 PRECINCT 08,0
CITY OF CHICAGO-:-WARD 12 PRECINCT 09,0
CITY OF CHICAGO-:-WARD 12 PRECINCT 10,0
CITY OF CHICAGO-:-WARD 12 PRECINCT 11,0
CITY OF CHICAGO-:-WARD 12 PRECINCT 12,0
CITY OF CHICAGO-:-WARD 12 PRECINCT 13,0
CITY OF CHICAGO-:-WARD 12 PRECINCT 14,0
CITY OF CHICAGO-:-WARD 12 PRECINCT 15,0
CITY OF CHICAGO-:-WARD 12 PRECINCT 16,0
CITY OF CHICAGO-:-WARD 12 PRECINCT 17,0
CITY OF CHICAGO-:-WARD 12 PRECINCT 18,0
CITY OF CHICAGO-:-WARD 12 PRECINCT 19,0
CITY OF CHICAGO-:-WARD 12 PRECINCT 20,0
CITY OF CHICAGO-:-WARD 12 PRECINCT 21,0
CITY OF CHICAGO-:-WARD 12 PRECINCT 22,0
CITY OF CHICAGO-:-WARD 13 PRECINCT 01,0
CITY OF CHICAGO-:-WARD 13 PRECINCT 02,0
CITY OF CHICAGO-:-WARD 13 PRECINCT 03,11
CITY OF CHICAGO-:-WARD 13 PRECINCT 04,0
CITY OF CHICAGO-:-WARD 13 PRECINCT 05,11
CITY OF CHICAGO-:-WARD 13 PRECINCT 06,11
CITY OF CHICAGO-:-WARD 13 PRECINCT 07,11
CITY OF CHICAGO-:-WARD 13 PRECINCT 08,0
CITY OF CHICAGO-:-WARD 13 PRECINCT 09,11
CITY OF CHICAGO-:-WARD 13 PRECINCT 10,11
CITY OF CHICAGO-:-WARD 13 PRECINCT 11,11
CITY OF CHICAGO-:-WARD 13 PRECINCT 12,0
CITY OF CHICAGO-:-WARD 13 PRECINCT 13,11
CITY OF CHICAGO-:-WARD 13 PRECINCT 14,0
CITY OF CHICAGO-:-WARD 13 PRECINCT 15,11
CITY OF CHICAGO-:-WARD 13 PRECINCT 16,0
CITY OF CHICAGO-:-WARD 13 PRECINCT 17,0
CITY OF CHICAGO-:-WARD 13 PRECINCT 18,0
CITY OF CHICAGO-:-WARD 13 PRECINCT 19,11
CITY OF CHICAGO-:-WARD 13 PRECINCT 20,11
CITY OF CHICAGO-:-WARD 13 PRECINCT 21,11
CITY OF CHICAGO-:-WARD 13 PRECINCT 22,0
CITY OF CHICAGO-:-WARD 13 PRECINCT 23,11
CITY OF CHICAGO-:-WARD 13 PRECINCT 24,0
CITY OF CHICAGO-:-WARD 13 PRECINCT 25,0
CITY OF CHICAGO-:-WARD 13 PRECINCT 26,0
CITY OF CHICAGO-:-WARD 13 PRECINCT 27,0
CITY OF CHICAGO-:-WARD 13 PRECINCT 28,0
CITY OF CHICAGO-:-WARD 13 PRECINCT 29,0
CITY OF CHICAGO-:-WARD 13 PRECINCT 30,11
CITY OF CHICAGO-:-WARD 13 PRECINCT 31,11
CITY OF CHICAGO-:-WARD 13 PRECINCT 32,11
CITY OF CHICAGO-:-WARD 13 PRECINCT 33,0
CITY OF CHICAGO-:-WARD 13 PRECINCT 34,11
CITY OF CHICAGO-:-WARD 13 PRECINCT 35,11
CITY OF CHICAGO-:-WARD 13 PRECINCT 36,0
CITY OF CHICAGO-:-WARD 13 PRECINCT 37,11
CITY OF CHICAGO-:-WARD 13 PRECINCT 38,0
CITY OF CHICAGO-:-WARD 13 PRECINCT 39,11
CITY OF CHICAGO-:-WARD 13 PRECINCT 40,11
CITY OF CHICAGO-:-WARD 14 PRECINCT 02,0
CITY OF CHICAGO-:-WARD 14 PRECINCT 03,0
CITY OF CHICAGO-:-WARD 14 PRECINCT 04,0
CITY OF CHICAGO-:-WARD 14 PRECINCT 05,0
CITY OF CHICAGO-:-WARD 14 PRECINCT 06,0
CITY OF CHICAGO-:-WARD 14 PRECINCT 07,0
CITY OF CHICAGO-:-WARD 14 PRECINCT 08,0
CITY OF CHICAGO-:-WARD 14 PRECINCT 09,0
CITY OF CHICAGO-:-WARD 14 PRECINCT 10,5
CITY OF CHICAGO-:-WARD 14 PRECINCT 11,5
CITY OF CHICAGO-:-WARD 14 PRECINCT 12,5
CITY OF CHICAGO-:-WARD 14 PRECINCT 13,5
CITY OF CHICAGO-:-WARD 14 PRECINCT 14,5
CITY OF CHICAGO-:-WARD 14 PRECINCT 15,5
CITY OF CHICAGO-:-WARD 15 PRECINCT 01,6
CITY OF CHICAGO-:-WARD 15 PRECINCT 02,6
CITY OF CHICAGO-:-WARD 15 PRECINCT 03,5
CITY OF CHICAGO-:-WARD 15 PRECINCT 04,5
CITY OF CHICAGO-:-WARD 15 PRECINCT 05,5
CITY OF CHICAGO-:-WARD 15 PRECINCT 06,5
CITY OF CHICAGO-:-WARD 15 PRECINCT 07,5
CITY OF CHICAGO-:-WARD 15 PRECINCT 08,5
CITY OF CHICAGO-:-WARD 15 PRECINCT 09,5
CITY OF CHICAGO-:-WARD 15 PRECINCT 11,5
CITY OF CHICAGO-:-WARD 15 PRECINCT 12,5
CITY OF CHICAGO-:-WARD 15 PRECINCT 13,5
CITY OF CHICAGO-:-WARD 15 PRECINCT 14,5
CITY OF CHICAGO-:-WARD 15 PRECINCT 15,5
CITY OF CHICAGO-:-WARD 15 PRECINCT 16,5
CITY OF CHICAGO-:-WARD 15 PRECINCT 17,5
CITY OF CHICAGO-:-WARD 15 PRECINCT 18,5
CITY OF CHICAGO-:-WARD 15 PRECINCT 19,6
CITY OF CHICAGO-:-WARD 15 PRECINCT 20,5
CITY OF CHICAGO-:-WARD 16 PRECINCT 01,5
CITY OF CHICAGO-:-WARD 16 PRECINCT 02,5
CITY OF CHICAGO-:-WARD 16 PRECINCT 03,5
CITY OF CHICAGO-:-WARD 16 PRECINCT 04,6
CITY OF CHICAGO-:-WARD 16 PRECINCT 05,5
CITY OF CHICAGO-:-WARD 16 PRECINCT 06,5
CITY OF CHICAGO-:-WARD 16 PRECINCT 08,5
CITY OF CHICAGO-:-WARD 16 PRECINCT 09,5
CITY OF CHICAGO-:-WARD 16 PRECINCT 10,5
CITY OF CHICAGO-:-WARD 16 PRECINCT 11,6
CITY OF CHICAGO-:-WARD 16 PRECINCT 12,6
CITY OF CHICAGO-:-WARD 16 PRECINCT 13,5
CITY OF CHICAGO-:-WARD 16 PRECINCT 14,6
CITY OF CHICAGO-:-WARD 16 PRECINCT 15,5
CITY OF CHICAGO-:-WARD 16 PRECINCT 16,5
CITY OF CHICAGO-:-WARD 16 PRECINCT 17,5
CITY OF CHICAGO-:-WARD 16 PRECINCT 18,5
CITY OF CHICAGO-:-WARD 16 PRECINCT 19,5
CITY OF CHICAGO-:-WARD 16 PRECINCT 21,5
CITY OF CHICAGO-:-WARD 16 PRECINCT 22,5
CITY OF CHICAGO-:-WARD 16 PRECINCT 24,6
CITY OF CHICAGO-:-WARD 16 PRECINCT 25,5
CITY OF CHICAGO-:-WARD 17 PRECINCT 01,5
CITY OF CHICAGO-:-WARD 17 PRECINCT 03,5
CITY OF CHICAGO-:-WARD 17 PRECINCT 04,5
CITY OF CHICAGO-:-WARD 17 PRECINCT 05,5
CITY OF CHICAGO-:-WARD 17 PRECINCT 06,6
CITY OF CHICAGO-:-WARD 17 PRECINCT 07,5
CITY OF CHICAGO-:-WARD 17 PRECINCT 08,5
CITY OF CHICAGO-:-WARD 17 PRECINCT 09,6
CITY OF CHICAGO-:-WARD 17 PRECINCT 10,5
CITY OF CHICAGO-:-WARD 17 PRECINCT 11,5
CITY OF CHICAGO-:-WARD 17 PRECINCT 12,5
CITY OF CHICAGO-:-WARD 17 PRECINCT 13,6
CITY OF CHICAGO-:-WARD 17 PRECINCT 15,5
CITY OF CHICAGO-:-WARD 17 PRECINCT 16,6
CITY OF CHICAGO-:-WARD 17 PRECINCT 17,5
CITY OF CHICAGO-:-WARD 17 PRECINCT 18,5
CITY OF CHICAGO-:-WARD 17 PRECINCT 19,5
CITY OF CHICAGO-:-WARD 17 PRECINCT 20,6
CITY OF CHICAGO-:-WARD 17 PRECINCT 21,5
CITY OF CHICAGO-:-WARD 17 PRECINCT 22,5
CITY OF CHICAGO-:-WARD 17 PRECINCT 23,5
CITY OF CHICAGO-:-WARD 17 PRECINCT 24,5
CITY OF CHICAGO-:-WARD 17 PRECINCT 25,5
CITY OF CHICAGO-:-WARD 17 PRECINCT 26,5
CITY OF CHICAGO-:-WARD 17 PRECINCT 27,5
CITY OF CHICAGO-:-WARD 17 PRECINCT 28,5
CITY OF CHICAGO-:-WARD 17 PRECINCT 29,5
CITY OF CHICAGO-:-WARD 18 PRECINCT 01,5
CITY OF CHICAGO-:-WARD 18 PRECINCT 02,5
CITY OF CHICAGO-:-WARD 18 PRECINCT 03,5
CITY OF CHICAGO-:-WARD 18 PRECINCT 04,5
CITY OF CHICAGO-:-WARD 18 PRECINCT 05,6
CITY OF CHICAGO-:-WARD 18 PRECINCT 06,5
CITY OF CHICAGO-:-WARD 18 PRECINCT 07,6
CITY OF CHICAGO-:-WARD 18 PRECINCT 08,5
CITY OF CHICAGO-:-WARD 18 PRECINCT 09,5
CITY OF CHICAGO-:-WARD 18 PRECINCT 10,5
CITY OF CHICAGO-:-WARD 18 PRECINCT 11,5
CITY OF CHICAGO-:-WARD 18 PRECINCT 12,5
CITY OF CHICAGO-:-WARD 18 PRECINCT 13,5
CITY OF CHICAGO-:-WARD 18 PRECINCT 14,5
CITY OF CHICAGO-:-WARD 18 PRECINCT 15,5
CITY OF CHICAGO-:-WARD 18 PRECINCT 16,5
CITY OF CHICAGO-:-WARD 18 PRECINCT 17,5
CITY OF CHICAGO-:-WARD 18 PRECINCT 19,5
CITY OF CHICAGO-:-WARD 18 PRECINCT 20,5
CITY OF CHICAGO-:-WARD 18 PRECINCT 21,5
CITY OF CHICAGO-:-WARD 18 PRECINCT 22,5
CITY OF CHICAGO-:-WARD 18 PRECINCT 23,5
CITY OF CHICAGO-:-WARD 18 PRECINCT 24,5
CITY OF CHICAGO-:-WARD 18 PRECINCT 25,5
CITY OF CHICAGO-:-WARD 18 PRECINCT 26,5
CITY OF CHICAGO-:-WARD 19 PRECINCT 01,5
CITY OF CHICAGO-:-WARD 19 PRECINCT 02,6
CITY OF CHICAGO-:-WARD 19 PRECINCT 03,11
CITY OF CHICAGO-:-WARD 19 PRECINCT 04,5
CITY OF CHICAGO-:-WARD 19 PRECINCT 05,6
CITY OF CHICAGO-:-WARD 19 PRECINCT 06,5
CITY OF CHICAGO-:-WARD 19 PRECINCT 07,5
CITY OF CHICAGO-:-WARD 19 PRECINCT 08,5
CITY OF CHICAGO-:-WARD 19 PRECINCT 09,5
CITY OF CHICAGO-:-WARD 19 PRECINCT 12,5
CITY OF CHICAGO-:-WARD 19 PRECINCT 13,6
CITY OF CHICAGO-:-WARD 19 PRECINCT 14,5
CITY OF CHICAGO-:-WARD 19 PRECINCT 15,6
CITY OF CHICAGO-:-WARD 19 PRECINCT 16,11
CITY OF CHICAGO-:-WARD 19 PRECINCT 17,5
CITY OF CHICAGO-:-WARD 19 PRECINCT 18,11
CITY OF CHICAGO-:-WARD 19 PRECINCT 20,5
CITY OF CHICAGO-:-WARD 19 PRECINCT 21,5
CITY OF CHICAGO-:-WARD 19 PRECINCT 22,6
CITY OF CHICAGO-:-WARD 19 PRECINCT 23,6
CITY OF CHICAGO-:-WARD 19 PRECINCT 24,11
CITY OF CHICAGO-:-WARD 19 PRECINCT 27,5
CITY OF CHICAGO-:-WARD 19 PRECINCT 28,5
CITY OF CHICAGO-:-WARD 19 PRECINCT 29,5
CITY OF CHICAGO-:-WARD 19 PRECINCT 30,5
CITY OF CHICAGO-:-WARD 19 PRECINCT 32,5
CITY OF CHICAGO-:-WARD 19 PRECINCT 33,5
CITY OF CHICAGO-:-WARD 19 PRECINCT 34,5
CITY OF CHICAGO-:-WARD 19 PRECINCT 35,6
CITY OF CHICAGO-:-WARD 20 PRECINCT 02,5
CITY OF CHICAGO-:-WARD 20 PRECINCT 04,5
CITY OF CHICAGO-:-WARD 20 PRECINCT 06,5
CITY OF CHICAGO-:-WARD 20 PRECINCT 07,6
CITY OF CHICAGO-:-WARD 20 PRECINCT 09,6
CITY OF CHICAGO-:-WARD 20 PRECINCT 10,6
CITY OF CHICAGO-:-WARD 20 PRECINCT 11,6
CITY OF CHICAGO-:-WARD 20 PRECINCT 12,6
CITY OF CHICAGO-:-WARD 20 PRECINCT 13,11
CITY OF CHICAGO-:-WARD 20 PRECINCT 15,6
CITY OF CHICAGO-:-WARD 20 PRECINCT 16,6
CITY OF CHICAGO-:-WARD 20 PRECINCT 17,6
CITY OF CHICAGO-:-WARD 20 PRECINCT 18,6
CITY OF CHICAGO-:-WARD 20 PRECINCT 19,6
CITY OF CHICAGO-:-WARD 20 PRECINCT 20,6
CITY OF CHICAGO-:-WARD 20 PRECINCT 21,6
CITY OF CHICAGO-:-WARD 20 PRECINCT 22,6
CITY OF CHICAGO-:-WARD 20 PRECINCT 23,5
CITY OF CHICAGO-:-WARD 21 PRECINCT 01,5
CITY OF CHICAGO-:-WARD 21 PRECINCT 02,5
CITY OF CHICAGO-:-WARD 21 PRECINCT 03,5
CITY OF CHICAGO-:-WARD 21 PRECINCT 04,5
CITY OF CHICAGO-:-WARD 21 PRECINCT 05,5
CITY OF CHICAGO-:-WARD 21 PRECINCT 06,5
CITY OF CHICAGO-:-WARD 21 PRECINCT 07,5
CITY OF CHICAGO-:-WARD 21 PRECINCT 08,5
CITY OF CHICAGO-:-WARD 21 PRECINCT 09,5
CITY OF CHICAGO-:-WARD 21 PRECINCT 10,5
CITY OF CHICAGO-:-WARD 21 PRECINCT 11,5
CITY OF CHICAGO-:-WARD 21 PRECINCT 12,11
CITY OF CHICAGO-:-WARD 21 PRECINCT 13,5
CITY OF CHICAGO-:-WARD 21 PRECINCT 14,5
CITY OF CHICAGO-:-WARD 21 PRECINCT 15,5
CITY OF CHICAGO-:-WARD 21 PRECINCT 16,5
CITY OF CHICAGO-:-WARD 21 PRECINCT 17,11
CITY OF CHICAGO-:-WARD 21 PRECINCT 18,5
CITY OF CHICAGO-:-WARD 21 PRECINCT 19,5
CITY OF CHICAGO-:-WARD 21 PRECINCT 20,11
CITY OF CHICAGO-:-WARD 21 PRECINCT 21,5
CITY OF CHICAGO-:-WARD 21 PRECINCT 22,5
CITY OF CHICAGO-:-WARD 21 PRECINCT 23,5
CITY OF CHICAGO-:-WARD 21 PRECINCT 24,5
CITY OF CHICAGO-:-WARD 21 PRECINCT 25,5
CITY OF CHICAGO-:-WARD 21 PRECINCT 26,5
CITY OF CHICAGO-:-WARD 21 PRECINCT 27,5
CITY OF CHICAGO-:-WARD 21 PRECINCT 28,5
CITY OF CHICAGO-:-WARD 21 PRECINCT 29,5
CITY OF CHICAGO-:-WARD 22 PRECINCT 01,11
CITY OF CHICAGO-:-WARD 22 PRECINCT 03,5
CITY OF CHICAGO-:-WARD 22 PRECINCT 04,5
CITY OF CHICAGO-:-WARD 22 PRECINCT 05,5
CITY OF CHICAGO-:-WARD 22 PRECINCT 06,5
CITY OF CHICAGO-:-WARD 22 PRECINCT 07,5
CITY OF CHICAGO-:-WARD 22 PRECINCT 08,5
CITY OF CHICAGO-:-WARD 22 PRECINCT 09,5
CITY OF CHICAGO-:-WARD 22 PRECINCT 10,5
CITY OF CHICAGO-:-WARD 22 PRECINCT 11,5
CITY OF CHICAGO-:-WARD 22 PRECINCT 12,5
CITY OF CHICAGO-:-WARD 22 PRECINCT 13,5
CITY OF CHICAGO-:-WARD 22 PRECINCT 14,5
CITY OF CHICAGO-:-WARD 22 PRECINCT 15,11
CITY OF CHICAGO-:-WARD 22 PRECINCT 16,5
CITY OF CHICAGO-:-WARD 22 PRECINCT 17,5
CITY OF CHICAGO-:-WARD 22 PRECINCT 18,5
CITY OF CHICAGO-:-WARD 22 PRECINCT 19,5
CITY OF CHICAGO-:-WARD 23 PRECINCT 01,11
CITY OF CHICAGO-:-WARD 23 PRECINCT 02,11
CITY OF CHICAGO-:-WARD 23 PRECINCT 03,11
CITY OF CHICAGO-:-WARD 23 PRECINCT 04,11
CITY OF CHICAGO-:-WARD 23 PRECINCT 05,11
CITY OF CHICAGO-:-WARD 23 PRECINCT 06,11
CITY OF CHICAGO-:-WARD 23 PRECINCT 07,11
CITY OF CHICAGO-:-WARD 23 PRECINCT 08,11
CITY OF CHICAGO-:-WARD 23 PRECINCT 09,11
CITY OF CHICAGO-:-WARD 23 PRECINCT 10,11
CITY OF CHICAGO-:-WARD 23 PRECINCT 11,11
CITY OF CHICAGO-:-WARD 23 PRECINCT 12,11
CITY OF CHICAGO-:-WARD 23 PRECINCT 13,5
CITY OF CHICAGO-:-WARD 23 PRECINCT 14,5
CITY OF CHICAGO-:-WARD 23 PRECINCT 15,5
CITY OF CHICAGO-:-WARD 23 PRECINCT 16,11
CITY OF CHICAGO-:-WARD 23 PRECINCT 17,5
CITY OF CHICAGO-:-WARD 23 PRECINCT 18,5
CITY OF CHICAGO-:-WARD 23 PRECINCT 19,11
CITY OF CHICAGO-:-WARD 23 PRECINCT 20,11
CITY OF CHICAGO-:-WARD 23 PRECINCT 21,5
CITY OF CHICAGO-:-WARD 23 PRECINCT 22,11
CITY OF CHICAGO-:-WARD 23 PRECINCT 23,5
CITY OF CHICAGO-:-WARD 23 PRECINCT 24,5
CITY OF CHICAGO-:-WARD 23 PRECINCT 25,5
CITY OF CHICAGO-:-WARD 23 PRECINCT 26,5
CITY OF CHICAGO-:-WARD 23 PRECINCT 27,5
CITY OF CHICAGO-:-WARD 23 PRECINCT 28,5
CITY OF CHICAGO-:-WARD 23 PRECINCT 29,5
CITY OF CHICAGO-:-WARD 23 PRECINCT 30,5
CITY OF CHICAGO-:-WARD 23 PRECINCT 31,5
CITY OF CHICAGO-:-WARD 23 PRECINCT 32,11
CITY OF CHICAGO-:-WARD 23 PRECINCT 33,5
CITY OF CHICAGO-:-WARD 24 PRECINCT 01,5
CITY OF CHICAGO-:-WARD 24 PRECINCT 02,11
CITY OF CHICAGO-:-WARD 24 PRECINCT 03,5
CITY OF CHICAGO-:-WARD 24 PRECINCT 04,5
CITY OF CHICAGO-:-WARD 24 PRECINCT 05,5
CITY OF CHICAGO-:-WARD 24 PRECINCT 06,11
CITY OF CHICAGO-:-WARD 24 PRECINCT 07,11
CITY OF CHICAGO-:-WARD 24 PRECINCT 08,11
CITY OF CHICAGO-:-WARD 24 PRECINCT 09,5
CITY OF CHICAGO-:-WARD 24 PRECINCT 10,11
CITY OF CHICAGO-:-WARD 24 PRECINCT 11,5
CITY OF CHICAGO-:-WARD 24 PRECINCT 12,5
CITY OF CHICAGO-:-WARD 24 PRECINCT 13,5
CITY OF CHICAGO-:-WARD 24 PRECINCT 14,6
CITY OF CHICAGO-:-WARD 24 PRECINCT 15,5
CITY OF CHICAGO-:-WARD 24 PRECINCT 16,5
CITY OF CHICAGO-:-WARD 24 PRECINCT 17,5
CITY OF CHICAGO-:-WARD 24 PRECINCT 19,5
CITY OF CHICAGO-:-WARD 24 PRECINCT 20,5
CITY OF CHICAGO-:-WARD 25 PRECINCT 01,5
CITY OF CHICAGO-:-WARD 25 PRECINCT 02,5
CITY OF CHICAGO-:-WARD 25 PRECINCT 04,5
CITY OF CHICAGO-:-WARD 25 PRECINCT 05,5
CITY OF CHICAGO-:-WARD 25 PRECINCT 06,5
CITY OF CHICAGO-:-WARD 25 PRECINCT 07,5
CITY OF CHICAGO-:-WARD 25 PRECINCT 08,5
CITY OF CHICAGO-:-WARD 25 PRECINCT 09,5
CITY OF CHICAGO-:-WARD 25 PRECINCT 10,5
CITY OF CHICAGO-:-WARD 25 PRECINCT 11,5
CITY OF CHICAGO-:-WARD 25 PRECINCT 12,5
CITY OF CHICAGO-:-WARD 25 PRECINCT 14,5
CITY OF CHICAGO-:-WARD 25 PRECINCT 15,6
CITY OF CHICAGO-:-WARD 25 PRECINCT 16,5
CITY OF CHICAGO-:-WARD 25 PRECINCT 17,6
CITY OF CHICAGO-:-WARD 26 PRECINCT 01,4
CITY OF CHICAGO-:-WARD 26 PRECINCT 02,4
CITY OF CHICAGO-:-WARD 26 PRECINCT 03,4
CITY OF CHICAGO-:-WARD 26 PRECINCT 04,4
CITY OF CHICAGO-:-WARD 26 PRECINCT 05,4
CITY OF CHICAGO-:-WARD 26 PRECINCT 06,4
CITY OF CHICAGO-:-WARD 26 PRECINCT 07,4
CITY OF CHICAGO-:-WARD 26 PRECINCT 08,4
CITY OF CHICAGO-:-WARD 26 PRECINCT 09,4
CITY OF CHICAGO-:-WARD 26 PRECINCT 10,4
CITY OF CHICAGO-:-WARD 26 PRECINCT 11,4
CITY OF CHICAGO-:-WARD 26 PRECINCT 12,4
CITY OF CHICAGO-:-WARD 26 PRECINCT 13,4
CITY OF CHICAGO-:-WARD 26 PRECINCT 14,4
CITY OF CHICAGO-:-WARD 26 PRECINCT 15,5
CITY OF CHICAGO-:-WARD 26 PRECINCT 16,4
CITY OF CHICAGO-:-WARD 26 PRECINCT 17,4
CITY OF CHICAGO-:-WARD 26 PRECINCT 18,4
CITY OF CHICAGO-:-WARD 26 PRECINCT 19,4
CITY OF CHICAGO-:-WARD 26 PRECINCT 20,4
CITY OF CHICAGO-:-WARD 26 PRECINCT 21,4
CITY OF CHICAGO-:-WARD 26 PRECINCT 22,5
CITY OF CHICAGO-:-WARD 26 PRECINCT 23,4
CITY OF CHICAGO-:-WARD 26 PRECINCT 24,4
CITY OF CHICAGO-:-WARD 26 PRECINCT 25,4
CITY OF CHICAGO-:-WARD 26 PRECINCT 26,4
CITY OF CHICAGO-:-WARD 26 PRECINCT 28,4
CITY OF CHICAGO-:-WARD 26 PRECINCT 29,4
CITY OF CHICAGO-:-WARD 26 PRECINCT 30,4
CITY OF CHICAGO-:-WARD 26 PRECINCT 31,5
CITY OF CHICAGO-:-WARD 26 PRECINCT 32,4
CITY OF CHICAGO-:-WARD 27 PRECINCT 01,4
CITY OF CHICAGO-:-WARD 27 PRECINCT 02,5
CITY OF CHICAGO-:-WARD 27 PRECINCT 03,4
CITY OF CHICAGO-:-WARD 27 PRECINCT 04,4
CITY OF CHICAGO-:-WARD 27 PRECINCT 05,4
CITY OF CHICAGO-:-WARD 27 PRECINCT 06,5
CITY OF CHICAGO-:-WARD 27 PRECINCT 07,5
CITY OF CHICAGO-:-WARD 27 PRECINCT 08,4
CITY OF CHICAGO-:-WARD 27 PRECINCT 10,4
CITY OF CHICAGO-:-WARD 27 PRECINCT 11,5
CITY OF CHICAGO-:-WARD 27 PRECINCT 14,4
CITY OF CHICAGO-:-WARD 27 PRECINCT 15,6
CITY OF CHICAGO-:-WARD 27 PRECINCT 16,5
CITY OF CHICAGO-:-WARD 27 PRECINCT 17,4
CITY OF CHICAGO-:-WARD 27 PRECINCT 18,5
CITY OF CHICAGO-:-WARD 27 PRECINCT 19,4
CITY OF CHICAGO-:-WARD 27 PRECINCT 20,16
CITY OF CHICAGO-:-WARD 27 PRECINCT 22,4
CITY OF CHICAGO-:-WARD 27 PRECINCT 23,4
CITY OF CHICAGO-:-WARD 27 PRECINCT 24,4
CITY OF CHICAGO-:-WARD 27 PRECINCT 25,4
CITY OF CHICAGO-:-WARD 27 PRECINCT 26,4
CITY OF CHICAGO-:-WARD 27 PRECINCT 27,4
CITY OF CHICAGO-:-WARD 27 PRECINCT 28,6
CITY OF CHICAGO-:-WARD 27 PRECINCT 29,5
CITY OF CHICAGO-:-WARD 28 PRECINCT 01,5
CITY OF CHICAGO-:-WARD 28 PRECINCT 02,11
CITY OF CHICAGO-:-WARD 28 PRECINCT 03,5
CITY OF CHICAGO-:-WARD 28 PRECINCT 04,11
CITY OF CHICAGO-:-WARD 28 PRECINCT 05,11
CITY OF CHICAGO-:-WARD 28 PRECINCT 06,5
CITY OF CHICAGO-:-WARD 28 PRECINCT 07,5
CITY OF CHICAGO-:-WARD 28 PRECINCT 08,5
CITY OF CHICAGO-:-WARD 28 PRECINCT 09,4
CITY OF CHICAGO-:-WARD 28 PRECINCT 10,5
CITY OF CHICAGO-:-WARD 28 PRECINCT 11,5
CITY OF CHICAGO-:-WARD 28 PRECINCT 12,5
CITY OF CHICAGO-:-WARD 28 PRECINCT 13,5
CITY OF CHICAGO-:-WARD 28 PRECINCT 14,5
CITY OF CHICAGO-:-WARD 28 PRECINCT 15,5
CITY OF CHICAGO-:-WARD 28 PRECINCT 16,5
CITY OF CHICAGO-:-WARD 28 PRECINCT 18,11
CITY OF CHICAGO-:-WARD 28 PRECINCT 19,5
CITY OF CHICAGO-:-WARD 28 PRECINCT 20,11
CITY OF CHICAGO-:-WARD 28 PRECINCT 21,11
CITY OF CHICAGO-:-WARD 28 PRECINCT 22,11
CITY OF CHICAGO-:-WARD 28 PRECINCT 23,11
CITY OF CHICAGO-:-WARD 28 PRECINCT 24,11
CITY OF CHICAGO-:-WARD 28 PRECINCT 25,5
CITY OF CHICAGO-:-WARD 28 PRECINCT 26,5
CITY OF CHICAGO-:-WARD 29 PRECINCT 01,4
CITY OF CHICAGO-:-WARD 29 PRECINCT 02,4
CITY OF CHICAGO-:-WARD 29 PRECINCT 03,4
CITY OF CHICAGO-:-WARD 29 PRECINCT 06,4
CITY OF CHICAGO-:-WARD 29 PRECINCT 07,4
CITY OF CHICAGO-:-WARD 29 PRECINCT 08,4
CITY OF CHICAGO-:-WARD 29 PRECINCT 09,4
CITY OF CHICAGO-:-WARD 29 PRECINCT 10,4
CITY OF CHICAGO-:-WARD 29 PRECINCT 11,4
CITY OF CHICAGO-:-WARD 29 PRECINCT 12,4
CITY OF CHICAGO-:-WARD 29 PRECINCT 13,5
CITY OF CHICAGO-:-WARD 29 PRECINCT 14,5
CITY OF CHICAGO-:-WARD 29 PRECINCT 15,5
CITY OF CHICAGO-:-WARD 29 PRECINCT 16,5
CITY OF CHICAGO-:-WARD 29 PRECINCT 17,4
CITY OF CHICAGO-:-WARD 29 PRECINCT 18,5
CITY OF CHICAGO-:-WARD 29 PRECINCT 19,5
CITY OF CHICAGO-:-WARD 29 PRECINCT 20,5
CITY OF CHICAGO-:-WARD 29 PRECINCT 21,5
CITY OF CHICAGO-:-WARD 29 PRECINCT 22,5
CITY OF CHICAGO-:-WARD 29 PRECINCT 23,5
CITY OF CHICAGO-:-WARD 29 PRECINCT 24,11
CITY OF CHICAGO-:-WARD 30 PRECINCT 01,4
CITY OF CHICAGO-:-WARD 30 PRECINCT 02,4
CITY OF CHICAGO-:-WARD 30 PRECINCT 04,4
CITY OF CHICAGO-:-WARD 30 PRECINCT 05,4
CITY OF CHICAGO-:-WARD 30 PRECINCT 06,4
CITY OF CHICAGO-:-WARD 30 PRECINCT 07,4
CITY OF CHICAGO-:-WARD 30 PRECINCT 08,4
CITY OF CHICAGO-:-WARD 30 PRECINCT 09,4
CITY OF CHICAGO-:-WARD 30 PRECINCT 10,4
CITY OF CHICAGO-:-WARD 30 PRECINCT 11,4
CITY OF CHICAGO-:-WARD 30 PRECINCT 12,4
CITY OF CHICAGO-:-WARD 30 PRECINCT 13,4
CITY OF CHICAGO-:-WARD 30 PRECINCT 14,4
CITY OF CHICAGO-:-WARD 30 PRECINCT 16,4
CITY OF CHICAGO-:-WARD 30 PRECINCT 17,4
CITY OF CHICAGO-:-WARD 30 PRECINCT 18,5
CITY OF CHICAGO-:-WARD 30 PRECINCT 19,4
CITY OF CHICAGO-:-WARD 30 PRECINCT 20,4
CITY OF CHICAGO-:-WARD 30 PRECINCT 21,4
CITY OF CHICAGO-:-WARD 30 PRECINCT 24,4
CITY OF CHICAGO-:-WARD 30 PRECINCT 25,4
CITY OF CHICAGO-:-WARD 30 PRECINCT 26,4
CITY OF CHICAGO-:-WARD 31 PRECINCT 01,4
CITY OF CHICAGO-:-WARD 31 PRECINCT 02,5
CITY OF CHICAGO-:-WARD 31 PRECINCT 03,4
CITY OF CHICAGO-:-WARD 31 PRECINCT 04,4
CITY OF CHICAGO-:-WARD 31 PRECINCT 05,5
CITY OF CHICAGO-:-WARD 31 PRECINCT 06,4
CITY OF CHICAGO-:-WARD 31 PRECINCT 07,4
CITY OF CHICAGO-:-WARD 31 PRECINCT 08,4
CITY OF CHICAGO-:-WARD 31 PRECINCT 09,4
CITY OF CHICAGO-:-WARD 31 PRECINCT 10,5
CITY OF CHICAGO-:-WARD 31 PRECINCT 11,4
CITY OF CHICAGO-:-WARD 31 PRECINCT 12,4
CITY OF CHICAGO-:-WARD 31 PRECINCT 13,4
CITY OF CHICAGO-:-WARD 31 PRECINCT 14,4
CITY OF CHICAGO-:-WARD 31 PRECINCT 15,4
CITY OF CHICAGO-:-WARD 31 PRECINCT 16,4
CITY OF CHICAGO-:-WARD 31 PRECINCT 17,4
CITY OF CHICAGO-:-WARD 31 PRECINCT 18,4
CITY OF CHICAGO-:-WARD 31 PRECINCT 19,4
CITY OF CHICAGO-:-WARD 31 PRECINCT 20,4
CITY OF CHICAGO-:-WARD 31 PRECINCT 21,4
CITY OF CHICAGO-:-WARD 31 PRECINCT 22,4
CITY OF CHICAGO-:-WARD 31 PRECINCT 23,4
CITY OF CHICAGO-:-WARD 32 PRECINCT 01,12
CITY OF CHICAGO-:-WARD 32 PRECINCT 02,12
CITY OF CHICAGO-:-WARD 32 PRECINCT 03,12
CITY OF CHICAGO-:-WARD 32 PRECINCT 04,14
CITY OF CHICAGO-:-WARD 32 PRECINCT 05,12
CITY OF CHICAGO-:-WARD 32 PRECINCT 06,12
CITY OF CHICAGO-:-WARD 32 PRECINCT 07,12
CITY OF CHICAGO-:-WARD 32 PRECINCT 08,12
CITY OF CHICAGO-:-WARD 32 PRECINCT 09,12
CITY OF CHICAGO-:-WARD 32 PRECINCT 10,12
CITY OF CHICAGO-:-WARD 32 PRECINCT 11,16
CITY OF CHICAGO-:-WARD 32 PRECINCT 12,12
CITY OF CHICAGO-:-WARD 32 PRECINCT 13,12
CITY OF CHICAGO-:-WARD 32 PRECINCT 14,12
CITY OF CHICAGO-:-WARD 32 PRECINCT 15,12
CITY OF CHICAGO-:-WARD 32 PRECINCT 16,12
CITY OF CHICAGO-:-WARD 32 PRECINCT 17,12
CITY OF CHICAGO-:-WARD 32 PRECINCT 18,12
CITY OF CHICAGO-:-WARD 32 PRECINCT 20,12
CITY OF CHICAGO-:-WARD 32 PRECINCT 21,12
CITY OF CHICAGO-:-WARD 32 PRECINCT 22,12
CITY OF CHICAGO-:-WARD 32 PRECINCT 23,12
CITY OF CHICAGO-:-WARD 32 PRECINCT 24,12
CITY OF CHICAGO-:-WARD 32 PRECINCT 25,12
CITY OF CHICAGO-:-WARD 32 PRECINCT 26,12
CITY OF CHICAGO-:-WARD 32 PRECINCT 27,12
CITY OF CHICAGO-:-WARD 32 PRECINCT 28,12
CITY OF CHICAGO-:-WARD 32 PRECINCT 29,6
CITY OF CHICAGO-:-WARD 32 PRECINCT 30,12
CITY OF CHICAGO-:-WARD 33 PRECINCT 01,5
CITY OF CHICAGO-:-WARD 33 PRECINCT 02,5
CITY OF CHICAGO-:-WARD 33 PRECINCT 03,14
CITY OF CHICAGO-:-WARD 33 PRECINCT 04,5
CITY OF CHICAGO-:-WARD 33 PRECINCT 05,5
CITY OF CHICAGO-:-WARD 33 PRECINCT 06,5
CITY OF CHICAGO-:-WARD 33 PRECINCT 07,5
CITY OF CHICAGO-:-WARD 33 PRECINCT 08,4
CITY OF CHICAGO-:-WARD 33 PRECINCT 09,5
CITY OF CHICAGO-:-WARD 33 PRECINCT 10,5
CITY OF CHICAGO-:-WARD 33 PRECINCT 11,5
CITY OF CHICAGO-:-WARD 33 PRECINCT 12,5
CITY OF CHICAGO-:-WARD 33 PRECINCT 13,5
CITY OF CHICAGO-:-WARD 33 PRECINCT 14,5
CITY OF CHICAGO-:-WARD 33 PRECINCT 15,5
CITY OF CHICAGO-:-WARD 33 PRECINCT 17,5
CITY OF CHICAGO-:-WARD 34 PRECINCT 01,4
CITY OF CHICAGO-:-WARD 34 PRECINCT 02,16
CITY OF CHICAGO-:-WARD 34 PRECINCT 03,5
CITY OF CHICAGO-:-WARD 34 PRECINCT 04,5
CITY OF CHICAGO-:-WARD 34 PRECINCT 05,5
CITY OF CHICAGO-:-WARD 34 PRECINCT 06,6
CITY OF CHICAGO-:-WARD 34 PRECINCT 07,5
CITY OF CHICAGO-:-WARD 34 PRECINCT 08,6
CITY OF CHICAGO-:-WARD 34 PRECINCT 09,6
CITY OF CHICAGO-:-WARD 34 PRECINCT 10,6
CITY OF CHICAGO-:-WARD 34 PRECINCT 11,5
CITY OF CHICAGO-:-WARD 34 PRECINCT 12,6
CITY OF CHICAGO-:-WARD 34 PRECINCT 13,5
CITY OF CHICAGO-:-WARD 34 PRECINCT 14,5
CITY OF CHICAGO-:-WARD 34 PRECINCT 15,5
CITY OF CHICAGO-:-WARD 34 PRECINCT 16,5
CITY OF CHICAGO-:-WARD 34 PRECINCT 17,5
CITY OF CHICAGO-:-WARD 34 PRECINCT 18,5
CITY OF CHICAGO-:-WARD 34 PRECINCT 19,5
CITY OF CHICAGO-:-WARD 34 PRECINCT 20,5
CITY OF CHICAGO-:-WARD 35 PRECINCT 01,5
CITY OF CHICAGO-:-WARD 35 PRECINCT 02,5
CITY OF CHICAGO-:-WARD 35 PRECINCT 03,4
CITY OF CHICAGO-:-WARD 35 PRECINCT 04,5
CITY OF CHICAGO-:-WARD 35 PRECINCT 05,5
CITY OF CHICAGO-:-WARD 35 PRECINCT 06,5
CITY OF CHICAGO-:-WARD 35 PRECINCT 07,5
CITY OF CHICAGO-:-WARD 35 PRECINCT 08,16
CITY OF CHICAGO-:-WARD 35 PRECINCT 09,16
CITY OF CHICAGO-:-WARD 35 PRECINCT 10,4
CITY OF CHICAGO-:-WARD 35 PRECINCT 11,5
CITY OF CHICAGO-:-WARD 35 PRECINCT 12,5
CITY OF CHICAGO-:-WARD 35 PRECINCT 13,5
CITY OF CHICAGO-:-WARD 35 PRECINCT 14,4
CITY OF CHICAGO-:-WARD 35 PRECINCT 15,5
CITY OF CHICAGO-:-WARD 35 PRECINCT 16,5
CITY OF CHICAGO-:-WARD 35 PRECINCT 17,5
CITY OF CHICAGO-:-WARD 35 PRECINCT 18,4
CITY OF CHICAGO-:-WARD 35 PRECINCT 19,14
CITY OF CHICAGO-:-WARD 35 PRECINCT 20,5
CITY OF CHICAGO-:-WARD 35 PRECINCT 21,5
CITY OF CHICAGO-:-WARD 36 PRECINCT 01,4
CITY OF CHICAGO-:-WARD 36 PRECINCT 02,4
CITY OF CHICAGO-:-WARD 36 PRECINCT 03,4
CITY OF CHICAGO-:-WARD 36 PRECINCT 04,4
CITY OF CHICAGO-:-WARD 36 PRECINCT 05,4
CITY OF CHICAGO-:-WARD 36 PRECINCT 06,4
CITY OF CHICAGO-:-WARD 36 PRECINCT 07,4
CITY OF CHICAGO-:-WARD 36 PRECINCT 08,4
CITY OF CHICAGO-:-WARD 36 PRECINCT 09,4
CITY OF CHICAGO-:-WARD 36 PRECINCT 10,4
CITY OF CHICAGO-:-WARD 36 PRECINCT 11,4
CITY OF CHICAGO-:-WARD 36 PRECINCT 12,4
CITY OF CHICAGO-:-WARD 36 PRECINCT 13,4
CITY OF CHICAGO-:-WARD 36 PRECINCT 14,5
CITY OF CHICAGO-:-WARD 36 PRECINCT 15,4
CITY OF CHICAGO-:-WARD 36 PRECINCT 16,4
CITY OF CHICAGO-:-WARD 36 PRECINCT 17,4
CITY OF CHICAGO-:-WARD 36 PRECINCT 18,4
CITY OF CHICAGO-:-WARD 36 PRECINCT 19,4
CITY OF CHICAGO-:-WARD 36 PRECINCT 20,4
CITY OF CHICAGO-:-WARD 36 PRECINCT 21,4
CITY OF CHICAGO-:-WARD 36 PRECINCT 22,4
CITY OF CHICAGO-:-WARD 36 PRECINCT 23,4
CITY OF CHICAGO-:-WARD 36 PRECINCT 24,4
CITY OF CHICAGO-:-WARD 36 PRECINCT 25,4
CITY OF CHICAGO-:-WARD 36 PRECINCT 26,4
CITY OF CHICAGO-:-WARD 36 PRECINCT 27,4
CITY OF CHICAGO-:-WARD 37 PRECINCT 01,5
CITY OF CHICAGO-:-WARD 37 PRECINCT 02,5
CITY OF CHICAGO-:-WARD 37 PRECINCT 03,5
CITY OF CHICAGO-:-WARD 37 PRECINCT 04,4
CITY OF CHICAGO-:-WARD 37 PRECINCT 05,11
CITY OF CHICAGO-:-WARD 37 PRECINCT 06,5
CITY OF CHICAGO-:-WARD 37 PRECINCT 07,5
CITY OF CHICAGO-:-WARD 37 PRECINCT 08,5
CITY OF CHICAGO-:-WARD 37 PRECINCT 09,4
CITY OF CHICAGO-:-WARD 37 PRECINCT 10,4
CITY OF CHICAGO-:-WARD 37 PRECINCT 11,5
CITY OF CHICAGO-:-WARD 37 PRECINCT 12,5
CITY OF CHICAGO-:-WARD 37 PRECINCT 13,5
CITY OF CHICAGO-:-WARD 37 PRECINCT 14,5
CITY OF CHICAGO-:-WARD 37 PRECINCT 15,5
CITY OF CHICAGO-:-WARD 37 PRECINCT 17,4
CITY OF CHICAGO-:-WARD 37 PRECINCT 18,4
CITY OF CHICAGO-:-WARD 37 PRECINCT 19,5
CITY OF CHICAGO-:-WARD 37 PRECINCT 20,5
CITY OF CHICAGO-:-WARD 37 PRECINCT 21,5
CITY OF CHICAGO-:-WARD 37 PRECINCT 22,5
CITY OF CHICAGO-:-WARD 38 PRECINCT 01,4
CITY OF CHICAGO-:-WARD 38 PRECINCT 02,4
CITY OF CHICAGO-:-WARD 38 PRECINCT 03,4
CITY OF CHICAGO-:-WARD 38 PRECINCT 04,4
CITY OF CHICAGO-:-WARD 38 PRECINCT 05,4
CITY OF CHICAGO-:-WARD 38 PRECINCT 07,4
CITY OF CHICAGO-:-WARD 38 PRECINCT 08,4
CITY OF CHICAGO-:-WARD 38 PRECINCT 09,4
CITY OF CHICAGO-:-WARD 38 PRECINCT 10,4
CITY OF CHICAGO-:-WARD 38 PRECINCT 12,4
CITY OF CHICAGO-:-WARD 38 PRECINCT 13,4
CITY OF CHICAGO-:-WARD 38 PRECINCT 14,4
CITY OF CHICAGO-:-WARD 38 PRECINCT 15,4
CITY OF CHICAGO-:-WARD 38 PRECINCT 16,4
CITY OF CHICAGO-:-WARD 38 PRECINCT 18,4
CITY OF CHICAGO-:-WARD 38 PRECINCT 19,4
CITY OF CHICAGO-:-WARD 38 PRECINCT 20,4
CITY OF CHICAGO-:-WARD 38 PRECINCT 21,4
CITY OF CHICAGO-:-WARD 38 PRECINCT 22,4
CITY OF CHICAGO-:-WARD 38 PRECINCT 23,4
CITY OF CHICAGO-:-WARD 38 PRECINCT 25,4
CITY OF CHICAGO-:-WARD 39 PRECINCT 01,4
CITY OF CHICAGO-:-WARD 39 PRECINCT 02,5
CITY OF CHICAGO-:-WARD 39 PRECINCT 03,4
CITY OF CHICAGO-:-WARD 39 PRECINCT 04,4
CITY OF CHICAGO-:-WARD 39 PRECINCT 05,4
CITY OF CHICAGO-:-WARD 39 PRECINCT 06,4
CITY OF CHICAGO-:-WARD 39 PRECINCT 07,4
CITY OF CHICAGO-:-WARD 39 PRECINCT 08,4
CITY OF CHICAGO-:-WARD 39 PRECINCT 09,4
CITY OF CHICAGO-:-WARD 39 PRECINCT 10,4
CITY OF CHICAGO-:-WARD 39 PRECINCT 11,4
CITY OF CHICAGO-:-WARD 39 PRECINCT 12,5
CITY OF CHICAGO-:-WARD 39 PRECINCT 13,4
CITY OF CHICAGO-:-WARD 39 PRECINCT 14,4
CITY OF CHICAGO-:-WARD 39 PRECINCT 15,4
CITY OF CHICAGO-:-WARD 39 PRECINCT 16,4
CITY OF CHICAGO-:-WARD 39 PRECINCT 17,4
CITY OF CHICAGO-:-WARD 39 PRECINCT 18,4
CITY OF CHICAGO-:-WARD 39 PRECINCT 19,5
CITY OF CHICAGO-:-WARD 39 PRECINCT 20,4
CITY OF CHICAGO-:-WARD 39 PRECINCT 21,5
CITY OF CHICAGO-:-WARD 39 PRECINCT 22,4
CITY OF CHICAGO-:-WARD 39 PRECINCT 23,4
CITY OF CHICAGO-:-WARD 39 PRECINCT 24,4
CITY OF CHICAGO-:-WARD 39 PRECINCT 25,5
CITY OF CHICAGO-:-WARD 39 PRECINCT 26,4
CITY OF CHICAGO-:-WARD 39 PRECINCT 27,4
CITY OF CHICAGO-:-WARD 39 PRECINCT 29,5
CITY OF CHICAGO-:-WARD 39 PRECINCT 30,5
CITY OF CHICAGO-:-WARD 39 PRECINCT 31,4
CITY OF CHICAGO-:-WARD 39 PRECINCT 32,4
CITY OF CHICAGO-:-WARD 39 PRECINCT 33,4
CITY OF CHICAGO-:-WARD 39 PRECINCT 34,4
CITY OF CHICAGO-:-WARD 39 PRECINCT 35,12
CITY OF CHICAGO-:-WARD 40 PRECINCT 01,12
CITY OF CHICAGO-:-WARD 40 PRECINCT 02,12
CITY OF CHICAGO-:-WARD 40 PRECINCT 03,12
CITY OF CHICAGO-:-WARD 40 PRECINCT 05,12
CITY OF CHICAGO-:-WARD 40 PRECINCT 06,5
CITY OF CHICAGO-:-WARD 40 PRECINCT 07,12
CITY OF CHICAGO-:-WARD 40 PRECINCT 08,12
CITY OF CHICAGO-:-WARD 40 PRECINCT 09,12
CITY OF CHICAGO-:-WARD 40 PRECINCT 10,12
CITY OF CHICAGO-:-WARD 40 PRECINCT 11,12
CITY OF CHICAGO-:-WARD 40 PRECINCT 12,12
CITY OF CHICAGO-:-WARD 40 PRECINCT 13,14
CITY OF CHICAGO-:-WARD 40 PRECINCT 14,12
CITY OF CHICAGO-:-WARD 40 PRECINCT 15,16
CITY OF CHICAGO-:-WARD 40 PRECINCT 16,16
CITY OF CHICAGO-:-WARD 40 PRECINCT 17,12
CITY OF CHICAGO-:-WARD 40 PRECINCT 18,12
CITY OF CHICAGO-:-WARD 40 PRECINCT 20,12
CITY OF CHICAGO-:-WARD 40 PRECINCT 21,16
CITY OF CHICAGO-:-WARD 40 PRECINCT 22,12
CITY OF CHICAGO-:-WARD 41 PRECINCT 01,4
CITY OF CHICAGO-:-WARD 41 PRECINCT 02,4
CITY OF CHICAGO-:-WARD 41 PRECINCT 03,4
CITY OF CHICAGO-:-WARD 41 PRECINCT 04,4
CITY OF CHICAGO-:-WARD 41 PRECINCT 05,4
CITY OF CHICAGO-:-WARD 41 PRECINCT 06,4
CITY OF CHICAGO-:-WARD 41 PRECINCT 07,4
CITY OF CHICAGO-:-WARD 41 PRECINCT 08,4
CITY OF CHICAGO-:-WARD 41 PRECINCT 09,4
CITY OF CHICAGO-:-WARD 41 PRECINCT 10,4
CITY OF CHICAGO-:-WARD 41 PRECINCT 11,4
CITY OF CHICAGO-:-WARD 41 PRECINCT 12,4
CITY OF CHICAGO-:-WARD 41 PRECINCT 13,4
CITY OF CHICAGO-:-WARD 41 PRECINCT 14,4
CITY OF CHICAGO-:-WARD 41 PRECINCT 15,4
CITY OF CHICAGO-:-WARD 41 PRECINCT 16,4
CITY OF CHICAGO-:-WARD 41 PRECINCT 17,4
CITY OF CHICAGO-:-WARD 41 PRECINCT 18,4
CITY OF CHICAGO-:-WARD 41 PRECINCT 19,4
CITY OF CHICAGO-:-WARD 41 PRECINCT 20,4
CITY OF CHICAGO-:-WARD 41 PRECINCT 21,4
CITY OF CHICAGO-:-WARD 41 PRECINCT 22,4
CITY OF CHICAGO-:-WARD 41 PRECINCT 23,4
CITY OF CHICAGO-:-WARD 41 PRECINCT 24,4
CITY OF CHICAGO-:-WARD 41 PRECINCT 25,4
CITY OF CHICAGO-:-WARD 41 PRECINCT 26,4
CITY OF CHICAGO-:-WARD 41 PRECINCT 27,4
CITY OF CHICAGO-:-WARD 41 PRECINCT 29,4
CITY OF CHICAGO-:-WARD 41 PRECINCT 30,4
CITY OF CHICAGO-:-WARD 41 PRECINCT 31,4
CITY OF CHICAGO-:-WARD 42 PRECINCT 01,11
CITY OF CHICAGO-:-WARD 42 PRECINCT 02,11
CITY OF CHICAGO-:-WARD 42 PRECINCT 03,11
CITY OF CHICAGO-:-WARD 42 PRECINCT 04,11
CITY OF CHICAGO-:-WARD 42 PRECINCT 05,11
CITY OF CHICAGO-:-WARD 42 PRECINCT 06,11
CITY OF CHICAGO-:-WARD 42 PRECINCT 07,11
CITY OF CHICAGO-:-WARD 42 PRECINCT 08,11
CITY OF CHICAGO-:-WARD 42 PRECINCT 10,5
CITY OF CHICAGO-:-WARD 42 PRECINCT 11,5
CITY OF CHICAGO-:-WARD 42 PRECINCT 12,14
CITY OF CHICAGO-:-WARD 42 PRECINCT 13,5
CITY OF CHICAGO-:-WARD 42 PRECINCT 14,5
CITY OF CHICAGO-:-WARD 42 PRECINCT 15,5
CITY OF CHICAGO-:-WARD 42 PRECINCT 16,5
CITY OF CHICAGO-:-WARD 42 PRECINCT 17,5
CITY OF CHICAGO-:-WARD 42 PRECINCT 18,5
CITY OF CHICAGO-:-WARD 42 PRECINCT 19,5
CITY OF CHICAGO-:-WARD 42 PRECINCT 20,5
CITY OF CHICAGO-:-WARD 42 PRECINCT 21,5
CITY OF CHICAGO-:-WARD 42 PRECINCT 23,14
CITY OF CHICAGO-:-WARD 42 PRECINCT 24,14
CITY OF CHICAGO-:-WARD 43 PRECINCT 01,6
CITY OF CHICAGO-:-WARD 43 PRECINCT 02,6
CITY OF CHICAGO-:-WARD 43 PRECINCT 03,12
CITY OF CHICAGO-:-WARD 43 PRECINCT 04,12
CITY OF CHICAGO-:-WARD 43 PRECINCT 05,12
CITY OF CHICAGO-:-WARD 43 PRECINCT 06,12
CITY OF CHICAGO-:-WARD 43 PRECINCT 07,12
CITY OF CHICAGO-:-WARD 43 PRECINCT 08,12
CITY OF CHICAGO-:-WARD 43 PRECINCT 09,12
CITY OF CHICAGO-:-WARD 43 PRECINCT 10,12
CITY OF CHICAGO-:-WARD 43 PRECINCT 11,12
CITY OF CHICAGO-:-WARD 43 PRECINCT 12,12
CITY OF CHICAGO-:-WARD 43 PRECINCT 13,12
CITY OF CHICAGO-:-WARD 43 PRECINCT 14,12
CITY OF CHICAGO-:-WARD 43 PRECINCT 16,12
CITY OF CHICAGO-:-WARD 43 PRECINCT 17,12
CITY OF CHICAGO-:-WARD 43 PRECINCT 18,12
CITY OF CHICAGO-:-WARD 43 PRECINCT 19,12
CITY OF CHICAGO-:-WARD 43 PRECINCT 20,12
CITY OF CHICAGO-:-WARD 43 PRECINCT 21,12
CITY OF CHICAGO-:-WARD 43 PRECINCT 22,12
CITY OF CHICAGO-:-WARD 43 PRECINCT 23,12
CITY OF CHICAGO-:-WARD 44 PRECINCT 01,12
CITY OF CHICAGO-:-WARD 44 PRECINCT 02,12
CITY OF CHICAGO-:-WARD 44 PRECINCT 03,12
CITY OF CHICAGO-:-WARD 44 PRECINCT 04,12
CITY OF CHICAGO-:-WARD 44 PRECINCT 05,12
CITY OF CHICAGO-:-WARD 44 PRECINCT 06,12
CITY OF CHICAGO-:-WARD 44 PRECINCT 07,12
CITY OF CHICAGO-:-WARD 44 PRECINCT 08,12
CITY OF CHICAGO-:-WARD 44 PRECINCT 09,12
CITY OF CHICAGO-:-WARD 44 PRECINCT 10,12
CITY OF CHICAGO-:-WARD 44 PRECINCT 11,12
CITY OF CHICAGO-:-WARD 44 PRECINCT 12,12
CITY OF CHICAGO-:-WARD 44 PRECINCT 13,12
CITY OF CHICAGO-:-WARD 44 PRECINCT 14,12
CITY OF CHICAGO-:-WARD 44 PRECINCT 15,12
CITY OF CHICAGO-:-WARD 44 PRECINCT 16,12
CITY OF CHICAGO-:-WARD 44 PRECINCT 17,12
CITY OF CHICAGO-:-WARD 44 PRECINCT 18,12
CITY OF CHICAGO-:-WARD 44 PRECINCT 19,12
CITY OF CHICAGO-:-WARD 44 PRECINCT 20,16
CITY OF CHICAGO-:-WARD 44 PRECINCT 21,12
CITY OF CHICAGO-:-WARD 45 PRECINCT 01,4
CITY OF CHICAGO-:-WARD 45 PRECINCT 02,4
CITY OF CHICAGO-:-WARD 45 PRECINCT 03,4
CITY OF CHICAGO-:-WARD 45 PRECINCT 04,4
CITY OF CHICAGO-:-WARD 45 PRECINCT 05,4
CITY OF CHICAGO-:-WARD 45 PRECINCT 06,4
CITY OF CHICAGO-:-WARD 45 PRECINCT 07,4
CITY OF CHICAGO-:-WARD 45 PRECINCT 08,4
CITY OF CHICAGO-:-WARD 45 PRECINCT 09,4
CITY OF CHICAGO-:-WARD 45 PRECINCT 10,4
CITY OF CHICAGO-:-WARD 45 PRECINCT 11,4
CITY OF CHICAGO-:-WARD 45 PRECINCT 12,4
CITY OF CHICAGO-:-WARD 45 PRECINCT 13,4
CITY OF CHICAGO-:-WARD 45 PRECINCT 14,4
CITY OF CHICAGO-:-WARD 45 PRECINCT 15,4
CITY OF CHICAGO-:-WARD 45 PRECINCT 16,4
CITY OF CHICAGO-:-WARD 45 PRECINCT 17,4
CITY OF CHICAGO-:-WARD 45 PRECINCT 18,4
CITY OF CHICAGO-:-WARD 45 PRECINCT 19,4
CITY OF CHICAGO-:-WARD 45 PRECINCT 20,4
CITY OF CHICAGO-:-WARD 45 PRECINCT 21,4
CITY OF CHICAGO-:-WARD 45 PRECINCT 22,4
CITY OF CHICAGO-:-WARD 45 PRECINCT 23,4
CITY OF CHICAGO-:-WARD 45 PRECINCT 25,4
CITY OF CHICAGO-:-WARD 45 PRECINCT 26,4
CITY OF CHICAGO-:-WARD 45 PRECINCT 28,4
CITY OF CHICAGO-:-WARD 46 PRECINCT 01,12
CITY OF CHICAGO-:-WARD 46 PRECINCT 02,12
CITY OF CHICAGO-:-WARD 46 PRECINCT 03,12
CITY OF CHICAGO-:-WARD 46 PRECINCT 04,12
CITY OF CHICAGO-:-WARD 46 PRECINCT 05,12
CITY OF CHICAGO-:-WARD 46 PRECINCT 06,12
CITY OF CHICAGO-:-WARD 46 PRECINCT 09,12
CITY OF CHICAGO-:-WARD 46 PRECINCT 11,12
CITY OF CHICAGO-:-WARD 46 PRECINCT 12,12
CITY OF CHICAGO-:-WARD 46 PRECINCT 13,12
CITY OF CHICAGO-:-WARD 46 PRECINCT 14,12
CITY OF CHICAGO-:-WARD 46 PRECINCT 15,12
CITY OF CHICAGO-:-WARD 46 PRECINCT 16,12
CITY OF CHICAGO-:-WARD 46 PRECINCT 17,12
CITY OF CHICAGO-:-WARD 46 PRECINCT 18,12
CITY OF CHICAGO-:-WARD 46 PRECINCT 19,12
CITY OF CHICAGO-:-WARD 46 PRECINCT 20,12
CITY OF CHICAGO-:-WARD 46 PRECINCT 21,16
CITY OF CHICAGO-:-WARD 46 PRECINCT 22,12
CITY OF CHICAGO-:-WARD 46 PRECINCT 23,12
CITY OF CHICAGO-:-WARD 47 PRECINCT 01,14
CITY OF CHICAGO-:-WARD 47 PRECINCT 04,12
CITY OF CHICAGO-:-WARD 47 PRECINCT 05,12
CITY OF CHICAGO-:-WARD 47 PRECINCT 06,12
CITY OF CHICAGO-:-WARD 47 PRECINCT 07,12
CITY OF CHICAGO-:-WARD 47 PRECINCT 08,12
CITY OF CHICAGO-:-WARD 47 PRECINCT 09,12
CITY OF CHICAGO-:-WARD 47 PRECINCT 10,12
CITY OF CHICAGO-:-WARD 47 PRECINCT 11,12
CITY OF CHICAGO-:-WARD 47 PRECINCT 12,12
CITY OF CHICAGO-:-WARD 47 PRECINCT 13,6
CITY OF CHICAGO-:-WARD 47 PRECINCT 14,12
CITY OF CHICAGO-:-WARD 47 PRECINCT 15,12
CITY OF CHICAGO-:-WARD 47 PRECINCT 16,12
CITY OF CHICAGO-:-WARD 47 PRECINCT 17,16
CITY OF CHICAGO-:-WARD 47 PRECINCT 18,12
CITY OF CHICAGO-:-WARD 47 PRECINCT 19,12
CITY OF CHICAGO-:-WARD 47 PRECINCT 20,12
CITY OF CHICAGO-:-WARD 47 PRECINCT 21,12
CITY OF CHICAGO-:-WARD 47 PRECINCT 22,12
CITY OF CHICAGO-:-WARD 47 PRECINCT 23,12
CITY OF CHICAGO-:-WARD 47 PRECINCT 24,12
CITY OF CHICAGO-:-WARD 47 PRECINCT 25,14
CITY OF CHICAGO-:-WARD 47 PRECINCT 26,12
CITY OF CHICAGO-:-WARD 47 PRECINCT 27,12
CITY OF CHICAGO-:-WARD 48 PRECINCT 01,12
CITY OF CHICAGO-:-WARD 48 PRECINCT 02,12
CITY OF CHICAGO-:-WARD 48 PRECINCT 03,12
CITY OF CHICAGO-:-WARD 48 PRECINCT 04,12
CITY OF CHICAGO-:-WARD 48 PRECINCT 05,12
CITY OF CHICAGO-:-WARD 48 PRECINCT 06,12
CITY OF CHICAGO-:-WARD 48 PRECINCT 07,12
CITY OF CHICAGO-:-WARD 48 PRECINCT 08,12
CITY OF CHICAGO-:-WARD 48 PRECINCT 09,12
CITY OF CHICAGO-:-WARD 48 PRECINCT 10,16
CITY OF CHICAGO-:-WARD 48 PRECINCT 11,12
CITY OF CHICAGO-:-WARD 48 PRECINCT 12,12
CITY OF CHICAGO-:-WARD 48 PRECINCT 13,12
CITY OF CHICAGO-:-WARD 48 PRECINCT 14,12
CITY OF CHICAGO-:-WARD 48 PRECINCT 15,12
CITY OF CHICAGO-:-WARD 48 PRECINCT 16,14
CITY OF CHICAGO-:-WARD 48 PRECINCT 17,12
CITY OF CHICAGO-:-WARD 48 PRECINCT 18,12
CITY OF CHICAGO-:-WARD 48 PRECINCT 19,12
CITY OF CHICAGO-:-WARD 48 PRECINCT 20,12
CITY OF CHICAGO-:-WARD 48 PRECINCT 21,12
CITY OF CHICAGO-:-WARD 48 PRECINCT 22,12
CITY OF CHICAGO-:-WARD 48 PRECINCT 23,12
CITY OF CHICAGO-:-WARD 48 PRECINCT 24,12
CITY OF CHICAGO-:-WARD 48 PRECINCT 25,12
CITY OF CHICAGO-:-WARD 48 PRECINCT 26,12
CITY OF CHICAGO-:-WARD 48 PRECINCT 27,12
CITY OF CHICAGO-:-WARD 48 PRECINCT 28,6
CITY OF CHICAGO-:-WARD 48 PRECINCT 29,12
CITY OF CHICAGO-:-WARD 48 PRECINCT 30,12
CITY OF CHICAGO-:-WARD 48 PRECINCT 31,6
CITY OF CHICAGO-:-WARD 48 PRECINCT 32,12
CITY OF CHICAGO-:-WARD 48 PRECINCT 33,12
CITY OF CHICAGO-:-WARD 48 PRECINCT 34,12
CITY OF CHICAGO-:-WARD 48 PRECINCT 35,6
CITY OF CHICAGO-:-WARD 49 PRECINCT 01,12
CITY OF CHICAGO-:-WARD 49 PRECINCT 02,12
CITY OF CHICAGO-:-WARD 49 PRECINCT 03,12
CITY OF CHICAGO-:-WARD 49 PRECINCT 04,12
CITY OF CHICAGO-:-WARD 49 PRECINCT 05,12
CITY OF CHICAGO-:-WARD 49 PRECINCT 06,12
CITY OF CHICAGO-:-WARD 49 PRECINCT 07,12
CITY OF CHICAGO-:-WARD 49 PRECINCT 08,12
CITY OF CHICAGO-:-WARD 49 PRECINCT 09,12
CITY OF CHICAGO-:-WARD 49 PRECINCT 10,12
CITY OF CHICAGO-:-WARD 49 PRECINCT 11,12
CITY OF CHICAGO-:-WARD 49 PRECINCT 12,12
CITY OF CHICAGO-:-WARD 49 PRECINCT 13,12
CITY OF CHICAGO-:-WARD 49 PRECINCT 14,12
CITY OF CHICAGO-:-WARD 49 PRECINCT 15,12
CITY OF CHICAGO-:-WARD 49 PRECINCT 16,12
CITY OF CHICAGO-:-WARD 49 PRECINCT 17,12
CITY OF CHICAGO-:-WARD 50 PRECINCT 01,12
CITY OF CHICAGO-:-WARD 50 PRECINCT 02,16
CITY OF CHICAGO-:-WARD 50 PRECINCT 03,12
CITY OF CHICAGO-:-WARD 50 PRECINCT 04,12
CITY OF CHICAGO-:-WARD 50 PRECINCT 05,12
CITY OF CHICAGO-:-WARD 50 PRECINCT 06,12
CITY OF CHICAGO-:-WARD 50 PRECINCT 07,12
CITY OF CHICAGO-:-WARD 50 PRECINCT 08,5
CITY OF CHICAGO-:-WARD 50 PRECINCT 09,5
CITY OF CHICAGO-:-WARD 50 PRECINCT 10,12
CITY OF CHICAGO-:-WARD 50 PRECINCT 11,12
CITY OF CHICAGO-:-WARD 50 PRECINCT 12,5
CITY OF CHICAGO-:-WARD 50 PRECINCT 13,5
CITY OF CHICAGO-:-WARD 50 PRECINCT 14,5
CITY OF CHICAGO-:-WARD 50 PRECINCT 15,5
CITY OF CHICAGO-:-WARD 50 PRECINCT 16,5
CITY OF CHICAGO-:-WARD 50 PRECINCT 17,5
CITY OF CHICAGO-:-WARD 50 PRECINCT 18,5
CITY OF CHICAGO-:-WARD 50 PRECINCT 19,12
CITY OF CHICAGO-:-WARD 50 PRECINCT 20,14
CITY OF CHICAGO-:-WARD 50 PRECINCT 21,5
CITY OF CHICAGO-:-WARD 50 PRECINCT 22,5
CITY OF CHICAGO-:-WARD 50 PRECINCT 23,5
CITY OF CHICAGO-:-WARD 50 PRECINCT 25,5
CITY OF CHICAGO-:-WARD 50 PRECINCT 26,14
CITY OF CHICAGO-:-WARD 50 PRECINCT 27,5
CITY OF CHICAGO-:-WARD 50 PRECINCT 28,16
CITY OF DANVILLE-:-PRECINCT 1,14
CITY OF DANVILLE-:-PRECINCT 10,14
CITY OF DANVILLE-:-PRECINCT 11,14
CITY OF DANVILLE-:-PRECINCT 12,14
CITY OF DANVILLE-:-PRECINCT 13,14
CITY OF DANVILLE-:-PRECINCT 14,14
CITY OF DANVILLE-:-PRECINCT 15,14
CITY OF DANVILLE-:-PRECINCT 16,14
CITY OF DANVILLE-:-PRECINCT 17,14
CITY OF DANVILLE-:-PRECINCT 18,14
CITY OF DANVILLE-:-PRECINCT 19,14
CITY OF DANVILLE-:-PRECINCT 2,14
CITY OF DANVILLE-:-PRECINCT 20,14
CITY OF DANVILLE-:-PRECINCT 21,14
CITY OF DANVILLE-:-PRECINCT 22,14
CITY OF DANVILLE-:-PRECINCT 3,14
CITY OF DANVILLE-:-PRECINCT 4,14
CITY OF DANVILLE-:-PRECINCT 5,14
CITY OF DANVILLE-:-PRECINCT 6,14
CITY OF DANVILLE-:-PRECINCT 7,16
CITY OF DANVILLE-:-PRECINCT 8,14
CITY OF DANVILLE-:-PRECINCT 9,14
CITY OF EAST ST. LOUIS-:-PRECINCT 1,14
CITY OF EAST ST. LOUIS-:-PRECINCT 10,14
CITY OF EAST ST. LOUIS-:-PRECINCT 11,14
CITY OF EAST ST. LOUIS-:-PRECINCT 12,14
CITY OF EAST ST. LOUIS-:-PRECINCT 13,14
CITY OF EAST ST. LOUIS-:-PRECINCT 2,14
CITY OF EAST ST. LOUIS-:-PRECINCT 3,14
CITY OF EAST ST. LOUIS-:-PRECINCT 4,14
CITY OF EAST ST. LOUIS-:-PRECINCT 5,14
CITY OF EAST ST. LOUIS-:-PRECINCT 6,14
CITY OF EAST ST. LOUIS-:-PRECINCT 7,14
CITY OF EAST ST. LOUIS-:-PRECINCT 8,14
CITY OF EAST ST. LOUIS-:-PRECINCT 9,14
CITY OF GALESBURG-:-PRECINCT 1,6
CITY OF GALESBURG-:-PRECINCT 10,6
CITY OF GALESBURG-:-PRECINCT 11,6
CITY OF GALESBURG-:-PRECINCT 12,6
CITY OF GALESBURG-:-PRECINCT 13,6
CITY OF GALESBURG-:-PRECINCT 14,6
CITY OF GALESBURG-:-PRECINCT 15,6
CITY OF GALESBURG-:-PRECINCT 16,6
CITY OF GALESBURG-:-PRECINCT 17,6
CITY OF GALESBURG-:-PRECINCT 18,6
CITY OF GALESBURG-:-PRECINCT 19,6
CITY OF GALESBURG-:-PRECINCT 2,6
CITY OF GALESBURG-:-PRECINCT 20,6
CITY OF GALESBURG-:-PRECINCT 3,6
CITY OF GALESBURG-:-PRECINCT 4,6
CITY OF GALESBURG-:-PRECINCT 5,6
CITY OF GALESBURG-:-PRECINCT 6,6
CITY OF GALESBURG-:-PRECINCT 7,6
CITY OF GALESBURG-:-PRECINCT 8,6
CITY OF GALESBURG-:-PRECINCT 9,6
CITY OF ROCKFORD-:-WARD 1 PRECINCT 1,9
CITY OF ROCKFORD-:-WARD 1 PRECINCT 3,9
CITY OF ROCKFORD-:-WARD 1 PRECINCT 4,9
CITY OF ROCKFORD-:-WARD 1 PRECINCT 6,9
CITY OF ROCKFORD-:-WARD 1 PRECINCT 7,9
CITY OF ROCKFORD-:-WARD 1 PRECINCT 8,9
CITY OF ROCKFORD-:-WARD 10 PRECINCT 1,3
CITY OF ROCKFORD-:-WARD 10 PRECINCT 2,3
CITY OF ROCKFORD-:-WARD 10 PRECINCT 3,3
CITY OF ROCKFORD-:-WARD 10 PRECINCT 4,3
CITY OF ROCKFORD-:-WARD 10 PRECINCT 5,3
CITY OF ROCKFORD-:-WARD 10 PRECINCT 6,3
CITY OF ROCKFORD-:-WARD 10 PRECINCT 7,3
CITY OF ROCKFORD-:-WARD 11 PRECINCT 1,3
CITY OF ROCKFORD-:-WARD 11 PRECINCT 2,3
CITY OF ROCKFORD-:-WARD 11 PRECINCT 3,3
CITY OF ROCKFORD-:-WARD 11 PRECINCT 4,3
CITY OF ROCKFORD-:-WARD 12 PRECINCT 1,3
CITY OF ROCKFORD-:-WARD 12 PRECINCT 3,3
CITY OF ROCKFORD-:-WARD 12 PRECINCT 4,3
CITY OF ROCKFORD-:-WARD 12 PRECINCT 6,9
CITY OF ROCKFORD-:-WARD 12 PRECINCT 7,9
CITY OF ROCKFORD-:-WARD 13 PRECINCT 1,3
CITY OF ROCKFORD-:-WARD 13 PRECINCT 2,3
CITY OF ROCKFORD-:-WARD 13 PRECINCT 3,3
CITY OF ROCKFORD-:-WARD 13 PRECINCT 4,3
CITY OF ROCKFORD-:-WARD 13 PRECINCT 5,3
CITY OF ROCKFORD-:-WARD 14 PRECINCT 1,3
CITY OF ROCKFORD-:-WARD 14 PRECINCT 2,9
CITY OF ROCKFORD-:-WARD 14 PRECINCT 3,3
CITY OF ROCKFORD-:-WARD 14 PRECINCT 4,3
CITY OF ROCKFORD-:-WARD 14 PRECINCT 5,3
CITY OF ROCKFORD-:-WARD 14 PRECINCT 6,3
CITY OF ROCKFORD-:-WARD 2 PRECINCT 1,3
CITY OF ROCKFORD-:-WARD 2 PRECINCT 2,3
CITY OF ROCKFORD-:-WARD 2 PRECINCT 3,9
CITY OF ROCKFORD-:-WARD 2 PRECINCT 4,3
CITY OF ROCKFORD-:-WARD 2 PRECINCT 5,3
CITY OF ROCKFORD-:-WARD 2 PRECINCT 6,3
CITY OF ROCKFORD-:-WARD 3 PRECINCT 1,3
CITY OF ROCKFORD-:-WARD 3 PRECINCT 2,9
CITY OF ROCKFORD-:-WARD 3 PRECINCT 3,3
CITY OF ROCKFORD-:-WARD 3 PRECINCT 4,9
CITY OF ROCKFORD-:-WARD 3 PRECINCT 5,3
CITY OF ROCKFORD-:-WARD 3 PRECINCT 6,3
CITY OF ROCKFORD-:-WARD 3 PRECINCT 7,3
CITY OF ROCKFORD-:-WARD 4 PRECINCT 2,9
CITY OF ROCKFORD-:-WARD 4 PRECINCT 3,9
CITY OF ROCKFORD-:-WARD 4 PRECINCT 5,9
CITY OF ROCKFORD-:-WARD 4 PRECINCT 6,9
CITY OF ROCKFORD-:-WARD 4 PRECINCT 7,9
CITY OF ROCKFORD-:-WARD 5 PRECINCT 1,3
CITY OF ROCKFORD-:-WARD 5 PRECINCT 2,3
CITY OF ROCKFORD-:-WARD 5 PRECINCT 4,3
CITY OF ROCKFORD-:-WARD 5 PRECINCT 5,3
CITY OF ROCKFORD-:-WARD 6 PRECINCT 2,3
CITY OF ROCKFORD-:-WARD 6 PRECINCT 4,3
CITY OF ROCKFORD-:-WARD 6 PRECINCT 5,3
CITY OF ROCKFORD-:-WARD 7 PRECINCT 1,3
CITY OF ROCKFORD-:-WARD 7 PRECINCT 2,3
CITY OF ROCKFORD-:-WARD 7 PRECINCT 3,3
CITY OF ROCKFORD-:-WARD 7 PRECINCT 5,3
CITY OF ROCKFORD-:-WARD 7 PRECINCT 6,3
CITY OF ROCKFORD-:-WARD 8 PRECINCT 1,3
CITY OF ROCKFORD-:-WARD 8 PRECINCT 2,3
CITY OF ROCKFORD-:-WARD 8 PRECINCT 3,3
CITY OF ROCKFORD-:-WARD 8 PRECINCT 4,3
CITY OF ROCKFORD-:-WARD 8 PRECINCT 5,3
CITY OF ROCKFORD-:-WARD 8 PRECINCT 6,3
CITY OF ROCKFORD-:-WARD 9 PRECINCT 1,3
CITY OF ROCKFORD-:-WARD 9 PRECINCT 2,3
CITY OF ROCKFORD-:-WARD 9 PRECINCT 4,3
CITY OF ROCKFORD-:-WARD 9 PRECINCT 5,3
CITY OF ROCKFORD-:-WARD 9 PRECINCT 6,3
CLARK-:-ANDERSON,14
CLARK-:-AUBURN,14
CLARK-:-CASEY 1,16
CLARK-:-CASEY 2,16
CLARK-:-CASEY 3,14
CLARK-:-CASEY 4,14
CLARK-:-DARWIN,14
CLARK-:-DOLSON,16
CLARK-:-DOUGLAS,14
CLARK-:-JOHNSON,14
CLARK-:-MARSHALL 1,14
CLARK-:-MARSHALL 2,14
CLARK-:-MARSHALL 3,14
CLARK-:-MARSHALL 4,14
CLARK-:-MARTINSVILLE 1,16
CLARK-:-MARTINSVILLE 2,14
CLARK-:-MELROSE,14
CLARK-:-ORANGE,14
CLARK-:-PARKER,16
CLARK-:-WABASH 1,14
CLARK-:-WABASH 2,14
CLARK-:-WESTFIELD,16
CLARK-:-YORK,14
CLAY-:-BIBLE GROVE,16
CLAY-:-BLAIR,16
CLAY-:-CLAY CITY,14
CLAY-:-HARTER 1,14
CLAY-:-HARTER 3,14
CLAY-:-HARTER 4,14
CLAY-:-HARTER 5,14
CLAY-:-HARTER 6,14
CLAY-:-HARTER 7,14
CLAY-:-HOOSIER,16
CLAY-:-LARKINSBURG,16
CLAY-:-LOUISVILLE 1,14
CLAY-:-LOUISVILLE 2,14
CLAY-:-OSKALOOSA,16
CLAY-:-PIXLEY,14
CLAY-:-SONGER,16
CLAY-:-STANFORD,14
CLAY-:-XENIA,14
CLINTON-:-BREESE 1,16
CLINTON-:-BREESE 2,16
CLINTON-:-BREESE 3,16
CLINTON-:-BREESE 4,16
CLINTON-:-BROOKSIDE 1,16
CLINTON-:-BROOKSIDE 2,16
CLINTON-:-BROOKSIDE 3,16
CLINTON-:-CARLYLE 1,16
CLINTON-:-CARLYLE 2,16
CLINTON-:-CARLYLE 3,16
CLINTON-:-CARLYLE 4,16
CLINTON-:-CLEMENT,11
CLINTON-:-EAST FORK,11
CLINTON-:-GERMANTOWN 1,16
CLINTON-:-GERMANTOWN 2,16
CLINTON-:-IRISHTOWN,16
CLINTON-:-LAKE,16
CLINTON-:-LOOKINGGLASS 1,16
CLINTON-:-LOOKINGGLASS 2,16
CLINTON-:-LOOKINGGLASS 3,16
CLINTON-:-LOOKINGGLASS 4,16
CLINTON-:-LOOKINGGLASS 5,16
CLINTON-:-LOOKINGGLASS 6,16
CLINTON-:-MERIDIAN,11
CLINTON-:-SANTA FE,16
CLINTON-:-ST ROSE,16
CLINTON-:-SUGAR CREEK 1,16
CLINTON-:-SUGAR CREEK 2,16
CLINTON-:-SUGAR CREEK 3,16
CLINTON-:-SUGAR CREEK 4,16
CLINTON-:-SUGAR CREEK 5,16
CLINTON-:-WADE 1,16
CLINTON-:-WADE 2,16
CLINTON-:-WHEATFIELD,11
COLES-:-ASHMORE 1,16
COLES-:-CHARLESTON 1,16
COLES-:-CHARLESTON 10,16
COLES-:-CHARLESTON 11,16
COLES-:-CHARLESTON 12,16
COLES-:-CHARLESTON 13,6
COLES-:-CHARLESTON 14,16
COLES-:-CHARLESTON 15,16
COLES-:-CHARLESTON 16,16
COLES-:-CHARLESTON 17,16
COLES-:-CHARLESTON 18,16
COLES-:-CHARLESTON 19,16
COLES-:-CHARLESTON 2,16
COLES-:-CHARLESTON 3,16
COLES-:-CHARLESTON 4,16
COLES-:-CHARLESTON 5,6
COLES-:-CHARLESTON 6,16
COLES-:-CHARLESTON 8,16
COLES-:-EAST OAKLAND 1,16
COLES-:-HUMBOLDT 1,16
COLES-:-HUTTON 1,16
COLES-:-LAFAYETTE 1,16
COLES-:-LAFAYETTE 2,16
COLES-:-LAFAYETTE 3,16
COLES-:-LAFAYETTE 4,16
COLES-:-MATTOON 10,16
COLES-:-MATTOON 12,16
COLES-:-MATTOON 13,16
COLES-:-MATTOON 16,16
COLES-:-MATTOON 17,16
COLES-:-MATTOON 18,16
COLES-:-MATTOON 19,16
COLES-:-MATTOON 21,16
COLES-:-MATTOON 22,16
COLES-:-MATTOON 3,16
COLES-:-MATTOON 4,11
COLES-:-MATTOON 5,16
COLES-:-MATTOON 6,16
COLES-:-MATTOON 8,16
COLES-:-MORGAN 1,16
COLES-:-NORTH OKAW 1,16
COLES-:-PARADISE 1,16
COLES-:-PLEASANT GROVE 1,16
COLES-:-SEVEN HICKORY 1,16
COOK-:-7000001,6
COOK-:-7000002,6
COOK-:-7000003,15
COOK-:-7000005,6
COOK-:-7000006,6
COOK-:-7000007,15
COOK-:-7000009,15
COOK-:-7000010,11
COOK-:-7000011,11
COOK-:-7100001,1
COOK-:-7100002,1
COOK-:-7100003,1
COOK-:-7100004,1
COOK-:-7100005,1
COOK-:-7100006,1
COOK-:-7100007,1
COOK-:-7100008,1
COOK-:-7100009,1
COOK-:-7100010,1
COOK-:-7100011,1
COOK-:-7100012,1
COOK-:-7100013,1
COOK-:-7100014,1
COOK-:-7100015,1
COOK-:-7100016,1
COOK-:-7100017,1
COOK-:-7100018,1
COOK-:-7100019,1
COOK-:-7100020,1
COOK-:-7100021,1
COOK-:-7100022,1
COOK-:-7100023,1
COOK-:-7100024,1
COOK-:-7100025,1
COOK-:-7100026,1
COOK-:-7100027,1
COOK-:-7100028,1
COOK-:-7100029,1
COOK-:-7100030,1
COOK-:-7100031,1
COOK-:-7100032,1
COOK-:-7100033,1
COOK-:-7100034,1
COOK-:-7100035,1
COOK-:-7100036,1
COOK-:-7100037,1
COOK-:-7100038,1
COOK-:-7100039,1
COOK-:-7100040,1
COOK-:-7100041,1
COOK-:-7100042,1
COOK-:-7100043,1
COOK-:-7100044,1
COOK-:-7100045,1
COOK-:-7100046,1
COOK-:-7100047,1
COOK-:-7100048,1
COOK-:-7100049,1
COOK-:-7100050,1
COOK-:-7100051,1
COOK-:-7100052,1
COOK-:-7100053,1
COOK-:-7100054,1
COOK-:-7200001,1
COOK-:-7200002,1
COOK-:-7200004,1
COOK-:-7200005,1
COOK-:-7200006,1
COOK-:-7200008,1
COOK-:-7200009,1
COOK-:-7200010,7
COOK-:-7200011,1
COOK-:-7200013,1
COOK-:-7200014,1
COOK-:-7200015,11
COOK-:-7200016,1
COOK-:-7200017,1
COOK-:-7200018,7
COOK-:-7200019,1
COOK-:-7200020,7
COOK-:-7200022,1
COOK-:-7200023,1
COOK-:-7200024,1
COOK-:-7200025,1
COOK-:-7200026,1
COOK-:-7200027,1
COOK-:-7200028,1
COOK-:-7200029,1
COOK-:-7200031,1
COOK-:-7200032,1
COOK-:-7200033,7
COOK-:-7200034,7
COOK-:-7200035,1
COOK-:-7200036,1
COOK-:-7200037,1
COOK-:-7200038,1
COOK-:-7200039,1
COOK-:-7200040,1
COOK-:-7200041,1
COOK-:-7200042,7
COOK-:-7200043,1
COOK-:-7200044,1
COOK-:-7200046,1
COOK-:-7200047,1
COOK-:-7200048,1
COOK-:-7200049,1
COOK-:-7200050,7
COOK-:-7200051,1
COOK-:-7200052,1
COOK-:-7200053,2
COOK-:-7200054,1
COOK-:-7200055,1
COOK-:-7200056,1
COOK-:-7200057,7
COOK-:-7200058,1
COOK-:-7200059,1
COOK-:-7200060,1
COOK-:-7200061,1
COOK-:-7200062,1
COOK-:-7200063,1
COOK-:-7200064,1
COOK-:-7200065,7
COOK-:-7200066,1
COOK-:-7300003,1
COOK-:-7300004,1
COOK-:-7300005,1
COOK-:-7300006,1
COOK-:-7300007,1
COOK-:-7300008,1
COOK-:-7300009,1
COOK-:-7300010,1
COOK-:-7300011,1
COOK-:-7400001,7
COOK-:-7400002,15
COOK-:-7400003,15
COOK-:-7400004,15
COOK-:-7400005,15
COOK-:-7400006,15
COOK-:-7400007,7
COOK-:-7400008,11
COOK-:-7400009,11
COOK-:-7400010,15
COOK-:-7400011,7
COOK-:-7400012,15
COOK-:-7400013,15
COOK-:-7400015,15
COOK-:-7400018,15
COOK-:-7400019,7
COOK-:-7400020,15
COOK-:-7400021,15
COOK-:-7400022,15
COOK-:-7400024,15
COOK-:-7400025,7
COOK-:-7400026,7
COOK-:-7400028,15
COOK-:-7400029,15
COOK-:-7400030,7
COOK-:-7400031,15
COOK-:-7400032,15
COOK-:-7400033,7
COOK-:-7400034,15
COOK-:-7400035,15
COOK-:-7400036,15
COOK-:-7400037,15
COOK-:-7400038,15
COOK-:-7400039,15
COOK-:-7400040,15
COOK-:-7400041,15
COOK-:-7400042,15
COOK-:-7400043,11
COOK-:-7400045,11
COOK-:-7501001,4
COOK-:-7501002,4
COOK-:-7501003,15
COOK-:-7501004,4
COOK-:-7502001,15
COOK-:-7502002,11
COOK-:-7502003,15
COOK-:-7502004,15
COOK-:-7502005,15
COOK-:-7503001,4
COOK-:-7503002,4
COOK-:-7503003,4
COOK-:-7503004,4
COOK-:-7503005,4
COOK-:-7504001,15
COOK-:-7504002,4
COOK-:-7504003,4
COOK-:-7504004,15
COOK-:-7504005,15
COOK-:-7504006,15
COOK-:-7504007,4
COOK-:-7505001,15
COOK-:-7505002,15
COOK-:-7505003,15
COOK-:-7506001,3
COOK-:-7506002,3
COOK-:-7506003,3
COOK-:-7506004,3
COOK-:-7506005,3
COOK-:-7506006,3
COOK-:-7507001,15
COOK-:-7507002,15
COOK-:-7507003,15
COOK-:-7507004,6
COOK-:-7507005,15
COOK-:-7508001,15
COOK-:-7508002,15
COOK-:-7508003,15
COOK-:-7508004,4
COOK-:-7508005,15
COOK-:-7509001,4
COOK-:-7509002,15
COOK-:-7509003,15
COOK-:-7509004,15
COOK-:-7509005,4
COOK-:-7600001,15
COOK-:-7600002,15
COOK-:-7600003,11
COOK-:-7600005,15
COOK-:-7600006,15
COOK-:-7600007,15
COOK-:-7600008,6
COOK-:-7600009,11
COOK-:-7600010,15
COOK-:-7600011,15
COOK-:-7600012,15
COOK-:-7600013,6
COOK-:-7600014,15
COOK-:-7600016,15
COOK-:-7600017,13
COOK-:-7600018,15
COOK-:-7600019,6
COOK-:-7600020,15
COOK-:-7600021,15
COOK-:-7600022,15
COOK-:-7600023,15
COOK-:-7600024,15
COOK-:-7600025,15
COOK-:-7600026,15
COOK-:-7600027,15
COOK-:-7600028,15
COOK-:-7600029,15
COOK-:-7600030,15
COOK-:-7600031,11
COOK-:-7600032,15
COOK-:-7600033,15
COOK-:-7600034,15
COOK-:-7600035,15
COOK-:-7600036,13
COOK-:-7600037,15
COOK-:-7600038,15
COOK-:-7600039,15
COOK-:-7600040,15
COOK-:-7600041,15
COOK-:-7600042,15
COOK-:-7600043,15
COOK-:-7700001,2
COOK-:-7700002,2
COOK-:-7700003,2
COOK-:-7700004,2
COOK-:-7700005,2
COOK-:-7700006,2
COOK-:-7700007,2
COOK-:-7700008,2
COOK-:-7700009,2
COOK-:-7700010,2
COOK-:-7700011,2
COOK-:-7700012,2
COOK-:-7700014,2
COOK-:-7800001,2
COOK-:-7800002,2
COOK-:-7800003,2
COOK-:-7800004,2
COOK-:-7800005,2
COOK-:-7800006,2
COOK-:-7800007,2
COOK-:-7800008,2
COOK-:-7800009,2
COOK-:-7800010,2
COOK-:-7800011,2
COOK-:-7800012,14
COOK-:-7800013,2
COOK-:-7800014,2
COOK-:-7800015,2
COOK-:-7800016,2
COOK-:-7800017,2
COOK-:-7800018,2
COOK-:-7800019,2
COOK-:-7800020,2
COOK-:-7800021,2
COOK-:-7800022,2
COOK-:-7800023,14
COOK-:-7800024,2
COOK-:-7800025,2
COOK-:-7800027,2
COOK-:-7800028,2
COOK-:-7800029,2
COOK-:-7800030,2
COOK-:-7800031,2
COOK-:-7800032,2
COOK-:-7800033,2
COOK-:-7800034,2
COOK-:-7800035,2
COOK-:-7800036,2
COOK-:-7800037,2
COOK-:-7800038,14
COOK-:-7800039,2
COOK-:-7800040,2
COOK-:-7800041,2
COOK-:-7800043,2
COOK-:-7800044,2
COOK-:-7800045,2
COOK-:-7800046,2
COOK-:-7800047,2
COOK-:-7800048,2
COOK-:-7800049,2
COOK-:-7800050,2
COOK-:-7900001,2
COOK-:-7900002,2
COOK-:-7900003,2
COOK-:-7900004,2
COOK-:-7900005,2
COOK-:-7900006,2
COOK-:-7900007,2
COOK-:-7900008,2
COOK-:-7900009,2
COOK-:-7900011,2
COOK-:-7900013,2
COOK-:-7900014,2
COOK-:-7900015,2
COOK-:-7900016,2
COOK-:-7900017,2
COOK-:-7900018,2
COOK-:-7900019,2
COOK-:-7900020,2
COOK-:-7900021,2
COOK-:-7900022,2
COOK-:-7900023,2
COOK-:-7900024,2
COOK-:-7900025,2
COOK-:-7900027,2
COOK-:-7900028,2
COOK-:-7900029,2
COOK-:-7900030,2
COOK-:-7900031,2
COOK-:-7900032,1
COOK-:-7900033,2
COOK-:-7900034,2
COOK-:-7900035,2
COOK-:-7900036,2
COOK-:-7900037,2
COOK-:-7900038,2
COOK-:-7900039,2
COOK-:-7900041,2
COOK-:-7900042,2
COOK-:-7900044,2
COOK-:-7900045,2
COOK-:-7900046,2
COOK-:-7900048,2
COOK-:-7900049,2
COOK-:-7900051,2
COOK-:-7900052,2
COOK-:-7900053,2
COOK-:-7900054,2
COOK-:-7900055,2
COOK-:-7900056,1
COOK-:-7900057,1
COOK-:-7900058,2
COOK-:-7900059,2
COOK-:-7900060,1
COOK-:-7900061,2
COOK-:-7900062,2
COOK-:-7900063,2
COOK-:-7900064,1
COOK-:-7900065,2
COOK-:-7900066,2
COOK-:-7900067,2
COOK-:-7900068,2
COOK-:-7900069,2
COOK-:-8000001,15
COOK-:-8000002,15
COOK-:-8000003,15
COOK-:-8000005,15
COOK-:-8000006,15
COOK-:-8000007,7
COOK-:-8000008,15
COOK-:-8000009,15
COOK-:-8000010,15
COOK-:-8000011,11
COOK-:-8000013,15
COOK-:-8000014,7
COOK-:-8000015,15
COOK-:-8000019,11
COOK-:-8000021,14
COOK-:-8000022,14
COOK-:-8000023,15
COOK-:-8000024,15
COOK-:-8000025,15
COOK-:-8000026,7
COOK-:-8000027,15
COOK-:-8000028,15
COOK-:-8000029,15
COOK-:-8000030,15
COOK-:-8000031,7
COOK-:-8000032,15
COOK-:-8000033,15
COOK-:-8000034,15
COOK-:-8000036,14
COOK-:-8000037,14
COOK-:-8000038,7
COOK-:-8000039,15
COOK-:-8000040,15
COOK-:-8000041,14
COOK-:-8000042,14
COOK-:-8000043,15
COOK-:-8000044,15
COOK-:-8000045,15
COOK-:-8000046,15
COOK-:-8000047,15
COOK-:-8000048,7
COOK-:-8000049,14
COOK-:-8000050,14
COOK-:-8000051,15
COOK-:-8000052,13
COOK-:-8000053,15
COOK-:-8000054,14
COOK-:-8000055,6
COOK-:-8000056,15
COOK-:-8000057,15
COOK-:-8000058,15
COOK-:-8000059,6
COOK-:-8000060,15
COOK-:-8000061,15
COOK-:-8000062,15
COOK-:-8000063,13
COOK-:-8000064,7
COOK-:-8000065,14
COOK-:-8000066,14
COOK-:-8000067,15
COOK-:-8000068,15
COOK-:-8000070,15
COOK-:-8000071,15
COOK-:-8000072,15
COOK-:-8000073,15
COOK-:-8000074,7
COOK-:-8000075,6
COOK-:-8000076,15
COOK-:-8000077,15
COOK-:-8000078,15
COOK-:-8000079,15
COOK-:-8000080,14
COOK-:-8000081,11
COOK-:-8000082,14
COOK-:-8000083,13
COOK-:-8100001,15
COOK-:-8100002,15
COOK-:-8100003,3
COOK-:-8100004,3
COOK-:-8100005,3
COOK-:-8100006,15
COOK-:-8100007,3
COOK-:-8100008,3
COOK-:-8100009,3
COOK-:-8100010,3
COOK-:-8100011,15
COOK-:-8100012,15
COOK-:-8100013,15
COOK-:-8100014,3
COOK-:-8100015,15
COOK-:-8100016,15
COOK-:-8100017,3
COOK-:-8100019,15
COOK-:-8100020,15
COOK-:-8100021,3
COOK-:-8100022,3
COOK-:-8100023,3
COOK-:-8100024,15
COOK-:-8100025,3
COOK-:-8100026,15
COOK-:-8100028,15
COOK-:-8100029,3
COOK-:-8100030,3
COOK-:-8100033,3
COOK-:-8100034,3
COOK-:-8100035,3
COOK-:-8100036,3
COOK-:-8100037,3
COOK-:-8100038,3
COOK-:-8100039,15
COOK-:-8200002,15
COOK-:-8200003,15
COOK-:-8200004,11
COOK-:-8200005,11
COOK-:-8200006,15
COOK-:-8200007,15
COOK-:-8200008,15
COOK-:-8200009,13
COOK-:-8200010,15
COOK-:-8200011,15
COOK-:-8200012,13
COOK-:-8200013,15
COOK-:-8200014,15
COOK-:-8200015,15
COOK-:-8200016,15
COOK-:-8200017,15
COOK-:-8200018,15
COOK-:-8200019,3
COOK-:-8200020,6
COOK-:-8200021,15
COOK-:-8200022,15
COOK-:-8200023,15
COOK-:-8200024,15
COOK-:-8200025,15
COOK-:-8200027,15
COOK-:-8200028,3
COOK-:-8200029,11
COOK-:-8200030,11
COOK-:-8200031,15
COOK-:-8200032,15
COOK-:-8200033,15
COOK-:-8200034,15
COOK-:-8200035,15
COOK-:-8200036,13
COOK-:-8200037,15
COOK-:-8200038,15
COOK-:-8200039,15
COOK-:-8200040,15
COOK-:-8200041,15
COOK-:-8200042,15
COOK-:-8200043,15
COOK-:-8200044,15
COOK-:-8200045,3
COOK-:-8200046,15
COOK-:-8200047,15
COOK-:-8200048,15
COOK-:-8200049,3
COOK-:-8200050,15
COOK-:-8200051,11
COOK-:-8200052,11
COOK-:-8200053,15
COOK-:-8200054,6
COOK-:-8200055,13
COOK-:-8200056,15
COOK-:-8200057,15
COOK-:-8200058,15
COOK-:-8200059,15
COOK-:-8200060,15
COOK-:-8200061,15
COOK-:-8200062,6
COOK-:-8300001,15
COOK-:-8300002,13
COOK-:-8300003,15
COOK-:-8300004,7
COOK-:-8300005,7
COOK-:-8300006,7
COOK-:-8300007,7
COOK-:-8300009,7
COOK-:-8300010,7
COOK-:-8300011,15
COOK-:-8300012,7
COOK-:-8300013,7
COOK-:-8300014,7
COOK-:-8300015,15
COOK-:-8300016,6
COOK-:-8300017,15
COOK-:-8300018,15
COOK-:-8300019,7
COOK-:-8300020,7
COOK-:-8300021,7
COOK-:-8300022,6
COOK-:-8300023,7
COOK-:-8300024,7
COOK-:-8300025,7
COOK-:-8300026,13
COOK-:-8300027,15
COOK-:-8300028,15
COOK-:-8300029,13
COOK-:-8300030,7
COOK-:-8300031,7
COOK-:-8300032,15
COOK-:-8300034,15
COOK-:-8300035,7
COOK-:-8300036,13
COOK-:-8300037,7
COOK-:-8300038,7
COOK-:-8300039,11
COOK-:-8300040,13
COOK-:-8300041,7
COOK-:-8300042,7
COOK-:-8300044,7
COOK-:-8300045,7
COOK-:-8300046,15
COOK-:-8300047,6
COOK-:-8300048,7
COOK-:-8300049,7
COOK-:-8300050,15
COOK-:-8300051,7
COOK-:-8300052,7
COOK-:-8300053,7
COOK-:-8300054,15
COOK-:-8300055,13
COOK-:-8300056,7
COOK-:-8300057,7
COOK-:-8300058,15
COOK-:-8400001,7
COOK-:-8400002,7
COOK-:-8400003,14
COOK-:-8400004,7
COOK-:-8400005,7
COOK-:-8400006,7
COOK-:-8400007,7
COOK-:-8400008,7
COOK-:-8400009,7
COOK-:-8400010,4
COOK-:-8400011,14
COOK-:-8400012,7
COOK-:-8400013,7
COOK-:-8400014,14
COOK-:-8500001,2
COOK-:-8500002,2
COOK-:-8500003,2
COOK-:-8500004,2
COOK-:-8500005,2
COOK-:-8500006,2
COOK-:-8500007,2
COOK-:-8500008,2
COOK-:-8500009,2
COOK-:-8500010,2
COOK-:-8500011,2
COOK-:-8500012,2
COOK-:-8500013,2
COOK-:-8500014,2
COOK-:-8500015,2
COOK-:-8500016,2
COOK-:-8500017,2
COOK-:-8500018,2
COOK-:-8500019,2
COOK-:-8500020,2
COOK-:-8500021,2
COOK-:-8500022,2
COOK-:-8500023,2
COOK-:-8500024,2
COOK-:-8500025,2
COOK-:-8500026,2
COOK-:-8500027,2
COOK-:-8500028,2
COOK-:-8500029,2
COOK-:-8500031,2
COOK-:-8500032,2
COOK-:-8600001,1
COOK-:-8600002,2
COOK-:-8600003,1
COOK-:-8600004,2
COOK-:-8600005,7
COOK-:-8600006,1
COOK-:-8600007,2
COOK-:-8600008,6
COOK-:-8600009,1
COOK-:-8600010,1
COOK-:-8600011,2
COOK-:-8600012,1
COOK-:-8600013,1
COOK-:-8600014,1
COOK-:-8600016,2
COOK-:-8600017,1
COOK-:-8600018,2
COOK-:-8600019,2
COOK-:-8600020,1
COOK-:-8600021,2
COOK-:-8600022,1
COOK-:-8600023,7
COOK-:-8600024,2
COOK-:-8600025,2
COOK-:-8600026,1
COOK-:-8600027,1
COOK-:-8600028,2
COOK-:-8600029,2
COOK-:-8600030,1
COOK-:-8600031,1
COOK-:-8600032,2
COOK-:-8600033,2
COOK-:-8600034,7
COOK-:-8600035,2
COOK-:-8600036,2
COOK-:-8600037,1
COOK-:-8600038,1
COOK-:-8600039,2
COOK-:-8600040,2
COOK-:-8600041,7
COOK-:-8600042,1
COOK-:-8600043,1
COOK-:-8600044,1
COOK-:-8600045,7
COOK-:-8600046,1
COOK-:-8600047,2
COOK-:-8600048,1
COOK-:-8600049,7
COOK-:-8600050,1
COOK-:-8600051,7
COOK-:-8600052,2
COOK-:-8600053,2
COOK-:-8600054,7
COOK-:-8600055,1
COOK-:-8600056,2
COOK-:-8600057,2
COOK-:-8600058,1
COOK-:-8600059,2
COOK-:-8600060,2
COOK-:-8600061,7
COOK-:-8600062,2
COOK-:-8700001,13
COOK-:-8700003,6
COOK-:-8700004,15
COOK-:-8700005,15
COOK-:-8700006,15
COOK-:-8700007,6
COOK-:-8700008,13
COOK-:-8700009,13
COOK-:-8700010,6
COOK-:-8700011,15
COOK-:-8700012,13
COOK-:-8700013,13
COOK-:-8700014,13
COOK-:-8700015,15
COOK-:-8700016,15
COOK-:-8700017,13
COOK-:-8700019,13
COOK-:-8700020,15
COOK-:-8700021,15
COOK-:-8700022,13
COOK-:-8700023,15
COOK-:-8700024,13
COOK-:-8700025,13
COOK-:-8700026,13
COOK-:-8700028,13
COOK-:-8700029,15
COOK-:-8700030,13
COOK-:-8700031,15
COOK-:-8700032,13
COOK-:-8700033,15
COOK-:-8700034,13
COOK-:-8700036,13
COOK-:-8700037,15
COOK-:-8700039,15
COOK-:-8700040,15
COOK-:-8700041,15
COOK-:-8700042,15
COOK-:-8700043,13
COOK-:-8700044,15
COOK-:-8700045,13
COOK-:-8700046,13
COOK-:-8700048,13
COOK-:-8700049,6
COOK-:-8700050,15
COOK-:-8700051,13
COOK-:-8700052,13
COOK-:-8700053,13
COOK-:-8700054,13
COOK-:-8700055,15
COOK-:-8700056,15
COOK-:-8700057,15
COOK-:-8700058,4
COOK-:-8700060,15
COOK-:-8700061,6
COOK-:-8700062,15
COOK-:-8700063,13
COOK-:-8700064,15
COOK-:-8700065,15
COOK-:-8800001,2
COOK-:-8800002,2
COOK-:-8800003,2
COOK-:-8800004,2
COOK-:-8800005,2
COOK-:-8800006,1
COOK-:-8800007,2
COOK-:-8800008,2
COOK-:-8800009,2
COOK-:-8800010,2
COOK-:-8800011,2
COOK-:-8800012,2
COOK-:-8800013,2
COOK-:-8800014,1
COOK-:-8800015,2
COOK-:-8800016,2
COOK-:-8800017,2
COOK-:-8800018,2
COOK-:-8800019,2
COOK-:-8800020,2
COOK-:-8800021,1
COOK-:-8800022,2
COOK-:-8800023,1
COOK-:-8800024,2
COOK-:-8800025,2
COOK-:-8800026,1
COOK-:-8800027,2
COOK-:-8800028,2
COOK-:-8800029,2
COOK-:-8800030,2
COOK-:-8800031,2
COOK-:-8800032,1
COOK-:-8800033,2
COOK-:-8800034,2
COOK-:-8800035,2
COOK-:-8900001,2
COOK-:-8900002,2
COOK-:-8900003,2
COOK-:-8900004,2
COOK-:-8900005,2
COOK-:-8900006,2
COOK-:-8900007,2
COOK-:-8900008,1
COOK-:-8900009,2
COOK-:-8900010,2
COOK-:-8900011,2
COOK-:-8900012,2
COOK-:-8900013,2
COOK-:-8900014,2
COOK-:-8900015,2
COOK-:-8900016,2
COOK-:-8900017,2
COOK-:-8900018,2
COOK-:-8900019,2
COOK-:-8900020,2
COOK-:-8900021,2
COOK-:-8900022,2
COOK-:-8900024,2
COOK-:-8900026,2
COOK-:-8900027,2
COOK-:-8900028,2
COOK-:-8900029,2
COOK-:-8900031,2
COOK-:-8900032,2
COOK-:-8900033,2
COOK-:-8900034,1
COOK-:-8900035,2
COOK-:-8900036,2
COOK-:-8900037,2
COOK-:-8900038,2
COOK-:-8900039,2
COOK-:-8900040,1
COOK-:-8900041,2
COOK-:-8900042,2
COOK-:-8900043,2
COOK-:-8900044,2
COOK-:-8900045,2
COOK-:-8900046,2
COOK-:-8900047,2
COOK-:-8900048,2
COOK-:-8900049,2
COOK-:-8900050,2
COOK-:-8900051,2
COOK-:-8900052,2
COOK-:-8900053,2
COOK-:-8900054,2
COOK-:-8900055,2
COOK-:-8900056,2
COOK-:-8900057,2
COOK-:-8900058,2
COOK-:-8900059,2
COOK-:-8900060,2
COOK-:-8900061,2
COOK-:-8900062,2
COOK-:-8900063,2
COOK-:-8900064,2
COOK-:-8900065,2
COOK-:-8900066,2
COOK-:-8900067,2
COOK-:-8900068,2
COOK-:-8900069,2
COOK-:-8900070,2
COOK-:-8900072,2
COOK-:-8900073,2
COOK-:-8900074,2
COOK-:-8900075,2
COOK-:-8900076,2
COOK-:-8900077,2
COOK-:-8900078,2
COOK-:-8900079,2
COOK-:-8900080,2
COOK-:-8900081,2
COOK-:-8900082,2
COOK-:-8900083,2
COOK-:-8900084,2
COOK-:-8900085,2
COOK-:-8900086,1
COOK-:-8900087,2
COOK-:-8900088,2
COOK-:-8900089,2
COOK-:-9000001,1
COOK-:-9000002,1
COOK-:-9000003,1
COOK-:-9000004,1
COOK-:-9000005,1
COOK-:-9000006,1
COOK-:-9000007,1
COOK-:-9000008,1
COOK-:-9000009,1
COOK-:-9000010,1
COOK-:-9000011,1
COOK-:-9000012,1
COOK-:-9000013,1
COOK-:-9000014,1
COOK-:-9000015,1
COOK-:-9000016,1
COOK-:-9000017,1
COOK-:-9000018,1
COOK-:-9000019,1
COOK-:-9000020,1
COOK-:-9000021,1
COOK-:-9000022,1
COOK-:-9000023,1
COOK-:-9000024,1
COOK-:-9000025,1
COOK-:-9000026,1
COOK-:-9000027,1
COOK-:-9000028,1
COOK-:-9000029,1
COOK-:-9000030,1
COOK-:-9000031,1
COOK-:-9000032,1
COOK-:-9000033,1
COOK-:-9000034,1
COOK-:-9000035,1
COOK-:-9000036,1
COOK-:-9000037,1
COOK-:-9000038,1
COOK-:-9000039,1
COOK-:-9000040,1
COOK-:-9000041,1
COOK-:-9000042,1
COOK-:-9000043,1
COOK-:-9000044,1
COOK-:-9000045,1
COOK-:-9000046,1
COOK-:-9000047,1
COOK-:-9100001,2
COOK-:-9100002,2
COOK-:-9100003,2
COOK-:-9100004,2
COOK-:-9100005,2
COOK-:-9100006,2
COOK-:-9100007,2
COOK-:-9200001,2
COOK-:-9200002,2
COOK-:-9200003,2
COOK-:-9200004,2
COOK-:-9200005,2
COOK-:-9200006,2
COOK-:-9200007,2
COOK-:-9200008,1
COOK-:-9200009,2
COOK-:-9200010,2
COOK-:-9200011,2
COOK-:-9200012,2
COOK-:-9300001,15
COOK-:-9300002,15
COOK-:-9300003,15
COOK-:-9300004,6
COOK-:-9300005,15
COOK-:-9300006,15
COOK-:-9300007,15
COOK-:-9300008,4
COOK-:-9300009,15
COOK-:-9300010,13
COOK-:-9300011,6
COOK-:-9300012,15
COOK-:-9300013,4
COOK-:-9300014,15
COOK-:-9300015,13
COOK-:-9300016,15
COOK-:-9300017,15
COOK-:-9300018,15
COOK-:-9300019,13
COOK-:-9300020,15
COOK-:-9300021,15
COOK-:-9300022,15
COOK-:-9300023,15
COOK-:-9300024,4
COOK-:-9300025,15
COOK-:-9300026,15
COOK-:-9300027,15
COOK-:-9300028,13
COOK-:-9300029,6
COOK-:-9300030,4
COOK-:-9300031,15
COOK-:-9300032,15
COOK-:-9300033,15
COOK-:-9300034,15
COOK-:-9300035,6
COOK-:-9300036,15
COOK-:-9300037,15
COOK-:-9300038,15
COOK-:-9300039,15
COOK-:-9300040,11
COOK-:-9300041,15
COOK-:-9300042,15
COOK-:-9300043,15
COOK-:-9300044,15
COOK-:-9300045,11
COOK-:-9300046,4
COOK-:-9300047,11
COOK-:-9300048,13
COOK-:-9300049,4
COOK-:-9300050,13
COOK-:-9300051,15
COOK-:-9300052,15
COOK-:-9300053,6
COOK-:-9300054,15
COOK-:-9300055,15
COOK-:-9300056,11
COOK-:-9300057,15
COOK-:-9300058,13
COOK-:-9300059,15
COOK-:-9300060,6
COOK-:-9300061,15
COOK-:-9300062,15
COOK-:-9300063,15
COOK-:-9300064,11
COOK-:-9300065,6
COOK-:-9300066,15
COOK-:-9300067,15
COOK-:-9300068,15
COOK-:-9300069,13
COOK-:-9400001,2
COOK-:-9400002,2
COOK-:-9400003,1
COOK-:-9400004,1
COOK-:-9400005,1
COOK-:-9400006,1
COOK-:-9400007,1
COOK-:-9400008,1
COOK-:-9400009,1
COOK-:-9400010,2
COOK-:-9400011,1
COOK-:-9400013,1
COOK-:-9400014,1
COOK-:-9400015,1
COOK-:-9400016,1
COOK-:-9400017,2
COOK-:-9400018,1
COOK-:-9400019,1
COOK-:-9400020,1
COOK-:-9500001,1
COOK-:-9500002,1
COOK-:-9500003,1
COOK-:-9500004,1
COOK-:-9500005,1
COOK-:-9500006,1
COOK-:-9500007,1
COOK-:-9500008,1
COOK-:-9500009,1
COOK-:-9500010,1
COOK-:-9500011,1
COOK-:-9500012,1
COOK-:-9500013,1
COOK-:-9500014,1
COOK-:-9500015,1
COOK-:-9500016,1
COOK-:-9500017,1
COOK-:-9500018,1
COOK-:-9500019,1
COOK-:-9500020,1
COOK-:-9500021,1
COOK-:-9500022,1
COOK-:-9500023,1
COOK-:-9500024,1
COOK-:-9500025,1
COOK-:-9500026,1
COOK-:-9500027,1
COOK-:-9500028,1
COOK-:-9500029,1
COOK-:-9500030,1
COOK-:-9500031,1
COOK-:-9500032,1
COOK-:-9500033,1
COOK-:-9500034,1
COOK-:-9500035,1
COOK-:-9500036,1
COOK-:-9500037,1
COOK-:-9500038,1
COOK-:-9500039,1
COOK-:-9500040,1
COOK-:-9500041,1
COOK-:-9500042,1
COOK-:-9500043,1
COOK-:-9500044,1
COOK-:-9500045,1
COOK-:-9500046,1
COOK-:-9500047,1
COOK-:-9500048,1
COOK-:-9500050,1
COOK-:-9500051,1
COOK-:-9500052,1
COOK-:-9500053,1
COOK-:-9500054,1
COOK-:-9500055,1
COOK-:-9500056,1
COOK-:-9500057,1
COOK-:-9500058,1
COOK-:-9500059,1
COOK-:-9500060,1
COOK-:-9500061,1
COOK-:-9500062,1
COOK-:-9500063,1
COOK-:-9500064,1
COOK-:-9500065,1
COOK-:-9500066,1
COOK-:-9500067,1
COOK-:-9500068,1
COOK-:-9500069,1
COOK-:-9500070,1
COOK-:-9500071,1
COOK-:-9500072,1
COOK-:-9500073,1
COOK-:-9500074,1
COOK-:-9500075,1
COOK-:-9500076,1
COOK-:-9500077,1
COOK-:-9500078,1
COOK-:-9500079,1
COOK-:-9500080,1
COOK-:-9500081,1
COOK-:-9500082,1
COOK-:-9500083,1
COOK-:-9500084,1
COOK-:-9500085,1
COOK-:-9500086,1
COOK-:-9500087,1
COOK-:-9500088,1
COOK-:-9500089,1
COOK-:-9500090,1
COOK-:-9500091,1
COOK-:-9500092,1
COOK-:-9500093,1
COOK-:-9500094,1
COOK-:-9500095,1
COOK-:-9500096,1
COOK-:-9500097,1
COOK-:-9500098,1
COOK-:-9500099,1
COOK-:-9500100,1
COOK-:-9500101,1
COOK-:-9500102,1
COOK-:-9500103,1
COOK-:-9500104,1
COOK-:-9600001,15
COOK-:-9600002,15
COOK-:-9600003,7
COOK-:-9600004,15
COOK-:-9600005,7
COOK-:-9600006,6
COOK-:-9600007,7
COOK-:-9600008,15
COOK-:-9600009,15
COOK-:-9600010,15
COOK-:-9600012,15
COOK-:-9600013,6
COOK-:-9600014,7
COOK-:-9600015,7
COOK-:-9600016,15
COOK-:-9600017,15
COOK-:-9600018,7
COOK-:-9600019,7
COOK-:-9600020,6
COOK-:-9600022,7
COOK-:-9600023,7
COOK-:-9600024,15
COOK-:-9600025,15
COOK-:-9600026,15
COOK-:-9600027,15
COOK-:-9600028,15
COOK-:-9600029,15
COOK-:-9600030,15
COOK-:-9600031,15
COOK-:-9600032,15
COOK-:-9600033,15
COOK-:-9600034,15
COOK-:-9600035,7
COOK-:-9600036,15
COOK-:-9600037,15
COOK-:-9600038,15
COOK-:-9600039,7
COOK-:-9600041,15
COOK-:-9600042,15
COOK-:-9600043,15
COOK-:-9600044,15
COOK-:-9600045,7
COOK-:-9600049,15
COOK-:-9600050,13
COOK-:-9600051,15
COOK-:-9600052,15
COOK-:-9600053,4
COOK-:-9600055,6
COOK-:-9600056,11
COOK-:-9600057,15
COOK-:-9600058,4
COOK-:-9600059,15
COOK-:-9600061,15
COOK-:-9600062,15
COOK-:-9600064,15
COOK-:-9600065,15
COOK-:-9600066,15
COOK-:-9600067,11
COOK-:-9600069,11
COOK-:-9600070,15
COOK-:-9600071,15
COOK-:-9600072,6
COOK-:-9600073,13
COOK-:-9600074,15
COOK-:-9600075,11
COOK-:-9600076,15
COOK-:-9600077,15
COOK-:-9600078,15
COOK-:-9600079,15
COOK-:-9600080,15
COOK-:-9600081,6
COOK-:-9700002,1
COOK-:-9700003,1
COOK-:-9700004,1
COOK-:-9700005,16
COOK-:-9700006,2
COOK-:-9700007,2
COOK-:-9700008,1
COOK-:-9700009,1
COOK-:-9700010,1
COOK-:-9700011,1
COOK-:-9700012,1
COOK-:-9700013,1
COOK-:-9700014,1
COOK-:-9700015,1
COOK-:-9700016,2
COOK-:-9700017,1
COOK-:-9700018,1
COOK-:-9700019,1
COOK-:-9700020,1
COOK-:-9700021,1
COOK-:-9700022,1
COOK-:-9700023,2
COOK-:-9700025,1
COOK-:-9700026,1
COOK-:-9700027,1
COOK-:-9700028,1
COOK-:-9700029,1
COOK-:-9700030,2
COOK-:-9700031,1
COOK-:-9700032,1
COOK-:-9700033,1
COOK-:-9700034,1
COOK-:-9700035,1
COOK-:-9700036,1
COOK-:-9700037,1
COOK-:-9700038,1
COOK-:-9700039,1
COOK-:-9700040,1
COOK-:-9700041,1
COOK-:-9700042,1
COOK-:-9700044,1
COOK-:-9700045,1
COOK-:-9700046,1
COOK-:-9700047,1
COOK-:-9700048,1
COOK-:-9700049,2
COOK-:-9700050,1
COOK-:-9700051,1
COOK-:-9700052,1
COOK-:-9700053,1
COOK-:-9700054,1
COOK-:-9700055,1
COOK-:-9700056,1
COOK-:-9700057,1
COOK-:-9700059,1
COOK-:-9700060,1
COOK-:-9700061,1
COOK-:-9700062,1
COOK-:-9700063,1
COOK-:-9700064,2
COOK-:-9700065,2
COOK-:-9700066,2
COOK-:-9700067,2
COOK-:-9700068,1
COOK-:-9700069,1
COOK-:-9700070,1
COOK-:-9700071,2
COOK-:-9700072,1
COOK-:-9700074,1
COOK-:-9700075,1
COOK-:-9700076,2
COOK-:-9700077,1
COOK-:-9700078,1
COOK-:-9700079,1
COOK-:-9700080,1
COOK-:-9700081,1
COOK-:-9700082,1
COOK-:-9800001,1
COOK-:-9800002,2
COOK-:-9800003,2
COOK-:-9800004,2
COOK-:-9800005,2
COOK-:-9800006,2
COOK-:-9800007,2
COOK-:-9800008,2
COOK-:-9800009,1
COOK-:-9800010,1
COOK-:-9800011,2
COOK-:-9800012,2
COOK-:-9800013,2
COOK-:-9800014,2
COOK-:-9800015,2
COOK-:-9800016,2
COOK-:-9800017,1
COOK-:-9800018,2
COOK-:-9800019,1
COOK-:-9800020,2
COOK-:-9800021,2
COOK-:-9800022,2
COOK-:-9800023,1
COOK-:-9800024,1
COOK-:-9800025,2
COOK-:-9800026,2
COOK-:-9800027,1
COOK-:-9800028,2
COOK-:-9800029,1
COOK-:-9800030,1
COOK-:-9800031,2
COOK-:-9901001,2
COOK-:-9901002,1
COOK-:-9901003,1
COOK-:-9901004,1
COOK-:-9902001,2
COOK-:-9902002,2
COOK-:-9902003,2
COOK-:-9902004,2
COOK-:-9903001,1
COOK-:-9903002,2
COOK-:-9903003,1
COOK-:-9903004,1
COOK-:-9904001,2
COOK-:-9904002,1
COOK-:-9904003,1
COOK-:-9904004,2
COOK-:-9905001,1
COOK-:-9905002,2
COOK-:-9905003,2
COOK-:-9906001,2
COOK-:-9906002,2
COOK-:-9906003,2
COOK-:-9906004,1
COOK-:-9907001,1
COOK-:-9907002,2
COOK-:-9907003,1
COOK-:-9907004,1
COOK-:-9908001,2
COOK-:-9908002,2
COOK-:-9908003,2
CRAWFORD-:-HONEY CREEK 1,14
CRAWFORD-:-HONEY CREEK 2,14
CRAWFORD-:-HUTSONVILLE 1,14
CRAWFORD-:-HUTSONVILLE 2,14
CRAWFORD-:-LAMOTTE 1,14
CRAWFORD-:-LAMOTTE 2,14
CRAWFORD-:-LICKING,14
CRAWFORD-:-MARTIN,14
CRAWFORD-:-MONTGOMERY,14
CRAWFORD-:-OBLONG 1,14
CRAWFORD-:-OBLONG 2,14
CRAWFORD-:-OBLONG 3,14
CRAWFORD-:-PRAIRIE 1,14
CRAWFORD-:-PRAIRIE 2,14
CRAWFORD-:-ROBINSON 1,14
CRAWFORD-:-ROBINSON 2,14
CRAWFORD-:-ROBINSON 3,14
CRAWFORD-:-ROBINSON 4,14
CRAWFORD-:-ROBINSON 5,14
CRAWFORD-:-ROBINSON 6,14
CRAWFORD-:-ROBINSON 7,14
CRAWFORD-:-ROBINSON 8,14
CRAWFORD-:-ROBINSON 9,14
CRAWFORD-:-SOUTHWEST,14
CUMBERLAND-:-COTTONWOOD-2,16
CUMBERLAND-:-CROOKED CREEK-1,16
CUMBERLAND-:-GREENUP 1-1,14
CUMBERLAND-:-GREENUP 2-1,14
CUMBERLAND-:-GREENUP 3-1,14
CUMBERLAND-:-NEOGA 1-2,16
CUMBERLAND-:-NEOGA 1-3,16
CUMBERLAND-:-NEOGA 2-2,16
CUMBERLAND-:-NEOGA 2-3,16
CUMBERLAND-:-SPRING POINT-3,16
CUMBERLAND-:-SPRING POINT-4,16
CUMBERLAND-:-SUMPTER 1-2,16
CUMBERLAND-:-SUMPTER 2-2,16
CUMBERLAND-:-UNION-1,16
CUMBERLAND-:-WOODBURY-2,14
DEKALB-:-AFTON 1,6
DEKALB-:-CLINTON 1,6
DEKALB-:-CORTLAND 1,6
DEKALB-:-CORTLAND 2,6
DEKALB-:-CORTLAND 3,6
DEKALB-:-CORTLAND 4,6
DEKALB-:-CORTLAND 5,6
DEKALB-:-CORTLAND 6,14
DEKALB-:-CORTLAND 7,6
DEKALB-:-CORTLAND 8,13
DEKALB-:-CORTLAND 9,14
DEKALB-:-DEKALB 1,6
DEKALB-:-DEKALB 10,6
DEKALB-:-DEKALB 11,6
DEKALB-:-DEKALB 12,6
DEKALB-:-DEKALB 13,6
DEKALB-:-DEKALB 14,6
DEKALB-:-DEKALB 15,6
DEKALB-:-DEKALB 16,6
DEKALB-:-DEKALB 17,6
DEKALB-:-DEKALB 18,6
DEKALB-:-DEKALB 19,6
DEKALB-:-DEKALB 2,6
DEKALB-:-DEKALB 20,6
DEKALB-:-DEKALB 21,6
DEKALB-:-DEKALB 22,6
DEKALB-:-DEKALB 23,6
DEKALB-:-DEKALB 24,6
DEKALB-:-DEKALB 3,6
DEKALB-:-DEKALB 4,6
DEKALB-:-DEKALB 5,6
DEKALB-:-DEKALB 6,6
DEKALB-:-DEKALB 7,6
DEKALB-:-DEKALB 8,6
DEKALB-:-DEKALB 9,11
DEKALB-:-FRANKLIN 1,6
DEKALB-:-FRANKLIN 2,6
DEKALB-:-GENOA 1,13
DEKALB-:-GENOA 2,4
DEKALB-:-GENOA 3,16
DEKALB-:-KINGSTON 1,6
DEKALB-:-KINGSTON 2,6
DEKALB-:-MALTA 1,6
DEKALB-:-MILAN 1,6
DEKALB-:-PAW PAW 1,6
DEKALB-:-PIERCE 1,6
DEKALB-:-SANDWICH 1,6
DEKALB-:-SANDWICH 2,6
DEKALB-:-SANDWICH 3,6
DEKALB-:-SANDWICH 4,6
DEKALB-:-SANDWICH 5,6
DEKALB-:-SHABBONA 1,6
DEKALB-:-SOMONAUK 1,6
DEKALB-:-SOUTH GROVE 1,6
DEKALB-:-SQUAW GROVE 1,6
DEKALB-:-SQUAW GROVE 2,6
DEKALB-:-SYCAMORE 1,6
DEKALB-:-SYCAMORE 10,6
DEKALB-:-SYCAMORE 11,6
DEKALB-:-SYCAMORE 2,11
DEKALB-:-SYCAMORE 3,6
DEKALB-:-SYCAMORE 4,6
DEKALB-:-SYCAMORE 5,6
DEKALB-:-SYCAMORE 6,6
DEKALB-:-SYCAMORE 8,6
DEKALB-:-VICTOR 1,6
DEWITT-:-BARNETT,12
DEWITT-:-CLINTONIA 1,12
DEWITT-:-CLINTONIA 2,12
DEWITT-:-CLINTONIA 3,12
DEWITT-:-CLINTONIA 4,12
DEWITT-:-CLINTONIA 5,12
DEWITT-:-CLINTONIA 6,12
DEWITT-:-CLINTONIA 7,12
DEWITT-:-CLINTONIA 8,12
DEWITT-:-CLINTONIA 9,12
DEWITT-:-CREEK,12
DEWITT-:-DEWITT,12
DEWITT-:-HARP,12
DEWITT-:-NIXON,12
DEWITT-:-RUTLEDGE,12
DEWITT-:-SANTA ANNA 1,12
DEWITT-:-SANTA ANNA 2,12
DEWITT-:-SANTA ANNA 3,12
DEWITT-:-TEXAS,12
DEWITT-:-TUNBRIDGE,12
DEWITT-:-WAPELLA,12
DEWITT-:-WAYNESVILLE,12
DEWITT-:-WILSON,12
DOUGLAS-:-ARCOLA 1,12
DOUGLAS-:-ARCOLA 2,12
DOUGLAS-:-ARCOLA 3,12
DOUGLAS-:-BOURBON 1,12
DOUGLAS-:-BOURBON 2,12
DOUGLAS-:-BOWDRE,12
DOUGLAS-:-CAMARGO 1,12
DOUGLAS-:-CAMARGO 2,12
DOUGLAS-:-CAMARGO 3,12
DOUGLAS-:-GARRETT,12
DOUGLAS-:-MURDOCK,12
DOUGLAS-:-NEWMAN,16
DOUGLAS-:-SARGENT,12
DOUGLAS-:-TUSCOLA 1,12
DOUGLAS-:-TUSCOLA 2,12
DOUGLAS-:-TUSCOLA 3,12
DOUGLAS-:-TUSCOLA 4,12
DUPAGE-:-ADDISON 001-0152,14
DUPAGE-:-ADDISON 002-0153,14
DUPAGE-:-ADDISON 003-0154,14
DUPAGE-:-ADDISON 004-0155,4
DUPAGE-:-ADDISON 005-0156,4
DUPAGE-:-ADDISON 006-0157,4
DUPAGE-:-ADDISON 007-0158,4
DUPAGE-:-ADDISON 008-0159,4
DUPAGE-:-ADDISON 009-0160,4
DUPAGE-:-ADDISON 010-0161,4
DUPAGE-:-ADDISON 011-0162,4
DUPAGE-:-ADDISON 012-0163/0164,4
DUPAGE-:-ADDISON 013-0165,4
DUPAGE-:-ADDISON 014-0166,4
DUPAGE-:-ADDISON 015-0167,4
DUPAGE-:-ADDISON 016-0168,4
DUPAGE-:-ADDISON 017-0169,13
DUPAGE-:-ADDISON 018-0170,4
DUPAGE-:-ADDISON 019-0171,4
DUPAGE-:-ADDISON 020-0172,4
DUPAGE-:-ADDISON 021-0173,4
DUPAGE-:-ADDISON 022-0174/0175,16
DUPAGE-:-ADDISON 023-0176,4
DUPAGE-:-ADDISON 024-0177,4
DUPAGE-:-ADDISON 025-0178,4
DUPAGE-:-ADDISON 026-0179,4
DUPAGE-:-ADDISON 027-0180,11
DUPAGE-:-ADDISON 028-0181,16
DUPAGE-:-ADDISON 029-0182,4
DUPAGE-:-ADDISON 030-0183,4
DUPAGE-:-ADDISON 031-0184,4
DUPAGE-:-ADDISON 032-0185,4
DUPAGE-:-ADDISON 033-0186/0187,4
DUPAGE-:-ADDISON 034-0188,11
DUPAGE-:-ADDISON 035-0189,11
DUPAGE-:-ADDISON 036-0190,16
DUPAGE-:-ADDISON 037-0191/0192,4
DUPAGE-:-ADDISON 038-0193,4
DUPAGE-:-ADDISON 039-0194,4
DUPAGE-:-ADDISON 040-0195,4
DUPAGE-:-ADDISON 041-0196,4
DUPAGE-:-ADDISON 042-0197,4
DUPAGE-:-ADDISON 043-0198,4
DUPAGE-:-ADDISON 044-0199/0200,4
DUPAGE-:-ADDISON 045-0201,4
DUPAGE-:-ADDISON 046-0202,4
DUPAGE-:-ADDISON 047-0203/0204,4
DUPAGE-:-ADDISON 048-0205,4
DUPAGE-:-ADDISON 049-0207,4
DUPAGE-:-ADDISON 050-0208,13
DUPAGE-:-ADDISON 051-0209,4
DUPAGE-:-ADDISON 052-0210,4
DUPAGE-:-ADDISON 053-0211,4
DUPAGE-:-BLOOMINGDALE 001-0046,6
DUPAGE-:-BLOOMINGDALE 002-0047/0048,6
DUPAGE-:-BLOOMINGDALE 003-0050,6
DUPAGE-:-BLOOMINGDALE 004-0051,6
DUPAGE-:-BLOOMINGDALE 005-0052,6
DUPAGE-:-BLOOMINGDALE 006-0053/0054,6
DUPAGE-:-BLOOMINGDALE 007-0055,6
DUPAGE-:-BLOOMINGDALE 008-0056,6
DUPAGE-:-BLOOMINGDALE 009-0057/0058,13
DUPAGE-:-BLOOMINGDALE 010-0059,13
DUPAGE-:-BLOOMINGDALE 011-0060,6
DUPAGE-:-BLOOMINGDALE 012-0061/0062,6
DUPAGE-:-BLOOMINGDALE 013-0063,14
DUPAGE-:-BLOOMINGDALE 014-0064,6
DUPAGE-:-BLOOMINGDALE 015-0065/0066,6
DUPAGE-:-BLOOMINGDALE 016-0067/0068,6
DUPAGE-:-BLOOMINGDALE 017-0069/0070,6
DUPAGE-:-BLOOMINGDALE 018-0071/0072/0073,6
DUPAGE-:-BLOOMINGDALE 019-0074/0075/0076/0077,6
DUPAGE-:-BLOOMINGDALE 020-0078/0079,6
DUPAGE-:-BLOOMINGDALE 021-0080,6
DUPAGE-:-BLOOMINGDALE 022-0081,6
DUPAGE-:-BLOOMINGDALE 023-0083/0084/0085,13
DUPAGE-:-BLOOMINGDALE 024-0086,13
DUPAGE-:-BLOOMINGDALE 025-0087,13
DUPAGE-:-BLOOMINGDALE 026-0088/0089,6
DUPAGE-:-BLOOMINGDALE 027-0090,4
DUPAGE-:-BLOOMINGDALE 028-0091,14
DUPAGE-:-BLOOMINGDALE 029-0092,6
DUPAGE-:-BLOOMINGDALE 030-0093,6
DUPAGE-:-BLOOMINGDALE 031-0094,6
DUPAGE-:-BLOOMINGDALE 032-0095/0096,6
DUPAGE-:-BLOOMINGDALE 033-0097,11
DUPAGE-:-BLOOMINGDALE 034-0098,6
DUPAGE-:-BLOOMINGDALE 035-0099,6
DUPAGE-:-BLOOMINGDALE 036-0101,6
DUPAGE-:-BLOOMINGDALE 037-0102/0103,6
DUPAGE-:-BLOOMINGDALE 038-0104/0105/0106/0107,6
DUPAGE-:-BLOOMINGDALE 039-0108/0109,6
DUPAGE-:-BLOOMINGDALE 040-0110/0112,6
DUPAGE-:-BLOOMINGDALE 041-0113/0114,6
DUPAGE-:-BLOOMINGDALE 042-0115,11
DUPAGE-:-BLOOMINGDALE 043-0116,11
DUPAGE-:-BLOOMINGDALE 044-0117,6
DUPAGE-:-BLOOMINGDALE 045-0118,6
DUPAGE-:-BLOOMINGDALE 045-0119,6
DUPAGE-:-BLOOMINGDALE 046-0120,6
DUPAGE-:-BLOOMINGDALE 047-0121,6
DUPAGE-:-BLOOMINGDALE 048-0122,16
DUPAGE-:-BLOOMINGDALE 049-0123/0124,6
DUPAGE-:-BLOOMINGDALE 050-0125/0126,11
DUPAGE-:-BLOOMINGDALE 051-0127,6
DUPAGE-:-BLOOMINGDALE 052-0128,14
DUPAGE-:-BLOOMINGDALE 053-0129,6
DUPAGE-:-BLOOMINGDALE 054-0130/0131,6
DUPAGE-:-BLOOMINGDALE 055-0132,6
DUPAGE-:-BLOOMINGDALE 056-0133,6
DUPAGE-:-BLOOMINGDALE 057-0134,6
DUPAGE-:-BLOOMINGDALE 058-0135,6
DUPAGE-:-BLOOMINGDALE 059-0136,6
DUPAGE-:-BLOOMINGDALE 060-0137,6
DUPAGE-:-BLOOMINGDALE 061-0138,16
DUPAGE-:-BLOOMINGDALE 062-0139,6
DUPAGE-:-BLOOMINGDALE 063-0140,6
DUPAGE-:-BLOOMINGDALE 064-0141,6
DUPAGE-:-BLOOMINGDALE 065-0142,6
DUPAGE-:-BLOOMINGDALE 066-0143,6
DUPAGE-:-BLOOMINGDALE 067-0144,6
DUPAGE-:-BLOOMINGDALE 068-0145/0146,6
DUPAGE-:-BLOOMINGDALE 069-0147,6
DUPAGE-:-BLOOMINGDALE 070-0148,6
DUPAGE-:-BLOOMINGDALE 071-0150,6
DUPAGE-:-BLOOMINGDALE 072-0151,6
DUPAGE-:-DOWNERS GROVE 001-0691,4
DUPAGE-:-DOWNERS GROVE 002-0692,4
DUPAGE-:-DOWNERS GROVE 003-0693/0694,4
DUPAGE-:-DOWNERS GROVE 004-0695/0696/0697,4
DUPAGE-:-DOWNERS GROVE 005-0698,4
DUPAGE-:-DOWNERS GROVE 006-0699/0700/0701,4
DUPAGE-:-DOWNERS GROVE 007-0702,4
DUPAGE-:-DOWNERS GROVE 008-0703,4
DUPAGE-:-DOWNERS GROVE 009-0704,4
DUPAGE-:-DOWNERS GROVE 010-0705/0706,4
DUPAGE-:-DOWNERS GROVE 011-0707,4
DUPAGE-:-DOWNERS GROVE 012-0708,4
DUPAGE-:-DOWNERS GROVE 013-0710,4
DUPAGE-:-DOWNERS GROVE 014-0712,4
DUPAGE-:-DOWNERS GROVE 015-0714/0715/0716/0717,4
DUPAGE-:-DOWNERS GROVE 016-0718/0719/0720,4
DUPAGE-:-DOWNERS GROVE 017-0721,14
DUPAGE-:-DOWNERS GROVE 018-0723/0724/0725/0726,14
DUPAGE-:-DOWNERS GROVE 019-0727,14
DUPAGE-:-DOWNERS GROVE 020-0728/0729,4
DUPAGE-:-DOWNERS GROVE 021-0730/0731,4
DUPAGE-:-DOWNERS GROVE 022-0732,4
DUPAGE-:-DOWNERS GROVE 023-0733,4
DUPAGE-:-DOWNERS GROVE 024-0734/0735,4
DUPAGE-:-DOWNERS GROVE 025-0736,13
DUPAGE-:-DOWNERS GROVE 026-0737,4
DUPAGE-:-DOWNERS GROVE 027-0738,4
DUPAGE-:-DOWNERS GROVE 028-0739,13
DUPAGE-:-DOWNERS GROVE 029-0740,14
DUPAGE-:-DOWNERS GROVE 030-0741,14
DUPAGE-:-DOWNERS GROVE 031-0742,13
DUPAGE-:-DOWNERS GROVE 032-0743,4
DUPAGE-:-DOWNERS GROVE 033-0744,4
DUPAGE-:-DOWNERS GROVE 034-0745,4
DUPAGE-:-DOWNERS GROVE 035-0746,13
DUPAGE-:-DOWNERS GROVE 036-0747/0748,13
DUPAGE-:-DOWNERS GROVE 037-0749,4
DUPAGE-:-DOWNERS GROVE 038-0750,4
DUPAGE-:-DOWNERS GROVE 039-0751/0752,4
DUPAGE-:-DOWNERS GROVE 040-0753,4
DUPAGE-:-DOWNERS GROVE 041-0754,13
DUPAGE-:-DOWNERS GROVE 042-0755,13
DUPAGE-:-DOWNERS GROVE 043-0756,13
DUPAGE-:-DOWNERS GROVE 044-0757/0758,4
DUPAGE-:-DOWNERS GROVE 045-0759,4
DUPAGE-:-DOWNERS GROVE 046-0760/0761,4
DUPAGE-:-DOWNERS GROVE 047-0762/0763,4
DUPAGE-:-DOWNERS GROVE 048-0764,4
DUPAGE-:-DOWNERS GROVE 049-0765,13
DUPAGE-:-DOWNERS GROVE 050-0766,13
DUPAGE-:-DOWNERS GROVE 051-0767,13
DUPAGE-:-DOWNERS GROVE 052-0768,13
DUPAGE-:-DOWNERS GROVE 053-0769,4
DUPAGE-:-DOWNERS GROVE 054-0770,4
DUPAGE-:-DOWNERS GROVE 055-0771/0772,4
DUPAGE-:-DOWNERS GROVE 056-0773,4
DUPAGE-:-DOWNERS GROVE 057-0774,4
DUPAGE-:-DOWNERS GROVE 058-0775,13
DUPAGE-:-DOWNERS GROVE 059-0776,13
DUPAGE-:-DOWNERS GROVE 060-0777,13
DUPAGE-:-DOWNERS GROVE 061-0778,4
DUPAGE-:-DOWNERS GROVE 062-0779,14
DUPAGE-:-DOWNERS GROVE 063-0780,4
DUPAGE-:-DOWNERS GROVE 064-0781,14
DUPAGE-:-DOWNERS GROVE 065-0782/0783,4
DUPAGE-:-DOWNERS GROVE 066-0784,4
DUPAGE-:-DOWNERS GROVE 067-0785,14
DUPAGE-:-DOWNERS GROVE 068-0786,14
DUPAGE-:-DOWNERS GROVE 069-0787/0788,13
DUPAGE-:-DOWNERS GROVE 070-0789,4
DUPAGE-:-DOWNERS GROVE 071-0790,13
DUPAGE-:-DOWNERS GROVE 072-0791/0792,13
DUPAGE-:-DOWNERS GROVE 073-0793,13
DUPAGE-:-DOWNERS GROVE 074-0794,13
DUPAGE-:-DOWNERS GROVE 075-0795,13
DUPAGE-:-DOWNERS GROVE 076-0796,4
DUPAGE-:-DOWNERS GROVE 077-0797/0798,13
DUPAGE-:-DOWNERS GROVE 078-0799,13
DUPAGE-:-DOWNERS GROVE 079-0800,14
DUPAGE-:-DOWNERS GROVE 080-0801/0802/0803,13
DUPAGE-:-DOWNERS GROVE 081-0804,13
DUPAGE-:-DOWNERS GROVE 082-0805,13
DUPAGE-:-DOWNERS GROVE 083-0806,13
DUPAGE-:-DOWNERS GROVE 084-0807,13
DUPAGE-:-DOWNERS GROVE 085-0808,13
DUPAGE-:-DOWNERS GROVE 085-0809/0810,13
DUPAGE-:-DOWNERS GROVE 086-0811,13
DUPAGE-:-DOWNERS GROVE 087-0812,13
DUPAGE-:-DOWNERS GROVE 088-0813,13
DUPAGE-:-DOWNERS GROVE 089-0814,13
DUPAGE-:-DOWNERS GROVE 090-0815,13
DUPAGE-:-DOWNERS GROVE 091-0816,13
DUPAGE-:-DOWNERS GROVE 092-0817,13
DUPAGE-:-DOWNERS GROVE 093-0818,13
DUPAGE-:-DOWNERS GROVE 094-0819/0820,13
DUPAGE-:-DOWNERS GROVE 095-0821,13
DUPAGE-:-DOWNERS GROVE 096-0822,13
DUPAGE-:-DOWNERS GROVE 097-0823,13
DUPAGE-:-DOWNERS GROVE 098-0824/0825,13
DUPAGE-:-DOWNERS GROVE 099-0826,13
DUPAGE-:-DOWNERS GROVE 100-0827,13
DUPAGE-:-DOWNERS GROVE 101-0828,13
DUPAGE-:-DOWNERS GROVE 102-0829,13
DUPAGE-:-DOWNERS GROVE 103-0830,13
DUPAGE-:-LISLE 001-0583/0584,13
DUPAGE-:-LISLE 002-0585,13
DUPAGE-:-LISLE 003-0586/0587/0589/0590,4
DUPAGE-:-LISLE 004-0591,13
DUPAGE-:-LISLE 005-0592/0593/0594,13
DUPAGE-:-LISLE 006-0595,13
DUPAGE-:-LISLE 007-0596,13
DUPAGE-:-LISLE 008-0597,4
DUPAGE-:-LISLE 009-0598/0599,13
DUPAGE-:-LISLE 010-0600/0601,13
DUPAGE-:-LISLE 011-0602,13
DUPAGE-:-LISLE 012-0603,13
DUPAGE-:-LISLE 013-0604,13
DUPAGE-:-LISLE 014-0605,13
DUPAGE-:-LISLE 015-0606,13
DUPAGE-:-LISLE 015-0607,13
DUPAGE-:-LISLE 016-0608,13
DUPAGE-:-LISLE 017-0609,4
DUPAGE-:-LISLE 018-0610,13
DUPAGE-:-LISLE 018-0611,13
DUPAGE-:-LISLE 019-0612/0613,13
DUPAGE-:-LISLE 020-0614,13
DUPAGE-:-LISLE 021-0615,13
DUPAGE-:-LISLE 022-0616,13
DUPAGE-:-LISLE 023-0617,13
DUPAGE-:-LISLE 024-0618,13
DUPAGE-:-LISLE 025-0619/0620,13
DUPAGE-:-LISLE 026-0621,13
DUPAGE-:-LISLE 027-0622,13
DUPAGE-:-LISLE 028-0623,13
DUPAGE-:-LISLE 029-0624,13
DUPAGE-:-LISLE 030-0625,13
DUPAGE-:-LISLE 031-0626,13
DUPAGE-:-LISLE 032-0627,13
DUPAGE-:-LISLE 033-0628/0629,13
DUPAGE-:-LISLE 034-0630/0631,13
DUPAGE-:-LISLE 035-0632,14
DUPAGE-:-LISLE 036-0633,13
DUPAGE-:-LISLE 037-0634,13
DUPAGE-:-LISLE 038-0635/0636,13
DUPAGE-:-LISLE 039-0637/0638,13
DUPAGE-:-LISLE 040-0639/0640,13
DUPAGE-:-LISLE 041-0641/0642/0643,13
DUPAGE-:-LISLE 042-0644/0645,13
DUPAGE-:-LISLE 043-0646,13
DUPAGE-:-LISLE 044-0647,13
DUPAGE-:-LISLE 045-0648,13
DUPAGE-:-LISLE 046-0649,13
DUPAGE-:-LISLE 047-0651,13
DUPAGE-:-LISLE 048-0652,13
DUPAGE-:-LISLE 049-0653/0654,13
DUPAGE-:-LISLE 050-0655,13
DUPAGE-:-LISLE 051-0656,13
DUPAGE-:-LISLE 052-0657,13
DUPAGE-:-LISLE 053-0658,13
DUPAGE-:-LISLE 054-0659,13
DUPAGE-:-LISLE 055-0660/0661,13
DUPAGE-:-LISLE 056-0662,13
DUPAGE-:-LISLE 057-0663/0664/0665,11
DUPAGE-:-LISLE 058-0666/0667,11
DUPAGE-:-LISLE 059-0668,13
DUPAGE-:-LISLE 060-0669,13
DUPAGE-:-LISLE 061-0670,14
DUPAGE-:-LISLE 062-0671/0672,13
DUPAGE-:-LISLE 063-0673,14
DUPAGE-:-LISLE 064-0674,11
DUPAGE-:-LISLE 065-0675,11
DUPAGE-:-LISLE 066-0676,13
DUPAGE-:-LISLE 067-0677,13
DUPAGE-:-LISLE 068-0678,13
DUPAGE-:-LISLE 069-0679,13
DUPAGE-:-LISLE 070-0680,13
DUPAGE-:-LISLE 071-0681,13
DUPAGE-:-LISLE 072-0682,13
DUPAGE-:-LISLE 073-0683/0684,14
DUPAGE-:-LISLE 074-0685,14
DUPAGE-:-LISLE 075-0686,14
DUPAGE-:-LISLE 076-0687/0688,13
DUPAGE-:-LISLE 077-0689/0690,13
DUPAGE-:-MILTON 001-0263/0264,6
DUPAGE-:-MILTON 002-0265/0266/0267/0268,11
DUPAGE-:-MILTON 003-0269/0270,6
DUPAGE-:-MILTON 004-0271/0272/0273,6
DUPAGE-:-MILTON 005-0275,6
DUPAGE-:-MILTON 006-0276/0277,6
DUPAGE-:-MILTON 007-0278/0279/0280,6
DUPAGE-:-MILTON 008-0282/0283/0284,6
DUPAGE-:-MILTON 009-0285/0286,6
DUPAGE-:-MILTON 010-0287,6
DUPAGE-:-MILTON 011-0288,6
DUPAGE-:-MILTON 012-0289/0290,6
DUPAGE-:-MILTON 013-0291/0292/0293,11
DUPAGE-:-MILTON 014-0294/0295,6
DUPAGE-:-MILTON 015-0296/0297/0298,6
DUPAGE-:-MILTON 016-0299,6
DUPAGE-:-MILTON 017-0300/0301/0302,6
DUPAGE-:-MILTON 018-0303/0304,6
DUPAGE-:-MILTON 019-0305,6
DUPAGE-:-MILTON 020-0306,14
DUPAGE-:-MILTON 021-0307,6
DUPAGE-:-MILTON 022-0308/0309,6
DUPAGE-:-MILTON 023-0310/0311,6
DUPAGE-:-MILTON 024-0312,11
DUPAGE-:-MILTON 025-0313,6
DUPAGE-:-MILTON 026-0314,6
DUPAGE-:-MILTON 027-0315,6
DUPAGE-:-MILTON 028-0316/0317,6
DUPAGE-:-MILTON 029-0318/0319,6
DUPAGE-:-MILTON 030-0320,6
DUPAGE-:-MILTON 031-0321,6
DUPAGE-:-MILTON 031-0322,6
DUPAGE-:-MILTON 032-0323/0324,6
DUPAGE-:-MILTON 033-0325,6
DUPAGE-:-MILTON 034-0326,6
DUPAGE-:-MILTON 035-0327,6
DUPAGE-:-MILTON 036-0328,6
DUPAGE-:-MILTON 037-0329,14
DUPAGE-:-MILTON 038-0330/0331,11
DUPAGE-:-MILTON 039-0332,11
DUPAGE-:-MILTON 040-0333,6
DUPAGE-:-MILTON 041-0334,6
DUPAGE-:-MILTON 042-0335,6
DUPAGE-:-MILTON 043-0336,13
DUPAGE-:-MILTON 044-0337,6
DUPAGE-:-MILTON 045-0338,6
DUPAGE-:-MILTON 046-0339,6
DUPAGE-:-MILTON 047-0340/0341,13
DUPAGE-:-MILTON 048-0342,13
DUPAGE-:-MILTON 049-0343,6
DUPAGE-:-MILTON 050-0344,6
DUPAGE-:-MILTON 051-0345/0346,13
DUPAGE-:-MILTON 052-0347,13
DUPAGE-:-MILTON 053-0348/0349,13
DUPAGE-:-MILTON 054-0350,6
DUPAGE-:-MILTON 055-0351,6
DUPAGE-:-MILTON 056-0352,6
DUPAGE-:-MILTON 057-0353,6
DUPAGE-:-MILTON 058-0354/0355,13
DUPAGE-:-MILTON 059-0356/0357,13
DUPAGE-:-MILTON 060-0358/0359,13
DUPAGE-:-MILTON 061-0360,6
DUPAGE-:-MILTON 062-0361,13
DUPAGE-:-MILTON 062-0362,6
DUPAGE-:-MILTON 063-0363,6
DUPAGE-:-MILTON 064-0364,13
DUPAGE-:-MILTON 065-0365/0366,13
DUPAGE-:-MILTON 066-0368,13
DUPAGE-:-MILTON 067-0369,4
DUPAGE-:-MILTON 068-0370/0371,13
DUPAGE-:-MILTON 069-0372/0373,13
DUPAGE-:-MILTON 070-0374,13
DUPAGE-:-MILTON 071-0375/0376,13
DUPAGE-:-MILTON 072-0377/0378,13
DUPAGE-:-MILTON 073-0379/0380/0381,4
DUPAGE-:-MILTON 074-0382,4
DUPAGE-:-MILTON 075-0383,4
DUPAGE-:-MILTON 076-0384,6
DUPAGE-:-MILTON 077-0385/0386,13
DUPAGE-:-MILTON 078-0387/0388,4
DUPAGE-:-MILTON 079-0389/0390,13
DUPAGE-:-MILTON 080-0391,13
DUPAGE-:-MILTON 081-0392,4
DUPAGE-:-NAPERVILLE 001-0509,6
DUPAGE-:-NAPERVILLE 002-0510/0511,13
DUPAGE-:-NAPERVILLE 003-0512/0513/0514,13
DUPAGE-:-NAPERVILLE 004-0515/0517,6
DUPAGE-:-NAPERVILLE 005-0519,16
DUPAGE-:-NAPERVILLE 006-0520/0521,6
DUPAGE-:-NAPERVILLE 007-0522,14
DUPAGE-:-NAPERVILLE 008-0523,6
DUPAGE-:-NAPERVILLE 009-0524,6
DUPAGE-:-NAPERVILLE 010-0525/0526,13
DUPAGE-:-NAPERVILLE 011-0527/0528,13
DUPAGE-:-NAPERVILLE 012-0529,14
DUPAGE-:-NAPERVILLE 013-0530/0531,13
DUPAGE-:-NAPERVILLE 014-0532/0533,13
DUPAGE-:-NAPERVILLE 015-0534,11
DUPAGE-:-NAPERVILLE 016-0535,13
DUPAGE-:-NAPERVILLE 017-0536/0537,13
DUPAGE-:-NAPERVILLE 018-0538/0539,13
DUPAGE-:-NAPERVILLE 019-0540,16
DUPAGE-:-NAPERVILLE 020-0541,16
DUPAGE-:-NAPERVILLE 021-0542,13
DUPAGE-:-NAPERVILLE 022-0543,13
DUPAGE-:-NAPERVILLE 023-0544/0545,13
DUPAGE-:-NAPERVILLE 024-0546,14
DUPAGE-:-NAPERVILLE 025-0547,16
DUPAGE-:-NAPERVILLE 026-0548,16
DUPAGE-:-NAPERVILLE 027-0549,6
DUPAGE-:-NAPERVILLE 028-0550,6
DUPAGE-:-NAPERVILLE 029-0551,13
DUPAGE-:-NAPERVILLE 030-0552,13
DUPAGE-:-NAPERVILLE 031-0553/0554,13
DUPAGE-:-NAPERVILLE 032-0555,14
DUPAGE-:-NAPERVILLE 033-0556,6
DUPAGE-:-NAPERVILLE 034-0557,13
DUPAGE-:-NAPERVILLE 035-0558,14
DUPAGE-:-NAPERVILLE 036-0559,6
DUPAGE-:-NAPERVILLE 037-0560,14
DUPAGE-:-NAPERVILLE 038-0561,6
DUPAGE-:-NAPERVILLE 039-0562,6
DUPAGE-:-NAPERVILLE 040-0563,6
DUPAGE-:-NAPERVILLE 041-0564,13
DUPAGE-:-NAPERVILLE 042-0565,13
DUPAGE-:-NAPERVILLE 043-0566,13
DUPAGE-:-NAPERVILLE 044-0567,13
DUPAGE-:-NAPERVILLE 045-0568,13
DUPAGE-:-NAPERVILLE 046-0570,13
DUPAGE-:-NAPERVILLE 047-0571,6
DUPAGE-:-NAPERVILLE 048-0572,6
DUPAGE-:-NAPERVILLE 049-0573,6
DUPAGE-:-NAPERVILLE 050-0574,11
DUPAGE-:-NAPERVILLE 051-0575,13
DUPAGE-:-NAPERVILLE 052-0576,11
DUPAGE-:-NAPERVILLE 053-0577,13
DUPAGE-:-NAPERVILLE 054-0578,13
DUPAGE-:-NAPERVILLE 055-0579,13
DUPAGE-:-NAPERVILLE 056-0580,13
DUPAGE-:-NAPERVILLE 057-0581,13
DUPAGE-:-NAPERVILLE 058-0582,13
DUPAGE-:-WAYNE 001-0001,6
DUPAGE-:-WAYNE 002-0002,16
DUPAGE-:-WAYNE 003-0003,11
DUPAGE-:-WAYNE 004-0004,6
DUPAGE-:-WAYNE 005-0005,6
DUPAGE-:-WAYNE 006-0006,6
DUPAGE-:-WAYNE 007-0007,6
DUPAGE-:-WAYNE 008-0008,6
DUPAGE-:-WAYNE 009-0009,8
DUPAGE-:-WAYNE 010-0010,6
DUPAGE-:-WAYNE 011-0011,6
DUPAGE-:-WAYNE 012-0012,6
DUPAGE-:-WAYNE 013-0013,16
DUPAGE-:-WAYNE 014-0014,6
DUPAGE-:-WAYNE 015-0015,6
DUPAGE-:-WAYNE 016-0016,6
DUPAGE-:-WAYNE 017-0017,6
DUPAGE-:-WAYNE 018-0018,14
DUPAGE-:-WAYNE 019-0019,16
DUPAGE-:-WAYNE 020-0020,16
DUPAGE-:-WAYNE 021-0021,16
DUPAGE-:-WAYNE 022-0022,16
DUPAGE-:-WAYNE 023-0023,6
DUPAGE-:-WAYNE 024-0024,6
DUPAGE-:-WAYNE 025-0025,6
DUPAGE-:-WAYNE 026-0026,16
DUPAGE-:-WAYNE 027-0027,16
DUPAGE-:-WAYNE 028-0028,6
DUPAGE-:-WAYNE 029-0029,16
DUPAGE-:-WAYNE 030-0030,6
DUPAGE-:-WAYNE 031-0031,6
DUPAGE-:-WAYNE 032-0032,6
DUPAGE-:-WAYNE 033-0033,16
DUPAGE-:-WAYNE 034-0034,16
DUPAGE-:-WAYNE 035-0035,6
DUPAGE-:-WAYNE 036-0036,16
DUPAGE-:-WAYNE 037-0037,16
DUPAGE-:-WAYNE 038-0038,16
DUPAGE-:-WAYNE 038-0039,16
DUPAGE-:-WAYNE 039-0040,16
DUPAGE-:-WAYNE 040-0041/0042,16
DUPAGE-:-WAYNE 041-0043,16
DUPAGE-:-WAYNE 042-0044,16
DUPAGE-:-WAYNE 043-0045,6
DUPAGE-:-WINFIELD 001-0212,6
DUPAGE-:-WINFIELD 002-0213/0214,11
DUPAGE-:-WINFIELD 003-0215/0216/0217/0218,6
DUPAGE-:-WINFIELD 004-0219/0220/0221,8
DUPAGE-:-WINFIELD 005-0222,6
DUPAGE-:-WINFIELD 006-0223/0224,6
DUPAGE-:-WINFIELD 006-0225,6
DUPAGE-:-WINFIELD 007-0226/0227,8
DUPAGE-:-WINFIELD 008-0228/0229,8
DUPAGE-:-WINFIELD 009-0230,6
DUPAGE-:-WINFIELD 010-0231,6
DUPAGE-:-WINFIELD 011-0232/0233,8
DUPAGE-:-WINFIELD 012-0234/0235,6
DUPAGE-:-WINFIELD 013-0236/0237,6
DUPAGE-:-WINFIELD 014-0238/0239,6
DUPAGE-:-WINFIELD 015-0240,8
DUPAGE-:-WINFIELD 016-0241/0242/0243,16
DUPAGE-:-WINFIELD 017-0244,16
DUPAGE-:-WINFIELD 018-0245/0246/0247,16
DUPAGE-:-WINFIELD 019-0248/0249/0250/0251,6
DUPAGE-:-WINFIELD 020-0252,14
DUPAGE-:-WINFIELD 021-0253,14
DUPAGE-:-WINFIELD 022-0254,6
DUPAGE-:-WINFIELD 023-0255,6
DUPAGE-:-WINFIELD 023-0257,6
DUPAGE-:-WINFIELD 024-0258/0259,13
DUPAGE-:-WINFIELD 025-0260,13
DUPAGE-:-WINFIELD 026-0261,6
DUPAGE-:-WINFIELD 027-0262,11
DUPAGE-:-YORK 001-0394/0395,11
DUPAGE-:-YORK 002-0396,11
DUPAGE-:-YORK 003-0397,11
DUPAGE-:-YORK 004-0398,11
DUPAGE-:-YORK 005-0399,4
DUPAGE-:-YORK 006-0400,4
DUPAGE-:-YORK 007-0401,4
DUPAGE-:-YORK 008-0403/0404,4
DUPAGE-:-YORK 009-0406,4
DUPAGE-:-YORK 010-0407,4
DUPAGE-:-YORK 011-0408,4
DUPAGE-:-YORK 012-0409,4
DUPAGE-:-YORK 013-0410,4
DUPAGE-:-YORK 014-0411,4
DUPAGE-:-YORK 015-0412,4
DUPAGE-:-YORK 016-0413/0414,4
DUPAGE-:-YORK 017-0415/0416,4
DUPAGE-:-YORK 018-0417,4
DUPAGE-:-YORK 019-0418,4
DUPAGE-:-YORK 020-0419,4
DUPAGE-:-YORK 021-0420,11
DUPAGE-:-YORK 022-0421,11
DUPAGE-:-YORK 023-0422,4
DUPAGE-:-YORK 024-0423,4
DUPAGE-:-YORK 025-0424,4
DUPAGE-:-YORK 026-0425,4
DUPAGE-:-YORK 027-0426,4
DUPAGE-:-YORK 028-0427,4
DUPAGE-:-YORK 029-0428/0429,11
DUPAGE-:-YORK 030-0430,4
DUPAGE-:-YORK 031-0431,11
DUPAGE-:-YORK 032-0432,11
DUPAGE-:-YORK 033-0433,14
DUPAGE-:-YORK 034-0434,11
DUPAGE-:-YORK 035-0435,4
DUPAGE-:-YORK 036-0436,4
DUPAGE-:-YORK 037-0437,4
DUPAGE-:-YORK 038-0438,4
DUPAGE-:-YORK 039-0439,4
DUPAGE-:-YORK 040-0440,4
DUPAGE-:-YORK 041-0442,4
DUPAGE-:-YORK 042-0443,4
DUPAGE-:-YORK 043-0444,4
DUPAGE-:-YORK 044-0445,4
DUPAGE-:-YORK 045-0446,4
DUPAGE-:-YORK 046-0447,4
DUPAGE-:-YORK 047-0448,4
DUPAGE-:-YORK 048-0449,4
DUPAGE-:-YORK 049-0450,14
DUPAGE-:-YORK 050-0451,4
DUPAGE-:-YORK 051-0452,16
DUPAGE-:-YORK 052-0453,4
DUPAGE-:-YORK 053-0454,4
DUPAGE-:-YORK 054-0455,11
DUPAGE-:-YORK 055-0456/0457/0458,4
DUPAGE-:-YORK 056-0459,4
DUPAGE-:-YORK 057-0460/0461,4
DUPAGE-:-YORK 058-0462/0463,4
DUPAGE-:-YORK 059-0464/0465,4
DUPAGE-:-YORK 060-0466,4
DUPAGE-:-YORK 061-0467,4
DUPAGE-:-YORK 062-0468,4
DUPAGE-:-YORK 063-0469/0470,4
DUPAGE-:-YORK 064-0471/0472,4
DUPAGE-:-YORK 065-0473,4
DUPAGE-:-YORK 066-0474,4
DUPAGE-:-YORK 067-0475,4
DUPAGE-:-YORK 068-0476/0477/0478,4
DUPAGE-:-YORK 069-0479,4
DUPAGE-:-YORK 070-0480/0481,4
DUPAGE-:-YORK 071-0483/0484,4
DUPAGE-:-YORK 072-0485,4
DUPAGE-:-YORK 073-0486/0487,4
DUPAGE-:-YORK 074-0488/0489/0490,4
DUPAGE-:-YORK 075-0491,4
DUPAGE-:-YORK 076-0492/0493,14
DUPAGE-:-YORK 077-0494/0495,16
DUPAGE-:-YORK 078-0496,4
DUPAGE-:-YORK 079-0497/0498,16
DUPAGE-:-YORK 080-0499/0500,4
DUPAGE-:-YORK 081-0501/0502,4
DUPAGE-:-YORK 082-0503,4
DUPAGE-:-YORK 083-0504,4
DUPAGE-:-YORK 084-0505/0506,4
DUPAGE-:-YORK 085-0507,4
DUPAGE-:-YORK 086-0508,4
EDGAR-:-BROUILLETTS CREEK,14
EDGAR-:-BUCK,12
EDGAR-:-EDGAR,16
EDGAR-:-ELBRIDGE,16
EDGAR-:-EMBARRASS,16
EDGAR-:-GRANDVIEW,16
EDGAR-:-HUNTER,14
EDGAR-:-KANSAS,16
EDGAR-:-PARIS 1,16
EDGAR-:-PARIS 10,16
EDGAR-:-PARIS 11,16
EDGAR-:-PARIS 12,16
EDGAR-:-PARIS 14,14
EDGAR-:-PARIS 15,14
EDGAR-:-PARIS 2,16
EDGAR-:-PARIS 3,14
EDGAR-:-PARIS 4,16
EDGAR-:-PARIS 5,16
EDGAR-:-PARIS 6,16
EDGAR-:-PARIS 7,16
EDGAR-:-PARIS 8,16
EDGAR-:-PARIS 9,16
EDGAR-:-PRAIRIE,14
EDGAR-:-ROSS 1,16
EDGAR-:-ROSS 2,16
EDGAR-:-SHILOH,12
EDGAR-:-STRATTON,14
EDGAR-:-SYMMES 1,14
EDGAR-:-SYMMES 2,16
EDGAR-:-YOUNG AMERICA 1,16
EDGAR-:-YOUNG AMERICA 2,12
EDWARDS-:-ALBION 1,16
EDWARDS-:-ALBION 2,16
EDWARDS-:-ALBION 3,16
EDWARDS-:-BONE GAP,16
EDWARDS-:-BROWNS,16
EDWARDS-:-DIXON,16
EDWARDS-:-ELLERY,14
EDWARDS-:-FRENCH CREEK,16
EDWARDS-:-SALEM 1,16
EDWARDS-:-SALEM 2,16
EDWARDS-:-SHELBY 1,16
EDWARDS-:-SHELBY 2,16
EFFINGHAM-:-BANNER,11
EFFINGHAM-:-BISHOP,16
EFFINGHAM-:-DOUGLAS 1,16
EFFINGHAM-:-DOUGLAS 10,16
EFFINGHAM-:-DOUGLAS 11,16
EFFINGHAM-:-DOUGLAS 12,16
EFFINGHAM-:-DOUGLAS 13,16
EFFINGHAM-:-DOUGLAS 14,16
EFFINGHAM-:-DOUGLAS 2,16
EFFINGHAM-:-DOUGLAS 3,16
EFFINGHAM-:-DOUGLAS 4,16
EFFINGHAM-:-DOUGLAS 5,16
EFFINGHAM-:-DOUGLAS 6,16
EFFINGHAM-:-DOUGLAS 7,16
EFFINGHAM-:-DOUGLAS 8,16
EFFINGHAM-:-DOUGLAS 9,16
EFFINGHAM-:-JACKSON,16
EFFINGHAM-:-LIBERTY,11
EFFINGHAM-:-LUCAS,16
EFFINGHAM-:-MASON,16
EFFINGHAM-:-MOCCASIN,11
EFFINGHAM-:-MOUND 1,16
EFFINGHAM-:-MOUND 2,16
EFFINGHAM-:-MOUND 3,16
EFFINGHAM-:-ST. FRANCIS,16
EFFINGHAM-:-SUMMIT 1,16
EFFINGHAM-:-SUMMIT 2,16
EFFINGHAM-:-SUMMIT 3,16
EFFINGHAM-:-SUMMIT 4,16
EFFINGHAM-:-SUMMIT 5,16
EFFINGHAM-:-TEUTOPOLIS 1,16
EFFINGHAM-:-TEUTOPOLIS 2,16
EFFINGHAM-:-TEUTOPOLIS 3,16
EFFINGHAM-:-UNION,16
EFFINGHAM-:-WATSON 1,16
EFFINGHAM-:-WATSON 2,16
EFFINGHAM-:-WATSON 3,16
EFFINGHAM-:-WEST,11
FAYETTE-:-AVENA,16
FAYETTE-:-BEAR GROVE,11
FAYETTE-:-BOWLING GREEN,11
FAYETTE-:-CARSON,11
FAYETTE-:-KASKASKIA,11
FAYETTE-:-LACLEDE,16
FAYETTE-:-LONE GROVE,16
FAYETTE-:-LOUDON,16
FAYETTE-:-NORTH HURRICANE,11
FAYETTE-:-OTEGO,16
FAYETTE-:-POPE,11
FAYETTE-:-RAMSEY,16
FAYETTE-:-SEFTON,11
FAYETTE-:-SEMINARY,11
FAYETTE-:-SHAFTER,11
FAYETTE-:-SHARON,16
FAYETTE-:-SOUTH HURRICANE,11
FAYETTE-:-VANDALIA 1,11
FAYETTE-:-VANDALIA 2,16
FAYETTE-:-VANDALIA 3,11
FAYETTE-:-VANDALIA 4,16
FAYETTE-:-VANDALIA 5,11
FAYETTE-:-VANDALIA 6,16
FAYETTE-:-VANDALIA 7,16
FAYETTE-:-VANDALIA 8,16
FAYETTE-:-VANDALIA 9,16
FAYETTE-:-WHEATLAND,11
FAYETTE-:-WILBERTON,11
FORD-:-BRENTON,13
FORD-:-BUTTON,14
FORD-:-DIX,13
FORD-:-DRUMMER 1,13
FORD-:-DRUMMER 2,13
FORD-:-DRUMMER 3,13
FORD-:-DRUMMER 4,13
FORD-:-DRUMMER 5,13
FORD-:-LYMAN,13
FORD-:-MONA,13
FORD-:-PATTON 1,13
FORD-:-PATTON 2,13
FORD-:-PATTON 3,14
FORD-:-PATTON 4,14
FORD-:-PATTON 5,13
FORD-:-PATTON 6,14
FORD-:-PATTON 7,14
FORD-:-PEACH ORCHARD,13
FORD-:-PELLA,13
FORD-:-ROGERS,13
FORD-:-SULLIVANT,13
FORD-:-WALL,13
FRANKLIN-:-BARREN,16
FRANKLIN-:-BENTON 1,14
FRANKLIN-:-BENTON 2,14
FRANKLIN-:-BENTON 3,16
FRANKLIN-:-BENTON 4,14
FRANKLIN-:-BENTON 5,14
FRANKLIN-:-BENTON 6,14
FRANKLIN-:-BENTON 7,14
FRANKLIN-:-BROWNING 1,16
FRANKLIN-:-BROWNING 2,14
FRANKLIN-:-BROWNING 3,16
FRANKLIN-:-CAVE,14
FRANKLIN-:-DENNING 1,16
FRANKLIN-:-DENNING 2,16
FRANKLIN-:-DENNING 3,16
FRANKLIN-:-DENNING 4,14
FRANKLIN-:-DENNING 5,16
FRANKLIN-:-EASTERN,16
FRANKLIN-:-EWING 1,16
FRANKLIN-:-EWING 2,16
FRANKLIN-:-FRANKFORT 1,14
FRANKLIN-:-FRANKFORT 2,14
FRANKLIN-:-FRANKFORT 3,14
FRANKLIN-:-FRANKFORT 4,14
FRANKLIN-:-GOODE 1,14
FRANKLIN-:-GOODE 2,14
FRANKLIN-:-NORTHERN,16
FRANKLIN-:-SIX MILE 1,14
FRANKLIN-:-SIX MILE 2,16
FRANKLIN-:-SIX MILE 3,16
FRANKLIN-:-TYRONE 1,16
FRANKLIN-:-TYRONE 2,16
FRANKLIN-:-TYRONE 3,16
FRANKLIN-:-TYRONE 4,16
FRANKLIN-:-TYRONE 5,16
FULTON-:-ASTORIA-42,11
FULTON-:-ASTORIA-43,11
FULTON-:-BANNER-31,11
FULTON-:-BERNADOTTE-33,11
FULTON-:-BUCKHEART-30,11
FULTON-:-CANTON  1-10,11
FULTON-:-CANTON  2-11,11
FULTON-:-CANTON  3-12,11
FULTON-:-CANTON  4-13,11
FULTON-:-CANTON  5-14,11
FULTON-:-CANTON  6-15,11
FULTON-:-CANTON  7-16,11
FULTON-:-CANTON  8-17,11
FULTON-:-CANTON  9-18,11
FULTON-:-CANTON 10-19,11
FULTON-:-CANTON 11-20,11
FULTON-:-CANTON 12-21,11
FULTON-:-CANTON 13-22,11
FULTON-:-CANTON 14-23,11
FULTON-:-CANTON 15-24,11
FULTON-:-CANTON 16-25,11
FULTON-:-CASS-28,11
FULTON-:-DEERFIELD-8,11
FULTON-:-ELLISVILLE-2,11
FULTON-:-FAIRVIEW-4,11
FULTON-:-FARMERS-32,11
FULTON-:-FARMINGTON 1-5,11
FULTON-:-FARMINGTON 2-6,11
FULTON-:-HARRIS-27,11
FULTON-:-ISABEL-40,11
FULTON-:-JOSHUA-9,11
FULTON-:-KERTON-45,11
FULTON-:-LEE TWP-7,11
FULTON-:-LEWISTOWN 1-34,11
FULTON-:-LEWISTOWN 2-35,11
FULTON-:-LEWISTOWN 3-36,11
FULTON-:-LIVERPOOL-37,11
FULTON-:-ORION-26,11
FULTON-:-PLEASANT-39,11
FULTON-:-PUTMAN-29,11
FULTON-:-UNION-1,11
FULTON-:-VERMONT-38,11
FULTON-:-WATERFORD-41,11
FULTON-:-WOODLAND-44,11
FULTON-:-YOUNG HICKORY-3,11
GALLATIN-:-ASBURY 1,14
GALLATIN-:-BOWLESVILLE 1,14
GALLATIN-:-EAGLE CREEK 1,14
GALLATIN-:-EQUALITY 1,14
GALLATIN-:-GOLD HILL 1,14
GALLATIN-:-GOLD HILL 2,14
GALLATIN-:-NEW HAVEN 1,16
GALLATIN-:-NORTH FORK 1,16
GALLATIN-:-OMAHA 1,16
GALLATIN-:-RIDGWAY 1,14
GALLATIN-:-SHAWNEE 1,14
GREENE-:-ATHENSVILLE 1-1,12
GREENE-:-BLUFFDALE 1-1,12
GREENE-:-CARROLLTON 1-1,12
GREENE-:-CARROLLTON 2-1,12
GREENE-:-CARROLLTON 3-1,12
GREENE-:-KANE 1-1,12
GREENE-:-KANE 2-1,12
GREENE-:-LINDER 1-1,12
GREENE-:-PATTERSON 1-1,12
GREENE-:-ROCKBRIDGE 1-1,12
GREENE-:-ROCKBRIDGE 2-1,12
GREENE-:-ROCKBRIDGE 3-1,12
GREENE-:-ROODHOUSE 1-1,12
GREENE-:-ROODHOUSE 2-1,12
GREENE-:-ROODHOUSE 3-1,12
GREENE-:-RUBICON 1-1,12
GREENE-:-WALKERVILLE 1-1,8
GREENE-:-WHITE HALL 1-1,12
GREENE-:-WHITE HALL 2-1,12
GREENE-:-WHITE HALL 3-1,12
GREENE-:-WOODVILLE 1-1,12
GREENE-:-WRIGHTS 2-1,12
GRUNDY-:-AUX SABLE 01-001,10
GRUNDY-:-AUX SABLE 02-002,10
GRUNDY-:-AUX SABLE 02-003,10
GRUNDY-:-AUX SABLE 03-004,10
GRUNDY-:-AUX SABLE 04-005,10
GRUNDY-:-AUX SABLE 05-006,10
GRUNDY-:-AUX SABLE 05-007,10
GRUNDY-:-AUX SABLE 06-008,10
GRUNDY-:-AUX SABLE 07-009,10
GRUNDY-:-AUX SABLE 07-010,10
GRUNDY-:-BRACEVILLE 01-011,10
GRUNDY-:-BRACEVILLE 02-12/13,10
GRUNDY-:-BRACEVILLE 02-14/15,10
GRUNDY-:-BRACEVILLE 03-016,10
GRUNDY-:-BRACEVILLE 04-017,10
GRUNDY-:-ERIENNA 01-018,10
GRUNDY-:-ERIENNA 02-019,10
GRUNDY-:-FELIX 01-021,10
GRUNDY-:-FELIX 02-022,10
GRUNDY-:-FELIX 03-023,10
GRUNDY-:-FELIX 04-024,10
GRUNDY-:-GARFIELD 01-025,10
GRUNDY-:-GOODFARM 01-026,13
GRUNDY-:-GOOSE LAKE 01-027,10
GRUNDY-:-GOOSE LAKE 02-028,10
GRUNDY-:-GREENFIELD 01-029,10
GRUNDY-:-GREENFIELD 01-030,13
GRUNDY-:-HIGHLAND 01-031,13
GRUNDY-:-MAINE 01-32/33,13
GRUNDY-:-MAZON 01-034,10
GRUNDY-:-MORRIS 01-035,10
GRUNDY-:-MORRIS 02-036,10
GRUNDY-:-MORRIS 03-037,10
GRUNDY-:-MORRIS 04-038,10
GRUNDY-:-MORRIS 05-039,10
GRUNDY-:-NETTLE CREEK 01-040,10
GRUNDY-:-NORMAN 01-041,13
GRUNDY-:-SARATOGA 01-042,10
GRUNDY-:-SARATOGA 02-043,10
GRUNDY-:-SARATOGA 02-044,10
GRUNDY-:-SARATOGA 03-045,10
GRUNDY-:-SARATOGA 04-046,10
GRUNDY-:-SARATOGA 05-047,10
GRUNDY-:-VIENNA 01-048,13
GRUNDY-:-WAUPONSEE 01-049,10
GRUNDY-:-WAUPONSEE 02-050,10
HAMILTON-:-BEAVER CREEK,16
HAMILTON-:-CROOK,16
HAMILTON-:-CROUCH,16
HAMILTON-:-DAHLGREN 1,16
HAMILTON-:-DAHLGREN 2,14
HAMILTON-:-FLANNIGAN,14
HAMILTON-:-KNIGHTS PRAIRIE,16
HAMILTON-:-MAYBERRY,16
HAMILTON-:-MCLEANSBORO 1,16
HAMILTON-:-MCLEANSBORO 2,16
HAMILTON-:-MCLEANSBORO 3,16
HAMILTON-:-MCLEANSBORO 4,16
HAMILTON-:-SOUTH CROUCH,16
HAMILTON-:-SOUTH FLANNIGAN,14
HAMILTON-:-SOUTH TWIGG,14
HAMILTON-:-TWIGG,16
HANCOCK-:-APPANOOSE,8
HANCOCK-:-AUGUSTA,8
HANCOCK-:-BEAR CREEK,8
HANCOCK-:-CARTHAGE 1,8
HANCOCK-:-CARTHAGE 2,8
HANCOCK-:-CARTHAGE 3,8
HANCOCK-:-CARTHAGE 4,8
HANCOCK-:-CHILI,8
HANCOCK-:-DALLAS CITY,8
HANCOCK-:-DURHAM,6
HANCOCK-:-FOUNTAIN GREEN,6
HANCOCK-:-HANCOCK,6
HANCOCK-:-HARMONY,6
HANCOCK-:-LAHARPE 1,8
HANCOCK-:-LAHARPE 2,8
HANCOCK-:-MONTEBELLO 1,8
HANCOCK-:-MONTEBELLO 2,8
HANCOCK-:-MONTEBELLO 3,8
HANCOCK-:-MONTEBELLO 4,8
HANCOCK-:-NAUVOO,8
HANCOCK-:-PILOT GROVE,6
HANCOCK-:-PONTOOSUC,8
HANCOCK-:-PRAIRIE,8
HANCOCK-:-ROCK CREEK,8
HANCOCK-:-ROCKY RUN-WILCOX,8
HANCOCK-:-SONORA,8
HANCOCK-:-ST ALBANS,8
HANCOCK-:-ST MARYS,8
HANCOCK-:-WALKER,8
HANCOCK-:-WARSAW 1,8
HANCOCK-:-WARSAW 2,8
HANCOCK-:-WARSAW 3,8
HANCOCK-:-WYTHE,8
HARDIN-:-CAVE IN ROCK,14
HARDIN-:-MCFARLAN,14
HARDIN-:-MONROE,14
HARDIN-:-ROCK,14
HARDIN-:-ROSICLARE,14
HARDIN-:-STONE CHURCH,14
HENDERSON-:-BALD BLUFF,6
HENDERSON-:-BIGGSVILLE,8
HENDERSON-:-CARMAN,6
HENDERSON-:-GLADSTONE 1,8
HENDERSON-:-GLADSTONE 2,8
HENDERSON-:-LOMAX,8
HENDERSON-:-MEDIA,6
HENDERSON-:-OQUAWKA 1,8
HENDERSON-:-OQUAWKA 2,8
HENDERSON-:-RARITAN,8
HENDERSON-:-ROZETTA,6
HENDERSON-:-STRONGHURST,8
HENDERSON-:-TERRE HAUTE,6
HENRY-:-ALBA,6
HENRY-:-ANDOVER,8
HENRY-:-ANNAWAN,8
HENRY-:-ATKINSON,8
HENRY-:-BURNS,8
HENRY-:-CAMBRIDGE 1,8
HENRY-:-CAMBRIDGE 2,8
HENRY-:-CLOVER,8
HENRY-:-COLONA 2,8
HENRY-:-COLONA 3,8
HENRY-:-COLONA 4,8
HENRY-:-COLONA 5,8
HENRY-:-CORNWALL,6
HENRY-:-EDFORD,8
HENRY-:-GALVA 1,8
HENRY-:-GALVA 2,8
HENRY-:-GALVA 3,8
HENRY-:-GENESEO 1,8
HENRY-:-GENESEO 2,8
HENRY-:-GENESEO 3,8
HENRY-:-GENESEO 4,8
HENRY-:-GENESEO 5,8
HENRY-:-GENESEO 6,8
HENRY-:-HANNA 1,8
HENRY-:-HANNA 2,8
HENRY-:-KEWANEE 1,8
HENRY-:-KEWANEE 10,8
HENRY-:-KEWANEE 11,8
HENRY-:-KEWANEE 2,8
HENRY-:-KEWANEE 3,8
HENRY-:-KEWANEE 4,8
HENRY-:-KEWANEE 5,8
HENRY-:-KEWANEE 6,8
HENRY-:-KEWANEE 7,8
HENRY-:-KEWANEE 8,8
HENRY-:-KEWANEE 9,8
HENRY-:-LORAINE,8
HENRY-:-LYNN,8
HENRY-:-MUNSON,8
HENRY-:-OSCO,8
HENRY-:-OXFORD,8
HENRY-:-PHENIX,8
HENRY-:-WELLER,6
HENRY-:-WESTERN 1,8
HENRY-:-WESTERN 2,8
HENRY-:-WESTERN 3,8
HENRY-:-WETHERSFIELD 1,8
HENRY-:-WETHERSFIELD 2,8
HENRY-:-WETHERSFIELD 3,8
HENRY-:-WETHERSFIELD 4,8
HENRY-:-YORKTOWN,8
IROQUOIS-:-ARTESIA-1,13
IROQUOIS-:-ASH GROVE-2,13
IROQUOIS-:-ASHKUM 1-3,13
IROQUOIS-:-ASHKUM 2-3,13
IROQUOIS-:-BEAVER-3,13
IROQUOIS-:-BEAVERVILLE-3,13
IROQUOIS-:-BELMONT 1-4,14
IROQUOIS-:-BELMONT 2-4,13
IROQUOIS-:-BELMONT 3-4,13
IROQUOIS-:-CHEBANSE 1-3,13
IROQUOIS-:-CHEBANSE 2-3,13
IROQUOIS-:-CONCORD-4/5,13
IROQUOIS-:-CRESCENT-1,13
IROQUOIS-:-DANFORTH-1,13
IROQUOIS-:-DOUGLAS 1-1,13
IROQUOIS-:-DOUGLAS 2-1,13
IROQUOIS-:-FOUNTAIN CREEK-2,14
IROQUOIS-:-IROQUOIS-1,13
IROQUOIS-:-LODA-2,14
IROQUOIS-:-LOVEJOY-2,14
IROQUOIS-:-MARTINTON-3,13
IROQUOIS-:-MIDDLEPORT 1-4,13
IROQUOIS-:-MIDDLEPORT 2-4,13
IROQUOIS-:-MIDDLEPORT 3-4/5,13
IROQUOIS-:-MIDDLEPORT 4-4,13
IROQUOIS-:-MILFORD 1-2,13
IROQUOIS-:-MILFORD 2-2,13
IROQUOIS-:-MILKS GROVE-3,13
IROQUOIS-:-ONARGA 1-1,13
IROQUOIS-:-ONARGA 2-1,13
IROQUOIS-:-PAPINEAU-3,13
IROQUOIS-:-PIGEON GROVE-2,14
IROQUOIS-:-PRAIRIE GREEN-2,13
IROQUOIS-:-RIDGELAND-1,13
IROQUOIS-:-SHELDON 1-2,13
IROQUOIS-:-SHELDON 2-2,13
IROQUOIS-:-STOCKLAND-2,14
JACKSON-:-BRADLEY - AVA-4,14
JACKSON-:-BRADLEY - CAMPBELL HILL-4,14
JACKSON-:-CARBONDALE 1-8,14
JACKSON-:-CARBONDALE 10-12,16
JACKSON-:-CARBONDALE 11-13,16
JACKSON-:-CARBONDALE 12-13,16
JACKSON-:-CARBONDALE 13-13,16
JACKSON-:-CARBONDALE 14-12,16
JACKSON-:-CARBONDALE 15-12,16
JACKSON-:-CARBONDALE 16-12,16
JACKSON-:-CARBONDALE 18-10,14
JACKSON-:-CARBONDALE 19-10,14
JACKSON-:-CARBONDALE 2-10,14
JACKSON-:-CARBONDALE 20-10,16
JACKSON-:-CARBONDALE 21-10/13,14
JACKSON-:-CARBONDALE 24-12/13,14
JACKSON-:-CARBONDALE 25-13,14
JACKSON-:-CARBONDALE 26-13,16
JACKSON-:-CARBONDALE 4-8,14
JACKSON-:-CARBONDALE 5-8,16
JACKSON-:-CARBONDALE 6-8,16
JACKSON-:-CARBONDALE 7-11,16
JACKSON-:-CARBONDALE 8-11,16
JACKSON-:-CARBONDALE 9-8,16
JACKSON-:-DEGOGNIA-4,14
JACKSON-:-DESOTO 1-8/9,14
JACKSON-:-DESOTO 2-8/9,16
JACKSON-:-ELK 1-1,14
JACKSON-:-ELK 3-1,16
JACKSON-:-FOUNTAIN BLUFF-4,14
JACKSON-:-GRAND TOWER-15,16
JACKSON-:-KINKAID-4,16
JACKSON-:-LEVAN-5/6,14
JACKSON-:-MAKANDA 1-12,14
JACKSON-:-MAKANDA 2-12,16
JACKSON-:-MAKANDA 3-10,16
JACKSON-:-MAKANDA 4-12,16
JACKSON-:-MURPHYSBORO 1-11,16
JACKSON-:-MURPHYSBORO 1-14,14
JACKSON-:-MURPHYSBORO 10-11,16
JACKSON-:-MURPHYSBORO 12-4,16
JACKSON-:-MURPHYSBORO 2-14,14
JACKSON-:-MURPHYSBORO 3-11,16
JACKSON-:-MURPHYSBORO 3-14,14
JACKSON-:-MURPHYSBORO 4-11/12,16
JACKSON-:-MURPHYSBORO 5-14,14
JACKSON-:-MURPHYSBORO 6-4,16
JACKSON-:-MURPHYSBORO 7-14,14
JACKSON-:-MURPHYSBORO 8-4,16
JACKSON-:-MURPHYSBORO 9-4,14
JACKSON-:-ORA-3/4,16
JACKSON-:-POMONA-15,16
JACKSON-:-SAND RIDGE-6,16
JACKSON-:-SOMERSET 1-6/7,14
JACKSON-:-SOMERSET 2-6,14
JACKSON-:-SOMERSET 3-6,14
JACKSON-:-SOMERSET 4-6/7,16
JACKSON-:-VERGENNES-2,16
JASPER-:-CROOKED CREEK-1,14
JASPER-:-FOX-3,14
JASPER-:-GRANDVILLE-1,14
JASPER-:-GROVE-2,14
JASPER-:-HUNT CITY-1,14
JASPER-:-NORTH MUDDY-2,14
JASPER-:-SMALLWOOD-3,14
JASPER-:-SOUTH MUDDY-2,16
JASPER-:-STE. MARIE 1-3,14
JASPER-:-STE. MARIE 2-1,14
JASPER-:-WADE 1-1,14
JASPER-:-WADE 2-2,14
JASPER-:-WADE 3-2,14
JASPER-:-WADE 4-3,14
JASPER-:-WILLOW HILL-1,14
JEFFERSON-:-BALD HILL,14
JEFFERSON-:-BLISSVILLE,16
JEFFERSON-:-CASNER,14
JEFFERSON-:-DODDS 1,14
JEFFERSON-:-DODDS 2,14
JEFFERSON-:-ELK PRAIRIE,16
JEFFERSON-:-FARRINGTON,14
JEFFERSON-:-FIELD,14
JEFFERSON-:-GRAND PRAIRIE,16
JEFFERSON-:-MCCLELLAN,14
JEFFERSON-:-MOORES PRAIRIE,16
JEFFERSON-:-MT VERNON 1,14
JEFFERSON-:-MT VERNON 10,14
JEFFERSON-:-MT VERNON 2,14
JEFFERSON-:-MT VERNON 3,14
JEFFERSON-:-MT VERNON 4,14
JEFFERSON-:-MT VERNON 5,14
JEFFERSON-:-MT VERNON 6,14
JEFFERSON-:-MT VERNON 7,14
JEFFERSON-:-MT VERNON 8,14
JEFFERSON-:-MT VERNON 9,14
JEFFERSON-:-PENDLETON,14
JEFFERSON-:-ROME 1,14
JEFFERSON-:-ROME 2,16
JEFFERSON-:-SHILOH 1,16
JEFFERSON-:-SHILOH 2,14
JEFFERSON-:-SHILOH 3,14
JEFFERSON-:-SHILOH 4,14
JEFFERSON-:-SHILOH 5,14
JEFFERSON-:-SPRING GARDEN 1,16
JEFFERSON-:-SPRING GARDEN 2,16
JEFFERSON-:-WEBBER 1,14
JEFFERSON-:-WEBBER 2,14
JERSEY-:-ELSAH 1,12
JERSEY-:-ELSAH 2,12
JERSEY-:-ENGLISH,12
JERSEY-:-FIDELITY,12
JERSEY-:-JERSEY 1,12
JERSEY-:-JERSEY 2,12
JERSEY-:-JERSEY 3,12
JERSEY-:-JERSEY 4,12
JERSEY-:-JERSEY 5,12
JERSEY-:-JERSEY 6,12
JERSEY-:-JERSEY 7,12
JERSEY-:-JERSEY 8,12
JERSEY-:-MISSISSIPPI 1,8
JERSEY-:-MISSISSIPPI 2,12
JERSEY-:-OTTER CREEK,12
JERSEY-:-PIASA 1,14
JERSEY-:-PIASA 2,14
JERSEY-:-PIASA 3,14
JERSEY-:-QUARRY,12
JERSEY-:-RICHWOOD,12
JERSEY-:-ROSEDALE,12
JERSEY-:-RUYLE,12
JODAVIESS-:-APPLE RIVER,9
JODAVIESS-:-BERREMAN,9
JODAVIESS-:-COUNCIL HILL,9
JODAVIESS-:-DERINDA,9
JODAVIESS-:-DUNLEITH 1,9
JODAVIESS-:-DUNLEITH 2,9
JODAVIESS-:-DUNLEITH 3,9
JODAVIESS-:-EAST GALENA,9
JODAVIESS-:-ELIZABETH,9
JODAVIESS-:-GUILFORD,9
JODAVIESS-:-HANOVER,9
JODAVIESS-:-MENOMINEE,9
JODAVIESS-:-NORA,9
JODAVIESS-:-PLEASANT VALLEY,9
JODAVIESS-:-RAWLINS,9
JODAVIESS-:-RICE,9
JODAVIESS-:-RUSH,9
JODAVIESS-:-SCALES MOUND,9
JODAVIESS-:-STOCKTON 1,9
JODAVIESS-:-STOCKTON 2,9
JODAVIESS-:-THOMPSON,9
JODAVIESS-:-VINEGAR HILL,9
JODAVIESS-:-WARDS GROVE,9
JODAVIESS-:-WARREN,9
JODAVIESS-:-WEST GALENA 1,9
JODAVIESS-:-WEST GALENA 2,9
JODAVIESS-:-WEST GALENA 3,9
JODAVIESS-:-WOODBINE,9
JOHNSON-:-BELKNAP-1,14
JOHNSON-:-BLOOMFIELD-1,14
JOHNSON-:-BURNSIDE-1,14
JOHNSON-:-CACHE-1,16
JOHNSON-:-ELVIRA-1,14
JOHNSON-:-GOREVILLE 1-1,14
JOHNSON-:-GOREVILLE 2-1,14
JOHNSON-:-GRANTSBURG-1,14
JOHNSON-:-LAKE 1-1,14
JOHNSON-:-LAKE 2-1,14
JOHNSON-:-OZARK-1,14
JOHNSON-:-SIMPSON-1,14
JOHNSON-:-TUNNEL HILL-1,14
JOHNSON-:-VIENNA 1-1,16
JOHNSON-:-VIENNA 2-1,14
JOHNSON-:-VIENNA 3-1,16
KANE-:-AU0001-1/2,8
KANE-:-AU0002-3/4,7
KANE-:-AU0003-5,16
KANE-:-AU0004-6,7
KANE-:-AU0005-7,16
KANE-:-AU0006-8,16
KANE-:-AU0007-9,16
KANE-:-AU0008-10,16
KANE-:-AU0009-11,16
KANE-:-AU0009-12,16
KANE-:-AU0010-13,16
KANE-:-AU0010-14,16
KANE-:-AU0011-15,16
KANE-:-AU0012-16,16
KANE-:-AU0013-17,16
KANE-:-AU0014-18,16
KANE-:-AU0015-19,16
KANE-:-AU0016-20,16
KANE-:-AU0017-21,16
KANE-:-AU0018-22,16
KANE-:-AU0019-23,16
KANE-:-AU0020-24,16
KANE-:-AU0021-25,7
KANE-:-AU0021-26,7
KANE-:-AU0022-27,7
KANE-:-AU0023-28,16
KANE-:-AU0024-29,16
KANE-:-AU0025-30,16
KANE-:-AU0026-31,16
KANE-:-AU0027-32,16
KANE-:-AU0028-33,16
KANE-:-AU0029-34,16
KANE-:-AU0030-35,16
KANE-:-AU0031-36,16
KANE-:-AU0032-37,16
KANE-:-AU0033-38,7
KANE-:-AU0034-39,7
KANE-:-AU0035-40,16
KANE-:-AU0036-41,7
KANE-:-AU0037-42,7
KANE-:-AU0038-43,7
KANE-:-AU0039-44,7
KANE-:-AU0040-45,8
KANE-:-AU0041-46,7
KANE-:-AU0042-47,14
KANE-:-AU0043-48,14
KANE-:-AU0044-49,7
KANE-:-AU0045-50/51,7
KANE-:-AU0046-52,7
KANE-:-AU0047-53,16
KANE-:-AU0048-54,16
KANE-:-AU0049-55,16
KANE-:-AU0050-56,7
KANE-:-AU0050-57,7
KANE-:-AU0051-58,7
KANE-:-AU0052-59,16
KANE-:-AU0053-60,16
KANE-:-AU0054-61,16
KANE-:-AU0055-62,16
KANE-:-AU0056-63,16
KANE-:-AU0057-64,7
KANE-:-AU0058-65,7
KANE-:-AU0059-66,7
KANE-:-AU0060-67,7
KANE-:-AU0061-68,16
KANE-:-BA0001-69,14
KANE-:-BA0002-70,14
KANE-:-BA0003-71,14
KANE-:-BA0004-72,14
KANE-:-BA0005-73/74,14
KANE-:-BA0006-75,14
KANE-:-BA0007-76,14
KANE-:-BA0008-77,14
KANE-:-BA0009-78,14
KANE-:-BA0010-79,14
KANE-:-BA0011-80,14
KANE-:-BA0012-81,7
KANE-:-BA0013-82,14
KANE-:-BA0014-83,14
KANE-:-BA0015-84,14
KANE-:-BA0016-85,14
KANE-:-BA0017-86,14
KANE-:-BA0018-87/88,14
KANE-:-BA0019-89,14
KANE-:-BA0020-90,14
KANE-:-BA0021-91,7
KANE-:-BA0022-92,14
KANE-:-BB0001-93,7
KANE-:-BB0002-94/95,14
KANE-:-BB0003-97,7
KANE-:-BB0004-98,8
KANE-:-BB0005-99,7
KANE-:-BB0006-100,7
KANE-:-BB0007-101,7
KANE-:-BB0008-103,14
KANE-:-BB0009-104,7
KANE-:-BB0010-105,7
KANE-:-BB0011-106/107,14
KANE-:-BR0001-108,7
KANE-:-BR0002-109,7
KANE-:-BU0001-110/111/112,7
KANE-:-CA0001-114,7
KANE-:-CA0002-115/116,7
KANE-:-CA0003-117/118,7
KANE-:-CA0004-119,8
KANE-:-CA0005-121/122,7
KANE-:-CA0006-123,8
KANE-:-CA0007-124,8
KANE-:-CA0008-125,8
KANE-:-CA0009-127,7
KANE-:-CA0010-128/129,7
KANE-:-CA0011-130/131,7
KANE-:-CA0012-132/133,8
KANE-:-DU0001-134,7
KANE-:-DU0002-135,7
KANE-:-DU0003-136,7
KANE-:-DU0004-137,8
KANE-:-DU0005-138,7
KANE-:-DU0006-139,7
KANE-:-DU0007-141,7
KANE-:-DU0008-142,7
KANE-:-DU0009-143,7
KANE-:-DU0009-144,7
KANE-:-DU0010-145,7
KANE-:-DU0011-146,7
KANE-:-DU0012-147,7
KANE-:-DU0013-148,7
KANE-:-DU0014-149/150,7
KANE-:-DU0015-151,7
KANE-:-DU0016-152,7
KANE-:-DU0016-153,7
KANE-:-DU0017-154,7
KANE-:-DU0018-155,7
KANE-:-DU0019-156,7
KANE-:-DU0020-157,7
KANE-:-DU0021-158,7
KANE-:-DU0022-159,8
KANE-:-DU0023-160,8
KANE-:-DU0024-161,8
KANE-:-DU0025-162,8
KANE-:-DU0026-163,7
KANE-:-DU0027-164,7
KANE-:-DU0028-165,7
KANE-:-DU0029-166,8
KANE-:-DU0030-167,7
KANE-:-DU0031-168,7
KANE-:-DU0032-169,7
KANE-:-DU0033-170,7
KANE-:-DU0034-171,7
KANE-:-DU0035-172,8
KANE-:-EL0001-173,7
KANE-:-EL0002-174,7
KANE-:-EL0003-175,7
KANE-:-EL0004-176,7
KANE-:-EL0005-177,7
KANE-:-EL0006-178,7
KANE-:-EL0007-179,11
KANE-:-EL0008-180,7
KANE-:-EL0009-181,7
KANE-:-EL0010-182,7
KANE-:-EL0010-183,7
KANE-:-EL0011-184,7
KANE-:-EL0012-185,7
KANE-:-EL0013-186,7
KANE-:-EL0014-187,7
KANE-:-EL0015-188/189/190,7
KANE-:-EL0016-191,7
KANE-:-EL0017-192,7
KANE-:-EL0018-193,7
KANE-:-EL0019-194,7
KANE-:-EL0020-195,7
KANE-:-EL0021-196,7
KANE-:-EL0022-197/198/199,7
KANE-:-EL0023-200/201,7
KANE-:-EL0024-202/203/204,7
KANE-:-EL0025-205,7
KANE-:-EL0026-206,7
KANE-:-EL0027-207,11
KANE-:-EL0028-208,11
KANE-:-EL0029-209,7
KANE-:-EL0030-210/211,8
KANE-:-EL0031-212,7
KANE-:-EL0032-214,7
KANE-:-EL0033-215,7
KANE-:-EL0033-216,7
KANE-:-EL0034-217,7
KANE-:-EL0035-218,7
KANE-:-EL0036-219,7
KANE-:-EL0037-220,7
KANE-:-EL0037-221,7
KANE-:-EL0038-222,11
KANE-:-EL0039-223,7
KANE-:-EL0040-224/225/226,8
KANE-:-EL0041-227/228,7
KANE-:-EL0042-229,7
KANE-:-EL0043-230/231,7
KANE-:-EL0044-232,7
KANE-:-EL0045-233/234,11
KANE-:-EL0046-235,7
KANE-:-EL0047-236,7
KANE-:-EL0048-237,7
KANE-:-EL0049-238,7
KANE-:-EL0050-239/240,7
KANE-:-EL0051-241,7
KANE-:-EL0052-242,8
KANE-:-EL0052-243,7
KANE-:-GE0001-244,7
KANE-:-GE0002-245,7
KANE-:-GE0003-246,14
KANE-:-GE0004-247,7
KANE-:-GE0005-248,7
KANE-:-GE0006-249,14
KANE-:-GE0007-250,14
KANE-:-GE0008-251,7
KANE-:-GE0009-252,7
KANE-:-GE0010-253,7
KANE-:-GE0010-254,7
KANE-:-GE0010-255,7
KANE-:-GE0011-256,7
KANE-:-GE0012-257,14
KANE-:-GE0013-258/259,14
KANE-:-GE0014-260,7
KANE-:-GE0015-261,14
KANE-:-GE0016-262/263,14
KANE-:-GE0017-264,11
KANE-:-GE0018-265,14
KANE-:-GE0019-266/267,7
KANE-:-GE0020-268,8
KANE-:-HA0001-269/270/271,11
KANE-:-HA0002-272,7
KANE-:-HA0003-274,7
KANE-:-HA0004-275,7
KANE-:-HA0005-276,7
KANE-:-KA0001-277,8
KANE-:-PL0001-278,7
KANE-:-PL0002-280/281/282/283,7
KANE-:-PL0003-284/285,7
KANE-:-PL0004-286/287/288,11
KANE-:-PL0005-289/290,7
KANE-:-PL0006-291,7
KANE-:-RU0001-292/293,7
KANE-:-RU0002-294/295/296/297/298,7
KANE-:-RU0003-299/300,11
KANE-:-RU0004-301,7
KANE-:-RU0005-302,11
KANE-:-RU0006-304,11
KANE-:-RU0007-305/306,7
KANE-:-RU0008-307,7
KANE-:-RU0009-308/309,7
KANE-:-RU0009-310,7
KANE-:-RU0010-311,7
KANE-:-RU0011-312,7
KANE-:-RU0012-313,11
KANE-:-RU0013-314,11
KANE-:-RU0013-315,11
KANE-:-RU0014-316,7
KANE-:-SC0001-317,8
KANE-:-SC0002-318,11
KANE-:-SC0003-319,7
KANE-:-SC0004-320/321,7
KANE-:-SC0005-322,7
KANE-:-SC0006-323,8
KANE-:-SC0007-324,8
KANE-:-SC0008-325/326,7
KANE-:-SC0009-327,7
KANE-:-SC0010-328,14
KANE-:-SC0011-329,7
KANE-:-SC0012-330,7
KANE-:-SC0013-331,7
KANE-:-SC0013-332,7
KANE-:-SC0014-333,7
KANE-:-SC0015-334,7
KANE-:-SC0016-335,7
KANE-:-SC0017-336/337,7
KANE-:-SC0018-338,7
KANE-:-SC0018-339,7
KANE-:-SC0019-340,11
KANE-:-SC0020-341,8
KANE-:-SC0021-342,11
KANE-:-SC0022-344,8
KANE-:-SC0023-345,7
KANE-:-SC0024-346,7
KANE-:-SC0025-347/348,7
KANE-:-SC0026-349,7
KANE-:-SC0027-350,7
KANE-:-SC0028-351,8
KANE-:-SC0029-352,7
KANE-:-SC0030-353,8
KANE-:-SC0031-354,7
KANE-:-SC0032-355,8
KANE-:-SC0033-356,8
KANE-:-SC0034-357,8
KANE-:-SG0001-358,7
KANE-:-SG0002-359,16
KANE-:-SG0003-360,8
KANE-:-SG0004-361,7
KANE-:-SG0005-362,8
KANE-:-SG0006-363/364,7
KANE-:-SG0007-365,8
KANE-:-SG0008-366,8
KANE-:-SG0009-367,7
KANE-:-SG0010-368,16
KANE-:-SG0011-369,16
KANE-:-SG0012-370,7
KANE-:-SG0013-371,8
KANE-:-SG0014-372,7
KANE-:-VI0001-373,8
KANE-:-VI0002-374/375/376,8
KANKAKEE-:-AROMA 1,10
KANKAKEE-:-AROMA 2,10
KANKAKEE-:-AROMA 3,10
KANKAKEE-:-BOURBONNAIS 1,10
KANKAKEE-:-BOURBONNAIS 12,10
KANKAKEE-:-BOURBONNAIS 15,10
KANKAKEE-:-BOURBONNAIS 16,10
KANKAKEE-:-BOURBONNAIS 18,10
KANKAKEE-:-BOURBONNAIS 19,10
KANKAKEE-:-BOURBONNAIS 2,10
KANKAKEE-:-BOURBONNAIS 3,10
KANKAKEE-:-BOURBONNAIS 4,10
KANKAKEE-:-BOURBONNAIS 6,10
KANKAKEE-:-BOURBONNAIS 7,10
KANKAKEE-:-BOURBONNAIS 8,10
KANKAKEE-:-BOURBONNAIS 9,10
KANKAKEE-:-ESSEX,10
KANKAKEE-:-GANEER 1,10
KANKAKEE-:-GANEER 2,10
KANKAKEE-:-GANEER 3,10
KANKAKEE-:-KANKAKEE 1,10
KANKAKEE-:-KANKAKEE 2,10
KANKAKEE-:-KANKAKEE 3,10
KANKAKEE-:-KANKAKEE 4,10
KANKAKEE-:-KANKAKEE 5,10
KANKAKEE-:-KANKAKEE 6,10
KANKAKEE-:-KANKAKEE 7,10
KANKAKEE-:-KANKAKEE 8,10
KANKAKEE-:-KANKAKEE 9,10
KANKAKEE-:-LIMESTONE 1,10
KANKAKEE-:-LIMESTONE 2,10
KANKAKEE-:-LIMESTONE 3,10
KANKAKEE-:-LIMESTONE 4,10
KANKAKEE-:-MANTENO 1,10
KANKAKEE-:-MANTENO 2,10
KANKAKEE-:-MANTENO 3,10
KANKAKEE-:-MANTENO 5,10
KANKAKEE-:-MANTENO 6,10
KANKAKEE-:-MOMENCE 1,10
KANKAKEE-:-MOMENCE 2,10
KANKAKEE-:-NORTON,10
KANKAKEE-:-OTTO 1,10
KANKAKEE-:-OTTO 2,10
KANKAKEE-:-PEMBROKE 1,10
KANKAKEE-:-PEMBROKE 2,10
KANKAKEE-:-PILOT,10
KANKAKEE-:-ROCKVILLE,10
KANKAKEE-:-SALINA,10
KANKAKEE-:-ST. ANNE,10
KANKAKEE-:-SUMNER,10
KANKAKEE-:-YELLOWHEAD 1,10
KANKAKEE-:-YELLOWHEAD 2,10
KENDALL-:-BIG GROVE 1,9
KENDALL-:-BRISTOL 1,9
KENDALL-:-BRISTOL 10,9
KENDALL-:-BRISTOL 11,9
KENDALL-:-BRISTOL 12,9
KENDALL-:-BRISTOL 13,9
KENDALL-:-BRISTOL 14,9
KENDALL-:-BRISTOL 15,9
KENDALL-:-BRISTOL 16,9
KENDALL-:-BRISTOL 17,9
KENDALL-:-BRISTOL 18,9
KENDALL-:-BRISTOL 2,9
KENDALL-:-BRISTOL 3,9
KENDALL-:-BRISTOL 4,9
KENDALL-:-BRISTOL 5,9
KENDALL-:-BRISTOL 6,9
KENDALL-:-BRISTOL 7,9
KENDALL-:-BRISTOL 8,9
KENDALL-:-BRISTOL 9,9
KENDALL-:-FOX 1,9
KENDALL-:-FOX 2,9
KENDALL-:-KENDALL 1,9
KENDALL-:-KENDALL 2,9
KENDALL-:-KENDALL 3,9
KENDALL-:-KENDALL 4,9
KENDALL-:-KENDALL 5,9
KENDALL-:-KENDALL 6,9
KENDALL-:-LISBON 1,10
KENDALL-:-LITTLE ROCK 1,9
KENDALL-:-LITTLE ROCK 2,9
KENDALL-:-LITTLE ROCK 3,9
KENDALL-:-LITTLE ROCK 4,9
KENDALL-:-LITTLE ROCK 5,9
KENDALL-:-LITTLE ROCK 6,9
KENDALL-:-LITTLE ROCK 7,9
KENDALL-:-LITTLE ROCK 8,9
KENDALL-:-NA AU SAY 1,9
KENDALL-:-NA AU SAY 2,9
KENDALL-:-NA AU SAY 3,9
KENDALL-:-NA AU SAY 4,9
KENDALL-:-NA AU SAY 5,9
KENDALL-:-NA AU SAY 6,9
KENDALL-:-OSWEGO 1,9
KENDALL-:-OSWEGO 10,9
KENDALL-:-OSWEGO 11,9
KENDALL-:-OSWEGO 12,9
KENDALL-:-OSWEGO 13,9
KENDALL-:-OSWEGO 14,9
KENDALL-:-OSWEGO 15,9
KENDALL-:-OSWEGO 16,9
KENDALL-:-OSWEGO 17,9
KENDALL-:-OSWEGO 18,9
KENDALL-:-OSWEGO 19,9
KENDALL-:-OSWEGO 2,9
KENDALL-:-OSWEGO 20,9
KENDALL-:-OSWEGO 21,9
KENDALL-:-OSWEGO 22,9
KENDALL-:-OSWEGO 23,9
KENDALL-:-OSWEGO 24,9
KENDALL-:-OSWEGO 25,9
KENDALL-:-OSWEGO 26,9
KENDALL-:-OSWEGO 27,9
KENDALL-:-OSWEGO 28,9
KENDALL-:-OSWEGO 29,9
KENDALL-:-OSWEGO 3,9
KENDALL-:-OSWEGO 30,9
KENDALL-:-OSWEGO 31,9
KENDALL-:-OSWEGO 32,9
KENDALL-:-OSWEGO 33,9
KENDALL-:-OSWEGO 4,9
KENDALL-:-OSWEGO 5,9
KENDALL-:-OSWEGO 6,9
KENDALL-:-OSWEGO 7,9
KENDALL-:-OSWEGO 8,9
KENDALL-:-OSWEGO 9,9
KENDALL-:-SEWARD 1,9
KENDALL-:-SEWARD 2,9
KENDALL-:-SEWARD 3,9
KNOX-:-CEDAR FIRST,6
KNOX-:-CEDAR FOURTH,6
KNOX-:-CEDAR SECOND,6
KNOX-:-CEDAR THIRD,6
KNOX-:-CHESTNUT,6
KNOX-:-COPLEY,6
KNOX-:-ELBA,6
KNOX-:-GALESBURG,6
KNOX-:-HAW CREEK,6
KNOX-:-HENDERSON,6
KNOX-:-INDIAN POINT,6
KNOX-:-KNOX FIFTH,6
KNOX-:-KNOX FIRST,6
KNOX-:-KNOX FOURTH,6
KNOX-:-KNOX SECOND,6
KNOX-:-KNOX SIX,6
KNOX-:-KNOX THIRD,6
KNOX-:-LYNN,6
KNOX-:-MAQUON,6
KNOX-:-ONTARIO,6
KNOX-:-ORANGE,6
KNOX-:-PERSIFER,6
KNOX-:-RIO TWP,6
KNOX-:-SALEM,6
KNOX-:-SPARTA,6
KNOX-:-TRURO,6
KNOX-:-VICTORIA,6
KNOX-:-WALNUT GROVE,8
LAKE-:-ANTIOCH 1,14
LAKE-:-ANTIOCH 10,3
LAKE-:-ANTIOCH 11,3
LAKE-:-ANTIOCH 12,14
LAKE-:-ANTIOCH 13,3
LAKE-:-ANTIOCH 14,3
LAKE-:-ANTIOCH 15,14
LAKE-:-ANTIOCH 16,14
LAKE-:-ANTIOCH 17,14
LAKE-:-ANTIOCH 18,14
LAKE-:-ANTIOCH 19,3
LAKE-:-ANTIOCH 2,14
LAKE-:-ANTIOCH 3,14
LAKE-:-ANTIOCH 4,3
LAKE-:-ANTIOCH 5,3
LAKE-:-ANTIOCH 6,3
LAKE-:-ANTIOCH 7,14
LAKE-:-ANTIOCH 8,3
LAKE-:-ANTIOCH 9,3
LAKE-:-AVON 20,3
LAKE-:-AVON 21,3
LAKE-:-AVON 22,3
LAKE-:-AVON 23,3
LAKE-:-AVON 24,3
LAKE-:-AVON 25,3
LAKE-:-AVON 26,3
LAKE-:-AVON 27,3
LAKE-:-AVON 28,3
LAKE-:-AVON 29,3
LAKE-:-AVON 30,3
LAKE-:-AVON 31,3
LAKE-:-AVON 32,3
LAKE-:-AVON 33,3
LAKE-:-AVON 34,3
LAKE-:-AVON 35,11
LAKE-:-AVON 36,3
LAKE-:-AVON 37,3
LAKE-:-AVON 38,3
LAKE-:-AVON 39,3
LAKE-:-AVON 40,3
LAKE-:-AVON 41,3
LAKE-:-AVON 42,3
LAKE-:-AVON 43,3
LAKE-:-AVON 44,11
LAKE-:-AVON 45,3
LAKE-:-AVON 46,3
LAKE-:-AVON 47,3
LAKE-:-AVON 48,3
LAKE-:-AVON 49,3
LAKE-:-AVON 50,3
LAKE-:-AVON 51,3
LAKE-:-AVON 52,3
LAKE-:-BENTON 53,11
LAKE-:-BENTON 54,11
LAKE-:-BENTON 55,11
LAKE-:-BENTON 56,11
LAKE-:-BENTON 57,11
LAKE-:-BENTON 58,11
LAKE-:-BENTON 59,11
LAKE-:-BENTON 60,3
LAKE-:-BENTON 61,3
LAKE-:-BENTON 62,3
LAKE-:-BENTON 63,8
LAKE-:-BENTON 64,3
LAKE-:-BENTON 65,3
LAKE-:-CUBA 66,8
LAKE-:-CUBA 67,8
LAKE-:-CUBA 68,8
LAKE-:-CUBA 69,8
LAKE-:-CUBA 70,8
LAKE-:-CUBA 71,8
LAKE-:-CUBA 72,8
LAKE-:-CUBA 73,8
LAKE-:-CUBA 74,8
LAKE-:-CUBA 75,8
LAKE-:-CUBA 76,8
LAKE-:-CUBA 77,8
LAKE-:-CUBA 78,8
LAKE-:-ELA 100,14
LAKE-:-ELA 101,14
LAKE-:-ELA 102,8
LAKE-:-ELA 103,8
LAKE-:-ELA 104,8
LAKE-:-ELA 105,3
LAKE-:-ELA 106,3
LAKE-:-ELA 107,3
LAKE-:-ELA 79,3
LAKE-:-ELA 80,3
LAKE-:-ELA 81,14
LAKE-:-ELA 82,3
LAKE-:-ELA 83,14
LAKE-:-ELA 84,3
LAKE-:-ELA 85,3
LAKE-:-ELA 86,14
LAKE-:-ELA 87,3
LAKE-:-ELA 88,3
LAKE-:-ELA 89,3
LAKE-:-ELA 90,14
LAKE-:-ELA 91,3
LAKE-:-ELA 92,8
LAKE-:-ELA 93,3
LAKE-:-ELA 94,8
LAKE-:-ELA 95,3
LAKE-:-ELA 96,3
LAKE-:-ELA 97,14
LAKE-:-ELA 98,3
LAKE-:-ELA 99,8
LAKE-:-FREMONT 108,3
LAKE-:-FREMONT 109,3
LAKE-:-FREMONT 110,3
LAKE-:-FREMONT 111,3
LAKE-:-FREMONT 112,3
LAKE-:-FREMONT 113,3
LAKE-:-FREMONT 114,3
LAKE-:-FREMONT 115,3
LAKE-:-FREMONT 116,3
LAKE-:-FREMONT 117,3
LAKE-:-FREMONT 118,11
LAKE-:-FREMONT 119,11
LAKE-:-FREMONT 120,11
LAKE-:-FREMONT 121,11
LAKE-:-FREMONT 122,3
LAKE-:-FREMONT 123,3
LAKE-:-FREMONT 124,3
LAKE-:-FREMONT 125,3
LAKE-:-FREMONT 126,3
LAKE-:-FREMONT 127,3
LAKE-:-FREMONT 128,3
LAKE-:-FREMONT 129,3
LAKE-:-GRANT 130,3
LAKE-:-GRANT 131,3
LAKE-:-GRANT 132,3
LAKE-:-GRANT 133,3
LAKE-:-GRANT 134,3
LAKE-:-GRANT 135,3
LAKE-:-GRANT 136,3
LAKE-:-GRANT 137,3
LAKE-:-GRANT 138,11
LAKE-:-GRANT 139,3
LAKE-:-GRANT 140,3
LAKE-:-GRANT 141,11
LAKE-:-GRANT 142,10
LAKE-:-GRANT 143,3
LAKE-:-GRANT 144,10
LAKE-:-GRANT 145,10
LAKE-:-GRANT 146,3
LAKE-:-GRANT 147,3
LAKE-:-LAKE VILLA 148,3
LAKE-:-LAKE VILLA 149,3
LAKE-:-LAKE VILLA 150,3
LAKE-:-LAKE VILLA 151,3
LAKE-:-LAKE VILLA 152,3
LAKE-:-LAKE VILLA 153,3
LAKE-:-LAKE VILLA 154,3
LAKE-:-LAKE VILLA 155,11
LAKE-:-LAKE VILLA 156,11
LAKE-:-LAKE VILLA 157,3
LAKE-:-LAKE VILLA 158,11
LAKE-:-LAKE VILLA 159,3
LAKE-:-LAKE VILLA 160,11
LAKE-:-LAKE VILLA 161,3
LAKE-:-LAKE VILLA 162,3
LAKE-:-LAKE VILLA 163,11
LAKE-:-LAKE VILLA 164,3
LAKE-:-LAKE VILLA 165,3
LAKE-:-LAKE VILLA 166,3
LAKE-:-LAKE VILLA 167,3
LAKE-:-LAKE VILLA 168,3
LAKE-:-LAKE VILLA 169,3
LAKE-:-LAKE VILLA 170,3
LAKE-:-LAKE VILLA 171,3
LAKE-:-LAKE VILLA 172,3
LAKE-:-LAKE VILLA 173,3
LAKE-:-LIBERTYVILLE 174,3
LAKE-:-LIBERTYVILLE 175,3
LAKE-:-LIBERTYVILLE 176,8
LAKE-:-LIBERTYVILLE 177,3
LAKE-:-LIBERTYVILLE 178,11
LAKE-:-LIBERTYVILLE 179,3
LAKE-:-LIBERTYVILLE 180,3
LAKE-:-LIBERTYVILLE 181,3
LAKE-:-LIBERTYVILLE 182,3
LAKE-:-LIBERTYVILLE 183,3
LAKE-:-LIBERTYVILLE 184,11
LAKE-:-LIBERTYVILLE 185,11
LAKE-:-LIBERTYVILLE 186,3
LAKE-:-LIBERTYVILLE 187,8
LAKE-:-LIBERTYVILLE 188,8
LAKE-:-LIBERTYVILLE 189,11
LAKE-:-LIBERTYVILLE 190,11
LAKE-:-LIBERTYVILLE 191,11
LAKE-:-LIBERTYVILLE 192,3
LAKE-:-LIBERTYVILLE 193,8
LAKE-:-LIBERTYVILLE 194,11
LAKE-:-LIBERTYVILLE 195,11
LAKE-:-LIBERTYVILLE 196,11
LAKE-:-LIBERTYVILLE 197,11
LAKE-:-LIBERTYVILLE 198,11
LAKE-:-LIBERTYVILLE 199,11
LAKE-:-LIBERTYVILLE 200,3
LAKE-:-LIBERTYVILLE 201,8
LAKE-:-LIBERTYVILLE 202,3
LAKE-:-LIBERTYVILLE 203,3
LAKE-:-LIBERTYVILLE 204,3
LAKE-:-LIBERTYVILLE 205,3
LAKE-:-LIBERTYVILLE 206,14
LAKE-:-LIBERTYVILLE 207,14
LAKE-:-LIBERTYVILLE 208,3
LAKE-:-LIBERTYVILLE 209,3
LAKE-:-MORAINE 210,8
LAKE-:-MORAINE 211,8
LAKE-:-MORAINE 212,8
LAKE-:-MORAINE 213,8
LAKE-:-MORAINE 214,8
LAKE-:-MORAINE 215,8
LAKE-:-MORAINE 216,8
LAKE-:-MORAINE 217,8
LAKE-:-MORAINE 218,8
LAKE-:-MORAINE 219,8
LAKE-:-MORAINE 220,8
LAKE-:-MORAINE 221,8
LAKE-:-MORAINE 222,8
LAKE-:-MORAINE 223,8
LAKE-:-MORAINE 224,8
LAKE-:-MORAINE 225,8
LAKE-:-MORAINE 226,8
LAKE-:-MORAINE 227,8
LAKE-:-MORAINE 228,8
LAKE-:-MORAINE 229,8
LAKE-:-MORAINE 230,8
LAKE-:-MORAINE 231,8
LAKE-:-MORAINE 232,8
LAKE-:-NEWPORT 233,11
LAKE-:-NEWPORT 234,3
LAKE-:-NEWPORT 235,11
LAKE-:-NEWPORT 236,11
LAKE-:-NEWPORT 237,11
LAKE-:-SHIELDS 238,3
LAKE-:-SHIELDS 239,3
LAKE-:-SHIELDS 240,3
LAKE-:-SHIELDS 241,3
LAKE-:-SHIELDS 242,3
LAKE-:-SHIELDS 243,3
LAKE-:-SHIELDS 244,3
LAKE-:-SHIELDS 245,8
LAKE-:-SHIELDS 246,3
LAKE-:-SHIELDS 247,3
LAKE-:-SHIELDS 248,8
LAKE-:-SHIELDS 249,8
LAKE-:-SHIELDS 250,8
LAKE-:-SHIELDS 251,8
LAKE-:-SHIELDS 252,8
LAKE-:-SHIELDS 253,8
LAKE-:-SHIELDS 254,8
LAKE-:-SHIELDS 255,8
LAKE-:-VERNON 256,3
LAKE-:-VERNON 257,3
LAKE-:-VERNON 258,3
LAKE-:-VERNON 259,3
LAKE-:-VERNON 260,3
LAKE-:-VERNON 261,3
LAKE-:-VERNON 262,3
LAKE-:-VERNON 263,8
LAKE-:-VERNON 264,3
LAKE-:-VERNON 265,10
LAKE-:-VERNON 266,3
LAKE-:-VERNON 267,16
LAKE-:-VERNON 268,3
LAKE-:-VERNON 269,3
LAKE-:-VERNON 270,3
LAKE-:-VERNON 271,3
LAKE-:-VERNON 272,14
LAKE-:-VERNON 273,3
LAKE-:-VERNON 274,8
LAKE-:-VERNON 275,3
LAKE-:-VERNON 276,14
LAKE-:-VERNON 277,14
LAKE-:-VERNON 278,3
LAKE-:-VERNON 279,3
LAKE-:-VERNON 280,3
LAKE-:-VERNON 281,3
LAKE-:-VERNON 282,14
LAKE-:-VERNON 283,14
LAKE-:-VERNON 284,14
LAKE-:-VERNON 285,14
LAKE-:-VERNON 286,14
LAKE-:-VERNON 287,3
LAKE-:-VERNON 288,14
LAKE-:-VERNON 289,14
LAKE-:-VERNON 290,3
LAKE-:-VERNON 291,3
LAKE-:-VERNON 292,3
LAKE-:-VERNON 293,3
LAKE-:-VERNON 294,3
LAKE-:-VERNON 295,3
LAKE-:-VERNON 296,3
LAKE-:-VERNON 297,3
LAKE-:-VERNON 298,3
LAKE-:-WARREN 299,11
LAKE-:-WARREN 300,11
LAKE-:-WARREN 301,3
LAKE-:-WARREN 302,3
LAKE-:-WARREN 303,3
LAKE-:-WARREN 304,3
LAKE-:-WARREN 305,3
LAKE-:-WARREN 306,3
LAKE-:-WARREN 307,3
LAKE-:-WARREN 308,3
LAKE-:-WARREN 309,3
LAKE-:-WARREN 310,3
LAKE-:-WARREN 311,3
LAKE-:-WARREN 312,3
LAKE-:-WARREN 313,3
LAKE-:-WARREN 314,3
LAKE-:-WARREN 315,3
LAKE-:-WARREN 316,10
LAKE-:-WARREN 317,10
LAKE-:-WARREN 318,3
LAKE-:-WARREN 319,3
LAKE-:-WARREN 320,16
LAKE-:-WARREN 321,3
LAKE-:-WARREN 322,3
LAKE-:-WARREN 323,3
LAKE-:-WARREN 324,10
LAKE-:-WARREN 325,3
LAKE-:-WARREN 326,3
LAKE-:-WARREN 327,3
LAKE-:-WARREN 328,3
LAKE-:-WARREN 329,3
LAKE-:-WARREN 330,10
LAKE-:-WARREN 331,10
LAKE-:-WARREN 332,3
LAKE-:-WARREN 333,3
LAKE-:-WARREN 334,3
LAKE-:-WARREN 335,3
LAKE-:-WARREN 336,10
LAKE-:-WARREN 337,3
LAKE-:-WARREN 338,3
LAKE-:-WAUCONDA 339,3
LAKE-:-WAUCONDA 340,3
LAKE-:-WAUCONDA 341,3
LAKE-:-WAUCONDA 342,3
LAKE-:-WAUCONDA 343,3
LAKE-:-WAUCONDA 345,3
LAKE-:-WAUCONDA 346,8
LAKE-:-WAUCONDA 347,8
LAKE-:-WAUCONDA 348,3
LAKE-:-WAUCONDA 349,14
LAKE-:-WAUCONDA 351,3
LAKE-:-WAUCONDA 352,14
LAKE-:-WAUCONDA 353,3
LAKE-:-WAUCONDA 354,3
LAKE-:-WAUKEGAN 355,3
LAKE-:-WAUKEGAN 356,3
LAKE-:-WAUKEGAN 357,3
LAKE-:-WAUKEGAN 358,3
LAKE-:-WAUKEGAN 359,3
LAKE-:-WAUKEGAN 360,3
LAKE-:-WAUKEGAN 361,3
LAKE-:-WAUKEGAN 362,3
LAKE-:-WAUKEGAN 363,3
LAKE-:-WAUKEGAN 364,3
LAKE-:-WAUKEGAN 365,3
LAKE-:-WAUKEGAN 366,16
LAKE-:-WAUKEGAN 367,3
LAKE-:-WAUKEGAN 368,3
LAKE-:-WAUKEGAN 369,16
LAKE-:-WAUKEGAN 370,3
LAKE-:-WAUKEGAN 371,3
LAKE-:-WAUKEGAN 372,3
LAKE-:-WAUKEGAN 373,3
LAKE-:-WAUKEGAN 374,3
LAKE-:-WAUKEGAN 375,3
LAKE-:-WAUKEGAN 376,3
LAKE-:-WAUKEGAN 377,3
LAKE-:-WAUKEGAN 378,3
LAKE-:-WAUKEGAN 379,3
LAKE-:-WAUKEGAN 380,3
LAKE-:-WAUKEGAN 381,3
LAKE-:-WAUKEGAN 382,3
LAKE-:-WAUKEGAN 383,3
LAKE-:-WAUKEGAN 384,3
LAKE-:-WAUKEGAN 385,3
LAKE-:-WAUKEGAN 386,3
LAKE-:-WAUKEGAN 387,3
LAKE-:-WAUKEGAN 388,3
LAKE-:-WAUKEGAN 389,3
LAKE-:-WAUKEGAN 390,3
LAKE-:-WAUKEGAN 391,3
LAKE-:-WAUKEGAN 392,3
LAKE-:-WAUKEGAN 393,3
LAKE-:-WEST DEERFIELD 394,8
LAKE-:-WEST DEERFIELD 395,3
LAKE-:-WEST DEERFIELD 396,8
LAKE-:-WEST DEERFIELD 397,8
LAKE-:-WEST DEERFIELD 398,8
LAKE-:-WEST DEERFIELD 399,8
LAKE-:-WEST DEERFIELD 400,8
LAKE-:-WEST DEERFIELD 401,8
LAKE-:-WEST DEERFIELD 402,8
LAKE-:-WEST DEERFIELD 403,8
LAKE-:-WEST DEERFIELD 404,8
LAKE-:-WEST DEERFIELD 405,8
LAKE-:-WEST DEERFIELD 406,8
LAKE-:-WEST DEERFIELD 407,8
LAKE-:-WEST DEERFIELD 408,3
LAKE-:-WEST DEERFIELD 409,8
LAKE-:-WEST DEERFIELD 410,8
LAKE-:-WEST DEERFIELD 411,8
LAKE-:-WEST DEERFIELD 412,8
LAKE-:-WEST DEERFIELD 413,8
LAKE-:-WEST DEERFIELD 414,8
LAKE-:-WEST DEERFIELD 415,8
LAKE-:-WEST DEERFIELD 416,8
LAKE-:-WEST DEERFIELD 417,8
LAKE-:-WEST DEERFIELD 418,8
LAKE-:-ZION 419,3
LAKE-:-ZION 420,3
LAKE-:-ZION 421,3
LAKE-:-ZION 422,3
LAKE-:-ZION 423,3
LAKE-:-ZION 424,3
LAKE-:-ZION 425,3
LAKE-:-ZION 426,3
LAKE-:-ZION 427,3
LAKE-:-ZION 428,3
LAKE-:-ZION 429,3
LAKE-:-ZION 430,3
LAKE-:-ZION 431,3
LASALLE-:-ADAMS 1,13
LASALLE-:-ADAMS 2,13
LASALLE-:-ALLEN,13
LASALLE-:-BROOKFIELD,10
LASALLE-:-BRUCE 1,10
LASALLE-:-BRUCE 10,10
LASALLE-:-BRUCE 11,13
LASALLE-:-BRUCE 12,10
LASALLE-:-BRUCE 2,10
LASALLE-:-BRUCE 3,10
LASALLE-:-BRUCE 4,10
LASALLE-:-BRUCE 5,10
LASALLE-:-BRUCE 6,10
LASALLE-:-BRUCE 7,10
LASALLE-:-BRUCE 8,10
LASALLE-:-BRUCE 9,10
LASALLE-:-DAYTON 1,13
LASALLE-:-DAYTON 2,10
LASALLE-:-DIMMICK,10
LASALLE-:-EAGLE 1,10
LASALLE-:-EAGLE 2,13
LASALLE-:-EAGLE 3,13
LASALLE-:-EARL 1,9
LASALLE-:-EARL 2,9
LASALLE-:-EDEN 2,13
LASALLE-:-FREEDOM,13
LASALLE-:-GRAND RAPIDS,13
LASALLE-:-GROVELAND,13
LASALLE-:-HOPE,10
LASALLE-:-LASALLE 1,10
LASALLE-:-LASALLE 10,10
LASALLE-:-LASALLE 11,10
LASALLE-:-LASALLE 12,10
LASALLE-:-LASALLE 13,10
LASALLE-:-LASALLE 14,10
LASALLE-:-LASALLE 2,10
LASALLE-:-LASALLE 3,10
LASALLE-:-LASALLE 4,10
LASALLE-:-LASALLE 5,10
LASALLE-:-LASALLE 6,10
LASALLE-:-LASALLE 7,10
LASALLE-:-LASALLE 8,10
LASALLE-:-LASALLE 9,10
LASALLE-:-MANLIUS 1,10
LASALLE-:-MANLIUS 2,10
LASALLE-:-MANLIUS 3,10
LASALLE-:-MANLIUS 4,10
LASALLE-:-MANLIUS 5,10
LASALLE-:-MENDOTA 1,9
LASALLE-:-MENDOTA 2,9
LASALLE-:-MENDOTA 3,9
LASALLE-:-MENDOTA 4,9
LASALLE-:-MENDOTA 5,9
LASALLE-:-MENDOTA 6,9
LASALLE-:-MENDOTA 7,9
LASALLE-:-MERIDEN,13
LASALLE-:-MILLER,9
LASALLE-:-MISSION 1,9
LASALLE-:-MISSION 2,9
LASALLE-:-NORTHVILLE 1,9
LASALLE-:-NORTHVILLE 2,13
LASALLE-:-NORTHVILLE 3,13
LASALLE-:-NORTHVILLE 4,13
LASALLE-:-NORTHVILLE 5,13
LASALLE-:-NORTHVILLE 6,13
LASALLE-:-NORTHVILLE 7,9
LASALLE-:-OPHIR,13
LASALLE-:-OSAGE,13
LASALLE-:-OTTAWA 1,10
LASALLE-:-OTTAWA 10,13
LASALLE-:-OTTAWA 11,10
LASALLE-:-OTTAWA 12,10
LASALLE-:-OTTAWA 13,10
LASALLE-:-OTTAWA 2,10
LASALLE-:-OTTAWA 3,10
LASALLE-:-OTTAWA 4,10
LASALLE-:-OTTAWA 5,10
LASALLE-:-OTTAWA 6,10
LASALLE-:-OTTAWA 7,10
LASALLE-:-OTTAWA 8,10
LASALLE-:-OTTAWA 9,10
LASALLE-:-OTTER CREEK 1,13
LASALLE-:-OTTER CREEK 2,10
LASALLE-:-OTTER CREEK 3,10
LASALLE-:-PERU 1,10
LASALLE-:-PERU 10,10
LASALLE-:-PERU 11,10
LASALLE-:-PERU 2,10
LASALLE-:-PERU 3,10
LASALLE-:-PERU 4,10
LASALLE-:-PERU 5,10
LASALLE-:-PERU 6,10
LASALLE-:-PERU 7,10
LASALLE-:-PERU 8,10
LASALLE-:-PERU 9,10
LASALLE-:-RICHLAND,13
LASALLE-:-RUTLAND 1,10
LASALLE-:-RUTLAND 2,10
LASALLE-:-RUTLAND 3,10
LASALLE-:-SERENA,9
LASALLE-:-SO. OTTAWA 1,10
LASALLE-:-SO. OTTAWA 2,10
LASALLE-:-SO. OTTAWA 3,10
LASALLE-:-SO. OTTAWA 4,10
LASALLE-:-SO. OTTAWA 5,10
LASALLE-:-SO. OTTAWA 6,10
LASALLE-:-SO. OTTAWA 7,10
LASALLE-:-SO. OTTAWA 8,13
LASALLE-:-TROY GROVE 1,13
LASALLE-:-TROY GROVE 2,9
LASALLE-:-UTICA 1,10
LASALLE-:-UTICA 2,13
LASALLE-:-VERMILLION,13
LASALLE-:-WALLACE,13
LASALLE-:-WALTHAM,13
LAWRENCE-:-ALLISON 1,14
LAWRENCE-:-BOND 3,14
LAWRENCE-:-BRIDGEPORT 4,14
LAWRENCE-:-BRIDGEPORT 6,14
LAWRENCE-:-CHRISTY 8,14
LAWRENCE-:-DENISON 10,14
LAWRENCE-:-DENISON 12,14
LAWRENCE-:-LAWRENCE 13,14
LAWRENCE-:-LAWRENCE 15,14
LAWRENCE-:-LAWRENCE 16,14
LAWRENCE-:-LAWRENCE 17,14
LAWRENCE-:-LAWRENCE 18,14
LAWRENCE-:-LAWRENCE 20,14
LAWRENCE-:-LAWRENCE 22,14
LAWRENCE-:-LUKIN 24,16
LAWRENCE-:-PETTY 25,14
LAWRENCE-:-RUSSELL 27,14
LEE-:-ALTO,13
LEE-:-AMBOY 1,9
LEE-:-AMBOY 2,9
LEE-:-AMBOY 3,9
LEE-:-ASHTON 1,13
LEE-:-ASHTON 2,13
LEE-:-BRADFORD,13
LEE-:-BROOKLYN 1,13
LEE-:-BROOKLYN 2,13
LEE-:-DIXON 1,3
LEE-:-DIXON 10,9
LEE-:-DIXON 11,9
LEE-:-DIXON 12,9
LEE-:-DIXON 13,9
LEE-:-DIXON 14,9
LEE-:-DIXON 15,9
LEE-:-DIXON 16,9
LEE-:-DIXON 17,9
LEE-:-DIXON 2,9
LEE-:-DIXON 3,9
LEE-:-DIXON 4,9
LEE-:-DIXON 5,9
LEE-:-DIXON 6,9
LEE-:-DIXON 7,9
LEE-:-DIXON 8,9
LEE-:-DIXON 9,9
LEE-:-EAST GROVE,8
LEE-:-FRANKLIN GROVE 1,13
LEE-:-FRANKLIN GROVE 2,13
LEE-:-HAMILTON,6
LEE-:-HARMON,6
LEE-:-LEE CENTER,9
LEE-:-MARION,6
LEE-:-MAY,8
LEE-:-NACHUSA,13
LEE-:-NELSON,9
LEE-:-PALMYRA 1,9
LEE-:-PALMYRA 2,9
LEE-:-PALMYRA 3,9
LEE-:-REYNOLDS,13
LEE-:-SOUTH DIXON,9
LEE-:-SUBLETTE,9
LEE-:-VIOLA,13
LEE-:-WILLOW CREEK,9
LEE-:-WYOMING 1,9
LEE-:-WYOMING 2,9
LIVINGSTON-:-AMITY,10
LIVINGSTON-:-AVOCA,13
LIVINGSTON-:-BELLE PRAIRIE,13
LIVINGSTON-:-BROUGHTON,13
LIVINGSTON-:-CHARLOTTE,13
LIVINGSTON-:-CHATSWORTH 1,13
LIVINGSTON-:-DWIGHT 1,13
LIVINGSTON-:-DWIGHT 2,13
LIVINGSTON-:-DWIGHT 3,13
LIVINGSTON-:-DWIGHT 4,13
LIVINGSTON-:-EPPARDS POINT,13
LIVINGSTON-:-FAYETTE,13
LIVINGSTON-:-FORREST 1,13
LIVINGSTON-:-GERMANVILLE,13
LIVINGSTON-:-INDIAN GRV 1,13
LIVINGSTON-:-INDIAN GRV 2,13
LIVINGSTON-:-INDIAN GRV 3,13
LIVINGSTON-:-INDIAN GRV 4,13
LIVINGSTON-:-LONG POINT,13
LIVINGSTON-:-NEBRASKA 1,10
LIVINGSTON-:-NEVADA,13
LIVINGSTON-:-NEWTOWN,13
LIVINGSTON-:-ODELL 1,13
LIVINGSTON-:-OWEGO,13
LIVINGSTON-:-PIKE,13
LIVINGSTON-:-PLEASANT RIDGE,13
LIVINGSTON-:-PONTIAC 1,13
LIVINGSTON-:-PONTIAC 2,13
LIVINGSTON-:-PONTIAC 3,13
LIVINGSTON-:-PONTIAC 4,13
LIVINGSTON-:-PONTIAC 5,13
LIVINGSTON-:-PONTIAC 6,13
LIVINGSTON-:-PONTIAC 7,13
LIVINGSTON-:-PONTIAC 8,13
LIVINGSTON-:-READING 1,10
LIVINGSTON-:-READING 2,10
LIVINGSTON-:-ROOKS CREEK,13
LIVINGSTON-:-ROUND GROVE,13
LIVINGSTON-:-SAUNEMIN,13
LIVINGSTON-:-SULLIVAN,13
LIVINGSTON-:-SUNBURY,13
LIVINGSTON-:-UNION,13
LIVINGSTON-:-WALDO,13
LOGAN-:-AETNA,12
LOGAN-:-ATLANTA,12
LOGAN-:-BROADWELL,12
LOGAN-:-CHESTER,12
LOGAN-:-CORWIN,12
LOGAN-:-EAST LINCOLN 1,12
LOGAN-:-EAST LINCOLN 2,12
LOGAN-:-EAST LINCOLN 3,12
LOGAN-:-EAST LINCOLN 4,12
LOGAN-:-EAST LINCOLN 5,12
LOGAN-:-EAST LINCOLN 6,12
LOGAN-:-ELKHART,12
LOGAN-:-EMINENCE,12
LOGAN-:-HURLBUT,12
LOGAN-:-LAKE FORK/LAENNA,12
LOGAN-:-MT. PULASKI 1,12
LOGAN-:-MT. PULASKI 2,12
LOGAN-:-ORAN,12
LOGAN-:-ORVIL 1,12
LOGAN-:-ORVIL 2,12
LOGAN-:-PRAIRIE CREEK,12
LOGAN-:-SHERIDAN,12
LOGAN-:-WEST LINCOLN 1,12
LOGAN-:-WEST LINCOLN 2,12
LOGAN-:-WEST LINCOLN 3,12
LOGAN-:-WEST LINCOLN 4,12
LOGAN-:-WEST LINCOLN 5,12
LOGAN-:-WEST LINCOLN 6,12
LOGAN-:-WEST LINCOLN 7,12
MACON-:-AUSTIN,12
MACON-:-BLUE MOUND,11
MACON-:-DECATUR 1,12
MACON-:-DECATUR 10,12
MACON-:-DECATUR 11,11
MACON-:-DECATUR 12,11
MACON-:-DECATUR 13,11
MACON-:-DECATUR 14,11
MACON-:-DECATUR 15,12
MACON-:-DECATUR 17,12
MACON-:-DECATUR 18,11
MACON-:-DECATUR 2,12
MACON-:-DECATUR 20,12
MACON-:-DECATUR 21,11
MACON-:-DECATUR 22,11
MACON-:-DECATUR 23,12
MACON-:-DECATUR 24,12
MACON-:-DECATUR 25,12
MACON-:-DECATUR 26,11
MACON-:-DECATUR 3,12
MACON-:-DECATUR 4,12
MACON-:-DECATUR 5,11
MACON-:-DECATUR 6,12
MACON-:-FRIENDS CREEK,12
MACON-:-HICKORY PT. 1,12
MACON-:-HICKORY PT. 10,12
MACON-:-HICKORY PT. 11,11
MACON-:-HICKORY PT. 4,12
MACON-:-HICKORY PT. 5,12
MACON-:-HICKORY PT. 6,12
MACON-:-HICKORY PT. 7,12
MACON-:-HICKORY PT. 8,11
MACON-:-HICKORY PT. 9,12
MACON-:-ILLINI,11
MACON-:-LONG CREEK 1,11
MACON-:-LONG CREEK 2,11
MACON-:-LONG CREEK 3,11
MACON-:-LONG CREEK 5,11
MACON-:-LONG CREEK 6,11
MACON-:-LONG CREEK 7,11
MACON-:-MAROA,12
MACON-:-MT. ZION 1,11
MACON-:-MT. ZION 2,11
MACON-:-MT. ZION 3,11
MACON-:-NIANTIC,11
MACON-:-PLEASANT VIEW,11
MACON-:-SOUTH MACON,11
MACON-:-SOUTH WHEATLAND 1,11
MACON-:-SOUTH WHEATLAND 2,11
MACON-:-SOUTH WHEATLAND 3,11
MACON-:-WHITMORE 1,12
MACON-:-WHITMORE 2,12
MACOUPIN-:-BARR,12
MACOUPIN-:-BIRD,12
MACOUPIN-:-BRIGHTON 1,12
MACOUPIN-:-BRIGHTON 2,12
MACOUPIN-:-BRIGHTON 3,12
MACOUPIN-:-BRUSHY MOUND,12
MACOUPIN-:-BUNKER HILL 1,12
MACOUPIN-:-BUNKER HILL 2,12
MACOUPIN-:-BUNKER HILL 3,12
MACOUPIN-:-CAHOKIA 1,11
MACOUPIN-:-CAHOKIA 2,11
MACOUPIN-:-CARLINVILLE 1,12
MACOUPIN-:-CARLINVILLE 2,12
MACOUPIN-:-CARLINVILLE 3,12
MACOUPIN-:-CARLINVILLE 4,12
MACOUPIN-:-CARLINVILLE 5,12
MACOUPIN-:-CHESTERFIELD,12
MACOUPIN-:-DORCHESTER,11
MACOUPIN-:-GILLESPIE 1,12
MACOUPIN-:-GILLESPIE 2,12
MACOUPIN-:-GILLESPIE 3,12
MACOUPIN-:-GIRARD 1,11
MACOUPIN-:-GIRARD 2,11
MACOUPIN-:-HILYARD,12
MACOUPIN-:-HONEY POINT,12
MACOUPIN-:-MT. OLIVE 1,11
MACOUPIN-:-MT. OLIVE 2,11
MACOUPIN-:-MT. OLIVE 3,12
MACOUPIN-:-MT. OLIVE 4,12
MACOUPIN-:-NILWOOD,12
MACOUPIN-:-NORTH OTTER,12
MACOUPIN-:-NORTH PALMYRA,12
MACOUPIN-:-POLK,12
MACOUPIN-:-SCOTTVILLE,12
MACOUPIN-:-SHAWS POINT,12
MACOUPIN-:-SHIPMAN,12
MACOUPIN-:-SOUTH OTTER,12
MACOUPIN-:-SOUTH PALMYRA,12
MACOUPIN-:-STAUNTON 1,11
MACOUPIN-:-STAUNTON 2,11
MACOUPIN-:-STAUNTON 3,11
MACOUPIN-:-STAUNTON 4,11
MACOUPIN-:-VIRDEN 1,11
MACOUPIN-:-VIRDEN 2,11
MACOUPIN-:-WESTERN MOUND,12
MADISON-:-ALHAMBRA 01,11
MADISON-:-ALTON 02,12
MADISON-:-ALTON 04,11
MADISON-:-ALTON 06,12
MADISON-:-ALTON 07,11
MADISON-:-ALTON 08,11
MADISON-:-ALTON 09,11
MADISON-:-ALTON 10,12
MADISON-:-ALTON 11,11
MADISON-:-ALTON 12,11
MADISON-:-ALTON 13,11
MADISON-:-ALTON 14,11
MADISON-:-ALTON 15,12
MADISON-:-ALTON 16,11
MADISON-:-ALTON 17,11
MADISON-:-CHOUTEAU 01,16
MADISON-:-CHOUTEAU 02,11
MADISON-:-CHOUTEAU 03,16
MADISON-:-CHOUTEAU 04,16
MADISON-:-CHOUTEAU 05,16
MADISON-:-CHOUTEAU 06,11
MADISON-:-COLLINSVILLE 02,11
MADISON-:-COLLINSVILLE 03,11
MADISON-:-COLLINSVILLE 04,11
MADISON-:-COLLINSVILLE 05,11
MADISON-:-COLLINSVILLE 06,11
MADISON-:-COLLINSVILLE 07,11
MADISON-:-COLLINSVILLE 08,11
MADISON-:-COLLINSVILLE 09,16
MADISON-:-COLLINSVILLE 10,16
MADISON-:-COLLINSVILLE 11,16
MADISON-:-COLLINSVILLE 12,16
MADISON-:-COLLINSVILLE 13,11
MADISON-:-COLLINSVILLE 14,11
MADISON-:-COLLINSVILLE 15,16
MADISON-:-COLLINSVILLE 16,11
MADISON-:-COLLINSVILLE 17,16
MADISON-:-COLLINSVILLE 18,16
MADISON-:-COLLINSVILLE 19,16
MADISON-:-COLLINSVILLE 21,16
MADISON-:-COLLINSVILLE 22,11
MADISON-:-COLLINSVILLE 23,16
MADISON-:-COLLINSVILLE 24,16
MADISON-:-COLLINSVILLE 25,11
MADISON-:-EDWARDSVILLE 01,11
MADISON-:-EDWARDSVILLE 02,11
MADISON-:-EDWARDSVILLE 03,11
MADISON-:-EDWARDSVILLE 04,16
MADISON-:-EDWARDSVILLE 05,16
MADISON-:-EDWARDSVILLE 06,16
MADISON-:-EDWARDSVILLE 07,16
MADISON-:-EDWARDSVILLE 08,16
MADISON-:-EDWARDSVILLE 09,11
MADISON-:-EDWARDSVILLE 10,11
MADISON-:-EDWARDSVILLE 11,16
MADISON-:-EDWARDSVILLE 12,11
MADISON-:-EDWARDSVILLE 13,16
MADISON-:-EDWARDSVILLE 14,16
MADISON-:-EDWARDSVILLE 15,16
MADISON-:-EDWARDSVILLE 16,16
MADISON-:-EDWARDSVILLE 17,16
MADISON-:-EDWARDSVILLE 18,11
MADISON-:-EDWARDSVILLE 19,16
MADISON-:-EDWARDSVILLE 20,11
MADISON-:-EDWARDSVILLE 21,16
MADISON-:-EDWARDSVILLE 22,11
MADISON-:-EDWARDSVILLE 23,16
MADISON-:-EDWARDSVILLE 24,16
MADISON-:-EDWARDSVILLE 25,16
MADISON-:-EDWARDSVILLE 26,11
MADISON-:-FOSTER 01,12
MADISON-:-FOSTER 03,12
MADISON-:-FOSTER 04,12
MADISON-:-FT. RUSSELL 01,11
MADISON-:-FT. RUSSELL 02,11
MADISON-:-FT. RUSSELL 03,11
MADISON-:-FT. RUSSELL 04,11
MADISON-:-FT. RUSSELL 05,12
MADISON-:-FT. RUSSELL 06,11
MADISON-:-GODFREY 01,12
MADISON-:-GODFREY 02,12
MADISON-:-GODFREY 03,12
MADISON-:-GODFREY 04,12
MADISON-:-GODFREY 05,12
MADISON-:-GODFREY 06,12
MADISON-:-GODFREY 07,12
MADISON-:-GODFREY 08,12
MADISON-:-GODFREY 09,12
MADISON-:-GODFREY 10,12
MADISON-:-GODFREY 11,12
MADISON-:-GODFREY 12,12
MADISON-:-GODFREY 13,12
MADISON-:-GODFREY 14,12
MADISON-:-GRANITE CITY 01,11
MADISON-:-GRANITE CITY 02,11
MADISON-:-GRANITE CITY 03,11
MADISON-:-GRANITE CITY 04,11
MADISON-:-GRANITE CITY 05,11
MADISON-:-GRANITE CITY 06,11
MADISON-:-GRANITE CITY 07,11
MADISON-:-GRANITE CITY 08,11
MADISON-:-GRANITE CITY 09,11
MADISON-:-GRANITE CITY 10,11
MADISON-:-GRANITE CITY 11,11
MADISON-:-GRANITE CITY 12,11
MADISON-:-GRANITE CITY 13,11
MADISON-:-GRANITE CITY 14,11
MADISON-:-GRANITE CITY 15,11
MADISON-:-GRANITE CITY 16,11
MADISON-:-GRANITE CITY 17,11
MADISON-:-HAMEL 01,16
MADISON-:-HAMEL 02,11
MADISON-:-HELVETIA 01,16
MADISON-:-HELVETIA 02,16
MADISON-:-HELVETIA 03,16
MADISON-:-HELVETIA 04,16
MADISON-:-HELVETIA 05,16
MADISON-:-HELVETIA 06,16
MADISON-:-JARVIS 01,11
MADISON-:-JARVIS 02,11
MADISON-:-JARVIS 03,16
MADISON-:-JARVIS 04,16
MADISON-:-JARVIS 05,16
MADISON-:-JARVIS 06,16
MADISON-:-JARVIS 07,16
MADISON-:-JARVIS 08,16
MADISON-:-JARVIS 09,16
MADISON-:-JARVIS 10,11
MADISON-:-JARVIS 11,11
MADISON-:-JARVIS 12,16
MADISON-:-LEEF 01,16
MADISON-:-MARINE 01,16
MADISON-:-MARINE 02,16
MADISON-:-MORO 01,12
MADISON-:-MORO 03,11
MADISON-:-NAMEOKI 01,11
MADISON-:-NAMEOKI 02,11
MADISON-:-NAMEOKI 03,11
MADISON-:-NAMEOKI 04,11
MADISON-:-NAMEOKI 05,16
MADISON-:-NAMEOKI 06,11
MADISON-:-NAMEOKI 07,11
MADISON-:-NAMEOKI 08,11
MADISON-:-NEW DOUGLAS 01,11
MADISON-:-OLIVE 01,16
MADISON-:-OLIVE 02,11
MADISON-:-OMPHGHENT 01,11
MADISON-:-OMPHGHENT 02,12
MADISON-:-PIN OAK 01,16
MADISON-:-PIN OAK 02,11
MADISON-:-PIN OAK 03,11
MADISON-:-SALINE 01,16
MADISON-:-SALINE 02,16
MADISON-:-SALINE 03,16
MADISON-:-SALINE 04,16
MADISON-:-SALINE 05,16
MADISON-:-ST. JACOB 01,16
MADISON-:-ST. JACOB 02,16
MADISON-:-VENICE 01,11
MADISON-:-VENICE 02,11
MADISON-:-VENICE 03,11
MADISON-:-VENICE 04,11
MADISON-:-WOOD RIVER 01,11
MADISON-:-WOOD RIVER 02,11
MADISON-:-WOOD RIVER 03,11
MADISON-:-WOOD RIVER 04,11
MADISON-:-WOOD RIVER 05,11
MADISON-:-WOOD RIVER 06,11
MADISON-:-WOOD RIVER 07,11
MADISON-:-WOOD RIVER 08,11
MADISON-:-WOOD RIVER 09,11
MADISON-:-WOOD RIVER 10,11
MADISON-:-WOOD RIVER 11,11
MADISON-:-WOOD RIVER 12,11
MADISON-:-WOOD RIVER 13,11
MADISON-:-WOOD RIVER 14,11
MADISON-:-WOOD RIVER 15,11
MADISON-:-WOOD RIVER 16,11
MADISON-:-WOOD RIVER 17,11
MADISON-:-WOOD RIVER 18,11
MADISON-:-WOOD RIVER 19,11
MADISON-:-WOOD RIVER 20,11
MADISON-:-WOOD RIVER 21,11
MARION-:-ALMA,16
MARION-:-CARRIGAN,11
MARION-:-CENTRALIA 1,16
MARION-:-CENTRALIA 11,16
MARION-:-CENTRALIA 12,16
MARION-:-CENTRALIA 13,16
MARION-:-CENTRALIA 14,16
MARION-:-CENTRALIA 15,16
MARION-:-CENTRALIA 17,16
MARION-:-CENTRALIA 3,16
MARION-:-CENTRALIA 4,16
MARION-:-CENTRALIA 5,16
MARION-:-CENTRALIA 6,16
MARION-:-CENTRALIA 7,16
MARION-:-CENTRALIA 9,16
MARION-:-FOSTER,11
MARION-:-HAINES,14
MARION-:-IUKA,14
MARION-:-KINMUNDY,16
MARION-:-MEACHAM,16
MARION-:-ODIN,16
MARION-:-OMEGA,16
MARION-:-PATOKA,16
MARION-:-RACCOON,14
MARION-:-ROMINE,14
MARION-:-SALEM 1,14
MARION-:-SALEM 2,16
MARION-:-SALEM 4,16
MARION-:-SALEM 5,16
MARION-:-SALEM 6,16
MARION-:-SALEM 7,16
MARION-:-SALEM 8,14
MARION-:-SALEM 9,16
MARION-:-SANDOVAL 1,16
MARION-:-SANDOVAL 3,16
MARION-:-STEVENSON,14
MARION-:-TONTI,16
MARSHALL-:-BELL PLAIN,13
MARSHALL-:-BENNINGTON,10
MARSHALL-:-EVANS,10
MARSHALL-:-HENRY 1,6
MARSHALL-:-HENRY 2,6
MARSHALL-:-HOPEWELL,6
MARSHALL-:-LA PRAIRIE,6
MARSHALL-:-LACON 1,6
MARSHALL-:-LACON 2,6
MARSHALL-:-RICHLAND,6
MARSHALL-:-ROBERTS,10
MARSHALL-:-SARATOGA,8
MARSHALL-:-STEUBEN,6
MARSHALL-:-WHITEFIELD,6
MASON-:-ALLENS GROVE,12
MASON-:-BATH 1,12
MASON-:-CRANE CREEK,12
MASON-:-FOREST CITY,12
MASON-:-HAVANA 1,12
MASON-:-HAVANA 2,12
MASON-:-HAVANA 3,12
MASON-:-HAVANA 4,12
MASON-:-HAVANA 5,12
MASON-:-HAVANA 6,12
MASON-:-KILBOURNE,12
MASON-:-LYNCHBURG,12
MASON-:-MANITO 1,12
MASON-:-MANITO 2,12
MASON-:-MASON CITY 1,12
MASON-:-MASON CITY 2,12
MASON-:-MASON CITY 3,12
MASON-:-PENNSYLVANIA,12
MASON-:-QUIVER,12
MASON-:-SALT CREEK,12
MASON-:-SHERMAN,12
MASSAC-:-ADKINS-17COMB,16
MASSAC-:-BENTON-10,16
MASSAC-:-EAST BROOKLYN-7COMB,14
MASSAC-:-FRANKLIN-15,16
MASSAC-:-GEORGE'S CREEK-11,16
MASSAC-:-GRANT-14,16
MASSAC-:-HILLERMAN-13COMB,16
MASSAC-:-JACKSON-8,14
MASSAC-:-JEFFERSON-16COMB,16
MASSAC-:-LINCOLN-5,16
MASSAC-:-LOGAN-12,16
MASSAC-:-METROPOLIS 1-1,16
MASSAC-:-METROPOLIS 2-2,16
MASSAC-:-METROPOLIS 3-3,16
MASSAC-:-METROPOLIS 4-4,16
MASSAC-:-WASHINGTON-9,14
MASSAC-:-WEST BROOKLYN-6COMB,14
MCDONOUGH-:-BETHEL-1/2,8
MCDONOUGH-:-BLANDINSVILLE-3/4,6
MCDONOUGH-:-BUSHNELL 1-5,6
MCDONOUGH-:-BUSHNELL 2-6,6
MCDONOUGH-:-CHALMERS-7/8,6
MCDONOUGH-:-COLCHESTER-9,6
MCDONOUGH-:-ELDORADO-10,6
MCDONOUGH-:-EMMET-11/12,6
MCDONOUGH-:-EMMET-13,6
MCDONOUGH-:-HIRE-14,6
MCDONOUGH-:-INDUSTRY-15,8
MCDONOUGH-:-LAMOINE-16/17,8
MCDONOUGH-:-MACOMB CITY 1-18,6
MCDONOUGH-:-MACOMB CITY 1-19,6
MCDONOUGH-:-MACOMB CITY 2-20,6
MCDONOUGH-:-MACOMB CITY 2-21,6
MCDONOUGH-:-MACOMB CITY 3-22,6
MCDONOUGH-:-MACOMB CITY 3-23,6
MCDONOUGH-:-MACOMB CITY 4-24,6
MCDONOUGH-:-MACOMB CITY 5-25,6
MCDONOUGH-:-MACOMB CITY 5-26,6
MCDONOUGH-:-MACOMB CITY 6-27,6
MCDONOUGH-:-MACOMB CITY 7-28,6
MCDONOUGH-:-MACOMB CITY 7-29,6
MCDONOUGH-:-MACOMB CITY 7-30,6
MCDONOUGH-:-MACOMB CITY 8-31,6
MCDONOUGH-:-MACOMB TOWNSHIP-32/33,6
MCDONOUGH-:-MOUND-34,6
MCDONOUGH-:-MOUND-35,6
MCDONOUGH-:-NEW SALEM-36,6
MCDONOUGH-:-PRAIRIE CITY-37,6
MCDONOUGH-:-SCIOTA-38/39,6
MCDONOUGH-:-SCOTLAND-40,6
MCDONOUGH-:-SCOTLAND-41,6
MCDONOUGH-:-TENNESSEE-43,8
MCDONOUGH-:-WALNUT GROVE-44/45,6
MCHENRY-:-ALDEN ALD 01,14
MCHENRY-:-ALGONQUIN ALG 01,7
MCHENRY-:-ALGONQUIN ALG 02,16
MCHENRY-:-ALGONQUIN ALG 03,10
MCHENRY-:-ALGONQUIN ALG 04,10
MCHENRY-:-ALGONQUIN ALG 05,7
MCHENRY-:-ALGONQUIN ALG 06,7
MCHENRY-:-ALGONQUIN ALG 07,7
MCHENRY-:-ALGONQUIN ALG 08,7
MCHENRY-:-ALGONQUIN ALG 09,10
MCHENRY-:-ALGONQUIN ALG 10,7
MCHENRY-:-ALGONQUIN ALG 11,10
MCHENRY-:-ALGONQUIN ALG 12,10
MCHENRY-:-ALGONQUIN ALG 13,7
MCHENRY-:-ALGONQUIN ALG 14,7
MCHENRY-:-ALGONQUIN ALG 15,8
MCHENRY-:-ALGONQUIN ALG 16,7
MCHENRY-:-ALGONQUIN ALG 17,7
MCHENRY-:-ALGONQUIN ALG 18,8
MCHENRY-:-ALGONQUIN ALG 19,8
MCHENRY-:-ALGONQUIN ALG 20,8
MCHENRY-:-ALGONQUIN ALG 21,8
MCHENRY-:-ALGONQUIN ALG 22,8
MCHENRY-:-ALGONQUIN ALG 23,8
MCHENRY-:-ALGONQUIN ALG 24,8
MCHENRY-:-ALGONQUIN ALG 25,7
MCHENRY-:-ALGONQUIN ALG 26,7
MCHENRY-:-ALGONQUIN ALG 27,7
MCHENRY-:-ALGONQUIN ALG 28,16
MCHENRY-:-ALGONQUIN ALG 29,7
MCHENRY-:-ALGONQUIN ALG 30,7
MCHENRY-:-ALGONQUIN ALG 31,7
MCHENRY-:-ALGONQUIN ALG 32,7
MCHENRY-:-ALGONQUIN ALG 33,16
MCHENRY-:-ALGONQUIN ALG 34,16
MCHENRY-:-ALGONQUIN ALG 35,7
MCHENRY-:-ALGONQUIN ALG 36,16
MCHENRY-:-ALGONQUIN ALG 37,16
MCHENRY-:-ALGONQUIN ALG 38,16
MCHENRY-:-ALGONQUIN ALG 39,16
MCHENRY-:-ALGONQUIN ALG 40,16
MCHENRY-:-ALGONQUIN ALG 41,16
MCHENRY-:-ALGONQUIN ALG 42,7
MCHENRY-:-ALGONQUIN ALG 43,7
MCHENRY-:-ALGONQUIN ALG 44,11
MCHENRY-:-ALGONQUIN ALG 45,7
MCHENRY-:-ALGONQUIN ALG 46,7
MCHENRY-:-ALGONQUIN ALG 47,7
MCHENRY-:-ALGONQUIN ALG 48,16
MCHENRY-:-ALGONQUIN ALG 49,7
MCHENRY-:-ALGONQUIN ALG 50,16
MCHENRY-:-ALGONQUIN ALG 51,7
MCHENRY-:-ALGONQUIN ALG 52,16
MCHENRY-:-ALGONQUIN ALG 53,16
MCHENRY-:-ALGONQUIN ALG 54,16
MCHENRY-:-ALGONQUIN ALG 55,7
MCHENRY-:-ALGONQUIN ALG 56,16
MCHENRY-:-ALGONQUIN ALG 57,16
MCHENRY-:-ALGONQUIN ALG 58,7
MCHENRY-:-ALGONQUIN ALG 59,7
MCHENRY-:-ALGONQUIN ALG 60,7
MCHENRY-:-ALGONQUIN ALG 61,7
MCHENRY-:-ALGONQUIN ALG 62,7
MCHENRY-:-ALGONQUIN ALG 63,7
MCHENRY-:-BURTON BUR 01,11
MCHENRY-:-BURTON BUR 02,11
MCHENRY-:-BURTON BUR 03,11
MCHENRY-:-BURTON BUR 04,7
MCHENRY-:-CHEMUNG CHE 01,14
MCHENRY-:-CHEMUNG CHE 02,14
MCHENRY-:-CHEMUNG CHE 03,14
MCHENRY-:-CHEMUNG CHE 04,14
MCHENRY-:-CHEMUNG CHE 05,14
MCHENRY-:-CORAL COR 01,14
MCHENRY-:-CORAL COR 02,7
MCHENRY-:-CORAL COR 03,9
MCHENRY-:-DORR DOR 01,7
MCHENRY-:-DORR DOR 02,7
MCHENRY-:-DORR DOR 03,7
MCHENRY-:-DORR DOR 04,7
MCHENRY-:-DORR DOR 05,9
MCHENRY-:-DORR DOR 06,7
MCHENRY-:-DORR DOR 07,9
MCHENRY-:-DORR DOR 08,7
MCHENRY-:-DORR DOR 09,7
MCHENRY-:-DORR DOR 10,7
MCHENRY-:-DORR DOR 11,7
MCHENRY-:-DORR DOR 12,7
MCHENRY-:-DORR DOR 13,10
MCHENRY-:-DORR DOR 14,10
MCHENRY-:-DUNHAM DUN 01,14
MCHENRY-:-DUNHAM DUN 02,14
MCHENRY-:-GRAFTON GRA 01,7
MCHENRY-:-GRAFTON GRA 02,7
MCHENRY-:-GRAFTON GRA 03,7
MCHENRY-:-GRAFTON GRA 04,7
MCHENRY-:-GRAFTON GRA 05,10
MCHENRY-:-GRAFTON GRA 06,7
MCHENRY-:-GRAFTON GRA 07,7
MCHENRY-:-GRAFTON GRA 08,10
MCHENRY-:-GRAFTON GRA 09,7
MCHENRY-:-GRAFTON GRA 10,7
MCHENRY-:-GRAFTON GRA 11,10
MCHENRY-:-GRAFTON GRA 12,7
MCHENRY-:-GRAFTON GRA 13,7
MCHENRY-:-GRAFTON GRA 14,7
MCHENRY-:-GRAFTON GRA 15,7
MCHENRY-:-GRAFTON GRA 16,7
MCHENRY-:-GRAFTON GRA 17,7
MCHENRY-:-GRAFTON GRA 18,9
MCHENRY-:-GRAFTON GRA 19,7
MCHENRY-:-GRAFTON GRA 20,7
MCHENRY-:-GRAFTON GRA 21,7
MCHENRY-:-GRAFTON GRA 22,7
MCHENRY-:-GRAFTON GRA 23,7
MCHENRY-:-GRAFTON GRA 24,7
MCHENRY-:-GRAFTON GRA 25,7
MCHENRY-:-GRAFTON GRA 26,9
MCHENRY-:-GRAFTON GRA 27,9
MCHENRY-:-GRAFTON GRA 28,7
MCHENRY-:-GRAFTON GRA 29,7
MCHENRY-:-GRAFTON GRA 30,7
MCHENRY-:-GRAFTON GRA 31,10
MCHENRY-:-GRAFTON GRA 32,10
MCHENRY-:-GRAFTON GRA 33,9
MCHENRY-:-GRAFTON GRA 34,10
MCHENRY-:-GRAFTON GRA 35,7
MCHENRY-:-GRAFTON GRA 36,7
MCHENRY-:-GRAFTON GRA 37,7
MCHENRY-:-GRAFTON GRA 38,7
MCHENRY-:-GREENWOOD GRE 01,14
MCHENRY-:-GREENWOOD GRE 02,10
MCHENRY-:-GREENWOOD GRE 03,7
MCHENRY-:-GREENWOOD GRE 04,7
MCHENRY-:-GREENWOOD GRE 05,7
MCHENRY-:-GREENWOOD GRE 07,14
MCHENRY-:-GREENWOOD GRE 08,7
MCHENRY-:-GREENWOOD GRE 09,7
MCHENRY-:-GREENWOOD GRE 10,7
MCHENRY-:-HEBRON HEB 01,14
MCHENRY-:-HEBRON HEB 02,14
MCHENRY-:-MARENGO MAR 01,14
MCHENRY-:-MARENGO MAR 02,14
MCHENRY-:-MARENGO MAR 03,14
MCHENRY-:-MARENGO MAR 04,14
MCHENRY-:-MARENGO MAR 05,14
MCHENRY-:-MCHENRY MCH 01,7
MCHENRY-:-MCHENRY MCH 02,7
MCHENRY-:-MCHENRY MCH 03,7
MCHENRY-:-MCHENRY MCH 04,11
MCHENRY-:-MCHENRY MCH 05,7
MCHENRY-:-MCHENRY MCH 06,7
MCHENRY-:-MCHENRY MCH 08,7
MCHENRY-:-MCHENRY MCH 09,7
MCHENRY-:-MCHENRY MCH 10,7
MCHENRY-:-MCHENRY MCH 11,7
MCHENRY-:-MCHENRY MCH 12,7
MCHENRY-:-MCHENRY MCH 13,7
MCHENRY-:-MCHENRY MCH 14,7
MCHENRY-:-MCHENRY MCH 15,9
MCHENRY-:-MCHENRY MCH 16,7
MCHENRY-:-MCHENRY MCH 17,7
MCHENRY-:-MCHENRY MCH 18,9
MCHENRY-:-MCHENRY MCH 19,7
MCHENRY-:-MCHENRY MCH 20,7
MCHENRY-:-MCHENRY MCH 21,7
MCHENRY-:-MCHENRY MCH 22,9
MCHENRY-:-MCHENRY MCH 23,10
MCHENRY-:-MCHENRY MCH 24,7
MCHENRY-:-MCHENRY MCH 25,7
MCHENRY-:-MCHENRY MCH 26,7
MCHENRY-:-MCHENRY MCH 27,11
MCHENRY-:-MCHENRY MCH 28,7
MCHENRY-:-MCHENRY MCH 29,11
MCHENRY-:-MCHENRY MCH 30,11
MCHENRY-:-MCHENRY MCH 31,11
MCHENRY-:-MCHENRY MCH 32,11
MCHENRY-:-MCHENRY MCH 33,7
MCHENRY-:-MCHENRY MCH 34,3
MCHENRY-:-NUNDA NUN 01,7
MCHENRY-:-NUNDA NUN 02,7
MCHENRY-:-NUNDA NUN 03,10
MCHENRY-:-NUNDA NUN 04,7
MCHENRY-:-NUNDA NUN 05,10
MCHENRY-:-NUNDA NUN 06,16
MCHENRY-:-NUNDA NUN 07,7
MCHENRY-:-NUNDA NUN 08,7
MCHENRY-:-NUNDA NUN 09,16
MCHENRY-:-NUNDA NUN 10,16
MCHENRY-:-NUNDA NUN 11,16
MCHENRY-:-NUNDA NUN 12,7
MCHENRY-:-NUNDA NUN 13,7
MCHENRY-:-NUNDA NUN 14,16
MCHENRY-:-NUNDA NUN 15,16
MCHENRY-:-NUNDA NUN 16,16
MCHENRY-:-NUNDA NUN 17,7
MCHENRY-:-NUNDA NUN 18,7
MCHENRY-:-NUNDA NUN 19,16
MCHENRY-:-NUNDA NUN 20,16
MCHENRY-:-NUNDA NUN 21,16
MCHENRY-:-NUNDA NUN 22,16
MCHENRY-:-NUNDA NUN 23,16
MCHENRY-:-NUNDA NUN 24,16
MCHENRY-:-NUNDA NUN 25,3
MCHENRY-:-NUNDA NUN 26,11
MCHENRY-:-NUNDA NUN 27,16
MCHENRY-:-NUNDA NUN 28,16
MCHENRY-:-NUNDA NUN 29,3
MCHENRY-:-RICHMOND RIC 01,11
MCHENRY-:-RICHMOND RIC 02,11
MCHENRY-:-RICHMOND RIC 03,11
MCHENRY-:-RICHMOND RIC 04,11
MCHENRY-:-RICHMOND RIC 05,7
MCHENRY-:-RICHMOND RIC 06,11
MCHENRY-:-RILEY RIL 01,14
MCHENRY-:-RILEY RIL 02,14
MCHENRY-:-SENECA SEN 01,7
MCHENRY-:-SENECA SEN 02,7
MCHENRY-:-SENECA SEN 03,14
MCLEAN-:-ANCHOR 01,7
MCLEAN-:-ARROWSMITH 01,7
MCLEAN-:-BELLFLOWER 01,7
MCLEAN-:-BLOOMINGTON 03,7
MCLEAN-:-BLUE MOUND 01,7
MCLEAN-:-CHENEY'S GROVE 01,7
MCLEAN-:-CHENOA 01,7
MCLEAN-:-CHENOA 02,7
MCLEAN-:-CROPSEY 01,7
MCLEAN-:-DANVERS 01,7
MCLEAN-:-DANVERS 02,9
MCLEAN-:-DAWSON 01,7
MCLEAN-:-DOWNS 01,7
MCLEAN-:-DRY GROVE 01,7
MCLEAN-:-DRY GROVE 02,7
MCLEAN-:-EMPIRE 01,7
MCLEAN-:-EMPIRE 02,7
MCLEAN-:-EMPIRE 03,7
MCLEAN-:-FUNKS GROVE 01,7
MCLEAN-:-GRIDLEY 01,7
MCLEAN-:-GRIDLEY 02,7
MCLEAN-:-HUDSON 01,7
MCLEAN-:-HUDSON 02,7
MCLEAN-:-LAWNDALE 01,7
MCLEAN-:-LEXINGTON 01,7
MCLEAN-:-LEXINGTON 02,7
MCLEAN-:-MARTIN 01,7
MCLEAN-:-MONEY CREEK 01,7
MCLEAN-:-MT. HOPE 01,7
MCLEAN-:-NORMAL 01,7
MCLEAN-:-NORMAL 02,7
MCLEAN-:-NORMAL 03,7
MCLEAN-:-NORMAL 04,7
MCLEAN-:-NORMAL 05,7
MCLEAN-:-NORMAL 06,7
MCLEAN-:-NORMAL 07,7
MCLEAN-:-NORMAL 08,7
MCLEAN-:-NORMAL 09,7
MCLEAN-:-NORMAL 10,7
MCLEAN-:-NORMAL 11,7
MCLEAN-:-NORMAL 12,7
MCLEAN-:-NORMAL 13,7
MCLEAN-:-NORMAL 14,7
MCLEAN-:-NORMAL 15,7
MCLEAN-:-NORMAL 16,7
MCLEAN-:-NORMAL 17,7
MCLEAN-:-NORMAL 18,7
MCLEAN-:-NORMAL 19,7
MCLEAN-:-NORMAL 20,7
MCLEAN-:-NORMAL 21,7
MCLEAN-:-NORMAL 22,7
MCLEAN-:-NORMAL 23,7
MCLEAN-:-NORMAL 24,7
MCLEAN-:-NORMAL 25,7
MCLEAN-:-NORMAL 26,7
MCLEAN-:-NORMAL 27,7
MCLEAN-:-NORMAL 28,10
MCLEAN-:-NORMAL 29,7
MCLEAN-:-NORMAL 30,7
MCLEAN-:-NORMAL 32,7
MCLEAN-:-NORMAL 33,7
MCLEAN-:-NORMAL 34,7
MCLEAN-:-NORMAL 35,7
MCLEAN-:-NORMAL 36,7
MCLEAN-:-OLD TOWN 01,7
MCLEAN-:-OLD TOWN 02,7
MCLEAN-:-OLD TOWN 03,7
MCLEAN-:-RANDOLPH 01,7
MCLEAN-:-RANDOLPH 02,7
MCLEAN-:-RANDOLPH 03,7
MCLEAN-:-RANDOLPH 04,7
MCLEAN-:-TOWANDA 01,7
MCLEAN-:-TOWANDA 02,7
MCLEAN-:-WEST 01,7
MCLEAN-:-WHITE OAK 01,7
MCLEAN-:-YATES 01,7
MENARD-:-EAST MENARD,12
MENARD-:-EAST PETERSBURG,12
MENARD-:-GREENVIEW,12
MENARD-:-INDIAN CREEK,12
MENARD-:-NORTH ATHENS-CITY,12
MENARD-:-NORTH ATHENS-RURAL,12
MENARD-:-NORTH PETERSBURG,12
MENARD-:-NORTHWEST MENARD,12
MENARD-:-ROCK CREEK,12
MENARD-:-SOUTH ATHENS-CITY,12
MENARD-:-SOUTH ATHENS-RURAL,12
MENARD-:-SOUTH PETERSBURG,12
MENARD-:-SOUTHWEST MENARD,12
MENARD-:-WEST PETERSBURG,12
MERCER-:-ABINGTON,8
MERCER-:-DUNCAN,8
MERCER-:-ELIZA,8
MERCER-:-GREENE 1,8
MERCER-:-GREENE 2,8
MERCER-:-KEITHSBURG,8
MERCER-:-MERCER 1,8
MERCER-:-MERCER 2,8
MERCER-:-MERCER 3,8
MERCER-:-MERCER 4,8
MERCER-:-MERCER 5,8
MERCER-:-MERCER 6,8
MERCER-:-MILLERSBURG,8
MERCER-:-NEW BOSTON,8
MERCER-:-NORTH HENDERSON,6
MERCER-:-OHIO GROVE,8
MERCER-:-PERRYTON,8
MERCER-:-PREEMPTION 1,8
MERCER-:-PREEMPTION 2,8
MERCER-:-RICHLAND GROVE 1,8
MERCER-:-RICHLAND GROVE 2,8
MERCER-:-RICHLAND GROVE 3,8
MERCER-:-RIVOLI,8
MERCER-:-SUEZ,8
MONROE-:-PRECINCT 1,14
MONROE-:-PRECINCT 10,14
MONROE-:-PRECINCT 11,14
MONROE-:-PRECINCT 12,14
MONROE-:-PRECINCT 13,14
MONROE-:-PRECINCT 14,14
MONROE-:-PRECINCT 15,14
MONROE-:-PRECINCT 16,14
MONROE-:-PRECINCT 17,14
MONROE-:-PRECINCT 18,14
MONROE-:-PRECINCT 19,14
MONROE-:-PRECINCT 2,14
MONROE-:-PRECINCT 20,14
MONROE-:-PRECINCT 21,14
MONROE-:-PRECINCT 22,14
MONROE-:-PRECINCT 23,14
MONROE-:-PRECINCT 24,14
MONROE-:-PRECINCT 25,14
MONROE-:-PRECINCT 3,14
MONROE-:-PRECINCT 4,14
MONROE-:-PRECINCT 5,14
MONROE-:-PRECINCT 6,14
MONROE-:-PRECINCT 7,14
MONROE-:-PRECINCT 8,14
MONROE-:-PRECINCT 9,14
MONTGOMERY-:-AUDUBON,11
MONTGOMERY-:-BOIS D'ARC,11
MONTGOMERY-:-BUTLER GROVE,11
MONTGOMERY-:-EAST FORK 1,11
MONTGOMERY-:-EAST FORK 2,11
MONTGOMERY-:-EAST FORK 3,11
MONTGOMERY-:-FILLMORE CONS,11
MONTGOMERY-:-GRISHAM 1,11
MONTGOMERY-:-GRISHAM 2,11
MONTGOMERY-:-HARVEL,12
MONTGOMERY-:-HILLSBORO 1,11
MONTGOMERY-:-HILLSBORO 2,11
MONTGOMERY-:-HILLSBORO 3,11
MONTGOMERY-:-HILLSBORO 4,11
MONTGOMERY-:-HILLSBORO 5,11
MONTGOMERY-:-HILLSBORO 6,11
MONTGOMERY-:-IRVING,11
MONTGOMERY-:-NOKOMIS 1,11
MONTGOMERY-:-NOKOMIS 2,11
MONTGOMERY-:-NOKOMIS 3,11
MONTGOMERY-:-NOKOMIS 4,11
MONTGOMERY-:-NORTH LITCHFIELD 1,11
MONTGOMERY-:-NORTH LITCHFIELD 2,11
MONTGOMERY-:-NORTH LITCHFIELD 3,12
MONTGOMERY-:-NORTH LITCHFIELD 4,12
MONTGOMERY-:-NORTH LITCHFIELD 5,12
MONTGOMERY-:-NORTH LITCHFIELD 6,11
MONTGOMERY-:-PITMAN,12
MONTGOMERY-:-RAYMOND,11
MONTGOMERY-:-ROUNTREE,12
MONTGOMERY-:-SOUTH LITCHFIELD 1,11
MONTGOMERY-:-SOUTH LITCHFIELD 2,11
MONTGOMERY-:-SOUTH LITCHFIELD 3,12
MONTGOMERY-:-SOUTH LITCHFIELD 4,11
MONTGOMERY-:-WALSHVILLE,11
MONTGOMERY-:-WITT 1,11
MONTGOMERY-:-WITT 2,11
MONTGOMERY-:-ZANESVILLE,12
MORGAN-:-ALEX-PRENT-SINC-1/2,12
MORGAN-:-ARCADIA-1,12
MORGAN-:-CHAPIN-CONCORD-1,12
MORGAN-:-FRANKLIN-3/4,9
MORGAN-:-JACKSONVILLE 01-1,12
MORGAN-:-JACKSONVILLE 02-1,9
MORGAN-:-JACKSONVILLE 03-1,12
MORGAN-:-JACKSONVILLE 04-1,10
MORGAN-:-JACKSONVILLE 05-1,12
MORGAN-:-JACKSONVILLE 06-1,9
MORGAN-:-JACKSONVILLE 07-1,10
MORGAN-:-JACKSONVILLE 08-1,11
MORGAN-:-JACKSONVILLE 09-1,12
MORGAN-:-JACKSONVILLE 10-1,10
MORGAN-:-JACKSONVILLE 11-1,12
MORGAN-:-JACKSONVILLE 12-1,9
MORGAN-:-LITERBERRY-1,12
MORGAN-:-LYNNVL-MARKM-1,12
MORGAN-:-LYNNVL-MARKM-3,12
MORGAN-:-MEREDOSIA-3,11
MORGAN-:-MURRVL-NORTNVL-3/4,10
MORGAN-:-PISGAH-1/2/6,12
MORGAN-:-S JACKSONVILLE 1-1,14
MORGAN-:-S JACKSONVILLE 2-1,11
MORGAN-:-S JACKSONVILLE 3-1,11
MORGAN-:-WAVERLY 01-3,12
MORGAN-:-WAVERLY 02-3/4,12
MORGAN-:-WOODSON-3/5,12
MOULTRIE-:-DORA #1,12
MOULTRIE-:-EAST NELSON #1,12
MOULTRIE-:-JONATHAN CREEK #1,12
MOULTRIE-:-LOVINGTON #1,11
MOULTRIE-:-LOVINGTON #2,12
MOULTRIE-:-LOWE #1,12
MOULTRIE-:-MARROWBONE #1,12
MOULTRIE-:-MARROWBONE #2,12
MOULTRIE-:-SULLIVAN #1,12
MOULTRIE-:-SULLIVAN #2,12
MOULTRIE-:-SULLIVAN #3,12
MOULTRIE-:-SULLIVAN #4,12
MOULTRIE-:-SULLIVAN #5,12
MOULTRIE-:-SULLIVAN #6,12
MOULTRIE-:-SULLIVAN #7,12
MOULTRIE-:-WHITLEY #1,12
OGLE-:-BROOKVILLE,3
OGLE-:-BUFFALO 1,3
OGLE-:-BUFFALO 2,3
OGLE-:-BUFFALO 3,3
OGLE-:-BYRON 1,9
OGLE-:-BYRON 2,9
OGLE-:-BYRON 3,9
OGLE-:-BYRON 4,9
OGLE-:-DEMENT,9
OGLE-:-EAGLE POINT,3
OGLE-:-FLAGG 1,10
OGLE-:-FLAGG 10,9
OGLE-:-FLAGG 11,3
OGLE-:-FLAGG 2,10
OGLE-:-FLAGG 3,10
OGLE-:-FLAGG 4,3
OGLE-:-FLAGG 5,3
OGLE-:-FLAGG 6,10
OGLE-:-FLAGG 7,10
OGLE-:-FLAGG 8,3
OGLE-:-FLAGG 9,10
OGLE-:-FORRESTON 1,9
OGLE-:-FORRESTON 2,9
OGLE-:-GRAND DETOUR,3
OGLE-:-LAFAYETTE,3
OGLE-:-LEAF RIVER,9
OGLE-:-LINCOLN,3
OGLE-:-LYNNVILLE,3
OGLE-:-MARION 1,9
OGLE-:-MARION 2,9
OGLE-:-MARION 3,9
OGLE-:-MARYLAND,3
OGLE-:-MONROE,3
OGLE-:-MT. MORRIS 1,3
OGLE-:-MT. MORRIS 2,3
OGLE-:-MT. MORRIS 3,14
OGLE-:-MT. MORRIS 4,9
OGLE-:-OREGON-NASHUA 1,3
OGLE-:-OREGON-NASHUA 2,11
OGLE-:-OREGON-NASHUA 3,14
OGLE-:-OREGON-NASHUA 4,3
OGLE-:-OREGON-NASHUA 5,11
OGLE-:-OREGON-NASHUA 6,3
OGLE-:-PINE CREEK,3
OGLE-:-PINE ROCK,3
OGLE-:-ROCKVALE 1,9
OGLE-:-ROCKVALE 2,9
OGLE-:-SCOTT,3
OGLE-:-TAYLOR,3
OGLE-:-WHITE ROCK,3
OGLE-:-WOOSUNG,3
PEORIA-:-AK01 - 1,6
PEORIA-:-BR01 - 2,6
PEORIA-:-CH01 - 3,6
PEORIA-:-CH02 - 4,6
PEORIA-:-CH03 - 5,6
PEORIA-:-CH04 - 6,6
PEORIA-:-CH05 - 7,6
PEORIA-:-CH06 - 8,6
PEORIA-:-EL01 - 9,6
PEORIA-:-EL02 - 10,6
PEORIA-:-EL03 - 11,6
PEORIA-:-HA01 - 12/13,6
PEORIA-:-HO01 - 14,6
PEORIA-:-HO02 - 15,6
PEORIA-:-JU01 - 16,6
PEORIA-:-JU02 - 17/18,6
PEORIA-:-KI01 - 19,6
PEORIA-:-KI01 - 20/22,6
PEORIA-:-KI01 - 21/23,6
PEORIA-:-KI02 - 24,6
PEORIA-:-LI01 - 25,6
PEORIA-:-LI01 - 26,6
PEORIA-:-LI02 - 27/28,6
PEORIA-:-LI02 - 29,6
PEORIA-:-LI02 - 30,6
PEORIA-:-LI03 - 31/32,6
PEORIA-:-LI04 - 33,6
PEORIA-:-LI05 - 34,6
PEORIA-:-LI06 - 35,6
PEORIA-:-LI06 - 36/37,6
PEORIA-:-LI07 - 38,6
PEORIA-:-LI07 - 39/40,6
PEORIA-:-LI08 - 41,6
PEORIA-:-LI09 - 42,6
PEORIA-:-LI10 - 43/44,6
PEORIA-:-LI11 - 45/46,6
PEORIA-:-LI11 - 47/48,6
PEORIA-:-LO01 - 49,6
PEORIA-:-LO02 - 50,6
PEORIA-:-ME01 - 51,6
PEORIA-:-ME01 - 52,6
PEORIA-:-ME02 - 53/54/55,6
PEORIA-:-ME03 - 56/57,6
PEORIA-:-ME04 - 58,6
PEORIA-:-MI01 - 59/60,6
PEORIA-:-PE01 - 61,6
PEORIA-:-PE02 - 62,6
PEORIA-:-PE03 - 63/64,6
PEORIA-:-PE04 - 65,6
PEORIA-:-PE05 - 66,6
PEORIA-:-PE06 - 67,6
PEORIA-:-PE07 - 68,6
PEORIA-:-PE08 - 69/70,6
PEORIA-:-PE09 - 71,6
PEORIA-:-PE10 - 72,6
PEORIA-:-PE11 - 73/74,6
PEORIA-:-PE12 - 75,6
PEORIA-:-PE13 - 76/77,6
PEORIA-:-PE14 - 78,6
PEORIA-:-PE15 - 79,6
PEORIA-:-PE16 - 80,6
PEORIA-:-PE17 - 81,6
PEORIA-:-PE18 - 82,6
PEORIA-:-PE19 - 83,6
PEORIA-:-PE20 - 84,6
PEORIA-:-PE21 - 85,6
PEORIA-:-PE22 - 87,6
PEORIA-:-PE23 - 88,6
PEORIA-:-PE24 - 89,6
PEORIA-:-PE25 - 90/91,6
PEORIA-:-PE26 - 92/93,6
PEORIA-:-PE27 - 94,6
PEORIA-:-PE28 - 95/96/97,6
PEORIA-:-PE29 - 98/99,6
PEORIA-:-PE30 - 100,6
PEORIA-:-PE31 - 101,6
PEORIA-:-PE32 - 102,6
PEORIA-:-PE33 - 103,6
PEORIA-:-PE34 - 104/105,6
PEORIA-:-PE35 - 106,6
PEORIA-:-PE36 - 107,6
PEORIA-:-PE37 - 108,6
PEORIA-:-PE38 - 109,6
PEORIA-:-PE39 - 110,6
PEORIA-:-PE40 - 111,6
PEORIA-:-PE41 - 112,6
PEORIA-:-PE42 - 113/114,6
PEORIA-:-PE43 - 115/116,6
PEORIA-:-PE44 - 117,6
PEORIA-:-PE44 - 118,6
PEORIA-:-PE45 - 119/120,6
PEORIA-:-PE46 - 121,6
PEORIA-:-PE47 - 122/123/127,8
PEORIA-:-PE47 - 124/126,6
PEORIA-:-PE48 - 128/129,6
PEORIA-:-PE49 - 130/131/133/134,6
PEORIA-:-PE49 - 132,6
PEORIA-:-PE50 - 135/136,6
PEORIA-:-PE51 - 137/138/139/141,6
PEORIA-:-PE52 - 142/143,6
PEORIA-:-PE53 - 144,6
PEORIA-:-PE54 - 145/147,6
PEORIA-:-PE54 - 146,6
PEORIA-:-PE55 - 148,6
PEORIA-:-PE56 - 149,6
PEORIA-:-PE57 - 150,6
PEORIA-:-PE57 - 151,6
PEORIA-:-PE58 - 152,6
PEORIA-:-PE58 - 153,6
PEORIA-:-PE59 - 154,6
PEORIA-:-PE60 - 155,6
PEORIA-:-PE61 - 156,6
PEORIA-:-PE62 - 157,6
PEORIA-:-PE63 - 158/159,6
PEORIA-:-PE64 - 160,6
PEORIA-:-PE65 - 161/162,6
PEORIA-:-PE65 - 163,6
PEORIA-:-PR01 - 164,8
PEORIA-:-PR01 - 165,8
PEORIA-:-RA01 - 166,8
PEORIA-:-RA01 - 167,8
PEORIA-:-RA02 - 168,8
PEORIA-:-RA02 - 169/170,8
PEORIA-:-RA02 - 171,6
PEORIA-:-RI01 - 172,6
PEORIA-:-RI01 - 173,6
PEORIA-:-RI02 - 174,6
PEORIA-:-RI03 - 175,6
PEORIA-:-RI03 - 176,6
PEORIA-:-RI04 - 177,6
PEORIA-:-RO01 - 178,6
PEORIA-:-RO01 - 179,6
PEORIA-:-TI01 - 180/181,6
PEORIA-:-TI02 - 182,14
PEORIA-:-TR01 - 183,6
PEORIA-:-TR01 - 184,6
PEORIA-:-WP01 - 185,6
PEORIA-:-WP02 - 186,6
PEORIA-:-WP03 - 187,6
PEORIA-:-WP04 - 188,6
PERRY-:-BEAUCOUP-001,14
PERRY-:-CUTLER-001,16
PERRY-:-DUQUOIN 1-001,16
PERRY-:-DUQUOIN 10-001,16
PERRY-:-DUQUOIN 11-001,16
PERRY-:-DUQUOIN 12-001,16
PERRY-:-DUQUOIN 2-001,16
PERRY-:-DUQUOIN 3-001,16
PERRY-:-DUQUOIN 4-001,16
PERRY-:-DUQUOIN 5-001,16
PERRY-:-DUQUOIN 6-001,16
PERRY-:-DUQUOIN 7-001,16
PERRY-:-DUQUOIN 8-001,16
PERRY-:-DUQUOIN 9-001,16
PERRY-:-PINCKNEYVILLE 1-001,16
PERRY-:-PINCKNEYVILLE 2-001,16
PERRY-:-PINCKNEYVILLE 3-001,16
PERRY-:-PINCKNEYVILLE 4-001,16
PERRY-:-PINCKNEYVILLE 5-001,16
PERRY-:-PINCKNEYVILLE 6-001,16
PERRY-:-PINCKNEYVILLE 7-001,14
PERRY-:-PINCKNEYVILLE 8-001,14
PERRY-:-SUNFIELD-001,14
PERRY-:-SWANWICK-001,14
PERRY-:-TAMAROA 1-001,14
PERRY-:-TAMAROA 2-001,14
PERRY-:-WILLISVILLE-001,14
PIATT-:-BEMENT 1,11
PIATT-:-BEMENT 2,12
PIATT-:-BLUE RIDGE,12
PIATT-:-CERRO GORDO 1,11
PIATT-:-CERRO GORDO 2,11
PIATT-:-CERRO GORDO 4,12
PIATT-:-GOOSE CREEK,12
PIATT-:-MONTICELLO 1,12
PIATT-:-MONTICELLO 2,12
PIATT-:-MONTICELLO 3,12
PIATT-:-MONTICELLO 4,12
PIATT-:-SANGAMON 1,12
PIATT-:-SANGAMON 2,12
PIATT-:-UNITY 1,11
PIATT-:-UNITY 2,11
PIATT-:-WILLOW BRANCH,12
PIKE-:-ATLAS 1,12
PIKE-:-BARRY 1,12
PIKE-:-BARRY 2,12
PIKE-:-CHAMBERSBURG 1,8
PIKE-:-CINCINNATI,12
PIKE-:-DERRY 1,8
PIKE-:-DETROIT 1,8
PIKE-:-FAIRMOUNT 1,8
PIKE-:-FLINT 1,8
PIKE-:-GRIGGSVILLE 1,12
PIKE-:-GRIGGSVILLE 2,12
PIKE-:-HADLEY 1,8
PIKE-:-HARDIN 1,8
PIKE-:-KINDERHOOK 1,12
PIKE-:-KINDERHOOK 2,12
PIKE-:-LEVEE 1,12
PIKE-:-MARTINSBURG 1,12
PIKE-:-MONTEZUMA 1,12
PIKE-:-NEW SALEM 1,8
PIKE-:-NEW SALEM 2,8
PIKE-:-NEWBURG 1,12
PIKE-:-PEARL 1,8
PIKE-:-PERRY 1,12
PIKE-:-PITTSFIELD 1,12
PIKE-:-PITTSFIELD 2,12
PIKE-:-PITTSFIELD 3,12
PIKE-:-PITTSFIELD 4,12
PIKE-:-PLEASANT HILL 1,12
PIKE-:-PLEASANT VALE 1,12
PIKE-:-ROSS 1,12
PIKE-:-SPRING CREEK 1,12
POPE-:-EDDYVILLE 6,14
POPE-:-GOLCONDA 1,14
POPE-:-GOLCONDA 2,14
POPE-:-GOLCONDA 3,14
POPE-:-JEFFERSON 4,14
POPE-:-WEBSTER 5,14
PULASKI-:-GRAND CHAIN,16
PULASKI-:-KARNAK,16
PULASKI-:-MOUND CITY,16
PULASKI-:-MOUNDS 1,16
PULASKI-:-MOUNDS 2,16
PULASKI-:-MOUNDS 3,16
PULASKI-:-OLMSTED,16
PULASKI-:-PERKS-WETAUG,16
PULASKI-:-PULASKI,16
PULASKI-:-ULLIN,16
PULASKI-:-VILLA RIDGE-AMERICA,16
PUTNAM-:-GRANVILLE 1,13
PUTNAM-:-GRANVILLE 2,10
PUTNAM-:-GRANVILLE 3,10
PUTNAM-:-GRANVILLE 4,10
PUTNAM-:-MAGNOLIA 1,6
PUTNAM-:-SENACHWINE 1,6
RANDOLPH-:-BALDWIN,14
RANDOLPH-:-BREMEN,14
RANDOLPH-:-CENTRAL,14
RANDOLPH-:-CHESTER 1,14
RANDOLPH-:-CHESTER 2,14
RANDOLPH-:-CHESTER 3,14
RANDOLPH-:-CHESTER 4,14
RANDOLPH-:-CHESTER 5,14
RANDOLPH-:-CHESTER 6,14
RANDOLPH-:-CHESTER 7,14
RANDOLPH-:-COULTERVILLE 1,16
RANDOLPH-:-COULTERVILLE 2,16
RANDOLPH-:-ELLIS GROVE,14
RANDOLPH-:-EVANSVILLE,14
RANDOLPH-:-KASKASKIA,14
RANDOLPH-:-PALESTINE,14
RANDOLPH-:-PERCY,14
RANDOLPH-:-PRAIRIE DU ROCHER,14
RANDOLPH-:-RED BUD 1,14
RANDOLPH-:-RED BUD 2,14
RANDOLPH-:-RED BUD 3,14
RANDOLPH-:-RED BUD 4,14
RANDOLPH-:-RED BUD 5,14
RANDOLPH-:-ROCKWOOD,14
RANDOLPH-:-RUMA,14
RANDOLPH-:-SPARTA 1,14
RANDOLPH-:-SPARTA 2,16
RANDOLPH-:-SPARTA 3,14
RANDOLPH-:-SPARTA 4,14
RANDOLPH-:-SPARTA 5,14
RANDOLPH-:-SPARTA 6,14
RANDOLPH-:-STEELEVILLE 1,14
RANDOLPH-:-STEELEVILLE 2,14
RANDOLPH-:-STEELEVILLE 3,14
RANDOLPH-:-TILDEN,14
RANDOLPH-:-WALSH,14
RANDOLPH-:-WINE HILL,14
RICHLAND-:-BONPAS-3,16
RICHLAND-:-CLAREMONT-3,14
RICHLAND-:-DECKER-2,16
RICHLAND-:-DENVER-2,14
RICHLAND-:-GERMAN-1,14
RICHLAND-:-MADISON 1-3,16
RICHLAND-:-MADISON 2-3,16
RICHLAND-:-NOBLE 1-2,14
RICHLAND-:-NOBLE 2-2,14
RICHLAND-:-OLNEY 1-4,14
RICHLAND-:-OLNEY 10-1,14
RICHLAND-:-OLNEY 11-1,14
RICHLAND-:-OLNEY 2-1,14
RICHLAND-:-OLNEY 3-1,14
RICHLAND-:-OLNEY 4-1,14
RICHLAND-:-OLNEY 5-1,14
RICHLAND-:-OLNEY 6-1,14
RICHLAND-:-OLNEY 7-4,14
RICHLAND-:-OLNEY 9-1,14
RICHLAND-:-PRESTON 1-1,14
RICHLAND-:-PRESTON 2-1,14
ROCK ISLAND-:-ANDALUSIA,8
ROCK ISLAND-:-BLACKHAWK 1,8
ROCK ISLAND-:-BLACKHAWK 2,8
ROCK ISLAND-:-BLACKHAWK 3,8
ROCK ISLAND-:-BLACKHAWK 4,8
ROCK ISLAND-:-BLACKHAWK 5,8
ROCK ISLAND-:-BLACKHAWK 6,8
ROCK ISLAND-:-BLACKHAWK 7,8
ROCK ISLAND-:-BOWLING 1,8
ROCK ISLAND-:-BOWLING 2,8
ROCK ISLAND-:-BUFFALO PRAIRIE,8
ROCK ISLAND-:-CANOE CREEK,8
ROCK ISLAND-:-COAL VALLEY 1,8
ROCK ISLAND-:-COAL VALLEY 2,8
ROCK ISLAND-:-COAL VALLEY 3,8
ROCK ISLAND-:-COE,8
ROCK ISLAND-:-CORDOVA,9
ROCK ISLAND-:-DRURY,8
ROCK ISLAND-:-EDGINGTON 1,8
ROCK ISLAND-:-EDGINGTON 2,8
ROCK ISLAND-:-HAMPTON 1,8
ROCK ISLAND-:-HAMPTON 10,8
ROCK ISLAND-:-HAMPTON 11,8
ROCK ISLAND-:-HAMPTON 12,8
ROCK ISLAND-:-HAMPTON 13,8
ROCK ISLAND-:-HAMPTON 14,8
ROCK ISLAND-:-HAMPTON 15,8
ROCK ISLAND-:-HAMPTON 16,8
ROCK ISLAND-:-HAMPTON 17,8
ROCK ISLAND-:-HAMPTON 2,8
ROCK ISLAND-:-HAMPTON 3,8
ROCK ISLAND-:-HAMPTON 4,8
ROCK ISLAND-:-HAMPTON 5,8
ROCK ISLAND-:-HAMPTON 6,8
ROCK ISLAND-:-HAMPTON 7,8
ROCK ISLAND-:-HAMPTON 8,8
ROCK ISLAND-:-HAMPTON 9,8
ROCK ISLAND-:-MOLINE 1,8
ROCK ISLAND-:-MOLINE 10,8
ROCK ISLAND-:-MOLINE 11,8
ROCK ISLAND-:-MOLINE 12,8
ROCK ISLAND-:-MOLINE 13,8
ROCK ISLAND-:-MOLINE 14,8
ROCK ISLAND-:-MOLINE 15,8
ROCK ISLAND-:-MOLINE 16,8
ROCK ISLAND-:-MOLINE 17,8
ROCK ISLAND-:-MOLINE 18,8
ROCK ISLAND-:-MOLINE 19,8
ROCK ISLAND-:-MOLINE 2,8
ROCK ISLAND-:-MOLINE 20,8
ROCK ISLAND-:-MOLINE 3,8
ROCK ISLAND-:-MOLINE 4,8
ROCK ISLAND-:-MOLINE 5,8
ROCK ISLAND-:-MOLINE 6,8
ROCK ISLAND-:-MOLINE 7,8
ROCK ISLAND-:-MOLINE 8,8
ROCK ISLAND-:-MOLINE 9,8
ROCK ISLAND-:-PORT BYRON,8
ROCK ISLAND-:-ROCK ISLAND 1,8
ROCK ISLAND-:-ROCK ISLAND 10,8
ROCK ISLAND-:-ROCK ISLAND 11,8
ROCK ISLAND-:-ROCK ISLAND 12,8
ROCK ISLAND-:-ROCK ISLAND 13,8
ROCK ISLAND-:-ROCK ISLAND 14,8
ROCK ISLAND-:-ROCK ISLAND 15,8
ROCK ISLAND-:-ROCK ISLAND 2,8
ROCK ISLAND-:-ROCK ISLAND 3,8
ROCK ISLAND-:-ROCK ISLAND 4,8
ROCK ISLAND-:-ROCK ISLAND 5,8
ROCK ISLAND-:-ROCK ISLAND 6,8
ROCK ISLAND-:-ROCK ISLAND 7,8
ROCK ISLAND-:-ROCK ISLAND 8,8
ROCK ISLAND-:-ROCK ISLAND 9,8
ROCK ISLAND-:-RURAL,8
ROCK ISLAND-:-SO MOLINE 1,8
ROCK ISLAND-:-SO MOLINE 10,8
ROCK ISLAND-:-SO MOLINE 11,8
ROCK ISLAND-:-SO MOLINE 12,8
ROCK ISLAND-:-SO MOLINE 13,8
ROCK ISLAND-:-SO MOLINE 14,8
ROCK ISLAND-:-SO MOLINE 15,8
ROCK ISLAND-:-SO MOLINE 16,8
ROCK ISLAND-:-SO MOLINE 17,8
ROCK ISLAND-:-SO MOLINE 18,8
ROCK ISLAND-:-SO MOLINE 19,8
ROCK ISLAND-:-SO MOLINE 2,8
ROCK ISLAND-:-SO MOLINE 20,8
ROCK ISLAND-:-SO MOLINE 21,8
ROCK ISLAND-:-SO MOLINE 22,8
ROCK ISLAND-:-SO MOLINE 23,8
ROCK ISLAND-:-SO MOLINE 24,8
ROCK ISLAND-:-SO MOLINE 25,8
ROCK ISLAND-:-SO MOLINE 26,8
ROCK ISLAND-:-SO MOLINE 27,8
ROCK ISLAND-:-SO MOLINE 28,8
ROCK ISLAND-:-SO MOLINE 29,8
ROCK ISLAND-:-SO MOLINE 3,8
ROCK ISLAND-:-SO MOLINE 4,8
ROCK ISLAND-:-SO MOLINE 5,8
ROCK ISLAND-:-SO MOLINE 6,8
ROCK ISLAND-:-SO MOLINE 7,8
ROCK ISLAND-:-SO MOLINE 8,8
ROCK ISLAND-:-SO MOLINE 9,8
ROCK ISLAND-:-SO ROCK ISLAND 1,8
ROCK ISLAND-:-SO ROCK ISLAND 10,8
ROCK ISLAND-:-SO ROCK ISLAND 11,8
ROCK ISLAND-:-SO ROCK ISLAND 12,8
ROCK ISLAND-:-SO ROCK ISLAND 13,8
ROCK ISLAND-:-SO ROCK ISLAND 14,8
ROCK ISLAND-:-SO ROCK ISLAND 15,8
ROCK ISLAND-:-SO ROCK ISLAND 16,8
ROCK ISLAND-:-SO ROCK ISLAND 2,8
ROCK ISLAND-:-SO ROCK ISLAND 3,8
ROCK ISLAND-:-SO ROCK ISLAND 4,8
ROCK ISLAND-:-SO ROCK ISLAND 5,8
ROCK ISLAND-:-SO ROCK ISLAND 6,8
ROCK ISLAND-:-SO ROCK ISLAND 7,8
ROCK ISLAND-:-SO ROCK ISLAND 8,8
ROCK ISLAND-:-SO ROCK ISLAND 9,8
ROCK ISLAND-:-ZUMA,8
SALINE-:-BRUSHY,14
SALINE-:-CARRIER MILLS #1,14
SALINE-:-CARRIER MILLS #2,14
SALINE-:-COTTAGE,14
SALINE-:-EAST ELDORADO #1,14
SALINE-:-EAST ELDORADO #2,14
SALINE-:-EAST ELDORADO #3,14
SALINE-:-EAST ELDORADO #4,14
SALINE-:-EAST ELDORADO #5,14
SALINE-:-EAST ELDORADO #6,14
SALINE-:-GALATIA,14
SALINE-:-HARRISBURG # 1,14
SALINE-:-HARRISBURG # 2,14
SALINE-:-HARRISBURG # 3,14
SALINE-:-HARRISBURG # 4,14
SALINE-:-HARRISBURG # 5,14
SALINE-:-HARRISBURG # 6,14
SALINE-:-HARRISBURG # 7,14
SALINE-:-HARRISBURG # 8,14
SALINE-:-HARRISBURG # 9,14
SALINE-:-HARRISBURG #10,14
SALINE-:-INDEPENDENCE,14
SALINE-:-LONG BRANCH,16
SALINE-:-MOUNTAIN,14
SALINE-:-RALEIGH,14
SALINE-:-RECTOR,14
SALINE-:-STONEFORT,14
SALINE-:-TATE,14
SANGAMON-:-AUBURN 001,13
SANGAMON-:-AUBURN 002,13
SANGAMON-:-AUBURN 003,13
SANGAMON-:-AUBURN 004,13
SANGAMON-:-AUBURN 005,13
SANGAMON-:-BALL 001,13
SANGAMON-:-BALL 002,13
SANGAMON-:-BALL 003,13
SANGAMON-:-BALL 004,13
SANGAMON-:-BALL 005,13
SANGAMON-:-BUFFALO HART,13
SANGAMON-:-CAPITAL 001,13
SANGAMON-:-CAPITAL 002,13
SANGAMON-:-CAPITAL 003,13
SANGAMON-:-CAPITAL 004,13
SANGAMON-:-CAPITAL 005,13
SANGAMON-:-CAPITAL 006,13
SANGAMON-:-CAPITAL 007,13
SANGAMON-:-CAPITAL 008,13
SANGAMON-:-CAPITAL 009,13
SANGAMON-:-CAPITAL 010,13
SANGAMON-:-CAPITAL 011,13
SANGAMON-:-CAPITAL 013,13
SANGAMON-:-CAPITAL 014,13
SANGAMON-:-CAPITAL 015,13
SANGAMON-:-CAPITAL 017,13
SANGAMON-:-CAPITAL 018,13
SANGAMON-:-CAPITAL 019,13
SANGAMON-:-CAPITAL 021,13
SANGAMON-:-CAPITAL 022,13
SANGAMON-:-CAPITAL 023,13
SANGAMON-:-CAPITAL 024,13
SANGAMON-:-CAPITAL 026,13
SANGAMON-:-CAPITAL 027,13
SANGAMON-:-CAPITAL 028,13
SANGAMON-:-CAPITAL 030,13
SANGAMON-:-CAPITAL 031,13
SANGAMON-:-CAPITAL 032,13
SANGAMON-:-CAPITAL 033,9
SANGAMON-:-CAPITAL 034,13
SANGAMON-:-CAPITAL 035,13
SANGAMON-:-CAPITAL 036,13
SANGAMON-:-CAPITAL 037,13
SANGAMON-:-CAPITAL 038,13
SANGAMON-:-CAPITAL 039,13
SANGAMON-:-CAPITAL 040,13
SANGAMON-:-CAPITAL 041,13
SANGAMON-:-CAPITAL 042,13
SANGAMON-:-CAPITAL 043,13
SANGAMON-:-CAPITAL 044,13
SANGAMON-:-CAPITAL 045,13
SANGAMON-:-CAPITAL 046,13
SANGAMON-:-CAPITAL 047,13
SANGAMON-:-CAPITAL 048,13
SANGAMON-:-CAPITAL 049,13
SANGAMON-:-CAPITAL 050,13
SANGAMON-:-CAPITAL 051,13
SANGAMON-:-CAPITAL 052,13
SANGAMON-:-CAPITAL 053,13
SANGAMON-:-CAPITAL 054,13
SANGAMON-:-CAPITAL 055,13
SANGAMON-:-CAPITAL 056,13
SANGAMON-:-CAPITAL 057,13
SANGAMON-:-CAPITAL 058,13
SANGAMON-:-CAPITAL 059,13
SANGAMON-:-CAPITAL 060,13
SANGAMON-:-CAPITAL 061,13
SANGAMON-:-CAPITAL 062,13
SANGAMON-:-CAPITAL 063,13
SANGAMON-:-CAPITAL 064,13
SANGAMON-:-CAPITAL 065,13
SANGAMON-:-CAPITAL 066,13
SANGAMON-:-CAPITAL 067,13
SANGAMON-:-CAPITAL 068,13
SANGAMON-:-CAPITAL 069,13
SANGAMON-:-CAPITAL 070,13
SANGAMON-:-CAPITAL 071,13
SANGAMON-:-CAPITAL 072,13
SANGAMON-:-CAPITAL 073,13
SANGAMON-:-CAPITAL 074,13
SANGAMON-:-CAPITAL 075,13
SANGAMON-:-CAPITAL 076,13
SANGAMON-:-CAPITAL 077,13
SANGAMON-:-CAPITAL 078,13
SANGAMON-:-CAPITAL 079,13
SANGAMON-:-CAPITAL 082,13
SANGAMON-:-CAPITAL 083,13
SANGAMON-:-CAPITAL 084,13
SANGAMON-:-CAPITAL 085,13
SANGAMON-:-CAPITAL 086,13
SANGAMON-:-CAPITAL 087,13
SANGAMON-:-CAPITAL 088,13
SANGAMON-:-CAPITAL 089,13
SANGAMON-:-CAPITAL 090,13
SANGAMON-:-CAPITAL 091,13
SANGAMON-:-CAPITAL 092,13
SANGAMON-:-CAPITAL 093,13
SANGAMON-:-CARTWRIGHT,13
SANGAMON-:-CHATHAM 001,13
SANGAMON-:-CHATHAM 002,13
SANGAMON-:-CHATHAM 003,13
SANGAMON-:-CHATHAM 004,13
SANGAMON-:-CHATHAM 005,13
SANGAMON-:-CLEARLAKE 001,13
SANGAMON-:-CLEARLAKE 002,13
SANGAMON-:-CLEARLAKE 003,13
SANGAMON-:-CLEARLAKE 004,13
SANGAMON-:-CLEARLAKE 005,13
SANGAMON-:-CLEARLAKE 006,13
SANGAMON-:-CLEARLAKE 007,13
SANGAMON-:-COOPER,13
SANGAMON-:-COTTON HILL,13
SANGAMON-:-CURRAN 002,13
SANGAMON-:-DIVERNON 001,13
SANGAMON-:-DIVERNON 002,13
SANGAMON-:-FANCY CREEK 001,13
SANGAMON-:-FANCY CREEK 002,13
SANGAMON-:-FANCY CREEK 003,13
SANGAMON-:-FANCY CREEK 004,13
SANGAMON-:-FANCY CREEK 005,13
SANGAMON-:-GARDNER 001,13
SANGAMON-:-GARDNER 002,13
SANGAMON-:-GARDNER 003,13
SANGAMON-:-ILLIOPOLIS,13
SANGAMON-:-ISLAND GROVE,13
SANGAMON-:-LANESVILLE,13
SANGAMON-:-LOAMI,13
SANGAMON-:-MAXWELL,13
SANGAMON-:-MECHANICSBURG 001,13
SANGAMON-:-MECHANICSBURG 002,13
SANGAMON-:-MECHANICSBURG 003,13
SANGAMON-:-NEW BERLIN,13
SANGAMON-:-PAWNEE 001,13
SANGAMON-:-PAWNEE 002,13
SANGAMON-:-PAWNEE 003,13
SANGAMON-:-ROCHESTER 001,13
SANGAMON-:-ROCHESTER 002,13
SANGAMON-:-ROCHESTER 003,11
SANGAMON-:-ROCHESTER 004,13
SANGAMON-:-SPRINGFIELD 002,13
SANGAMON-:-SPRINGFIELD 003,13
SANGAMON-:-SPRINGFIELD 004,13
SANGAMON-:-SPRINGFIELD 005,13
SANGAMON-:-TALKINGTON,13
SANGAMON-:-WILLIAMS 001,13
SANGAMON-:-WILLIAMS 002,13
SANGAMON-:-WILLIAMS 003,13
SANGAMON-:-WOODSIDE 001,13
SANGAMON-:-WOODSIDE 002,13
SANGAMON-:-WOODSIDE 003,13
SANGAMON-:-WOODSIDE 004,13
SANGAMON-:-WOODSIDE 005,13
SANGAMON-:-WOODSIDE 006,13
SANGAMON-:-WOODSIDE 007,13
SANGAMON-:-WOODSIDE 008,13
SANGAMON-:-WOODSIDE 009,13
SCHUYLER-:-BAINBRIDGE-2,12
SCHUYLER-:-BIRMINGHAM-1,8
SCHUYLER-:-BROOKLYN-1,8
SCHUYLER-:-BROWNING-2,12
SCHUYLER-:-BUENAVISTA 1-2,12
SCHUYLER-:-BUENAVISTA 2-2,12
SCHUYLER-:-CAMDEN-1,8
SCHUYLER-:-FREDERICK-2,12
SCHUYLER-:-HICKORY-1,12
SCHUYLER-:-HUNTSVILLE-1,8
SCHUYLER-:-LITTLETON-1,12
SCHUYLER-:-OAKLAND-1,12
SCHUYLER-:-RUSHVILLE 1-2,12
SCHUYLER-:-RUSHVILLE 2-2,12
SCHUYLER-:-RUSHVILLE 3-2,12
SCHUYLER-:-RUSHVILLE 4-2,12
SCHUYLER-:-WOODSTOCK-2,12
SCOTT-:-ALSEY-1,12
SCOTT-:-BLOOMFIELD-1,12
SCOTT-:-EXETER-BLUFFS-1,12
SCOTT-:-GLASGOW-1,8
SCOTT-:-MANCHESTER-1,12
SCOTT-:-MERRITT-1,12
SCOTT-:-NAPLES-BLUFFS-1,12
SCOTT-:-WINCHESTER I-1,12
SCOTT-:-WINCHESTER II-1,12
SCOTT-:-WINCHESTER III-1,12
SHELBY-:-ASH GROVE,16
SHELBY-:-BIG SPRING,16
SHELBY-:-CLARKSBURG,11
SHELBY-:-COLD SPRING,11
SHELBY-:-DRY POINT,16
SHELBY-:-FLAT BRANCH,11
SHELBY-:-HERRICK,11
SHELBY-:-HOLLAND,11
SHELBY-:-LAKEWOOD,11
SHELBY-:-MOWEAQUA 1,11
SHELBY-:-MOWEAQUA 2,11
SHELBY-:-OCONEE,16
SHELBY-:-OKAW,16
SHELBY-:-PENN,11
SHELBY-:-PICKAWAY,11
SHELBY-:-PRAIRIE,16
SHELBY-:-RICHLAND,16
SHELBY-:-RIDGE,11
SHELBY-:-ROSE 1,16
SHELBY-:-ROSE 2,16
SHELBY-:-RURAL,11
SHELBY-:-SHELBYVILLE 1,16
SHELBY-:-SHELBYVILLE 2,16
SHELBY-:-SHELBYVILLE 3,16
SHELBY-:-SHELBYVILLE 4,16
SHELBY-:-SHELBYVILLE 5,16
SHELBY-:-SHELBYVILLE 6,16
SHELBY-:-SHELBYVILLE 7,16
SHELBY-:-SIGEL,16
SHELBY-:-TODDS POINT,11
SHELBY-:-TOWER HILL,16
SHELBY-:-WINDSOR 1,16
SHELBY-:-WINDSOR 2,16
ST. CLAIR-:-BELLEVILLE 1,8
ST. CLAIR-:-BELLEVILLE 10,8
ST. CLAIR-:-BELLEVILLE 11,8
ST. CLAIR-:-BELLEVILLE 12,8
ST. CLAIR-:-BELLEVILLE 13,8
ST. CLAIR-:-BELLEVILLE 14,8
ST. CLAIR-:-BELLEVILLE 15,8
ST. CLAIR-:-BELLEVILLE 16,8
ST. CLAIR-:-BELLEVILLE 17,8
ST. CLAIR-:-BELLEVILLE 18,8
ST. CLAIR-:-BELLEVILLE 19,8
ST. CLAIR-:-BELLEVILLE 2,8
ST. CLAIR-:-BELLEVILLE 21,8
ST. CLAIR-:-BELLEVILLE 23,8
ST. CLAIR-:-BELLEVILLE 24,8
ST. CLAIR-:-BELLEVILLE 25,8
ST. CLAIR-:-BELLEVILLE 3,8
ST. CLAIR-:-BELLEVILLE 4,8
ST. CLAIR-:-BELLEVILLE 5,8
ST. CLAIR-:-BELLEVILLE 6,8
ST. CLAIR-:-BELLEVILLE 7,8
ST. CLAIR-:-BELLEVILLE 8,8
ST. CLAIR-:-BELLEVILLE 9,8
ST. CLAIR-:-CANTEEN 1,8
ST. CLAIR-:-CANTEEN 2,8
ST. CLAIR-:-CANTEEN 3,8
ST. CLAIR-:-CANTEEN 4,8
ST. CLAIR-:-CANTEEN 5,8
ST. CLAIR-:-CASEYVILLE 11,8
ST. CLAIR-:-CASEYVILLE 13,8
ST. CLAIR-:-CASEYVILLE 14,8
ST. CLAIR-:-CASEYVILLE 15,8
ST. CLAIR-:-CASEYVILLE 16,8
ST. CLAIR-:-CASEYVILLE 17,8
ST. CLAIR-:-CASEYVILLE 18,8
ST. CLAIR-:-CASEYVILLE 19,8
ST. CLAIR-:-CASEYVILLE 2,8
ST. CLAIR-:-CASEYVILLE 20,8
ST. CLAIR-:-CASEYVILLE 21,8
ST. CLAIR-:-CASEYVILLE 22,8
ST. CLAIR-:-CASEYVILLE 3,8
ST. CLAIR-:-CASEYVILLE 4,8
ST. CLAIR-:-CASEYVILLE 5,8
ST. CLAIR-:-CASEYVILLE 6,8
ST. CLAIR-:-CASEYVILLE 7,8
ST. CLAIR-:-CASEYVILLE 8,8
ST. CLAIR-:-CASEYVILLE 9,8
ST. CLAIR-:-CENTREVILLE 1,8
ST. CLAIR-:-CENTREVILLE 2,8
ST. CLAIR-:-CENTREVILLE 3,8
ST. CLAIR-:-CENTREVILLE 4,8
ST. CLAIR-:-CENTREVILLE 5,8
ST. CLAIR-:-CENTREVILLE 6,8
ST. CLAIR-:-CENTREVILLE 7,8
ST. CLAIR-:-CENTREVILLE 9,8
ST. CLAIR-:-ENGELMANN 1,8
ST. CLAIR-:-FAYETTEVILLE 1,8
ST. CLAIR-:-FAYETTEVILLE 2,8
ST. CLAIR-:-FREEBURG 1,8
ST. CLAIR-:-FREEBURG 2,8
ST. CLAIR-:-FREEBURG 3,8
ST. CLAIR-:-LEBANON 1,8
ST. CLAIR-:-LEBANON 2,8
ST. CLAIR-:-LEBANON 3,8
ST. CLAIR-:-LENZBURG 1,8
ST. CLAIR-:-MARISSA 1,8
ST. CLAIR-:-MASCOUTAH 1,8
ST. CLAIR-:-MASCOUTAH 2,8
ST. CLAIR-:-MASCOUTAH 3,8
ST. CLAIR-:-MASCOUTAH 4,8
ST. CLAIR-:-MILLSTADT 1,8
ST. CLAIR-:-MILLSTADT 2,8
ST. CLAIR-:-MILLSTADT 3,8
ST. CLAIR-:-MILLSTADT 4,8
ST. CLAIR-:-MILLSTADT 5,8
ST. CLAIR-:-NEW ATHENS 1,8
ST. CLAIR-:-NEW ATHENS 2,8
ST. CLAIR-:-O FALLON 1,8
ST. CLAIR-:-O FALLON 10,8
ST. CLAIR-:-O FALLON 11,8
ST. CLAIR-:-O FALLON 12,8
ST. CLAIR-:-O FALLON 13,8
ST. CLAIR-:-O FALLON 14,8
ST. CLAIR-:-O FALLON 15,8
ST. CLAIR-:-O FALLON 16,8
ST. CLAIR-:-O FALLON 17,8
ST. CLAIR-:-O FALLON 18,8
ST. CLAIR-:-O FALLON 3,8
ST. CLAIR-:-O FALLON 4,8
ST. CLAIR-:-O FALLON 5,8
ST. CLAIR-:-O FALLON 6,8
ST. CLAIR-:-O FALLON 7,8
ST. CLAIR-:-O FALLON 8,8
ST. CLAIR-:-O FALLON 9,8
ST. CLAIR-:-PRAIRIE DU LONG 1,8
ST. CLAIR-:-PRAIRIE DU LONG 2,8
ST. CLAIR-:-SHILOH VALLEY 1,8
ST. CLAIR-:-SHILOH VALLEY 2,8
ST. CLAIR-:-SHILOH VALLEY 3,8
ST. CLAIR-:-SHILOH VALLEY 4,8
ST. CLAIR-:-SHILOH VALLEY 5,8
ST. CLAIR-:-SMITHTON 1,8
ST. CLAIR-:-SMITHTON 2,8
ST. CLAIR-:-SMITHTON 3,8
ST. CLAIR-:-ST CLAIR 1,8
ST. CLAIR-:-ST CLAIR 11,8
ST. CLAIR-:-ST CLAIR 12,8
ST. CLAIR-:-ST CLAIR 13,8
ST. CLAIR-:-ST CLAIR 14,8
ST. CLAIR-:-ST CLAIR 15,8
ST. CLAIR-:-ST CLAIR 16,8
ST. CLAIR-:-ST CLAIR 17,8
ST. CLAIR-:-ST CLAIR 18,8
ST. CLAIR-:-ST CLAIR 19,8
ST. CLAIR-:-ST CLAIR 2,8
ST. CLAIR-:-ST CLAIR 20,8
ST. CLAIR-:-ST CLAIR 21,8
ST. CLAIR-:-ST CLAIR 22,8
ST. CLAIR-:-ST CLAIR 23,8
ST. CLAIR-:-ST CLAIR 24,8
ST. CLAIR-:-ST CLAIR 3,8
ST. CLAIR-:-ST CLAIR 4,8
ST. CLAIR-:-ST CLAIR 5,8
ST. CLAIR-:-ST CLAIR 6,8
ST. CLAIR-:-ST CLAIR 7,8
ST. CLAIR-:-ST CLAIR 8,8
ST. CLAIR-:-ST CLAIR 9,8
ST. CLAIR-:-STITES 1,8
ST. CLAIR-:-STOOKEY 1,8
ST. CLAIR-:-STOOKEY 3,8
ST. CLAIR-:-STOOKEY 4,8
ST. CLAIR-:-STOOKEY 6,8
ST. CLAIR-:-STOOKEY 7,8
ST. CLAIR-:-SUGAR LOAF 1,8
ST. CLAIR-:-SUGAR LOAF 2,8
ST. CLAIR-:-SUGAR LOAF 3,8
ST. CLAIR-:-SUGAR LOAF 4,8
ST. CLAIR-:-SUGAR LOAF 5,8
STARK-:-EAST TOULON,8
STARK-:-ELMIRA,6
STARK-:-ESSEX,8
STARK-:-GOSHEN,8
STARK-:-OSCEOLA,8
STARK-:-PENN,6
STARK-:-VALLEY,6
STARK-:-WEST JERSEY,6
STARK-:-WEST TOULON,8
STEPHENSON-:-BUCKEYE,9
STEPHENSON-:-DAKOTA,9
STEPHENSON-:-ERIN,9
STEPHENSON-:-FLORENCE,9
STEPHENSON-:-FREEPORT 1,9
STEPHENSON-:-FREEPORT 10,9
STEPHENSON-:-FREEPORT 11,9
STEPHENSON-:-FREEPORT 12,9
STEPHENSON-:-FREEPORT 13,9
STEPHENSON-:-FREEPORT 14,9
STEPHENSON-:-FREEPORT 15,9
STEPHENSON-:-FREEPORT 16,9
STEPHENSON-:-FREEPORT 2,9
STEPHENSON-:-FREEPORT 3,9
STEPHENSON-:-FREEPORT 4,9
STEPHENSON-:-FREEPORT 5,9
STEPHENSON-:-FREEPORT 6,9
STEPHENSON-:-FREEPORT 7,9
STEPHENSON-:-FREEPORT 8,9
STEPHENSON-:-FREEPORT 9,14
STEPHENSON-:-HARLEM 1,9
STEPHENSON-:-HARLEM 2,9
STEPHENSON-:-JEFFERSON,9
STEPHENSON-:-KENT,9
STEPHENSON-:-LANCASTER,9
STEPHENSON-:-LORAN,9
STEPHENSON-:-ONECO,9
STEPHENSON-:-RIDOTT,9
STEPHENSON-:-ROCK GROVE,9
STEPHENSON-:-ROCK RUN 1,9
STEPHENSON-:-ROCK RUN 2,9
STEPHENSON-:-SILVER CREEK,9
STEPHENSON-:-WADDAMS,9
STEPHENSON-:-WEST POINT 1,9
STEPHENSON-:-WEST POINT 2,9
STEPHENSON-:-WINSLOW,9
TAZEWELL-:-BOYNTON,13
TAZEWELL-:-CINCINNATI 2,13
TAZEWELL-:-CINCINNATI 4,13
TAZEWELL-:-CINCINNATI 5,12
TAZEWELL-:-DEER CREEK,13
TAZEWELL-:-DELAVAN 1,12
TAZEWELL-:-DILLON,12
TAZEWELL-:-ELM GROVE 1,13
TAZEWELL-:-ELM GROVE 2,12
TAZEWELL-:-FONDULAC 1,13
TAZEWELL-:-FONDULAC 2,13
TAZEWELL-:-FONDULAC 3,13
TAZEWELL-:-FONDULAC 4,13
TAZEWELL-:-FONDULAC 5,13
TAZEWELL-:-FONDULAC 6,13
TAZEWELL-:-FONDULAC 7,13
TAZEWELL-:-GROVELAND 1,13
TAZEWELL-:-GROVELAND 10,13
TAZEWELL-:-GROVELAND 11,13
TAZEWELL-:-GROVELAND 12,13
TAZEWELL-:-GROVELAND 2,13
TAZEWELL-:-GROVELAND 3,13
TAZEWELL-:-GROVELAND 4,13
TAZEWELL-:-GROVELAND 5,13
TAZEWELL-:-GROVELAND 6,13
TAZEWELL-:-GROVELAND 7,13
TAZEWELL-:-GROVELAND 8,13
TAZEWELL-:-GROVELAND 9,13
TAZEWELL-:-HITTLE,13
TAZEWELL-:-MACKINAW 1,13
TAZEWELL-:-MACKINAW 2,13
TAZEWELL-:-MACKINAW 3,13
TAZEWELL-:-MALONE,12
TAZEWELL-:-MORTON 1,13
TAZEWELL-:-MORTON 10,13
TAZEWELL-:-MORTON 11,13
TAZEWELL-:-MORTON 2,13
TAZEWELL-:-MORTON 3,13
TAZEWELL-:-MORTON 4,13
TAZEWELL-:-MORTON 5,13
TAZEWELL-:-MORTON 6,13
TAZEWELL-:-MORTON 7,13
TAZEWELL-:-MORTON 8,13
TAZEWELL-:-MORTON 9,13
TAZEWELL-:-PEKIN 1,13
TAZEWELL-:-PEKIN 10,13
TAZEWELL-:-PEKIN 11,13
TAZEWELL-:-PEKIN 12,13
TAZEWELL-:-PEKIN 14,13
TAZEWELL-:-PEKIN 15,13
TAZEWELL-:-PEKIN 16,13
TAZEWELL-:-PEKIN 2,13
TAZEWELL-:-PEKIN 3,13
TAZEWELL-:-PEKIN 4,13
TAZEWELL-:-PEKIN 5,13
TAZEWELL-:-PEKIN 6,13
TAZEWELL-:-PEKIN 7,13
TAZEWELL-:-PEKIN 8,13
TAZEWELL-:-PEKIN 9,13
TAZEWELL-:-SAND PRAIRIE 1,12
TAZEWELL-:-SPRINGLAKE 1,12
TAZEWELL-:-TREMONT 1,13
TAZEWELL-:-TREMONT 2,13
TAZEWELL-:-WASHINGTON 1,13
TAZEWELL-:-WASHINGTON 10,13
TAZEWELL-:-WASHINGTON 11,13
TAZEWELL-:-WASHINGTON 12,13
TAZEWELL-:-WASHINGTON 13,13
TAZEWELL-:-WASHINGTON 14,13
TAZEWELL-:-WASHINGTON 2,13
TAZEWELL-:-WASHINGTON 3,13
TAZEWELL-:-WASHINGTON 4,13
TAZEWELL-:-WASHINGTON 5,13
TAZEWELL-:-WASHINGTON 6,13
TAZEWELL-:-WASHINGTON 7,13
TAZEWELL-:-WASHINGTON 8,13
TAZEWELL-:-WASHINGTON 9,13
UNION-:-ALTO PASS,16
UNION-:-ANNA 1,16
UNION-:-ANNA 2,16
UNION-:-ANNA 3,14
UNION-:-ANNA 4,14
UNION-:-ANNA 5,16
UNION-:-ANNA 6,16
UNION-:-ANNA 7,14
UNION-:-BALCOM,16
UNION-:-COBDEN 1,14
UNION-:-COBDEN 2,14
UNION-:-DONGOLA 1,14
UNION-:-DONGOLA 2,14
UNION-:-JONESBORO 1,16
UNION-:-JONESBORO 2,16
UNION-:-JONESBORO 3,16
UNION-:-LICK CREEK,14
UNION-:-MILL CREEK,14
UNION-:-STOKES,14
UNION-:-UNION,16
VERMILION-:-BLOUNT 1,16
VERMILION-:-BLOUNT 2,14
VERMILION-:-BUTLER,14
VERMILION-:-CARROLL,16
VERMILION-:-CATLIN 1,16
VERMILION-:-CATLIN 3,16
VERMILION-:-DANVILLE 1,14
VERMILION-:-DANVILLE 13,14
VERMILION-:-DANVILLE 2,14
VERMILION-:-DANVILLE 3,14
VERMILION-:-DANVILLE 5,14
VERMILION-:-DANVILLE 6,14
VERMILION-:-DANVILLE 7,16
VERMILION-:-DANVILLE 8,14
VERMILION-:-ELWOOD,16
VERMILION-:-GEORGETOWN 1,14
VERMILION-:-GEORGETOWN 3,14
VERMILION-:-GRANT 1,14
VERMILION-:-GRANT 2,14
VERMILION-:-GRANT 4,14
VERMILION-:-JAMAICA,16
VERMILION-:-LOVE,14
VERMILION-:-MIDDLEFORK,14
VERMILION-:-NEWELL 1,14
VERMILION-:-NEWELL 2,14
VERMILION-:-NEWELL 3,14
VERMILION-:-OAKWOOD 1,16
VERMILION-:-OAKWOOD 5,16
VERMILION-:-PILOT,16
VERMILION-:-ROSS,14
VERMILION-:-SIDELL,16
VERMILION-:-SOUTH ROSS,14
WABASH-:-BELLMONT,14
WABASH-:-COFFEE,14
WABASH-:-COMPTON,14
WABASH-:-FRIENDSVILLE,16
WABASH-:-LANCASTER,16
WABASH-:-LICK PRAIRIE,16
WABASH-:-MT. CARMEL 1,14
WABASH-:-MT. CARMEL 2,14
WABASH-:-MT. CARMEL 3,14
WABASH-:-MT. CARMEL 4,14
WABASH-:-MT. CARMEL 5,14
WABASH-:-MT. CARMEL 6,14
WABASH-:-MT. CARMEL 7,14
WABASH-:-MT. CARMEL 8,14
WABASH-:-MT. CARMEL 9,14
WABASH-:-WABASH,14
WARREN-:-BERWICK 1-1,6
WARREN-:-COLDBROOK 1-2,6
WARREN-:-ELLISON 1-6,6
WARREN-:-FLOYD 1-1,6
WARREN-:-GREENBUSH 1-1,8
WARREN-:-HALE 1-7,6
WARREN-:-KELLY 1-2,6
WARREN-:-LENOX 1-1,6
WARREN-:-MONMOUTH  1-3,8
WARREN-:-MONMOUTH  2-4,8
WARREN-:-MONMOUTH  3-3,8
WARREN-:-MONMOUTH  4-3,8
WARREN-:-MONMOUTH  5-4,8
WARREN-:-MONMOUTH  6-3,8
WARREN-:-MONMOUTH  7-4,8
WARREN-:-MONMOUTH  8-5,8
WARREN-:-MONMOUTH  9-4,8
WARREN-:-MONMOUTH 10-4,8
WARREN-:-MONMOUTH 11-3,8
WARREN-:-MONMOUTH 12-2/5,8
WARREN-:-POINT PLEASANT 1-6,6
WARREN-:-ROSEVILLE 1-1,8
WARREN-:-ROSEVILLE 2-1,6
WARREN-:-SPRING GROVE-ALEXIS 1-2,8
WARREN-:-SPRING GROVE-GERLAW 2-2,6
WARREN-:-SUMNER 1-7/8,8
WARREN-:-SWAN 1-1,6
WARREN-:-TOMPKINS 1-6,8
WASHINGTON-:-ASHLEY-001,16
WASHINGTON-:-BEAUCOUP-001,16
WASHINGTON-:-BOLO-002,16
WASHINGTON-:-COVINGTON-003,16
WASHINGTON-:-DUBOIS-004,16
WASHINGTON-:-DUBOIS-005,16
WASHINGTON-:-HOYLETON-001,16
WASHINGTON-:-IRVINGTON-001,16
WASHINGTON-:-JOHANNISBURG-3/9,16
WASHINGTON-:-LIVELY GROVE-6/10,16
WASHINGTON-:-NASHVILLE 1-007,16
WASHINGTON-:-NASHVILLE 3-007,16
WASHINGTON-:-NASHVILLE 4-007,16
WASHINGTON-:-OAKDALE-006,16
WASHINGTON-:-OKAWVILLE 1-003,16
WASHINGTON-:-OKAWVILLE 2-003,16
WASHINGTON-:-PILOT KNOB-002,16
WASHINGTON-:-PLUM HILL-003,16
WASHINGTON-:-RICHVIEW-001,16
WASHINGTON-:-VENEDY-3/9,16
WAYNE-:-ARRINGTON,14
WAYNE-:-BARNHILL,14
WAYNE-:-BEDFORD,14
WAYNE-:-BERRY,14
WAYNE-:-BIG MOUND 1,14
WAYNE-:-BIG MOUND 2,14
WAYNE-:-ELM RIVER,14
WAYNE-:-FAIRFIELD 1,14
WAYNE-:-FAIRFIELD 2,14
WAYNE-:-FOUR MILE,14
WAYNE-:-GARDEN HILL,14
WAYNE-:-GOLDENGATE,16
WAYNE-:-GROVER,14
WAYNE-:-HICKORY HILL,14
WAYNE-:-INDIAN PRAIRIE,14
WAYNE-:-JASPER 1,14
WAYNE-:-JASPER 2,14
WAYNE-:-KEITH,14
WAYNE-:-LAMARD 1,14
WAYNE-:-LAMARD 2,14
WAYNE-:-MASSILON,14
WAYNE-:-MERRIAM,14
WAYNE-:-MT. ERIE,16
WAYNE-:-ORCHARD,14
WAYNE-:-OREL,14
WAYNE-:-RIDER,14
WAYNE-:-ZIF,14
WHITE-:-BURNT PRAIRIE 10-1,16
WHITE-:-CARMI 12-1,16
WHITE-:-CARMI 13-2,16
WHITE-:-CARMI 14-1,16
WHITE-:-CARMI 16-1,16
WHITE-:-CARMI 18-4,16
WHITE-:-CARMI 19-4,16
WHITE-:-CARMI 20-4,16
WHITE-:-CARMI 20-5,16
WHITE-:-EMMA 30-3,16
WHITE-:-ENFIELD 4-2,16
WHITE-:-GRAY 24-2,16
WHITE-:-HAWTHORNE 28-2,16
WHITE-:-HAWTHORNE 28-3,16
WHITE-:-HERALDS PRAIRIE 22-3,16
WHITE-:-INDIAN CREEK 6-3,16
WHITE-:-INDIAN CREEK 8-3,16
WHITE-:-MILL SHOALS 1-1,16
WHITE-:-MILL SHOALS 2-2,16
WHITE-:-PHILLIPS 26-2,16
WHITESIDE-:-ALBANY 1,9
WHITESIDE-:-CLYDE 1,9
WHITESIDE-:-COLOMA 1,9
WHITESIDE-:-COLOMA 10,9
WHITESIDE-:-COLOMA 2,9
WHITESIDE-:-COLOMA 3,9
WHITESIDE-:-COLOMA 4,9
WHITESIDE-:-COLOMA 5,9
WHITESIDE-:-COLOMA 6,9
WHITESIDE-:-COLOMA 7,9
WHITESIDE-:-COLOMA 8,9
WHITESIDE-:-COLOMA 9,9
WHITESIDE-:-ERIE 1,9
WHITESIDE-:-ERIE 2,9
WHITESIDE-:-FENTON 1,8
WHITESIDE-:-FULTON 1,9
WHITESIDE-:-FULTON 2,9
WHITESIDE-:-FULTON 3,9
WHITESIDE-:-FULTON 4,9
WHITESIDE-:-GARDEN PLAIN 1,9
WHITESIDE-:-GENESEE 1,9
WHITESIDE-:-HAHNAMAN 1,6
WHITESIDE-:-HOPKINS 1,9
WHITESIDE-:-HOPKINS 2,9
WHITESIDE-:-HUME 1,6
WHITESIDE-:-JORDAN 1,9
WHITESIDE-:-LYNDON 1,9
WHITESIDE-:-MONTMORENCY 1,9
WHITESIDE-:-MONTMORENCY 2,9
WHITESIDE-:-MT. PLEASANT 1,9
WHITESIDE-:-MT. PLEASANT 2,9
WHITESIDE-:-MT. PLEASANT 3,9
WHITESIDE-:-MT. PLEASANT 4,9
WHITESIDE-:-MT. PLEASANT 5,9
WHITESIDE-:-NEWTON 1,8
WHITESIDE-:-PORTLAND 1,8
WHITESIDE-:-PROPHETSTOWN 1,9
WHITESIDE-:-PROPHETSTOWN 2,9
WHITESIDE-:-PROPHETSTOWN 3,9
WHITESIDE-:-STERLING 1,9
WHITESIDE-:-STERLING 10,9
WHITESIDE-:-STERLING 11,9
WHITESIDE-:-STERLING 12,9
WHITESIDE-:-STERLING 13,9
WHITESIDE-:-STERLING 14,9
WHITESIDE-:-STERLING 15,9
WHITESIDE-:-STERLING 16,9
WHITESIDE-:-STERLING 17,9
WHITESIDE-:-STERLING 18,9
WHITESIDE-:-STERLING 2,9
WHITESIDE-:-STERLING 3,9
WHITESIDE-:-STERLING 4,9
WHITESIDE-:-STERLING 5,9
WHITESIDE-:-STERLING 6,9
WHITESIDE-:-STERLING 7,9
WHITESIDE-:-STERLING 8,9
WHITESIDE-:-STERLING 9,9
WHITESIDE-:-TAMPICO 1,9
WHITESIDE-:-UNION GROVE 1,9
WHITESIDE-:-USTICK 1,9
WILL-:-CHANNAHON PCT 001-STYLE 1,11
WILL-:-CHANNAHON PCT 002-STYLE 2,10
WILL-:-CHANNAHON PCT 003-STYLE 3,10
WILL-:-CHANNAHON PCT 004-STYLE 4,10
WILL-:-CHANNAHON PCT 005-STYLE 5,10
WILL-:-CRETE PCT 001-STYLE 6/7,10
WILL-:-CRETE PCT 002-STYLE 8,10
WILL-:-CRETE PCT 003-STYLE 9,10
WILL-:-CRETE PCT 004-STYLE 10,10
WILL-:-CRETE PCT 004-STYLE 11,10
WILL-:-CRETE PCT 005-STYLE 12,10
WILL-:-CRETE PCT 006-STYLE 13,10
WILL-:-CRETE PCT 006-STYLE 14,10
WILL-:-CRETE PCT 007-STYLE 15,10
WILL-:-CRETE PCT 008-STYLE 16,10
WILL-:-CRETE PCT 008-STYLE 17,10
WILL-:-CRETE PCT 009-STYLE 18,10
WILL-:-CRETE PCT 010-STYLE 19,10
WILL-:-CRETE PCT 011-STYLE 20,10
WILL-:-CRETE PCT 011-STYLE 21,10
WILL-:-CRETE PCT 012-STYLE 22,10
WILL-:-CUSTER PCT 001-STYLE 23,10
WILL-:-CUSTER PCT 001-STYLE 24,10
WILL-:-DUPAGE PCT 001-STYLE 25/26,9
WILL-:-DUPAGE PCT 002-STYLE 27,9
WILL-:-DUPAGE PCT 003-STYLE 28,9
WILL-:-DUPAGE PCT 004-STYLE 29,9
WILL-:-DUPAGE PCT 005-STYLE 30/31,9
WILL-:-DUPAGE PCT 006-STYLE 32,9
WILL-:-DUPAGE PCT 007-STYLE 33,9
WILL-:-DUPAGE PCT 008-STYLE 34,9
WILL-:-DUPAGE PCT 009-STYLE 35/37,9
WILL-:-DUPAGE PCT 010-STYLE 38,9
WILL-:-DUPAGE PCT 011-STYLE 39,9
WILL-:-DUPAGE PCT 012-STYLE 40,9
WILL-:-DUPAGE PCT 013-STYLE 41,9
WILL-:-DUPAGE PCT 014-STYLE 42/43,9
WILL-:-DUPAGE PCT 015-STYLE 44,9
WILL-:-DUPAGE PCT 016-STYLE 45,9
WILL-:-DUPAGE PCT 017-STYLE 46,9
WILL-:-DUPAGE PCT 017-STYLE 47,9
WILL-:-DUPAGE PCT 018-STYLE 48,9
WILL-:-DUPAGE PCT 019-STYLE 49,9
WILL-:-DUPAGE PCT 020-STYLE 50,9
WILL-:-DUPAGE PCT 021-STYLE 51,9
WILL-:-DUPAGE PCT 022-STYLE 52,9
WILL-:-DUPAGE PCT 023-STYLE 53,9
WILL-:-DUPAGE PCT 024-STYLE 54,9
WILL-:-DUPAGE PCT 025-STYLE 56,9
WILL-:-DUPAGE PCT 025-STYLE 57,9
WILL-:-DUPAGE PCT 026-STYLE 58,9
WILL-:-DUPAGE PCT 027-STYLE 59,9
WILL-:-DUPAGE PCT 027-STYLE 60,9
WILL-:-DUPAGE PCT 028-STYLE 61/62,9
WILL-:-DUPAGE PCT 029-STYLE 63,9
WILL-:-DUPAGE PCT 030-STYLE 64,9
WILL-:-DUPAGE PCT 031-STYLE 65/66,10
WILL-:-DUPAGE PCT 032-STYLE 67,10
WILL-:-DUPAGE PCT 032-STYLE 68,10
WILL-:-DUPAGE PCT 033-STYLE 69/71,9
WILL-:-DUPAGE PCT 033-STYLE 70/72,10
WILL-:-DUPAGE PCT 034-STYLE 73,10
WILL-:-DUPAGE PCT 035-STYLE 74,10
WILL-:-DUPAGE PCT 036-STYLE 75,10
WILL-:-DUPAGE PCT 036-STYLE 76,10
WILL-:-DUPAGE PCT 037-STYLE 77,10
WILL-:-FLORENCE PCT 001-STYLE 78,10
WILL-:-FRANKFORT PCT 001-STYLE 79,10
WILL-:-FRANKFORT PCT 002-STYLE 80/81,10
WILL-:-FRANKFORT PCT 003-STYLE 83/85,10
WILL-:-FRANKFORT PCT 003-STYLE 84,10
WILL-:-FRANKFORT PCT 004-STYLE 86,10
WILL-:-FRANKFORT PCT 004-STYLE 87,10
WILL-:-FRANKFORT PCT 005-STYLE 88,10
WILL-:-FRANKFORT PCT 006-STYLE 89,10
WILL-:-FRANKFORT PCT 007-STYLE 90/91,10
WILL-:-FRANKFORT PCT 008-STYLE 92,10
WILL-:-FRANKFORT PCT 008-STYLE 93/94,10
WILL-:-FRANKFORT PCT 009-STYLE 95,10
WILL-:-FRANKFORT PCT 010-STYLE 96/97,10
WILL-:-FRANKFORT PCT 011-STYLE 98,10
WILL-:-FRANKFORT PCT 011-STYLE 99,10
WILL-:-FRANKFORT PCT 012-STYLE 100,10
WILL-:-FRANKFORT PCT 013-STYLE 101,10
WILL-:-FRANKFORT PCT 014-STYLE 102/103,10
WILL-:-FRANKFORT PCT 015-STYLE 104,10
WILL-:-FRANKFORT PCT 016-STYLE 105/106,10
WILL-:-FRANKFORT PCT 017-STYLE 107,10
WILL-:-FRANKFORT PCT 017-STYLE 108,10
WILL-:-FRANKFORT PCT 018-STYLE 109,10
WILL-:-FRANKFORT PCT 019-STYLE 110,10
WILL-:-FRANKFORT PCT 020-STYLE 111,10
WILL-:-FRANKFORT PCT 021-STYLE 112,10
WILL-:-FRANKFORT PCT 021-STYLE 113,10
WILL-:-FRANKFORT PCT 022-STYLE 114/115,10
WILL-:-FRANKFORT PCT 023-STYLE 116,10
WILL-:-FRANKFORT PCT 023-STYLE 117,10
WILL-:-FRANKFORT PCT 024-STYLE 118,10
WILL-:-FRANKFORT PCT 025-STYLE 119,10
WILL-:-FRANKFORT PCT 026-STYLE 120,10
WILL-:-FRANKFORT PCT 027-STYLE 121,10
WILL-:-FRANKFORT PCT 027-STYLE 122,10
WILL-:-FRANKFORT PCT 028-STYLE 123,10
WILL-:-GREEN GARDEN PCT 001-STYLE 124,10
WILL-:-GREEN GARDEN PCT 002-STYLE 125,10
WILL-:-GREEN GARDEN PCT 002-STYLE 126,10
WILL-:-HOMER PCT 001-STYLE 127/128,10
WILL-:-HOMER PCT 002-STYLE 129,10
WILL-:-HOMER PCT 003-STYLE 130,10
WILL-:-HOMER PCT 004-STYLE 131,10
WILL-:-HOMER PCT 004-STYLE 132,10
WILL-:-HOMER PCT 005-STYLE 133,10
WILL-:-HOMER PCT 005-STYLE 134,10
WILL-:-HOMER PCT 006-STYLE 135,10
WILL-:-HOMER PCT 007-STYLE 136,10
WILL-:-HOMER PCT 008-STYLE 137,10
WILL-:-HOMER PCT 009-STYLE 138,10
WILL-:-HOMER PCT 009-STYLE 139,10
WILL-:-HOMER PCT 010-STYLE 140,10
WILL-:-HOMER PCT 011-STYLE 141,10
WILL-:-HOMER PCT 012-STYLE 142,10
WILL-:-HOMER PCT 013-STYLE 143,10
WILL-:-HOMER PCT 014-STYLE 144,10
WILL-:-HOMER PCT 015-STYLE 145,10
WILL-:-HOMER PCT 016-STYLE 146,10
WILL-:-HOMER PCT 017-STYLE 147,10
WILL-:-HOMER PCT 018-STYLE 148,10
WILL-:-HOMER PCT 019-STYLE 149,10
WILL-:-JACKSON PCT 001-STYLE 150,10
WILL-:-JACKSON PCT 002-STYLE 151,10
WILL-:-JOLIET PCT 001-STYLE 152/153,10
WILL-:-JOLIET PCT 002-STYLE 154/155,10
WILL-:-JOLIET PCT 003-STYLE 156/157,10
WILL-:-JOLIET PCT 003-STYLE 158,10
WILL-:-JOLIET PCT 004-STYLE 159,10
WILL-:-JOLIET PCT 004-STYLE 160,10
WILL-:-JOLIET PCT 005-STYLE 161,10
WILL-:-JOLIET PCT 006-STYLE 162,10
WILL-:-JOLIET PCT 007-STYLE 163/165,10
WILL-:-JOLIET PCT 007-STYLE 164/166,10
WILL-:-JOLIET PCT 008-STYLE 167,9
WILL-:-JOLIET PCT 009-STYLE 168,9
WILL-:-JOLIET PCT 009-STYLE 169,9
WILL-:-JOLIET PCT 010-STYLE 170,9
WILL-:-JOLIET PCT 011-STYLE 171/172,10
WILL-:-JOLIET PCT 012-STYLE 173,10
WILL-:-JOLIET PCT 012-STYLE 174,10
WILL-:-JOLIET PCT 013-STYLE 175,10
WILL-:-JOLIET PCT 014-STYLE 176,10
WILL-:-JOLIET PCT 015-STYLE 177/178,10
WILL-:-JOLIET PCT 016-STYLE 179/181/182,10
WILL-:-JOLIET PCT 016-STYLE 180,10
WILL-:-JOLIET PCT 017-STYLE 183,9
WILL-:-JOLIET PCT 018-STYLE 184,10
WILL-:-JOLIET PCT 018-STYLE 185,10
WILL-:-JOLIET PCT 019-STYLE 186,10
WILL-:-JOLIET PCT 019-STYLE 187,10
WILL-:-JOLIET PCT 020-STYLE 188/189,9
WILL-:-JOLIET PCT 021-STYLE 190,10
WILL-:-JOLIET PCT 022-STYLE 191,10
WILL-:-JOLIET PCT 023-STYLE 192,10
WILL-:-JOLIET PCT 024-STYLE 193,9
WILL-:-JOLIET PCT 025-STYLE 194,9
WILL-:-JOLIET PCT 026-STYLE 195/196,10
WILL-:-JOLIET PCT 027-STYLE 197,10
WILL-:-JOLIET PCT 028-STYLE 198,10
WILL-:-JOLIET PCT 029-STYLE 199,10
WILL-:-JOLIET PCT 030-STYLE 200,10
WILL-:-JOLIET PCT 031-STYLE 201/202,10
WILL-:-JOLIET PCT 032-STYLE 203,10
WILL-:-JOLIET PCT 033-STYLE 204,10
WILL-:-JOLIET PCT 034-STYLE 205,10
WILL-:-JOLIET PCT 035-STYLE 206,10
WILL-:-JOLIET PCT 036-STYLE 207/208/209/210,10
WILL-:-JOLIET PCT 037-STYLE 211,10
WILL-:-LOCKPORT PCT 001-STYLE 212,10
WILL-:-LOCKPORT PCT 002-STYLE 213,10
WILL-:-LOCKPORT PCT 003-STYLE 214,10
WILL-:-LOCKPORT PCT 004-STYLE 215,10
WILL-:-LOCKPORT PCT 005-STYLE 216/217,10
WILL-:-LOCKPORT PCT 006-STYLE 218,10
WILL-:-LOCKPORT PCT 007-STYLE 219,10
WILL-:-LOCKPORT PCT 008-STYLE 220,10
WILL-:-LOCKPORT PCT 009-STYLE 221,10
WILL-:-LOCKPORT PCT 010-STYLE 222,10
WILL-:-LOCKPORT PCT 011-STYLE 223,10
WILL-:-LOCKPORT PCT 012-STYLE 224,10
WILL-:-LOCKPORT PCT 012-STYLE 225,10
WILL-:-LOCKPORT PCT 013-STYLE 226,10
WILL-:-LOCKPORT PCT 014-STYLE 227,10
WILL-:-LOCKPORT PCT 015-STYLE 228,10
WILL-:-LOCKPORT PCT 015-STYLE 229,10
WILL-:-LOCKPORT PCT 016-STYLE 230,10
WILL-:-LOCKPORT PCT 017-STYLE 231,10
WILL-:-LOCKPORT PCT 018-STYLE 232,10
WILL-:-LOCKPORT PCT 019-STYLE 233,10
WILL-:-LOCKPORT PCT 020-STYLE 234,10
WILL-:-LOCKPORT PCT 021-STYLE 235,10
WILL-:-LOCKPORT PCT 022-STYLE 236,10
WILL-:-LOCKPORT PCT 023-STYLE 237,10
WILL-:-LOCKPORT PCT 023-STYLE 238,10
WILL-:-LOCKPORT PCT 024-STYLE 239,10
WILL-:-MANHATTAN PCT 001-STYLE 240,10
WILL-:-MANHATTAN PCT 002-STYLE 241,10
WILL-:-MANHATTAN PCT 003-STYLE 242,10
WILL-:-MANHATTAN PCT 004-STYLE 243,10
WILL-:-MANHATTAN PCT 005-STYLE 244,10
WILL-:-MONEE PCT 001-STYLE 245/246,10
WILL-:-MONEE PCT 001-STYLE 247,10
WILL-:-MONEE PCT 002-STYLE 248,10
WILL-:-MONEE PCT 002-STYLE 249/250,10
WILL-:-MONEE PCT 003-STYLE 251,10
WILL-:-MONEE PCT 003-STYLE 252,10
WILL-:-MONEE PCT 004-STYLE 253,10
WILL-:-MONEE PCT 005-STYLE 254,10
WILL-:-MONEE PCT 006-STYLE 255,10
WILL-:-MONEE PCT 007-STYLE 256,10
WILL-:-MONEE PCT 008-STYLE 257,10
WILL-:-MONEE PCT 008-STYLE 258,10
WILL-:-NEW LENOX PCT 001-STYLE 259,10
WILL-:-NEW LENOX PCT 002-STYLE 260,10
WILL-:-NEW LENOX PCT 003-STYLE 261,10
WILL-:-NEW LENOX PCT 004-STYLE 262,10
WILL-:-NEW LENOX PCT 005-STYLE 263,10
WILL-:-NEW LENOX PCT 006-STYLE 264,10
WILL-:-NEW LENOX PCT 007-STYLE 265,10
WILL-:-NEW LENOX PCT 008-STYLE 266,10
WILL-:-NEW LENOX PCT 009-STYLE 267,10
WILL-:-NEW LENOX PCT 010-STYLE 268,10
WILL-:-NEW LENOX PCT 010-STYLE 269,10
WILL-:-NEW LENOX PCT 011-STYLE 270,10
WILL-:-NEW LENOX PCT 011-STYLE 271,10
WILL-:-NEW LENOX PCT 012-STYLE 272,10
WILL-:-NEW LENOX PCT 012-STYLE 273,10
WILL-:-NEW LENOX PCT 013-STYLE 274,10
WILL-:-NEW LENOX PCT 013-STYLE 275,10
WILL-:-NEW LENOX PCT 014-STYLE 276,10
WILL-:-NEW LENOX PCT 014-STYLE 277,10
WILL-:-NEW LENOX PCT 015-STYLE 278,10
WILL-:-NEW LENOX PCT 016-STYLE 279,10
WILL-:-NEW LENOX PCT 017-STYLE 280,10
WILL-:-NEW LENOX PCT 018-STYLE 281,10
WILL-:-NEW LENOX PCT 019-STYLE 282,10
WILL-:-NEW LENOX PCT 020-STYLE 283,10
WILL-:-PEOTONE PCT 001-STYLE 284/286,10
WILL-:-PEOTONE PCT 001-STYLE 285,10
WILL-:-PEOTONE PCT 001-STYLE 287,10
WILL-:-PEOTONE PCT 002-STYLE 288/289,10
WILL-:-PEOTONE PCT 002-STYLE 290,10
WILL-:-PEOTONE PCT 002-STYLE 291,10
WILL-:-PEOTONE PCT 002-STYLE 292,10
WILL-:-PLAINFIELD PCT 001-STYLE 293,9
WILL-:-PLAINFIELD PCT 002-STYLE 294,9
WILL-:-PLAINFIELD PCT 003-STYLE 295,10
WILL-:-PLAINFIELD PCT 003-STYLE 296,10
WILL-:-PLAINFIELD PCT 004-STYLE 297,10
WILL-:-PLAINFIELD PCT 005-STYLE 298,9
WILL-:-PLAINFIELD PCT 006-STYLE 299,9
WILL-:-PLAINFIELD PCT 007-STYLE 300,10
WILL-:-PLAINFIELD PCT 008-STYLE 301,9
WILL-:-PLAINFIELD PCT 009-STYLE 302,9
WILL-:-PLAINFIELD PCT 010-STYLE 303,10
WILL-:-PLAINFIELD PCT 010-STYLE 304,10
WILL-:-PLAINFIELD PCT 011-STYLE 305,10
WILL-:-PLAINFIELD PCT 012-STYLE 306,10
WILL-:-PLAINFIELD PCT 013-STYLE 307,9
WILL-:-PLAINFIELD PCT 014-STYLE 308,10
WILL-:-PLAINFIELD PCT 014-STYLE 309,9
WILL-:-PLAINFIELD PCT 015-STYLE 310/311,10
WILL-:-PLAINFIELD PCT 016-STYLE 312,10
WILL-:-PLAINFIELD PCT 017-STYLE 313,10
WILL-:-PLAINFIELD PCT 018-STYLE 314,10
WILL-:-PLAINFIELD PCT 019-STYLE 315,9
WILL-:-PLAINFIELD PCT 020-STYLE 316,9
WILL-:-PLAINFIELD PCT 021-STYLE 317,9
WILL-:-PLAINFIELD PCT 022-STYLE 318,9
WILL-:-PLAINFIELD PCT 023-STYLE 319,9
WILL-:-PLAINFIELD PCT 024-STYLE 320,9
WILL-:-PLAINFIELD PCT 025-STYLE 321/322,9
WILL-:-PLAINFIELD PCT 026-STYLE 323/324,9
WILL-:-PLAINFIELD PCT 027-STYLE 325,9
WILL-:-PLAINFIELD PCT 028-STYLE 326,9
WILL-:-PLAINFIELD PCT 029-STYLE 327,9
WILL-:-PLAINFIELD PCT 030-STYLE 328,9
WILL-:-PLAINFIELD PCT 031-STYLE 329,9
WILL-:-PLAINFIELD PCT 032-STYLE 330,9
WILL-:-PLAINFIELD PCT 033-STYLE 331,9
WILL-:-PLAINFIELD PCT 034-STYLE 332/333,10
WILL-:-PLAINFIELD PCT 035-STYLE 334,9
WILL-:-REED PCT 001-STYLE 335,10
WILL-:-REED PCT 001-STYLE 336,10
WILL-:-REED PCT 001-STYLE 337,10
WILL-:-REED PCT 001-STYLE 338,10
WILL-:-REED PCT 002-STYLE 339,10
WILL-:-REED PCT 002-STYLE 340,10
WILL-:-REED PCT 002-STYLE 341,10
WILL-:-REED PCT 003-STYLE 342,10
WILL-:-REED PCT 003-STYLE 343,10
WILL-:-TROY PCT 001-STYLE 344,9
WILL-:-TROY PCT 002-STYLE 345,9
WILL-:-TROY PCT 003-STYLE 346,10
WILL-:-TROY PCT 003-STYLE 347,9
WILL-:-TROY PCT 004-STYLE 348,9
WILL-:-TROY PCT 005-STYLE 349,9
WILL-:-TROY PCT 006-STYLE 350,9
WILL-:-TROY PCT 007-STYLE 351,9
WILL-:-TROY PCT 008-STYLE 352,9
WILL-:-TROY PCT 008-STYLE 353,9
WILL-:-TROY PCT 009-STYLE 354,9
WILL-:-TROY PCT 009-STYLE 355,9
WILL-:-TROY PCT 010-STYLE 356,9
WILL-:-TROY PCT 010-STYLE 357,9
WILL-:-TROY PCT 011-STYLE 358,9
WILL-:-TROY PCT 012-STYLE 359,9
WILL-:-TROY PCT 013-STYLE 360,9
WILL-:-TROY PCT 014-STYLE 361,9
WILL-:-TROY PCT 014-STYLE 362,9
WILL-:-TROY PCT 015-STYLE 363,9
WILL-:-TROY PCT 015-STYLE 364,9
WILL-:-TROY PCT 016-STYLE 365,9
WILL-:-TROY PCT 017-STYLE 366,9
WILL-:-TROY PCT 018-STYLE 367,9
WILL-:-TROY PCT 019-STYLE 368,9
WILL-:-TROY PCT 020-STYLE 369,9
WILL-:-TROY PCT 021-STYLE 370,9
WILL-:-TROY PCT 022-STYLE 371,9
WILL-:-TROY PCT 022-STYLE 372,10
WILL-:-WASHINGTON PCT 001-STYLE 373,10
WILL-:-WASHINGTON PCT 002-STYLE 374,10
WILL-:-WASHINGTON PCT 002-STYLE 375,10
WILL-:-WASHINGTON PCT 003-STYLE 376,10
WILL-:-WASHINGTON PCT 003-STYLE 377,10
WILL-:-WESLEY PCT 001-STYLE 378,10
WILL-:-WESLEY PCT 001-STYLE 379,10
WILL-:-WHEATLAND PCT 001-STYLE 380,9
WILL-:-WHEATLAND PCT 002-STYLE 381,9
WILL-:-WHEATLAND PCT 003-STYLE 382,9
WILL-:-WHEATLAND PCT 004-STYLE 383,9
WILL-:-WHEATLAND PCT 005-STYLE 384,9
WILL-:-WHEATLAND PCT 006-STYLE 385,9
WILL-:-WHEATLAND PCT 007-STYLE 386,9
WILL-:-WHEATLAND PCT 008-STYLE 387/388,9
WILL-:-WHEATLAND PCT 009-STYLE 389,9
WILL-:-WHEATLAND PCT 010-STYLE 390,9
WILL-:-WHEATLAND PCT 011-STYLE 391,9
WILL-:-WHEATLAND PCT 011-STYLE 392,9
WILL-:-WHEATLAND PCT 012-STYLE 393,9
WILL-:-WHEATLAND PCT 012-STYLE 394,9
WILL-:-WHEATLAND PCT 012-STYLE 395,9
WILL-:-WHEATLAND PCT 013-STYLE 396,9
WILL-:-WHEATLAND PCT 014-STYLE 397,9
WILL-:-WHEATLAND PCT 015-STYLE 398,9
WILL-:-WHEATLAND PCT 016-STYLE 399/401,9
WILL-:-WHEATLAND PCT 016-STYLE 400,9
WILL-:-WHEATLAND PCT 017-STYLE 402,9
WILL-:-WHEATLAND PCT 018-STYLE 403,9
WILL-:-WHEATLAND PCT 019-STYLE 404/405,9
WILL-:-WHEATLAND PCT 020-STYLE 406,9
WILL-:-WHEATLAND PCT 021-STYLE 407,9
WILL-:-WHEATLAND PCT 021-STYLE 408,9
WILL-:-WHEATLAND PCT 022-STYLE 409/412,10
WILL-:-WHEATLAND PCT 022-STYLE 410/411,9
WILL-:-WHEATLAND PCT 023-STYLE 413/414,9
WILL-:-WHEATLAND PCT 024-STYLE 415/416/417,9
WILL-:-WHEATLAND PCT 025-STYLE 418,9
WILL-:-WHEATLAND PCT 026-STYLE 419,9
WILL-:-WHEATLAND PCT 026-STYLE 420,10
WILL-:-WHEATLAND PCT 027-STYLE 421,10
WILL-:-WHEATLAND PCT 027-STYLE 422,9
WILL-:-WHEATLAND PCT 028-STYLE 423,9
WILL-:-WHEATLAND PCT 028-STYLE 424,9
WILL-:-WHEATLAND PCT 029-STYLE 425,9
WILL-:-WHEATLAND PCT 030-STYLE 426,9
WILL-:-WHEATLAND PCT 031-STYLE 427,9
WILL-:-WHEATLAND PCT 032-STYLE 428,9
WILL-:-WHEATLAND PCT 033-STYLE 429,9
WILL-:-WHEATLAND PCT 034-STYLE 431,9
WILL-:-WHEATLAND PCT 035-STYLE 432,9
WILL-:-WHEATLAND PCT 035-STYLE 433,9
WILL-:-WHEATLAND PCT 036-STYLE 434,9
WILL-:-WHEATLAND PCT 037-STYLE 435/436,9
WILL-:-WHEATLAND PCT 038-STYLE 437/438,9
WILL-:-WILL PCT 001-STYLE 439/440,10
WILL-:-WILL PCT 001-STYLE 441,10
WILL-:-WILMINGTON PCT 001-STYLE 442,10
WILL-:-WILMINGTON PCT 001-STYLE 443,10
WILL-:-WILMINGTON PCT 002-STYLE 444,10
WILL-:-WILMINGTON PCT 002-STYLE 445,10
WILL-:-WILMINGTON PCT 003-STYLE 446,10
WILL-:-WILTON PCT 001-STYLE 447,10
WILLIAMSON-:-BLAIRSVILLE 1,14
WILLIAMSON-:-BLAIRSVILLE 2,14
WILLIAMSON-:-BLAIRSVILLE 3,14
WILLIAMSON-:-BLAIRSVILLE 4,16
WILLIAMSON-:-BLAIRSVILLE 5,16
WILLIAMSON-:-CARTERVILLE 1,16
WILLIAMSON-:-CARTERVILLE 2,14
WILLIAMSON-:-CARTERVILLE 3,14
WILLIAMSON-:-CARTERVILLE 4,14
WILLIAMSON-:-CARTERVILLE 5,14
WILLIAMSON-:-CARTERVILLE 6,14
WILLIAMSON-:-CARTERVILLE 7,14
WILLIAMSON-:-CARTERVILLE 8,14
WILLIAMSON-:-CORINTH 1,14
WILLIAMSON-:-CRAB ORCHARD,14
WILLIAMSON-:-CREAL SPRINGS 1,14
WILLIAMSON-:-CREAL SPRINGS 2,14
WILLIAMSON-:-EAST MARION 1,14
WILLIAMSON-:-EAST MARION 2,14
WILLIAMSON-:-EAST MARION 3,14
WILLIAMSON-:-EAST MARION 4,14
WILLIAMSON-:-EAST MARION 5,14
WILLIAMSON-:-EAST MARION 6,14
WILLIAMSON-:-EAST MARION 7,14
WILLIAMSON-:-EAST MARION 8,14
WILLIAMSON-:-EAST MARION 9,14
WILLIAMSON-:-GRASSY,16
WILLIAMSON-:-HERRIN 1,14
WILLIAMSON-:-HERRIN 10,16
WILLIAMSON-:-HERRIN 11,16
WILLIAMSON-:-HERRIN 12,16
WILLIAMSON-:-HERRIN 13,16
WILLIAMSON-:-HERRIN 2,16
WILLIAMSON-:-HERRIN 3,14
WILLIAMSON-:-HERRIN 4,16
WILLIAMSON-:-HERRIN 5,14
WILLIAMSON-:-HERRIN 6,14
WILLIAMSON-:-HERRIN 7,14
WILLIAMSON-:-HERRIN 8,16
WILLIAMSON-:-HERRIN 9,16
WILLIAMSON-:-LAKE CREEK 1,14
WILLIAMSON-:-LAKE CREEK 2,14
WILLIAMSON-:-LAKE CREEK 3,14
WILLIAMSON-:-SOUTHERN 1,14
WILLIAMSON-:-SOUTHERN 2,14
WILLIAMSON-:-STONEFORT,14
WILLIAMSON-:-WEST MARION 1,14
WILLIAMSON-:-WEST MARION 10,14
WILLIAMSON-:-WEST MARION 2,14
WILLIAMSON-:-WEST MARION 3,14
WILLIAMSON-:-WEST MARION 4,14
WILLIAMSON-:-WEST MARION 5,14
WILLIAMSON-:-WEST MARION 6,14
WILLIAMSON-:-WEST MARION 7,14
WILLIAMSON-:-WEST MARION 8,14
WILLIAMSON-:-WEST MARION 9,14
WINNEBAGO-:-BURRITT 1,9
WINNEBAGO-:-CHERRY VALLEY 1,9
WINNEBAGO-:-CHERRY VALLEY 11,9
WINNEBAGO-:-CHERRY VALLEY 4,9
WINNEBAGO-:-CHERRY VALLEY 5,9
WINNEBAGO-:-CHERRY VALLEY 9,9
WINNEBAGO-:-DURAND 1,9
WINNEBAGO-:-DURAND 2,9
WINNEBAGO-:-HARLEM 10,3
WINNEBAGO-:-HARLEM 11,3
WINNEBAGO-:-HARLEM 12,3
WINNEBAGO-:-HARLEM 13,3
WINNEBAGO-:-HARLEM 14,3
WINNEBAGO-:-HARLEM 15,3
WINNEBAGO-:-HARLEM 16,3
WINNEBAGO-:-HARLEM 17,3
WINNEBAGO-:-HARLEM 18,3
WINNEBAGO-:-HARLEM 19,3
WINNEBAGO-:-HARLEM 2,3
WINNEBAGO-:-HARLEM 21,3
WINNEBAGO-:-HARLEM 22,3
WINNEBAGO-:-HARLEM 24,3
WINNEBAGO-:-HARLEM 25,3
WINNEBAGO-:-HARLEM 26,3
WINNEBAGO-:-HARLEM 27,3
WINNEBAGO-:-HARLEM 4,3
WINNEBAGO-:-HARLEM 5,3
WINNEBAGO-:-HARLEM 6,3
WINNEBAGO-:-HARLEM 7,3
WINNEBAGO-:-HARLEM 8,3
WINNEBAGO-:-HARRISON 1,9
WINNEBAGO-:-LAONA 1,9
WINNEBAGO-:-OWEN 1,3
WINNEBAGO-:-OWEN 2,3
WINNEBAGO-:-OWEN 3,9
WINNEBAGO-:-PECATONICA 2,9
WINNEBAGO-:-PECATONICA 3,9
WINNEBAGO-:-PECATONICA 4,9
WINNEBAGO-:-ROCKFORD 12,9
WINNEBAGO-:-ROCKFORD 13,9
WINNEBAGO-:-ROCKFORD 14,9
WINNEBAGO-:-ROCKFORD 26,9
WINNEBAGO-:-ROCKFORD 30,9
WINNEBAGO-:-ROCKFORD 4,9
WINNEBAGO-:-ROCKFORD 5,9
WINNEBAGO-:-ROCKFORD 54,3
WINNEBAGO-:-ROCKFORD 55,3
WINNEBAGO-:-ROCKFORD 8,9
WINNEBAGO-:-ROCKTON 1,3
WINNEBAGO-:-ROCKTON 10,3
WINNEBAGO-:-ROCKTON 11,3
WINNEBAGO-:-ROCKTON 13,3
WINNEBAGO-:-ROCKTON 2,9
WINNEBAGO-:-ROCKTON 3,3
WINNEBAGO-:-ROCKTON 5,3
WINNEBAGO-:-ROCKTON 6,3
WINNEBAGO-:-ROCKTON 8,3
WINNEBAGO-:-ROCKTON 9,3
WINNEBAGO-:-ROSCOE 1,3
WINNEBAGO-:-ROSCOE 10,3
WINNEBAGO-:-ROSCOE 11,3
WINNEBAGO-:-ROSCOE 12,3
WINNEBAGO-:-ROSCOE 14,3
WINNEBAGO-:-ROSCOE 15,3
WINNEBAGO-:-ROSCOE 2,3
WINNEBAGO-:-ROSCOE 3,3
WINNEBAGO-:-ROSCOE 4,3
WINNEBAGO-:-ROSCOE 5,3
WINNEBAGO-:-ROSCOE 6,3
WINNEBAGO-:-ROSCOE 7,3
WINNEBAGO-:-ROSCOE 8,3
WINNEBAGO-:-ROSCOE 9,3
WINNEBAGO-:-SEWARD 1,9
WINNEBAGO-:-SHIRLAND 1,9
WINNEBAGO-:-WINNEBAGO 3,9
WINNEBAGO-:-WINNEBAGO 4,9
WOODFORD-:-CAZENOVIA 1,6
WOODFORD-:-CAZENOVIA 3,13
WOODFORD-:-CLAYTON,13
WOODFORD-:-CRUGER 1,13
WOODFORD-:-CRUGER 2,13
WOODFORD-:-EL PASO 1,13
WOODFORD-:-EL PASO 2,13
WOODFORD-:-EL PASO 3,13
WOODFORD-:-GREENE,13
WOODFORD-:-KANSAS,13
WOODFORD-:-LINN,6
WOODFORD-:-METAMORA 1,13
WOODFORD-:-METAMORA 2,13
WOODFORD-:-METAMORA 3,13
WOODFORD-:-METAMORA 4,13
WOODFORD-:-MINONK 1,10
WOODFORD-:-MINONK 2,10
WOODFORD-:-MONTGOMERY 1,13
WOODFORD-:-MONTGOMERY 2,13
WOODFORD-:-OLIO 1,13
WOODFORD-:-OLIO 2,13
WOODFORD-:-OLIO 3,13
WOODFORD-:-OLIO 4,13
WOODFORD-:-PALESTINE,13
WOODFORD-:-PANOLA,13
WOODFORD-:-PARTRIDGE,6
WOODFORD-:-ROANOKE 1,13
WOODFORD-:-ROANOKE 2,13
WOODFORD-:-SPRING BAY 1,13
WOODFORD-:-SPRING BAY 2,13
WOODFORD-:-WORTH 1,13
WOODFORD-:-WORTH 3,13
WOODFORD-:-WORTH 4,13
WOODFORD-:-WORTH 5,13
WOODFORD-:-WORTH 6,13
WOODFORD-:-WORTH 7,13
WOODFORD-:-WORTH 9,13
