unit_id,district
BOONE-:-FLORA 1-(CONG-11),3
BOONE-:-FLORA 1-(CONG-16),0
BUREAU-:-ARISPIE-(CONG-14),0
BUREAU-:-ARISPIE-(CONG-16),0
BUREAU-:-PRINCETON 6-(CONG-14),0
BUREAU-:-PRINCETON 6-(CONG-16),0
BUREAU-:-SELBY 2-(CONG-14),2
BUREAU-:-SELBY 2-(CONG-16),0
CHAMPAIGN-:-HENSLEY-(CONG-13),4
CHAMPAIGN-:-HENSLEY-(CONG-15),0
CHAMPAIGN-:-RANTOUL 4-(CONG-02),0
CHAMPAIGN-:-RANTOUL 4-(CONG-15),0
CHAMPAIGN-:-SOMER-(CONG-13),5
CHAMPAIGN-:-SOMER-(CONG-15),0
CITY OF BLOOMINGTON-:-PRECINCT 10-(CONG-16),0
CITY OF BLOOMINGTON-:-PRECINCT 10-(CONG-17),6
CITY OF BLOOMINGTON-:-PRECINCT 15-(CONG-16),0
CITY OF BLOOMINGTON-:-PRECINCT 15-(CONG-17),7
CITY OF BLOOMINGTON-:-PRECINCT 17-(CONG-16),0
CITY OF BLOOMINGTON-:-PRECINCT 17-(CONG-17),8
CITY OF BLOOMINGTON-:-PRECINCT 2-(CONG-16),0
CITY OF BLOOMINGTON-:-PRECINCT 2-(CONG-17),0
CITY OF BLOOMINGTON-:-PRECINCT 52-(CONG-16),0
CITY OF BLOOMINGTON-:-PRECINCT 52-(CONG-17),9
CITY OF CHICAGO-:-WARD 01 PRECINCT 21-(CONG-05),10
CITY OF CHICAGO-:-WARD 01 PRECINCT 21-(CONG-07),11
CITY OF CHICAGO-:-WARD 02 PRECINCT 23-(CONG-05),12
CITY OF CHICAGO-:-WARD 02 PRECINCT 23-(CONG-07),13
CITY OF CHICAGO-:-WARD 03 PRECINCT 02-(CONG-01),14
CITY OF CHICAGO-:-WARD 03 PRECINCT 02-(CONG-07),15
CITY OF CHICAGO-:-WARD 03 PRECINCT 07-(CONG-01),16
CITY OF CHICAGO-:-WARD 03 PRECINCT 07-(CONG-07),15
CITY OF CHICAGO-:-WARD 03 PRECINCT 19-(CONG-01),15
CITY OF CHICAGO-:-WARD 03 PRECINCT 19-(CONG-07),15
CITY OF CHICAGO-:-WARD 03 PRECINCT 20-(CONG-01),15
CITY OF CHICAGO-:-WARD 03 PRECINCT 20-(CONG-07),15
CITY OF CHICAGO-:-WARD 03 PRECINCT 22-(CONG-01),15
CITY OF CHICAGO-:-WARD 03 PRECINCT 22-(CONG-07),15
CITY OF CHICAGO-:-WARD 04 PRECINCT 01-(CONG-01),15
CITY OF CHICAGO-:-WARD 04 PRECINCT 01-(CONG-02),15
CITY OF CHICAGO-:-WARD 04 PRECINCT 03-(CONG-01),15
CITY OF CHICAGO-:-WARD 04 PRECINCT 03-(CONG-02),15
CITY OF CHICAGO-:-WARD 04 PRECINCT 24-(CONG-01),15
CITY OF CHICAGO-:-WARD 04 PRECINCT 24-(CONG-07),15
CITY OF CHICAGO-:-WARD 05 PRECINCT 01-(CONG-01),14
CITY OF CHICAGO-:-WARD 05 PRECINCT 01-(CONG-02),15
CITY OF CHICAGO-:-WARD 05 PRECINCT 09-(CONG-01),15
CITY OF CHICAGO-:-WARD 05 PRECINCT 09-(CONG-02),15
CITY OF CHICAGO-:-WARD 05 PRECINCT 15-(CONG-01),15
CITY OF CHICAGO-:-WARD 05 PRECINCT 15-(CONG-02),15
CITY OF CHICAGO-:-WARD 07 PRECINCT 02-(CONG-01),14
CITY OF CHICAGO-:-WARD 07 PRECINCT 02-(CONG-02),14
CITY OF CHICAGO-:-WARD 07 PRECINCT 10-(CONG-01),9
CITY OF CHICAGO-:-WARD 07 PRECINCT 10-(CONG-02),14
CITY OF CHICAGO-:-WARD 07 PRECINCT 12-(CONG-01),14
CITY OF CHICAGO-:-WARD 07 PRECINCT 12-(CONG-02),14
CITY OF CHICAGO-:-WARD 07 PRECINCT 13-(CONG-01),14
CITY OF CHICAGO-:-WARD 07 PRECINCT 13-(CONG-02),7
CITY OF CHICAGO-:-WARD 07 PRECINCT 16-(CONG-01),14
CITY OF CHICAGO-:-WARD 07 PRECINCT 16-(CONG-02),14
CITY OF CHICAGO-:-WARD 07 PRECINCT 17-(CONG-01),3
CITY OF CHICAGO-:-WARD 07 PRECINCT 17-(CONG-02),14
CITY OF CHICAGO-:-WARD 09 PRECINCT 08-(CONG-01),14
CITY OF CHICAGO-:-WARD 09 PRECINCT 08-(CONG-02),14
CITY OF CHICAGO-:-WARD 14 PRECINCT 01-(CONG-04),7
CITY OF CHICAGO-:-WARD 14 PRECINCT 01-(CONG-07),16
CITY OF CHICAGO-:-WARD 15 PRECINCT 10-(CONG-04),9
CITY OF CHICAGO-:-WARD 15 PRECINCT 10-(CONG-07),9
CITY OF CHICAGO-:-WARD 16 PRECINCT 07-(CONG-04),16
CITY OF CHICAGO-:-WARD 16 PRECINCT 07-(CONG-07),16
CITY OF CHICAGO-:-WARD 16 PRECINCT 20-(CONG-01),16
CITY OF CHICAGO-:-WARD 16 PRECINCT 20-(CONG-07),9
CITY OF CHICAGO-:-WARD 16 PRECINCT 23-(CONG-04),16
CITY OF CHICAGO-:-WARD 16 PRECINCT 23-(CONG-07),16
CITY OF CHICAGO-:-WARD 17 PRECINCT 02-(CONG-01),16
CITY OF CHICAGO-:-WARD 17 PRECINCT 02-(CONG-07),7
CITY OF CHICAGO-:-WARD 17 PRECINCT 14-(CONG-01),14
CITY OF CHICAGO-:-WARD 17 PRECINCT 14-(CONG-07),9
CITY OF CHICAGO-:-WARD 18 PRECINCT 18-(CONG-01),16
CITY OF CHICAGO-:-WARD 18 PRECINCT 18-(CONG-04),16
CITY OF CHICAGO-:-WARD 19 PRECINCT 10-(CONG-01),14
CITY OF CHICAGO-:-WARD 19 PRECINCT 10-(CONG-06),7
CITY OF CHICAGO-:-WARD 19 PRECINCT 11-(CONG-01),14
CITY OF CHICAGO-:-WARD 19 PRECINCT 11-(CONG-06),16
CITY OF CHICAGO-:-WARD 19 PRECINCT 19-(CONG-01),14
CITY OF CHICAGO-:-WARD 19 PRECINCT 19-(CONG-06),7
CITY OF CHICAGO-:-WARD 19 PRECINCT 25-(CONG-01),14
CITY OF CHICAGO-:-WARD 19 PRECINCT 25-(CONG-06),14
CITY OF CHICAGO-:-WARD 19 PRECINCT 26-(CONG-01),14
CITY OF CHICAGO-:-WARD 19 PRECINCT 26-(CONG-06),14
CITY OF CHICAGO-:-WARD 19 PRECINCT 31-(CONG-01),7
CITY OF CHICAGO-:-WARD 19 PRECINCT 31-(CONG-06),14
CITY OF CHICAGO-:-WARD 19 PRECINCT 36-(CONG-01),14
CITY OF CHICAGO-:-WARD 19 PRECINCT 36-(CONG-06),14
CITY OF CHICAGO-:-WARD 20 PRECINCT 01-(CONG-04),16
CITY OF CHICAGO-:-WARD 20 PRECINCT 01-(CONG-07),16
CITY OF CHICAGO-:-WARD 20 PRECINCT 03-(CONG-04),16
CITY OF CHICAGO-:-WARD 20 PRECINCT 03-(CONG-07),16
CITY OF CHICAGO-:-WARD 20 PRECINCT 05-(CONG-04),16
CITY OF CHICAGO-:-WARD 20 PRECINCT 05-(CONG-07),16
CITY OF CHICAGO-:-WARD 20 PRECINCT 08-(CONG-01),9
CITY OF CHICAGO-:-WARD 20 PRECINCT 08-(CONG-07),16
CITY OF CHICAGO-:-WARD 20 PRECINCT 14-(CONG-01),15
CITY OF CHICAGO-:-WARD 20 PRECINCT 14-(CONG-07),15
CITY OF CHICAGO-:-WARD 22 PRECINCT 02-(CONG-04),13
CITY OF CHICAGO-:-WARD 22 PRECINCT 02-(CONG-07),13
CITY OF CHICAGO-:-WARD 24 PRECINCT 18-(CONG-04),11
CITY OF CHICAGO-:-WARD 24 PRECINCT 18-(CONG-07),13
CITY OF CHICAGO-:-WARD 25 PRECINCT 03-(CONG-04),11
CITY OF CHICAGO-:-WARD 25 PRECINCT 03-(CONG-07),13
CITY OF CHICAGO-:-WARD 25 PRECINCT 13-(CONG-04),13
CITY OF CHICAGO-:-WARD 25 PRECINCT 13-(CONG-07),13
CITY OF CHICAGO-:-WARD 26 PRECINCT 27-(CONG-03),8
CITY OF CHICAGO-:-WARD 26 PRECINCT 27-(CONG-07),13
CITY OF CHICAGO-:-WARD 27 PRECINCT 09-(CONG-05),13
CITY OF CHICAGO-:-WARD 27 PRECINCT 09-(CONG-07),13
CITY OF CHICAGO-:-WARD 27 PRECINCT 12-(CONG-05),13
CITY OF CHICAGO-:-WARD 27 PRECINCT 12-(CONG-07),13
CITY OF CHICAGO-:-WARD 27 PRECINCT 13-(CONG-05),13
CITY OF CHICAGO-:-WARD 27 PRECINCT 13-(CONG-07),11
CITY OF CHICAGO-:-WARD 27 PRECINCT 21-(CONG-05),13
CITY OF CHICAGO-:-WARD 27 PRECINCT 21-(CONG-07),13
CITY OF CHICAGO-:-WARD 28 PRECINCT 17-(CONG-04),13
CITY OF CHICAGO-:-WARD 28 PRECINCT 17-(CONG-07),11
CITY OF CHICAGO-:-WARD 29 PRECINCT 04-(CONG-03),6
CITY OF CHICAGO-:-WARD 29 PRECINCT 04-(CONG-07),11
CITY OF CHICAGO-:-WARD 29 PRECINCT 05-(CONG-03),11
CITY OF CHICAGO-:-WARD 29 PRECINCT 05-(CONG-07),11
CITY OF CHICAGO-:-WARD 30 PRECINCT 03-(CONG-03),13
CITY OF CHICAGO-:-WARD 30 PRECINCT 03-(CONG-05),13
CITY OF CHICAGO-:-WARD 30 PRECINCT 15-(CONG-03),13
CITY OF CHICAGO-:-WARD 30 PRECINCT 15-(CONG-05),13
CITY OF CHICAGO-:-WARD 30 PRECINCT 22-(CONG-03),13
CITY OF CHICAGO-:-WARD 30 PRECINCT 22-(CONG-05),8
CITY OF CHICAGO-:-WARD 30 PRECINCT 23-(CONG-03),11
CITY OF CHICAGO-:-WARD 30 PRECINCT 23-(CONG-05),13
CITY OF CHICAGO-:-WARD 32 PRECINCT 19-(CONG-03),13
CITY OF CHICAGO-:-WARD 32 PRECINCT 19-(CONG-05),13
CITY OF CHICAGO-:-WARD 33 PRECINCT 16-(CONG-03),12
CITY OF CHICAGO-:-WARD 33 PRECINCT 16-(CONG-05),12
CITY OF CHICAGO-:-WARD 35 PRECINCT 22-(CONG-03),13
CITY OF CHICAGO-:-WARD 35 PRECINCT 22-(CONG-05),13
CITY OF CHICAGO-:-WARD 37 PRECINCT 16-(CONG-03),13
CITY OF CHICAGO-:-WARD 37 PRECINCT 16-(CONG-07),11
CITY OF CHICAGO-:-WARD 38 PRECINCT 06-(CONG-03),11
CITY OF CHICAGO-:-WARD 38 PRECINCT 06-(CONG-05),3
CITY OF CHICAGO-:-WARD 38 PRECINCT 11-(CONG-03),11
CITY OF CHICAGO-:-WARD 38 PRECINCT 11-(CONG-05),8
CITY OF CHICAGO-:-WARD 38 PRECINCT 17-(CONG-03),11
CITY OF CHICAGO-:-WARD 38 PRECINCT 17-(CONG-05),8
CITY OF CHICAGO-:-WARD 38 PRECINCT 24-(CONG-03),3
CITY OF CHICAGO-:-WARD 38 PRECINCT 24-(CONG-05),3
CITY OF CHICAGO-:-WARD 39 PRECINCT 28-(CONG-03),10
CITY OF CHICAGO-:-WARD 39 PRECINCT 28-(CONG-05),10
CITY OF CHICAGO-:-WARD 40 PRECINCT 04-(CONG-05),12
CITY OF CHICAGO-:-WARD 40 PRECINCT 04-(CONG-09),12
CITY OF CHICAGO-:-WARD 40 PRECINCT 19-(CONG-05),12
CITY OF CHICAGO-:-WARD 40 PRECINCT 19-(CONG-09),12
CITY OF CHICAGO-:-WARD 40 PRECINCT 23-(CONG-03),12
CITY OF CHICAGO-:-WARD 40 PRECINCT 23-(CONG-05),12
CITY OF CHICAGO-:-WARD 41 PRECINCT 28-(CONG-05),12
CITY OF CHICAGO-:-WARD 41 PRECINCT 28-(CONG-09),12
CITY OF CHICAGO-:-WARD 42 PRECINCT 09-(CONG-05),13
CITY OF CHICAGO-:-WARD 42 PRECINCT 09-(CONG-07),13
CITY OF CHICAGO-:-WARD 42 PRECINCT 22-(CONG-05),13
CITY OF CHICAGO-:-WARD 42 PRECINCT 22-(CONG-07),13
CITY OF CHICAGO-:-WARD 43 PRECINCT 15-(CONG-05),13
CITY OF CHICAGO-:-WARD 43 PRECINCT 15-(CONG-07),13
CITY OF CHICAGO-:-WARD 45 PRECINCT 24-(CONG-03),11
CITY OF CHICAGO-:-WARD 45 PRECINCT 24-(CONG-05),11
CITY OF CHICAGO-:-WARD 45 PRECINCT 27-(CONG-03),11
CITY OF CHICAGO-:-WARD 45 PRECINCT 27-(CONG-05),13
CITY OF CHICAGO-:-WARD 45 PRECINCT 29-(CONG-03),13
CITY OF CHICAGO-:-WARD 45 PRECINCT 29-(CONG-05),8
CITY OF CHICAGO-:-WARD 46 PRECINCT 07-(CONG-05),12
CITY OF CHICAGO-:-WARD 46 PRECINCT 07-(CONG-09),12
CITY OF CHICAGO-:-WARD 46 PRECINCT 08-(CONG-05),12
CITY OF CHICAGO-:-WARD 46 PRECINCT 08-(CONG-09),12
CITY OF CHICAGO-:-WARD 46 PRECINCT 10-(CONG-05),12
CITY OF CHICAGO-:-WARD 46 PRECINCT 10-(CONG-09),12
CITY OF CHICAGO-:-WARD 47 PRECINCT 02-(CONG-05),12
CITY OF CHICAGO-:-WARD 47 PRECINCT 02-(CONG-09),12
CITY OF CHICAGO-:-WARD 47 PRECINCT 03-(CONG-05),12
CITY OF CHICAGO-:-WARD 47 PRECINCT 03-(CONG-09),12
CITY OF CHICAGO-:-WARD 47 PRECINCT 28-(CONG-03),13
CITY OF CHICAGO-:-WARD 47 PRECINCT 28-(CONG-05),13
CITY OF CHICAGO-:-WARD 50 PRECINCT 24-(CONG-05),10
CITY OF CHICAGO-:-WARD 50 PRECINCT 24-(CONG-09),12
CITY OF ROCKFORD-:-WARD 1 PRECINCT 2-(CONG-16),0
CITY OF ROCKFORD-:-WARD 1 PRECINCT 2-(CONG-17),7
CITY OF ROCKFORD-:-WARD 1 PRECINCT 5-(CONG-16),0
CITY OF ROCKFORD-:-WARD 1 PRECINCT 5-(CONG-17),7
CITY OF ROCKFORD-:-WARD 12 PRECINCT 2-(CONG-16),0
CITY OF ROCKFORD-:-WARD 12 PRECINCT 2-(CONG-17),7
CITY OF ROCKFORD-:-WARD 12 PRECINCT 5-(CONG-16),0
CITY OF ROCKFORD-:-WARD 12 PRECINCT 5-(CONG-17),7
CITY OF ROCKFORD-:-WARD 4 PRECINCT 1-(CONG-16),0
CITY OF ROCKFORD-:-WARD 4 PRECINCT 1-(CONG-17),7
CITY OF ROCKFORD-:-WARD 4 PRECINCT 4-(CONG-16),0
CITY OF ROCKFORD-:-WARD 4 PRECINCT 4-(CONG-17),7
CITY OF ROCKFORD-:-WARD 4 PRECINCT 8-(CONG-16),0
CITY OF ROCKFORD-:-WARD 4 PRECINCT 8-(CONG-17),7
CITY OF ROCKFORD-:-WARD 5 PRECINCT 3-(CONG-16),0
CITY OF ROCKFORD-:-WARD 5 PRECINCT 3-(CONG-17),7
CITY OF ROCKFORD-:-WARD 6 PRECINCT 1-(CONG-16),0
CITY OF ROCKFORD-:-WARD 6 PRECINCT 1-(CONG-17),2
CITY OF ROCKFORD-:-WARD 6 PRECINCT 3-(CONG-16),0
CITY OF ROCKFORD-:-WARD 6 PRECINCT 3-(CONG-17),7
CITY OF ROCKFORD-:-WARD 7 PRECINCT 4-(CONG-16),0
CITY OF ROCKFORD-:-WARD 7 PRECINCT 4-(CONG-17),7
CITY OF ROCKFORD-:-WARD 9 PRECINCT 3-(CONG-16),0
CITY OF ROCKFORD-:-WARD 9 PRECINCT 3-(CONG-17),7
COOK-:-7000004-(CONG-05),12
COOK-:-7000004-(CONG-08),13
COOK-:-7000008-(CONG-05),12
COOK-:-7000008-(CONG-08),13
COOK-:-7200003-(CONG-01),14
COOK-:-7200003-(CONG-02),14
COOK-:-7200007-(CONG-01),14
COOK-:-7200007-(CONG-02),8
COOK-:-7200012-(CONG-01),8
COOK-:-7200012-(CONG-02),8
COOK-:-7200021-(CONG-01),14
COOK-:-7200021-(CONG-02),14
COOK-:-7200030-(CONG-01),3
COOK-:-7200030-(CONG-06),14
COOK-:-7200045-(CONG-01),14
COOK-:-7200045-(CONG-02),8
COOK-:-7300001-(CONG-01),3
COOK-:-7300001-(CONG-02),3
COOK-:-7300002-(CONG-01),3
COOK-:-7300002-(CONG-02),14
COOK-:-7400014-(CONG-05),12
COOK-:-7400014-(CONG-08),13
COOK-:-7400016-(CONG-05),12
COOK-:-7400016-(CONG-08),12
COOK-:-7400017-(CONG-03),13
COOK-:-7400017-(CONG-08),6
COOK-:-7400023-(CONG-05),12
COOK-:-7400023-(CONG-08),12
COOK-:-7400027-(CONG-05),12
COOK-:-7400027-(CONG-08),13
COOK-:-7400044-(CONG-05),13
COOK-:-7400044-(CONG-08),13
COOK-:-7600004-(CONG-03),13
COOK-:-7600004-(CONG-08),13
COOK-:-7600015-(CONG-03),13
COOK-:-7600015-(CONG-08),13
COOK-:-7700013-(CONG-01),1
COOK-:-7700013-(CONG-11),1
COOK-:-7800026-(CONG-03),11
COOK-:-7800026-(CONG-07),11
COOK-:-7800042-(CONG-05),12
COOK-:-7800042-(CONG-08),12
COOK-:-7900010-(CONG-04),16
COOK-:-7900010-(CONG-06),16
COOK-:-7900012-(CONG-04),3
COOK-:-7900012-(CONG-06),3
COOK-:-7900026-(CONG-04),3
COOK-:-7900026-(CONG-06),3
COOK-:-7900040-(CONG-04),16
COOK-:-7900040-(CONG-06),16
COOK-:-7900043-(CONG-04),16
COOK-:-7900043-(CONG-06),16
COOK-:-7900047-(CONG-04),16
COOK-:-7900047-(CONG-06),16
COOK-:-7900050-(CONG-04),16
COOK-:-7900050-(CONG-06),3
COOK-:-8000004-(CONG-05),12
COOK-:-8000004-(CONG-08),12
COOK-:-8000012-(CONG-05),12
COOK-:-8000012-(CONG-08),12
COOK-:-8000016-(CONG-05),12
COOK-:-8000016-(CONG-08),12
COOK-:-8000017-(CONG-05),12
COOK-:-8000017-(CONG-08),12
COOK-:-8000018-(CONG-05),12
COOK-:-8000018-(CONG-08),12
COOK-:-8000020-(CONG-05),12
COOK-:-8000020-(CONG-09),12
COOK-:-8000035-(CONG-05),12
COOK-:-8000035-(CONG-08),12
COOK-:-8000069-(CONG-05),12
COOK-:-8000069-(CONG-09),10
COOK-:-8100018-(CONG-09),10
COOK-:-8100018-(CONG-10),10
COOK-:-8100027-(CONG-09),9
COOK-:-8100027-(CONG-10),10
COOK-:-8100031-(CONG-09),10
COOK-:-8100031-(CONG-10),10
COOK-:-8100032-(CONG-09),10
COOK-:-8100032-(CONG-10),10
COOK-:-8200001-(CONG-05),12
COOK-:-8200001-(CONG-09),12
COOK-:-8200026-(CONG-05),12
COOK-:-8200026-(CONG-09),12
COOK-:-8300008-(CONG-09),9
COOK-:-8300008-(CONG-10),10
COOK-:-8300033-(CONG-05),12
COOK-:-8300033-(CONG-09),10
COOK-:-8300043-(CONG-09),10
COOK-:-8300043-(CONG-10),10
COOK-:-8500030-(CONG-04),11
COOK-:-8500030-(CONG-07),9
COOK-:-8600015-(CONG-01),16
COOK-:-8600015-(CONG-06),1
COOK-:-8700002-(CONG-05),12
COOK-:-8700002-(CONG-08),12
COOK-:-8700018-(CONG-05),12
COOK-:-8700018-(CONG-08),12
COOK-:-8700027-(CONG-05),10
COOK-:-8700027-(CONG-08),9
COOK-:-8700035-(CONG-05),12
COOK-:-8700035-(CONG-08),12
COOK-:-8700038-(CONG-05),12
COOK-:-8700047-(CONG-05),12
COOK-:-8700047-(CONG-08),12
COOK-:-8700059-(CONG-05),12
COOK-:-8700059-(CONG-08),10
COOK-:-8900023-(CONG-04),3
COOK-:-8900023-(CONG-06),3
COOK-:-8900025-(CONG-04),9
COOK-:-8900025-(CONG-07),16
COOK-:-8900030-(CONG-04),11
COOK-:-8900030-(CONG-07),11
COOK-:-8900071-(CONG-04),9
COOK-:-8900071-(CONG-07),11
COOK-:-9400012-(CONG-04),16
COOK-:-9400012-(CONG-06),5
COOK-:-9500049-(CONG-01),14
COOK-:-9500049-(CONG-02),14
COOK-:-9600011-(CONG-05),12
COOK-:-9600011-(CONG-09),12
COOK-:-9600021-(CONG-05),12
COOK-:-9600021-(CONG-09),12
COOK-:-9600040-(CONG-05),12
COOK-:-9600040-(CONG-09),12
COOK-:-9600046-(CONG-05),12
COOK-:-9600046-(CONG-09),12
COOK-:-9600047-(CONG-09),12
COOK-:-9600047-(CONG-10),12
COOK-:-9600048-(CONG-09),10
COOK-:-9600048-(CONG-10),9
COOK-:-9600054-(CONG-09),12
COOK-:-9600054-(CONG-10),10
COOK-:-9600060-(CONG-05),12
COOK-:-9600060-(CONG-09),9
COOK-:-9600063-(CONG-05),10
COOK-:-9600063-(CONG-09),10
COOK-:-9600068-(CONG-05),12
COOK-:-9600068-(CONG-09),12
COOK-:-9700001-(CONG-04),16
COOK-:-9700001-(CONG-06),16
COOK-:-9700024-(CONG-01),14
COOK-:-9700024-(CONG-02),14
COOK-:-9700043-(CONG-01),16
COOK-:-9700043-(CONG-06),16
COOK-:-9700058-(CONG-04),9
COOK-:-9700058-(CONG-06),9
COOK-:-9700073-(CONG-01),9
COOK-:-9700073-(CONG-06),9
DEKALB-:-MAYFIELD 1-(CONG-14),9
DEKALB-:-MAYFIELD 1-(CONG-16),0
DEKALB-:-SYCAMORE 7-(CONG-11),2
DEKALB-:-SYCAMORE 7-(CONG-14),9
DEKALB-:-SYCAMORE 9-(CONG-11),2
DEKALB-:-SYCAMORE 9-(CONG-14),9
HENRY-:-COLONA 1-(CONG-16),0
HENRY-:-COLONA 1-(CONG-17),2
KANKAKEE-:-BOURBONNAIS 10-(CONG-01),8
KANKAKEE-:-BOURBONNAIS 10-(CONG-02),8
KANKAKEE-:-BOURBONNAIS 11-(CONG-01),8
KANKAKEE-:-BOURBONNAIS 11-(CONG-02),8
KANKAKEE-:-BOURBONNAIS 13-(CONG-01),8
KANKAKEE-:-BOURBONNAIS 13-(CONG-02),8
KANKAKEE-:-BOURBONNAIS 14-(CONG-01),8
KANKAKEE-:-BOURBONNAIS 14-(CONG-02),8
KANKAKEE-:-BOURBONNAIS 17-(CONG-01),8
KANKAKEE-:-BOURBONNAIS 17-(CONG-02),8
KANKAKEE-:-BOURBONNAIS 5-(CONG-01),8
KANKAKEE-:-BOURBONNAIS 5-(CONG-02),8
KANKAKEE-:-MANTENO 4-(CONG-01),0
KANKAKEE-:-MANTENO 4-(CONG-02),0
LAKE-:-WAUCONDA 344-(CONG-09),5
LAKE-:-WAUCONDA 344-(CONG-11),10
LAKE-:-WAUCONDA 350-(CONG-09),10
LAKE-:-WAUCONDA 350-(CONG-11),10
LASALLE-:-DEER PARK-(CONG-14),2
LASALLE-:-DEER PARK-(CONG-16),0
LASALLE-:-EDEN 1-(CONG-14),0
LASALLE-:-EDEN 1-(CONG-16),0
LASALLE-:-FALL RIVER-(CONG-14),2
LASALLE-:-FALL RIVER-(CONG-16),0
LASALLE-:-FARM RIDGE-(CONG-14),0
LASALLE-:-FARM RIDGE-(CONG-16),0
LIVINGSTON-:-ESMEN-(CONG-02),0
LIVINGSTON-:-ESMEN-(CONG-16),0
LIVINGSTON-:-PONTIAC 10-(CONG-02),0
LIVINGSTON-:-PONTIAC 10-(CONG-16),0
LIVINGSTON-:-PONTIAC 9-(CONG-02),0
LIVINGSTON-:-PONTIAC 9-(CONG-16),0
MACON-:-DECATUR 16-(CONG-13),4
MACON-:-DECATUR 16-(CONG-15),0
MACON-:-DECATUR 19-(CONG-13),4
MACON-:-DECATUR 19-(CONG-15),0
MACON-:-DECATUR 27-(CONG-13),4
MACON-:-DECATUR 27-(CONG-15),0
MACON-:-DECATUR 28-(CONG-13),4
MACON-:-DECATUR 28-(CONG-15),0
MACON-:-DECATUR 7-(CONG-13),4
MACON-:-DECATUR 7-(CONG-15),0
MACON-:-DECATUR 8-(CONG-13),4
MACON-:-DECATUR 8-(CONG-15),0
MACON-:-DECATUR 9-(CONG-13),4
MACON-:-DECATUR 9-(CONG-15),0
MACON-:-HARRISTOWN-(CONG-13),4
MACON-:-HARRISTOWN-(CONG-15),0
MACON-:-HICKORY PT. 2-(CONG-13),4
MACON-:-HICKORY PT. 2-(CONG-15),0
MACON-:-HICKORY PT. 3-(CONG-13),4
MACON-:-HICKORY PT. 3-(CONG-15),0
MACON-:-LONG CREEK 4-(CONG-13),4
MACON-:-LONG CREEK 4-(CONG-15),0
MACON-:-OAKLEY-(CONG-13),0
MACON-:-OAKLEY-(CONG-15),0
MADISON-:-ALTON 01-(CONG-13),4
MADISON-:-ALTON 01-(CONG-15),0
MADISON-:-ALTON 03-(CONG-13),4
MADISON-:-ALTON 03-(CONG-15),0
MADISON-:-ALTON 05-(CONG-13),15
MADISON-:-ALTON 05-(CONG-15),0
MADISON-:-COLLINSVILLE 01-(CONG-13),4
MADISON-:-COLLINSVILLE 01-(CONG-15),0
MADISON-:-COLLINSVILLE 20-(CONG-13),4
MADISON-:-COLLINSVILLE 20-(CONG-15),0
MADISON-:-FOSTER 02-(CONG-13),0
MADISON-:-FOSTER 02-(CONG-15),0
MADISON-:-FT. RUSSELL 07-(CONG-13),4
MADISON-:-FT. RUSSELL 07-(CONG-15),0
MADISON-:-MORO 02-(CONG-13),15
MADISON-:-MORO 02-(CONG-15),0
MCHENRY-:-GREENWOOD GRE 06-(CONG-10),5
MCHENRY-:-GREENWOOD GRE 06-(CONG-11),5
MCHENRY-:-HARTLAND HAR 01-(CONG-11),5
MCHENRY-:-HARTLAND HAR 01-(CONG-16),0
MCHENRY-:-HARTLAND HAR 02-(CONG-11),5
MCHENRY-:-HARTLAND HAR 02-(CONG-16),0
MCHENRY-:-MCHENRY MCH 07-(CONG-10),2
MCHENRY-:-MCHENRY MCH 07-(CONG-11),5
MCLEAN-:-ALLIN 01-(CONG-16),0
MCLEAN-:-ALLIN 01-(CONG-17),0
MCLEAN-:-BLOOMINGTON 01-(CONG-16),0
MCLEAN-:-BLOOMINGTON 01-(CONG-17),0
MCLEAN-:-BLOOMINGTON 02-(CONG-16),0
MCLEAN-:-BLOOMINGTON 02-(CONG-17),0
MCLEAN-:-DALE 01-(CONG-16),0
MCLEAN-:-DALE 01-(CONG-17),0
MCLEAN-:-NORMAL 31-(CONG-16),0
MCLEAN-:-NORMAL 31-(CONG-17),8
PUTNAM-:-HENNEPIN 1-(CONG-14),2
PUTNAM-:-HENNEPIN 1-(CONG-16),0
PUTNAM-:-MAGNOLIA 2-(CONG-14),0
PUTNAM-:-MAGNOLIA 2-(CONG-16),0
SANGAMON-:-CAPITAL 012-(CONG-13),9
SANGAMON-:-CAPITAL 012-(CONG-15),0
SANGAMON-:-CAPITAL 016-(CONG-13),9
SANGAMON-:-CAPITAL 016-(CONG-15),0
SANGAMON-:-CAPITAL 020-(CONG-13),9
SANGAMON-:-CAPITAL 020-(CONG-15),0
SANGAMON-:-CAPITAL 025-(CONG-13),9
SANGAMON-:-CAPITAL 025-(CONG-15),0
SANGAMON-:-CAPITAL 029-(CONG-13),9
SANGAMON-:-CAPITAL 029-(CONG-15),0
SANGAMON-:-CAPITAL 080-(CONG-13),9
SANGAMON-:-CAPITAL 080-(CONG-15),0
SANGAMON-:-CAPITAL 081-(CONG-13),9
SANGAMON-:-CAPITAL 081-(CONG-15),0
SANGAMON-:-CURRAN 001-(CONG-13),9
SANGAMON-:-CURRAN 001-(CONG-15),0
SANGAMON-:-GARDNER 004-(CONG-13),9
SANGAMON-:-GARDNER 004-(CONG-15),0
SANGAMON-:-SPRINGFIELD 001-(CONG-13),9
SANGAMON-:-SPRINGFIELD 001-(CONG-15),0
ST. CLAIR-:-BELLEVILLE 20-(CONG-12),4
ST. CLAIR-:-BELLEVILLE 20-(CONG-13),15
ST. CLAIR-:-BELLEVILLE 22-(CONG-12),0
ST. CLAIR-:-BELLEVILLE 22-(CONG-13),4
ST. CLAIR-:-CASEYVILLE 1-(CONG-12),4
ST. CLAIR-:-CASEYVILLE 1-(CONG-13),0
ST. CLAIR-:-CASEYVILLE 10-(CONG-12),15
ST. CLAIR-:-CASEYVILLE 10-(CONG-13),15
ST. CLAIR-:-CASEYVILLE 12-(CONG-12),4
ST. CLAIR-:-CASEYVILLE 12-(CONG-13),4
ST. CLAIR-:-CENTREVILLE 10-(CONG-12),0
ST. CLAIR-:-CENTREVILLE 10-(CONG-13),4
ST. CLAIR-:-CENTREVILLE 8-(CONG-12),0
ST. CLAIR-:-CENTREVILLE 8-(CONG-13),4
ST. CLAIR-:-O FALLON 2-(CONG-12),4
ST. CLAIR-:-O FALLON 2-(CONG-13),4
ST. CLAIR-:-ST CLAIR 10-(CONG-12),0
ST. CLAIR-:-ST CLAIR 10-(CONG-13),4
ST. CLAIR-:-STOOKEY 2-(CONG-12),0
ST. CLAIR-:-STOOKEY 2-(CONG-13),4
ST. CLAIR-:-STOOKEY 5-(CONG-12),4
ST. CLAIR-:-STOOKEY 5-(CONG-13),15
TAZEWELL-:-CINCINNATI 1-(CONG-16),0
TAZEWELL-:-CINCINNATI 1-(CONG-17),0
TAZEWELL-:-CINCINNATI 3-(CONG-16),0
TAZEWELL-:-CINCINNATI 3-(CONG-17),2
TAZEWELL-:-HOPEDALE 1-(CONG-16),0
TAZEWELL-:-HOPEDALE 1-(CONG-17),0
TAZEWELL-:-LT MACKINAW 1-(CONG-16),0
TAZEWELL-:-LT MACKINAW 1-(CONG-17),0
TAZEWELL-:-PEKIN 13-(CONG-16),0
TAZEWELL-:-PEKIN 13-(CONG-17),0
VERMILION-:-CATLIN 2-(CONG-02),0
VERMILION-:-CATLIN 2-(CONG-15),0
VERMILION-:-GEORGETOWN 5-(CONG-02),0
VERMILION-:-GEORGETOWN 5-(CONG-15),0
VERMILION-:-GEORGETOWN 7-(CONG-02),0
VERMILION-:-GEORGETOWN 7-(CONG-15),0
VERMILION-:-MCKENDREE-(CONG-02),0
VERMILION-:-MCKENDREE-(CONG-15),0
VERMILION-:-OAKWOOD 2-(CONG-02),0
VERMILION-:-OAKWOOD 2-(CONG-15),0
VERMILION-:-VANCE-(CONG-02),15
VERMILION-:-VANCE-(CONG-15),0
WINNEBAGO-:-CHERRY VALLEY 2-(CONG-16),0
WINNEBAGO-:-CHERRY VALLEY 2-(CONG-17),2
WINNEBAGO-:-CHERRY VALLEY 3-(CONG-16),0
WINNEBAGO-:-CHERRY VALLEY 3-(CONG-17),7
WINNEBAGO-:-CHERRY VALLEY 6-(CONG-16),0
WINNEBAGO-:-CHERRY VALLEY 6-(CONG-17),7
WINNEBAGO-:-HARLEM 1-(CONG-16),0
WINNEBAGO-:-HARLEM 1-(CONG-17),7
WINNEBAGO-:-HARLEM 23-(CONG-16),0
WINNEBAGO-:-HARLEM 23-(CONG-17),2
WINNEBAGO-:-ROCKFORD 1-(CONG-16),0
WINNEBAGO-:-ROCKFORD 1-(CONG-17),7
WINNEBAGO-:-ROCKFORD 15-(CONG-16),0
WINNEBAGO-:-ROCKFORD 15-(CONG-17),7
WINNEBAGO-:-ROCKFORD 2-(CONG-16),0
WINNEBAGO-:-ROCKFORD 2-(CONG-17),7
WINNEBAGO-:-ROCKFORD 25-(CONG-16),0
WINNEBAGO-:-ROCKFORD 25-(CONG-17),2
WINNEBAGO-:-ROCKFORD 27-(CONG-16),0
WINNEBAGO-:-ROCKFORD 27-(CONG-17),7
WINNEBAGO-:-ROCKFORD 31-(CONG-16),0
WINNEBAGO-:-ROCKFORD 31-(CONG-17),7
WINNEBAGO-:-ROCKFORD 32-(CONG-16),0
WINNEBAGO-:-ROCKFORD 32-(CONG-17),7
WINNEBAGO-:-ROCKFORD 33-(CONG-16),0
WINNEBAGO-:-ROCKFORD 33-(CONG-17),7
WINNEBAGO-:-ROCKFORD 51-(CONG-16),0
WINNEBAGO-:-ROCKFORD 51-(CONG-17),2
WINNEBAGO-:-ROCKFORD 52-(CONG-16),0
WINNEBAGO-:-ROCKFORD 52-(CONG-17),2
WINNEBAGO-:-ROCKFORD 9-(CONG-16),0
WINNEBAGO-:-ROCKFORD 9-(CONG-17),7
WINNEBAGO-:-WINNEBAGO 1-(CONG-16),0
WINNEBAGO-:-WINNEBAGO 1-(CONG-17),2
WINNEBAGO-:-WINNEBAGO 2-(CONG-16),0
WINNEBAGO-:-WINNEBAGO 2-(CONG-17),2
ADAMS-:-BEVERLY PCT 1,0
ADAMS-:-BURTON PCT 1,0
ADAMS-:-CAMP POINT PCT 1,0
ADAMS-:-CAMP POINT PCT 2,0
ADAMS-:-CLAYTON PCT 1,0
ADAMS-:-COLUMBUS PCT 1,0
ADAMS-:-CONCORD PCT 1,0
ADAMS-:-ELLINGTON PCT 1,0
ADAMS-:-ELLINGTON PCT 2,0
ADAMS-:-ELLINGTON PCT 3,0
ADAMS-:-FALL CREEK PCT 1,0
ADAMS-:-GILMER PCT 1,0
ADAMS-:-HONEY CREEK PCT 1,0
ADAMS-:-HOUSTON PCT 1,0
ADAMS-:-KEENE PCT 1,0
ADAMS-:-LIBERTY PCT 1,0
ADAMS-:-LIMA PCT 1,0
ADAMS-:-MCKEE PCT 1,0
ADAMS-:-MELROSE PCT 1,0
ADAMS-:-MELROSE PCT 2,0
ADAMS-:-MELROSE PCT 3,0
ADAMS-:-MELROSE PCT 4,0
ADAMS-:-MELROSE PCT 5,0
ADAMS-:-MELROSE PCT 6,0
ADAMS-:-MENDON PCT 1,0
ADAMS-:-MENDON PCT 2,0
ADAMS-:-NORTHEAST PCT 1,0
ADAMS-:-PAYSON PCT 1,0
ADAMS-:-PAYSON PCT 2,0
ADAMS-:-QUINCY PCT 1,0
ADAMS-:-QUINCY PCT 10,0
ADAMS-:-QUINCY PCT 11,0
ADAMS-:-QUINCY PCT 12,0
ADAMS-:-QUINCY PCT 13,0
ADAMS-:-QUINCY PCT 14,0
ADAMS-:-QUINCY PCT 15,0
ADAMS-:-QUINCY PCT 16,0
ADAMS-:-QUINCY PCT 17,0
ADAMS-:-QUINCY PCT 18,0
ADAMS-:-QUINCY PCT 19,0
ADAMS-:-QUINCY PCT 2,0
ADAMS-:-QUINCY PCT 20,0
ADAMS-:-QUINCY PCT 21,0
ADAMS-:-QUINCY PCT 22,0
ADAMS-:-QUINCY PCT 23,0
ADAMS-:-QUINCY PCT 24,0
ADAMS-:-QUINCY PCT 25,0
ADAMS-:-QUINCY PCT 26,0
ADAMS-:-QUINCY PCT 27,0
ADAMS-:-QUINCY PCT 28,0
ADAMS-:-QUINCY PCT 29,0
ADAMS-:-QUINCY PCT 3,0
ADAMS-:-QUINCY PCT 30,0
ADAMS-:-QUINCY PCT 31,0
ADAMS-:-QUINCY PCT 32,0
ADAMS-:-QUINCY PCT 33,0
ADAMS-:-QUINCY PCT 34,0
ADAMS-:-QUINCY PCT 35,0
ADAMS-:-QUINCY PCT 36,0
ADAMS-:-QUINCY PCT 37,0
ADAMS-:-QUINCY PCT 38,0
ADAMS-:-QUINCY PCT 39,0
ADAMS-:-QUINCY PCT 4,0
ADAMS-:-QUINCY PCT 40,0
ADAMS-:-QUINCY PCT 5,0
ADAMS-:-QUINCY PCT 6,0
ADAMS-:-QUINCY PCT 7,0
ADAMS-:-QUINCY PCT 8,0
ADAMS-:-QUINCY PCT 9,0
ADAMS-:-RICHFIELD PCT 1,0
ADAMS-:-RIVERSIDE PCT 1,0
ADAMS-:-RIVERSIDE PCT 2,0
ADAMS-:-RIVERSIDE PCT 3,0
ADAMS-:-URSA PCT 1,0
ALEXANDER-:-CACHE,15
ALEXANDER-:-CAIRO 1,15
ALEXANDER-:-CAIRO 2,15
ALEXANDER-:-CAIRO 3,15
ALEXANDER-:-CAIRO 4,15
ALEXANDER-:-CAIRO 5,15
ALEXANDER-:-MCCLURE,0
ALEXANDER-:-OLIVE BRANCH,0
ALEXANDER-:-SANDUSKY,15
ALEXANDER-:-TAMMS,0
ALEXANDER-:-THEBES,0
BOND-:-BURGESS 1,0
BOND-:-BURGESS 2,0
BOND-:-BURGESS 3,0
BOND-:-CENTRAL 1,0
BOND-:-CENTRAL 1-A,0
BOND-:-CENTRAL 2,0
BOND-:-CENTRAL 3,0
BOND-:-CENTRAL 4,0
BOND-:-CENTRAL 6,0
BOND-:-CENTRAL 7,0
BOND-:-LAGRANGE,0
BOND-:-MILLS,0
BOND-:-MULBERRY GROVE 1,0
BOND-:-MULBERRY GROVE 2,0
BOND-:-OLD RIPLEY,0
BOND-:-PLEASANT MOUND 1,0
BOND-:-PLEASANT MOUND 2,0
BOND-:-SHOAL CREEK 1,0
BOND-:-SHOAL CREEK 2,0
BOND-:-TAMALCO,0
BOONE-:-BELVIDERE 1,3
BOONE-:-BELVIDERE 10,3
BOONE-:-BELVIDERE 11,3
BOONE-:-BELVIDERE 12,0
BOONE-:-BELVIDERE 13,0
BOONE-:-BELVIDERE 14,0
BOONE-:-BELVIDERE 15,0
BOONE-:-BELVIDERE 16,0
BOONE-:-BELVIDERE 17,0
BOONE-:-BELVIDERE 18,0
BOONE-:-BELVIDERE 2,3
BOONE-:-BELVIDERE 3,3
BOONE-:-BELVIDERE 4,3
BOONE-:-BELVIDERE 5,3
BOONE-:-BELVIDERE 6,3
BOONE-:-BELVIDERE 7,3
BOONE-:-BELVIDERE 8,3
BOONE-:-BELVIDERE 9,3
BOONE-:-BONUS 1,2
BOONE-:-BONUS 2,3
BOONE-:-BOONE 1,0
BOONE-:-CALEDONIA 1,0
BOONE-:-CALEDONIA 2,0
BOONE-:-CALEDONIA 3,0
BOONE-:-CALEDONIA 4,0
BOONE-:-CALEDONIA 5,0
BOONE-:-FLORA 2,0
BOONE-:-FLORA 3,0
BOONE-:-LE ROY,0
BOONE-:-MANCHESTER,0
BOONE-:-POPLAR GROVE 1,0
BOONE-:-POPLAR GROVE 2,0
BOONE-:-POPLAR GROVE 3,0
BOONE-:-POPLAR GROVE 4,0
BOONE-:-POPLAR GROVE 5,0
BOONE-:-SPRING,0
BROWN-:-BUCKHORN,0
BROWN-:-COOPERSTOWN,0
BROWN-:-ELKHORN,0
BROWN-:-LEE,0
BROWN-:-MISSOURI,0
BROWN-:-MT. STERLING 1,0
BROWN-:-MT. STERLING 2,0
BROWN-:-MT. STERLING 3,0
BROWN-:-MT. STERLING 4,0
BROWN-:-MT. STERLING 5,0
BROWN-:-PEA RIDGE,0
BROWN-:-RIPLEY,0
BROWN-:-VERSAILLES 1,0
BROWN-:-VERSAILLES 2,0
BUREAU-:-BERLIN,0
BUREAU-:-BUREAU,0
BUREAU-:-CLARION,0
BUREAU-:-CONCORD 1,0
BUREAU-:-CONCORD 2,0
BUREAU-:-DOVER,0
BUREAU-:-FAIRFIELD,0
BUREAU-:-GOLD,0
BUREAU-:-GREENVILLE,0
BUREAU-:-HALL 1,7
BUREAU-:-HALL 10,2
BUREAU-:-HALL 2,7
BUREAU-:-HALL 3,7
BUREAU-:-HALL 4,7
BUREAU-:-HALL 5,2
BUREAU-:-HALL 6,7
BUREAU-:-HALL 7,7
BUREAU-:-HALL 8,7
BUREAU-:-HALL 9,7
BUREAU-:-INDIANTOWN,0
BUREAU-:-LA MOILLE 1,0
BUREAU-:-LA MOILLE 2,0
BUREAU-:-LEEPERTOWN,2
BUREAU-:-MACON,0
BUREAU-:-MANLIUS,0
BUREAU-:-MILO,0
BUREAU-:-MINERAL,0
BUREAU-:-NEPONSET,0
BUREAU-:-OHIO 1,0
BUREAU-:-OHIO 2,0
BUREAU-:-PRINCETON 1,0
BUREAU-:-PRINCETON 2,0
BUREAU-:-PRINCETON 3,0
BUREAU-:-PRINCETON 4,0
BUREAU-:-PRINCETON 5,0
BUREAU-:-PRINCETON 7,0
BUREAU-:-PRINCETON 8,0
BUREAU-:-PRINCETON 9,0
BUREAU-:-SELBY 1,2
BUREAU-:-SELBY 3,8
BUREAU-:-WALNUT 1,0
BUREAU-:-WALNUT 2,0
BUREAU-:-WESTFIELD 1,2
BUREAU-:-WESTFIELD 2,2
BUREAU-:-WHEATLAND,0
BUREAU-:-WYANET 1,0
BUREAU-:-WYANET 2,0
CALHOUN-:-BELLEVIEW-HAMBURG,0
CALHOUN-:-CRATER-CARLIN,0
CALHOUN-:-HARDIN-GILEAD,0
CALHOUN-:-POINT,0
CALHOUN-:-RICHWOODS,0
CARROLL-:-CHERRY GROVE/SHANNON 1,0
CARROLL-:-CHERRY GROVE/SHANNON 2,0
CARROLL-:-ELKHORN GROVE,2
CARROLL-:-FAIR HAVEN,2
CARROLL-:-FREEDOM,0
CARROLL-:-MT. CARROLL 1,2
CARROLL-:-MT. CARROLL 2,2
CARROLL-:-MT. CARROLL 3,2
CARROLL-:-ROCK CREEK-LIMA 1,2
CARROLL-:-ROCK CREEK-LIMA 2,2
CARROLL-:-SALEM,0
CARROLL-:-SAVANNA 1,2
CARROLL-:-SAVANNA 2,2
CARROLL-:-SAVANNA 3,2
CARROLL-:-SAVANNA 4,2
CARROLL-:-SAVANNA 5,2
CARROLL-:-SAVANNA 6,2
CARROLL-:-WASHINGTON,2
CARROLL-:-WOODLAND,2
CARROLL-:-WYSOX 1,2
CARROLL-:-WYSOX 2,0
CARROLL-:-YORK,2
CASS-:-ARENZVILLE 11-001,0
CASS-:-ASHLAND 20-002,0
CASS-:-ASHLAND 21-002,0
CASS-:-BEARDSTOWN 1-003,0
CASS-:-BEARDSTOWN 2-003,0
CASS-:-BEARDSTOWN 3-003,0
CASS-:-BEARDSTOWN 4-003,0
CASS-:-BEARDSTOWN 5-004,0
CASS-:-BEARDSTOWN 6-004,0
CASS-:-BEARDSTOWN 7-004,0
CASS-:-BEARDSTOWN 8-004,0
CASS-:-BLUFF SPRINGS 10-001,0
CASS-:-CHANDLERVILLE 18-002,0
CASS-:-HAGENER 9-004,0
CASS-:-NEWMANSVILLE 19-002,0
CASS-:-PANTHER CREEK 17-002,0
CASS-:-PHILADELPHIA 16-002,0
CASS-:-SANGAMON VALLEY 12-001,0
CASS-:-VIRGINIA 13-001,0
CASS-:-VIRGINIA 14-001,0
CASS-:-VIRGINIA 15-001,0
CHAMPAIGN-:-AYERS,0
CHAMPAIGN-:-BROWN FISHER,0
CHAMPAIGN-:-BROWN FOOSLAND,0
CHAMPAIGN-:-CHAMPAIGN 1,4
CHAMPAIGN-:-CHAMPAIGN 2,4
CHAMPAIGN-:-CHAMPAIGN 3,4
CHAMPAIGN-:-CHAMPAIGN 4,4
CHAMPAIGN-:-CHAMPAIGN 5,4
CHAMPAIGN-:-CHAMPAIGN 6,5
CHAMPAIGN-:-CITY OF CHAMPAIGN 1,5
CHAMPAIGN-:-CITY OF CHAMPAIGN 10,4
CHAMPAIGN-:-CITY OF CHAMPAIGN 11,4
CHAMPAIGN-:-CITY OF CHAMPAIGN 12,4
CHAMPAIGN-:-CITY OF CHAMPAIGN 13,4
CHAMPAIGN-:-CITY OF CHAMPAIGN 14,4
CHAMPAIGN-:-CITY OF CHAMPAIGN 15,4
CHAMPAIGN-:-CITY OF CHAMPAIGN 16,4
CHAMPAIGN-:-CITY OF CHAMPAIGN 17,4
CHAMPAIGN-:-CITY OF CHAMPAIGN 18,4
CHAMPAIGN-:-CITY OF CHAMPAIGN 19,4
CHAMPAIGN-:-CITY OF CHAMPAIGN 2,5
CHAMPAIGN-:-CITY OF CHAMPAIGN 20,4
CHAMPAIGN-:-CITY OF CHAMPAIGN 21,4
CHAMPAIGN-:-CITY OF CHAMPAIGN 22,4
CHAMPAIGN-:-CITY OF CHAMPAIGN 23,4
CHAMPAIGN-:-CITY OF CHAMPAIGN 24,4
CHAMPAIGN-:-CITY OF CHAMPAIGN 25,4
CHAMPAIGN-:-CITY OF CHAMPAIGN 26,4
CHAMPAIGN-:-CITY OF CHAMPAIGN 27,4
CHAMPAIGN-:-CITY OF CHAMPAIGN 28,4
CHAMPAIGN-:-CITY OF CHAMPAIGN 29,4
CHAMPAIGN-:-CITY OF CHAMPAIGN 3,5
CHAMPAIGN-:-CITY OF CHAMPAIGN 30,4
CHAMPAIGN-:-CITY OF CHAMPAIGN 31,4
CHAMPAIGN-:-CITY OF CHAMPAIGN 32,4
CHAMPAIGN-:-CITY OF CHAMPAIGN 33,4
CHAMPAIGN-:-CITY OF CHAMPAIGN 34,4
CHAMPAIGN-:-CITY OF CHAMPAIGN 35,4
CHAMPAIGN-:-CITY OF CHAMPAIGN 36,4
CHAMPAIGN-:-CITY OF CHAMPAIGN 37,4
CHAMPAIGN-:-CITY OF CHAMPAIGN 38,4
CHAMPAIGN-:-CITY OF CHAMPAIGN 39,4
CHAMPAIGN-:-CITY OF CHAMPAIGN 4,5
CHAMPAIGN-:-CITY OF CHAMPAIGN 5,5
CHAMPAIGN-:-CITY OF CHAMPAIGN 6,5
CHAMPAIGN-:-CITY OF CHAMPAIGN 7,5
CHAMPAIGN-:-CITY OF CHAMPAIGN 8,5
CHAMPAIGN-:-CITY OF CHAMPAIGN 9,4
CHAMPAIGN-:-COLFAX,4
CHAMPAIGN-:-COMPROMISE GIFFORD,0
CHAMPAIGN-:-COMPROMISE PENFIELD,0
CHAMPAIGN-:-CONDIT,0
CHAMPAIGN-:-CRITTENDEN,0
CHAMPAIGN-:-CUNNINGHAM 1,5
CHAMPAIGN-:-CUNNINGHAM 10,5
CHAMPAIGN-:-CUNNINGHAM 11,5
CHAMPAIGN-:-CUNNINGHAM 12,5
CHAMPAIGN-:-CUNNINGHAM 13,4
CHAMPAIGN-:-CUNNINGHAM 14,4
CHAMPAIGN-:-CUNNINGHAM 15,4
CHAMPAIGN-:-CUNNINGHAM 16,5
CHAMPAIGN-:-CUNNINGHAM 17,5
CHAMPAIGN-:-CUNNINGHAM 18,5
CHAMPAIGN-:-CUNNINGHAM 19,5
CHAMPAIGN-:-CUNNINGHAM 2,5
CHAMPAIGN-:-CUNNINGHAM 20,5
CHAMPAIGN-:-CUNNINGHAM 21,5
CHAMPAIGN-:-CUNNINGHAM 22,5
CHAMPAIGN-:-CUNNINGHAM 23,5
CHAMPAIGN-:-CUNNINGHAM 3,5
CHAMPAIGN-:-CUNNINGHAM 4,5
CHAMPAIGN-:-CUNNINGHAM 5,5
CHAMPAIGN-:-CUNNINGHAM 6,5
CHAMPAIGN-:-CUNNINGHAM 7,5
CHAMPAIGN-:-CUNNINGHAM 8,5
CHAMPAIGN-:-CUNNINGHAM 9,5
CHAMPAIGN-:-EAST BEND,0
CHAMPAIGN-:-HARWOOD,0
CHAMPAIGN-:-KERR,0
CHAMPAIGN-:-LUDLOW 1,0
CHAMPAIGN-:-LUDLOW 2,8
CHAMPAIGN-:-LUDLOW 3,8
CHAMPAIGN-:-MAHOMET 1,0
CHAMPAIGN-:-MAHOMET 2,0
CHAMPAIGN-:-MAHOMET 3,0
CHAMPAIGN-:-MAHOMET 4,0
CHAMPAIGN-:-MAHOMET 5,0
CHAMPAIGN-:-NEWCOMB,0
CHAMPAIGN-:-OGDEN 1,0
CHAMPAIGN-:-OGDEN 2,0
CHAMPAIGN-:-PESOTUM,0
CHAMPAIGN-:-PHILO,0
CHAMPAIGN-:-RANTOUL 1,8
CHAMPAIGN-:-RANTOUL 2,8
CHAMPAIGN-:-RANTOUL 3,8
CHAMPAIGN-:-RANTOUL 5,8
CHAMPAIGN-:-RANTOUL 6,8
CHAMPAIGN-:-RAYMOND,0
CHAMPAIGN-:-SADORUS IVESDALE,4
CHAMPAIGN-:-SADORUS SADORUS,0
CHAMPAIGN-:-SCOTT BONDVILLE,4
CHAMPAIGN-:-SCOTT SEYMOUR,0
CHAMPAIGN-:-SIDNEY,0
CHAMPAIGN-:-SOUTH HOMER,0
CHAMPAIGN-:-ST. JOSEPH 1,0
CHAMPAIGN-:-ST. JOSEPH 2,0
CHAMPAIGN-:-ST. JOSEPH 3,0
CHAMPAIGN-:-STANTON,0
CHAMPAIGN-:-TOLONO 1,0
CHAMPAIGN-:-TOLONO 2,4
CHAMPAIGN-:-TOLONO 3,0
CHAMPAIGN-:-URBANA 1,4
CHAMPAIGN-:-URBANA 2,5
CHAMPAIGN-:-URBANA 3,5
CHAMPAIGN-:-URBANA 4,5
CHRISTIAN-:-ASSUMPTION,0
CHRISTIAN-:-BEAR CREEK,0
CHRISTIAN-:-BUCKHART,0
CHRISTIAN-:-GREENWOOD,0
CHRISTIAN-:-JOHNSON,0
CHRISTIAN-:-KING,0
CHRISTIAN-:-LOCUST,0
CHRISTIAN-:-MAY,0
CHRISTIAN-:-MOSQUITO,0
CHRISTIAN-:-MT AUBURN,0
CHRISTIAN-:-PANA #1,0
CHRISTIAN-:-PANA #2,0
CHRISTIAN-:-PANA #3,0
CHRISTIAN-:-PANA #4,0
CHRISTIAN-:-PRAIRIETON,0
CHRISTIAN-:-RICKS,0
CHRISTIAN-:-ROSAMOND,0
CHRISTIAN-:-SOUTH FORK #1,0
CHRISTIAN-:-SOUTH FORK #2,0
CHRISTIAN-:-STONINGTON,0
CHRISTIAN-:-TAYLORVILLE #1,0
CHRISTIAN-:-TAYLORVILLE #2,0
CHRISTIAN-:-TAYLORVILLE #3,0
CHRISTIAN-:-TAYLORVILLE #4,0
CHRISTIAN-:-TAYLORVILLE #5,0
CHRISTIAN-:-TAYLORVILLE #6,0
CHRISTIAN-:-TAYLORVILLE #7,0
CHRISTIAN-:-TAYLORVILLE #8,0
CHRISTIAN-:-TAYLORVILLE #9,0
CITY OF BLOOMINGTON-:-PRECINCT 1,6
CITY OF BLOOMINGTON-:-PRECINCT 11,0
CITY OF BLOOMINGTON-:-PRECINCT 12,8
CITY OF BLOOMINGTON-:-PRECINCT 13,8
CITY OF BLOOMINGTON-:-PRECINCT 14,0
CITY OF BLOOMINGTON-:-PRECINCT 16,7
CITY OF BLOOMINGTON-:-PRECINCT 18,8
CITY OF BLOOMINGTON-:-PRECINCT 19,8
CITY OF BLOOMINGTON-:-PRECINCT 20,8
CITY OF BLOOMINGTON-:-PRECINCT 21,6
CITY OF BLOOMINGTON-:-PRECINCT 22,8
CITY OF BLOOMINGTON-:-PRECINCT 23,8
CITY OF BLOOMINGTON-:-PRECINCT 24,6
CITY OF BLOOMINGTON-:-PRECINCT 25,0
CITY OF BLOOMINGTON-:-PRECINCT 26,8
CITY OF BLOOMINGTON-:-PRECINCT 27,6
CITY OF BLOOMINGTON-:-PRECINCT 28,6
CITY OF BLOOMINGTON-:-PRECINCT 29,6
CITY OF BLOOMINGTON-:-PRECINCT 3,0
CITY OF BLOOMINGTON-:-PRECINCT 30,7
CITY OF BLOOMINGTON-:-PRECINCT 31,6
CITY OF BLOOMINGTON-:-PRECINCT 32,6
CITY OF BLOOMINGTON-:-PRECINCT 33,0
CITY OF BLOOMINGTON-:-PRECINCT 34,0
CITY OF BLOOMINGTON-:-PRECINCT 35,0
CITY OF BLOOMINGTON-:-PRECINCT 36,0
CITY OF BLOOMINGTON-:-PRECINCT 37,0
CITY OF BLOOMINGTON-:-PRECINCT 38,0
CITY OF BLOOMINGTON-:-PRECINCT 39,0
CITY OF BLOOMINGTON-:-PRECINCT 4,8
CITY OF BLOOMINGTON-:-PRECINCT 40,0
CITY OF BLOOMINGTON-:-PRECINCT 41,8
CITY OF BLOOMINGTON-:-PRECINCT 42,0
CITY OF BLOOMINGTON-:-PRECINCT 43,0
CITY OF BLOOMINGTON-:-PRECINCT 44,0
CITY OF BLOOMINGTON-:-PRECINCT 45,0
CITY OF BLOOMINGTON-:-PRECINCT 46,8
CITY OF BLOOMINGTON-:-PRECINCT 47,0
CITY OF BLOOMINGTON-:-PRECINCT 48,0
CITY OF BLOOMINGTON-:-PRECINCT 49,0
CITY OF BLOOMINGTON-:-PRECINCT 5,8
CITY OF BLOOMINGTON-:-PRECINCT 50,0
CITY OF BLOOMINGTON-:-PRECINCT 51,0
CITY OF BLOOMINGTON-:-PRECINCT 53,0
CITY OF BLOOMINGTON-:-PRECINCT 54,0
CITY OF BLOOMINGTON-:-PRECINCT 55,0
CITY OF BLOOMINGTON-:-PRECINCT 56,0
CITY OF BLOOMINGTON-:-PRECINCT 57,6
CITY OF BLOOMINGTON-:-PRECINCT 58,8
CITY OF BLOOMINGTON-:-PRECINCT 59,8
CITY OF BLOOMINGTON-:-PRECINCT 6,8
CITY OF BLOOMINGTON-:-PRECINCT 60,0
CITY OF BLOOMINGTON-:-PRECINCT 7,8
CITY OF BLOOMINGTON-:-PRECINCT 8,6
CITY OF BLOOMINGTON-:-PRECINCT 9,8
CITY OF CHICAGO-:-WARD 01 PRECINCT 01,10
CITY OF CHICAGO-:-WARD 01 PRECINCT 02,10
CITY OF CHICAGO-:-WARD 01 PRECINCT 03,10
CITY OF CHICAGO-:-WARD 01 PRECINCT 04,10
CITY OF CHICAGO-:-WARD 01 PRECINCT 05,10
CITY OF CHICAGO-:-WARD 01 PRECINCT 06,13
CITY OF CHICAGO-:-WARD 01 PRECINCT 07,10
CITY OF CHICAGO-:-WARD 01 PRECINCT 08,10
CITY OF CHICAGO-:-WARD 01 PRECINCT 09,13
CITY OF CHICAGO-:-WARD 01 PRECINCT 10,10
CITY OF CHICAGO-:-WARD 01 PRECINCT 11,10
CITY OF CHICAGO-:-WARD 01 PRECINCT 12,13
CITY OF CHICAGO-:-WARD 01 PRECINCT 13,13
CITY OF CHICAGO-:-WARD 01 PRECINCT 14,13
CITY OF CHICAGO-:-WARD 01 PRECINCT 15,10
CITY OF CHICAGO-:-WARD 01 PRECINCT 16,10
CITY OF CHICAGO-:-WARD 01 PRECINCT 17,13
CITY OF CHICAGO-:-WARD 01 PRECINCT 18,10
CITY OF CHICAGO-:-WARD 01 PRECINCT 19,10
CITY OF CHICAGO-:-WARD 01 PRECINCT 20,13
CITY OF CHICAGO-:-WARD 01 PRECINCT 22,10
CITY OF CHICAGO-:-WARD 01 PRECINCT 23,13
CITY OF CHICAGO-:-WARD 01 PRECINCT 24,10
CITY OF CHICAGO-:-WARD 01 PRECINCT 25,11
CITY OF CHICAGO-:-WARD 01 PRECINCT 26,11
CITY OF CHICAGO-:-WARD 02 PRECINCT 01,13
CITY OF CHICAGO-:-WARD 02 PRECINCT 02,13
CITY OF CHICAGO-:-WARD 02 PRECINCT 03,13
CITY OF CHICAGO-:-WARD 02 PRECINCT 04,13
CITY OF CHICAGO-:-WARD 02 PRECINCT 05,13
CITY OF CHICAGO-:-WARD 02 PRECINCT 06,13
CITY OF CHICAGO-:-WARD 02 PRECINCT 07,13
CITY OF CHICAGO-:-WARD 02 PRECINCT 08,13
CITY OF CHICAGO-:-WARD 02 PRECINCT 09,13
CITY OF CHICAGO-:-WARD 02 PRECINCT 10,13
CITY OF CHICAGO-:-WARD 02 PRECINCT 11,13
CITY OF CHICAGO-:-WARD 02 PRECINCT 12,13
CITY OF CHICAGO-:-WARD 02 PRECINCT 13,13
CITY OF CHICAGO-:-WARD 02 PRECINCT 14,13
CITY OF CHICAGO-:-WARD 02 PRECINCT 15,13
CITY OF CHICAGO-:-WARD 02 PRECINCT 16,13
CITY OF CHICAGO-:-WARD 02 PRECINCT 17,13
CITY OF CHICAGO-:-WARD 02 PRECINCT 18,13
CITY OF CHICAGO-:-WARD 02 PRECINCT 19,13
CITY OF CHICAGO-:-WARD 02 PRECINCT 20,13
CITY OF CHICAGO-:-WARD 02 PRECINCT 21,13
CITY OF CHICAGO-:-WARD 02 PRECINCT 22,13
CITY OF CHICAGO-:-WARD 02 PRECINCT 24,13
CITY OF CHICAGO-:-WARD 02 PRECINCT 25,12
CITY OF CHICAGO-:-WARD 03 PRECINCT 01,14
CITY OF CHICAGO-:-WARD 03 PRECINCT 03,15
CITY OF CHICAGO-:-WARD 03 PRECINCT 04,15
CITY OF CHICAGO-:-WARD 03 PRECINCT 05,16
CITY OF CHICAGO-:-WARD 03 PRECINCT 06,15
CITY OF CHICAGO-:-WARD 03 PRECINCT 08,14
CITY OF CHICAGO-:-WARD 03 PRECINCT 09,15
CITY OF CHICAGO-:-WARD 03 PRECINCT 10,15
CITY OF CHICAGO-:-WARD 03 PRECINCT 11,14
CITY OF CHICAGO-:-WARD 03 PRECINCT 12,14
CITY OF CHICAGO-:-WARD 03 PRECINCT 13,15
CITY OF CHICAGO-:-WARD 03 PRECINCT 14,15
CITY OF CHICAGO-:-WARD 03 PRECINCT 15,14
CITY OF CHICAGO-:-WARD 03 PRECINCT 16,15
CITY OF CHICAGO-:-WARD 03 PRECINCT 17,8
CITY OF CHICAGO-:-WARD 03 PRECINCT 18,16
CITY OF CHICAGO-:-WARD 03 PRECINCT 21,15
CITY OF CHICAGO-:-WARD 03 PRECINCT 23,16
CITY OF CHICAGO-:-WARD 03 PRECINCT 24,8
CITY OF CHICAGO-:-WARD 03 PRECINCT 25,15
CITY OF CHICAGO-:-WARD 03 PRECINCT 26,16
CITY OF CHICAGO-:-WARD 03 PRECINCT 27,15
CITY OF CHICAGO-:-WARD 04 PRECINCT 02,15
CITY OF CHICAGO-:-WARD 04 PRECINCT 04,15
CITY OF CHICAGO-:-WARD 04 PRECINCT 05,15
CITY OF CHICAGO-:-WARD 04 PRECINCT 06,15
CITY OF CHICAGO-:-WARD 04 PRECINCT 07,15
CITY OF CHICAGO-:-WARD 04 PRECINCT 08,15
CITY OF CHICAGO-:-WARD 04 PRECINCT 09,15
CITY OF CHICAGO-:-WARD 04 PRECINCT 10,15
CITY OF CHICAGO-:-WARD 04 PRECINCT 11,15
CITY OF CHICAGO-:-WARD 04 PRECINCT 12,15
CITY OF CHICAGO-:-WARD 04 PRECINCT 13,15
CITY OF CHICAGO-:-WARD 04 PRECINCT 14,15
CITY OF CHICAGO-:-WARD 04 PRECINCT 15,15
CITY OF CHICAGO-:-WARD 04 PRECINCT 16,15
CITY OF CHICAGO-:-WARD 04 PRECINCT 17,15
CITY OF CHICAGO-:-WARD 04 PRECINCT 18,15
CITY OF CHICAGO-:-WARD 04 PRECINCT 19,15
CITY OF CHICAGO-:-WARD 04 PRECINCT 20,15
CITY OF CHICAGO-:-WARD 04 PRECINCT 21,15
CITY OF CHICAGO-:-WARD 04 PRECINCT 22,15
CITY OF CHICAGO-:-WARD 04 PRECINCT 23,15
CITY OF CHICAGO-:-WARD 04 PRECINCT 25,15
CITY OF CHICAGO-:-WARD 04 PRECINCT 26,15
CITY OF CHICAGO-:-WARD 04 PRECINCT 27,15
CITY OF CHICAGO-:-WARD 04 PRECINCT 28,15
CITY OF CHICAGO-:-WARD 05 PRECINCT 02,14
CITY OF CHICAGO-:-WARD 05 PRECINCT 03,14
CITY OF CHICAGO-:-WARD 05 PRECINCT 04,14
CITY OF CHICAGO-:-WARD 05 PRECINCT 05,15
CITY OF CHICAGO-:-WARD 05 PRECINCT 06,15
CITY OF CHICAGO-:-WARD 05 PRECINCT 07,15
CITY OF CHICAGO-:-WARD 05 PRECINCT 08,15
CITY OF CHICAGO-:-WARD 05 PRECINCT 10,15
CITY OF CHICAGO-:-WARD 05 PRECINCT 11,14
CITY OF CHICAGO-:-WARD 05 PRECINCT 12,15
CITY OF CHICAGO-:-WARD 05 PRECINCT 13,15
CITY OF CHICAGO-:-WARD 05 PRECINCT 14,15
CITY OF CHICAGO-:-WARD 05 PRECINCT 16,15
CITY OF CHICAGO-:-WARD 05 PRECINCT 17,15
CITY OF CHICAGO-:-WARD 05 PRECINCT 18,15
CITY OF CHICAGO-:-WARD 05 PRECINCT 19,15
CITY OF CHICAGO-:-WARD 05 PRECINCT 20,15
CITY OF CHICAGO-:-WARD 05 PRECINCT 21,15
CITY OF CHICAGO-:-WARD 05 PRECINCT 22,15
CITY OF CHICAGO-:-WARD 05 PRECINCT 23,15
CITY OF CHICAGO-:-WARD 05 PRECINCT 24,15
CITY OF CHICAGO-:-WARD 05 PRECINCT 25,15
CITY OF CHICAGO-:-WARD 06 PRECINCT 01,9
CITY OF CHICAGO-:-WARD 06 PRECINCT 02,9
CITY OF CHICAGO-:-WARD 06 PRECINCT 03,16
CITY OF CHICAGO-:-WARD 06 PRECINCT 04,14
CITY OF CHICAGO-:-WARD 06 PRECINCT 05,14
CITY OF CHICAGO-:-WARD 06 PRECINCT 06,14
CITY OF CHICAGO-:-WARD 06 PRECINCT 07,14
CITY OF CHICAGO-:-WARD 06 PRECINCT 08,14
CITY OF CHICAGO-:-WARD 06 PRECINCT 09,14
CITY OF CHICAGO-:-WARD 06 PRECINCT 10,14
CITY OF CHICAGO-:-WARD 06 PRECINCT 11,9
CITY OF CHICAGO-:-WARD 06 PRECINCT 12,14
CITY OF CHICAGO-:-WARD 06 PRECINCT 13,14
CITY OF CHICAGO-:-WARD 06 PRECINCT 14,14
CITY OF CHICAGO-:-WARD 06 PRECINCT 15,14
CITY OF CHICAGO-:-WARD 06 PRECINCT 16,8
CITY OF CHICAGO-:-WARD 06 PRECINCT 17,14
CITY OF CHICAGO-:-WARD 06 PRECINCT 18,14
CITY OF CHICAGO-:-WARD 06 PRECINCT 19,14
CITY OF CHICAGO-:-WARD 06 PRECINCT 20,14
CITY OF CHICAGO-:-WARD 06 PRECINCT 21,14
CITY OF CHICAGO-:-WARD 06 PRECINCT 22,14
CITY OF CHICAGO-:-WARD 06 PRECINCT 23,14
CITY OF CHICAGO-:-WARD 06 PRECINCT 24,14
CITY OF CHICAGO-:-WARD 06 PRECINCT 25,8
CITY OF CHICAGO-:-WARD 06 PRECINCT 26,14
CITY OF CHICAGO-:-WARD 06 PRECINCT 27,14
CITY OF CHICAGO-:-WARD 07 PRECINCT 01,14
CITY OF CHICAGO-:-WARD 07 PRECINCT 03,14
CITY OF CHICAGO-:-WARD 07 PRECINCT 04,14
CITY OF CHICAGO-:-WARD 07 PRECINCT 05,14
CITY OF CHICAGO-:-WARD 07 PRECINCT 06,14
CITY OF CHICAGO-:-WARD 07 PRECINCT 07,14
CITY OF CHICAGO-:-WARD 07 PRECINCT 08,14
CITY OF CHICAGO-:-WARD 07 PRECINCT 09,14
CITY OF CHICAGO-:-WARD 07 PRECINCT 11,9
CITY OF CHICAGO-:-WARD 07 PRECINCT 14,14
CITY OF CHICAGO-:-WARD 07 PRECINCT 15,14
CITY OF CHICAGO-:-WARD 07 PRECINCT 18,14
CITY OF CHICAGO-:-WARD 07 PRECINCT 19,3
CITY OF CHICAGO-:-WARD 07 PRECINCT 20,3
CITY OF CHICAGO-:-WARD 07 PRECINCT 21,3
CITY OF CHICAGO-:-WARD 07 PRECINCT 22,3
CITY OF CHICAGO-:-WARD 07 PRECINCT 23,14
CITY OF CHICAGO-:-WARD 07 PRECINCT 24,14
CITY OF CHICAGO-:-WARD 07 PRECINCT 25,3
CITY OF CHICAGO-:-WARD 07 PRECINCT 26,3
CITY OF CHICAGO-:-WARD 07 PRECINCT 27,3
CITY OF CHICAGO-:-WARD 07 PRECINCT 28,14
CITY OF CHICAGO-:-WARD 07 PRECINCT 29,3
CITY OF CHICAGO-:-WARD 07 PRECINCT 30,3
CITY OF CHICAGO-:-WARD 07 PRECINCT 31,14
CITY OF CHICAGO-:-WARD 08 PRECINCT 01,14
CITY OF CHICAGO-:-WARD 08 PRECINCT 02,14
CITY OF CHICAGO-:-WARD 08 PRECINCT 03,14
CITY OF CHICAGO-:-WARD 08 PRECINCT 04,14
CITY OF CHICAGO-:-WARD 08 PRECINCT 05,9
CITY OF CHICAGO-:-WARD 08 PRECINCT 06,14
CITY OF CHICAGO-:-WARD 08 PRECINCT 07,9
CITY OF CHICAGO-:-WARD 08 PRECINCT 08,9
CITY OF CHICAGO-:-WARD 08 PRECINCT 09,14
CITY OF CHICAGO-:-WARD 08 PRECINCT 10,14
CITY OF CHICAGO-:-WARD 08 PRECINCT 11,14
CITY OF CHICAGO-:-WARD 08 PRECINCT 12,9
CITY OF CHICAGO-:-WARD 08 PRECINCT 13,9
CITY OF CHICAGO-:-WARD 08 PRECINCT 14,9
CITY OF CHICAGO-:-WARD 08 PRECINCT 15,9
CITY OF CHICAGO-:-WARD 08 PRECINCT 16,9
CITY OF CHICAGO-:-WARD 08 PRECINCT 17,14
CITY OF CHICAGO-:-WARD 08 PRECINCT 18,14
CITY OF CHICAGO-:-WARD 08 PRECINCT 19,14
CITY OF CHICAGO-:-WARD 08 PRECINCT 20,14
CITY OF CHICAGO-:-WARD 08 PRECINCT 21,9
CITY OF CHICAGO-:-WARD 08 PRECINCT 22,9
CITY OF CHICAGO-:-WARD 08 PRECINCT 23,14
CITY OF CHICAGO-:-WARD 08 PRECINCT 24,9
CITY OF CHICAGO-:-WARD 08 PRECINCT 25,14
CITY OF CHICAGO-:-WARD 08 PRECINCT 26,14
CITY OF CHICAGO-:-WARD 08 PRECINCT 27,9
CITY OF CHICAGO-:-WARD 08 PRECINCT 28,9
CITY OF CHICAGO-:-WARD 08 PRECINCT 29,9
CITY OF CHICAGO-:-WARD 08 PRECINCT 30,14
CITY OF CHICAGO-:-WARD 09 PRECINCT 01,8
CITY OF CHICAGO-:-WARD 09 PRECINCT 02,14
CITY OF CHICAGO-:-WARD 09 PRECINCT 03,14
CITY OF CHICAGO-:-WARD 09 PRECINCT 04,8
CITY OF CHICAGO-:-WARD 09 PRECINCT 05,8
CITY OF CHICAGO-:-WARD 09 PRECINCT 06,14
CITY OF CHICAGO-:-WARD 09 PRECINCT 07,14
CITY OF CHICAGO-:-WARD 09 PRECINCT 09,14
CITY OF CHICAGO-:-WARD 09 PRECINCT 10,14
CITY OF CHICAGO-:-WARD 09 PRECINCT 11,8
CITY OF CHICAGO-:-WARD 09 PRECINCT 12,14
CITY OF CHICAGO-:-WARD 09 PRECINCT 13,7
CITY OF CHICAGO-:-WARD 09 PRECINCT 14,14
CITY OF CHICAGO-:-WARD 09 PRECINCT 15,14
CITY OF CHICAGO-:-WARD 09 PRECINCT 16,14
CITY OF CHICAGO-:-WARD 09 PRECINCT 17,8
CITY OF CHICAGO-:-WARD 09 PRECINCT 18,14
CITY OF CHICAGO-:-WARD 09 PRECINCT 19,14
CITY OF CHICAGO-:-WARD 09 PRECINCT 20,14
CITY OF CHICAGO-:-WARD 09 PRECINCT 21,14
CITY OF CHICAGO-:-WARD 09 PRECINCT 22,14
CITY OF CHICAGO-:-WARD 09 PRECINCT 23,14
CITY OF CHICAGO-:-WARD 09 PRECINCT 24,14
CITY OF CHICAGO-:-WARD 09 PRECINCT 25,7
CITY OF CHICAGO-:-WARD 09 PRECINCT 26,14
CITY OF CHICAGO-:-WARD 09 PRECINCT 27,14
CITY OF CHICAGO-:-WARD 09 PRECINCT 28,14
CITY OF CHICAGO-:-WARD 09 PRECINCT 29,14
CITY OF CHICAGO-:-WARD 09 PRECINCT 30,14
CITY OF CHICAGO-:-WARD 10 PRECINCT 01,14
CITY OF CHICAGO-:-WARD 10 PRECINCT 02,7
CITY OF CHICAGO-:-WARD 10 PRECINCT 03,14
CITY OF CHICAGO-:-WARD 10 PRECINCT 04,14
CITY OF CHICAGO-:-WARD 10 PRECINCT 05,8
CITY OF CHICAGO-:-WARD 10 PRECINCT 06,14
CITY OF CHICAGO-:-WARD 10 PRECINCT 07,14
CITY OF CHICAGO-:-WARD 10 PRECINCT 08,14
CITY OF CHICAGO-:-WARD 10 PRECINCT 09,14
CITY OF CHICAGO-:-WARD 10 PRECINCT 10,14
CITY OF CHICAGO-:-WARD 10 PRECINCT 11,7
CITY OF CHICAGO-:-WARD 10 PRECINCT 12,14
CITY OF CHICAGO-:-WARD 10 PRECINCT 13,14
CITY OF CHICAGO-:-WARD 10 PRECINCT 14,14
CITY OF CHICAGO-:-WARD 10 PRECINCT 15,14
CITY OF CHICAGO-:-WARD 10 PRECINCT 16,14
CITY OF CHICAGO-:-WARD 10 PRECINCT 17,14
CITY OF CHICAGO-:-WARD 10 PRECINCT 18,14
CITY OF CHICAGO-:-WARD 10 PRECINCT 19,14
CITY OF CHICAGO-:-WARD 10 PRECINCT 20,8
CITY OF CHICAGO-:-WARD 10 PRECINCT 21,8
CITY OF CHICAGO-:-WARD 10 PRECINCT 22,14
CITY OF CHICAGO-:-WARD 10 PRECINCT 23,14
CITY OF CHICAGO-:-WARD 10 PRECINCT 24,14
CITY OF CHICAGO-:-WARD 10 PRECINCT 25,14
CITY OF CHICAGO-:-WARD 11 PRECINCT 01,15
CITY OF CHICAGO-:-WARD 11 PRECINCT 02,15
CITY OF CHICAGO-:-WARD 11 PRECINCT 03,16
CITY OF CHICAGO-:-WARD 11 PRECINCT 04,16
CITY OF CHICAGO-:-WARD 11 PRECINCT 05,16
CITY OF CHICAGO-:-WARD 11 PRECINCT 06,16
CITY OF CHICAGO-:-WARD 11 PRECINCT 07,16
CITY OF CHICAGO-:-WARD 11 PRECINCT 08,16
CITY OF CHICAGO-:-WARD 11 PRECINCT 09,16
CITY OF CHICAGO-:-WARD 11 PRECINCT 10,16
CITY OF CHICAGO-:-WARD 11 PRECINCT 11,16
CITY OF CHICAGO-:-WARD 11 PRECINCT 12,16
CITY OF CHICAGO-:-WARD 11 PRECINCT 13,16
CITY OF CHICAGO-:-WARD 11 PRECINCT 14,16
CITY OF CHICAGO-:-WARD 11 PRECINCT 15,16
CITY OF CHICAGO-:-WARD 11 PRECINCT 16,16
CITY OF CHICAGO-:-WARD 11 PRECINCT 17,16
CITY OF CHICAGO-:-WARD 11 PRECINCT 18,16
CITY OF CHICAGO-:-WARD 11 PRECINCT 19,7
CITY OF CHICAGO-:-WARD 11 PRECINCT 20,16
CITY OF CHICAGO-:-WARD 11 PRECINCT 21,16
CITY OF CHICAGO-:-WARD 11 PRECINCT 22,16
CITY OF CHICAGO-:-WARD 11 PRECINCT 23,16
CITY OF CHICAGO-:-WARD 12 PRECINCT 01,16
CITY OF CHICAGO-:-WARD 12 PRECINCT 02,16
CITY OF CHICAGO-:-WARD 12 PRECINCT 03,16
CITY OF CHICAGO-:-WARD 12 PRECINCT 04,16
CITY OF CHICAGO-:-WARD 12 PRECINCT 05,16
CITY OF CHICAGO-:-WARD 12 PRECINCT 06,16
CITY OF CHICAGO-:-WARD 12 PRECINCT 07,16
CITY OF CHICAGO-:-WARD 12 PRECINCT 08,16
CITY OF CHICAGO-:-WARD 12 PRECINCT 09,7
CITY OF CHICAGO-:-WARD 12 PRECINCT 10,16
CITY OF CHICAGO-:-WARD 12 PRECINCT 11,16
CITY OF CHICAGO-:-WARD 12 PRECINCT 12,16
CITY OF CHICAGO-:-WARD 12 PRECINCT 13,16
CITY OF CHICAGO-:-WARD 12 PRECINCT 14,16
CITY OF CHICAGO-:-WARD 12 PRECINCT 15,16
CITY OF CHICAGO-:-WARD 12 PRECINCT 16,16
CITY OF CHICAGO-:-WARD 12 PRECINCT 17,16
CITY OF CHICAGO-:-WARD 12 PRECINCT 18,16
CITY OF CHICAGO-:-WARD 12 PRECINCT 19,7
CITY OF CHICAGO-:-WARD 12 PRECINCT 20,16
CITY OF CHICAGO-:-WARD 12 PRECINCT 21,16
CITY OF CHICAGO-:-WARD 12 PRECINCT 22,16
CITY OF CHICAGO-:-WARD 13 PRECINCT 01,5
CITY OF CHICAGO-:-WARD 13 PRECINCT 02,16
CITY OF CHICAGO-:-WARD 13 PRECINCT 03,5
CITY OF CHICAGO-:-WARD 13 PRECINCT 04,16
CITY OF CHICAGO-:-WARD 13 PRECINCT 05,5
CITY OF CHICAGO-:-WARD 13 PRECINCT 06,5
CITY OF CHICAGO-:-WARD 13 PRECINCT 07,5
CITY OF CHICAGO-:-WARD 13 PRECINCT 08,16
CITY OF CHICAGO-:-WARD 13 PRECINCT 09,5
CITY OF CHICAGO-:-WARD 13 PRECINCT 10,5
CITY OF CHICAGO-:-WARD 13 PRECINCT 11,5
CITY OF CHICAGO-:-WARD 13 PRECINCT 12,7
CITY OF CHICAGO-:-WARD 13 PRECINCT 13,5
CITY OF CHICAGO-:-WARD 13 PRECINCT 14,5
CITY OF CHICAGO-:-WARD 13 PRECINCT 15,5
CITY OF CHICAGO-:-WARD 13 PRECINCT 16,16
CITY OF CHICAGO-:-WARD 13 PRECINCT 17,16
CITY OF CHICAGO-:-WARD 13 PRECINCT 18,16
CITY OF CHICAGO-:-WARD 13 PRECINCT 19,5
CITY OF CHICAGO-:-WARD 13 PRECINCT 20,5
CITY OF CHICAGO-:-WARD 13 PRECINCT 21,5
CITY OF CHICAGO-:-WARD 13 PRECINCT 22,16
CITY OF CHICAGO-:-WARD 13 PRECINCT 23,5
CITY OF CHICAGO-:-WARD 13 PRECINCT 24,5
CITY OF CHICAGO-:-WARD 13 PRECINCT 25,16
CITY OF CHICAGO-:-WARD 13 PRECINCT 26,5
CITY OF CHICAGO-:-WARD 13 PRECINCT 27,16
CITY OF CHICAGO-:-WARD 13 PRECINCT 28,16
CITY OF CHICAGO-:-WARD 13 PRECINCT 29,16
CITY OF CHICAGO-:-WARD 13 PRECINCT 30,5
CITY OF CHICAGO-:-WARD 13 PRECINCT 31,5
CITY OF CHICAGO-:-WARD 13 PRECINCT 32,16
CITY OF CHICAGO-:-WARD 13 PRECINCT 33,5
CITY OF CHICAGO-:-WARD 13 PRECINCT 34,5
CITY OF CHICAGO-:-WARD 13 PRECINCT 35,5
CITY OF CHICAGO-:-WARD 13 PRECINCT 36,7
CITY OF CHICAGO-:-WARD 13 PRECINCT 37,5
CITY OF CHICAGO-:-WARD 13 PRECINCT 38,5
CITY OF CHICAGO-:-WARD 13 PRECINCT 39,5
CITY OF CHICAGO-:-WARD 13 PRECINCT 40,5
CITY OF CHICAGO-:-WARD 14 PRECINCT 02,16
CITY OF CHICAGO-:-WARD 14 PRECINCT 03,16
CITY OF CHICAGO-:-WARD 14 PRECINCT 04,7
CITY OF CHICAGO-:-WARD 14 PRECINCT 05,16
CITY OF CHICAGO-:-WARD 14 PRECINCT 06,16
CITY OF CHICAGO-:-WARD 14 PRECINCT 07,16
CITY OF CHICAGO-:-WARD 14 PRECINCT 08,16
CITY OF CHICAGO-:-WARD 14 PRECINCT 09,16
CITY OF CHICAGO-:-WARD 14 PRECINCT 10,16
CITY OF CHICAGO-:-WARD 14 PRECINCT 11,16
CITY OF CHICAGO-:-WARD 14 PRECINCT 12,16
CITY OF CHICAGO-:-WARD 14 PRECINCT 13,16
CITY OF CHICAGO-:-WARD 14 PRECINCT 14,16
CITY OF CHICAGO-:-WARD 14 PRECINCT 15,16
CITY OF CHICAGO-:-WARD 15 PRECINCT 01,8
CITY OF CHICAGO-:-WARD 15 PRECINCT 02,16
CITY OF CHICAGO-:-WARD 15 PRECINCT 03,8
CITY OF CHICAGO-:-WARD 15 PRECINCT 04,16
CITY OF CHICAGO-:-WARD 15 PRECINCT 05,16
CITY OF CHICAGO-:-WARD 15 PRECINCT 06,16
CITY OF CHICAGO-:-WARD 15 PRECINCT 07,16
CITY OF CHICAGO-:-WARD 15 PRECINCT 08,16
CITY OF CHICAGO-:-WARD 15 PRECINCT 09,16
CITY OF CHICAGO-:-WARD 15 PRECINCT 11,16
CITY OF CHICAGO-:-WARD 15 PRECINCT 12,16
CITY OF CHICAGO-:-WARD 15 PRECINCT 13,16
CITY OF CHICAGO-:-WARD 15 PRECINCT 14,16
CITY OF CHICAGO-:-WARD 15 PRECINCT 15,16
CITY OF CHICAGO-:-WARD 15 PRECINCT 16,16
CITY OF CHICAGO-:-WARD 15 PRECINCT 17,16
CITY OF CHICAGO-:-WARD 15 PRECINCT 18,16
CITY OF CHICAGO-:-WARD 15 PRECINCT 19,9
CITY OF CHICAGO-:-WARD 15 PRECINCT 20,16
CITY OF CHICAGO-:-WARD 16 PRECINCT 01,16
CITY OF CHICAGO-:-WARD 16 PRECINCT 02,16
CITY OF CHICAGO-:-WARD 16 PRECINCT 03,16
CITY OF CHICAGO-:-WARD 16 PRECINCT 04,9
CITY OF CHICAGO-:-WARD 16 PRECINCT 05,16
CITY OF CHICAGO-:-WARD 16 PRECINCT 06,16
CITY OF CHICAGO-:-WARD 16 PRECINCT 08,16
CITY OF CHICAGO-:-WARD 16 PRECINCT 09,16
CITY OF CHICAGO-:-WARD 16 PRECINCT 10,16
CITY OF CHICAGO-:-WARD 16 PRECINCT 11,9
CITY OF CHICAGO-:-WARD 16 PRECINCT 12,8
CITY OF CHICAGO-:-WARD 16 PRECINCT 13,8
CITY OF CHICAGO-:-WARD 16 PRECINCT 14,9
CITY OF CHICAGO-:-WARD 16 PRECINCT 15,16
CITY OF CHICAGO-:-WARD 16 PRECINCT 16,16
CITY OF CHICAGO-:-WARD 16 PRECINCT 17,16
CITY OF CHICAGO-:-WARD 16 PRECINCT 18,16
CITY OF CHICAGO-:-WARD 16 PRECINCT 19,16
CITY OF CHICAGO-:-WARD 16 PRECINCT 21,16
CITY OF CHICAGO-:-WARD 16 PRECINCT 22,16
CITY OF CHICAGO-:-WARD 16 PRECINCT 24,9
CITY OF CHICAGO-:-WARD 16 PRECINCT 25,16
CITY OF CHICAGO-:-WARD 17 PRECINCT 01,16
CITY OF CHICAGO-:-WARD 17 PRECINCT 03,16
CITY OF CHICAGO-:-WARD 17 PRECINCT 04,16
CITY OF CHICAGO-:-WARD 17 PRECINCT 05,9
CITY OF CHICAGO-:-WARD 17 PRECINCT 06,9
CITY OF CHICAGO-:-WARD 17 PRECINCT 07,16
CITY OF CHICAGO-:-WARD 17 PRECINCT 08,9
CITY OF CHICAGO-:-WARD 17 PRECINCT 09,9
CITY OF CHICAGO-:-WARD 17 PRECINCT 10,14
CITY OF CHICAGO-:-WARD 17 PRECINCT 11,16
CITY OF CHICAGO-:-WARD 17 PRECINCT 12,9
CITY OF CHICAGO-:-WARD 17 PRECINCT 13,9
CITY OF CHICAGO-:-WARD 17 PRECINCT 15,14
CITY OF CHICAGO-:-WARD 17 PRECINCT 16,9
CITY OF CHICAGO-:-WARD 17 PRECINCT 17,9
CITY OF CHICAGO-:-WARD 17 PRECINCT 18,14
CITY OF CHICAGO-:-WARD 17 PRECINCT 19,14
CITY OF CHICAGO-:-WARD 17 PRECINCT 20,9
CITY OF CHICAGO-:-WARD 17 PRECINCT 21,14
CITY OF CHICAGO-:-WARD 17 PRECINCT 22,14
CITY OF CHICAGO-:-WARD 17 PRECINCT 23,14
CITY OF CHICAGO-:-WARD 17 PRECINCT 24,14
CITY OF CHICAGO-:-WARD 17 PRECINCT 25,9
CITY OF CHICAGO-:-WARD 17 PRECINCT 26,14
CITY OF CHICAGO-:-WARD 17 PRECINCT 27,14
CITY OF CHICAGO-:-WARD 17 PRECINCT 28,14
CITY OF CHICAGO-:-WARD 17 PRECINCT 29,14
CITY OF CHICAGO-:-WARD 18 PRECINCT 01,14
CITY OF CHICAGO-:-WARD 18 PRECINCT 02,14
CITY OF CHICAGO-:-WARD 18 PRECINCT 03,16
CITY OF CHICAGO-:-WARD 18 PRECINCT 04,9
CITY OF CHICAGO-:-WARD 18 PRECINCT 05,9
CITY OF CHICAGO-:-WARD 18 PRECINCT 06,16
CITY OF CHICAGO-:-WARD 18 PRECINCT 07,7
CITY OF CHICAGO-:-WARD 18 PRECINCT 08,16
CITY OF CHICAGO-:-WARD 18 PRECINCT 09,16
CITY OF CHICAGO-:-WARD 18 PRECINCT 10,16
CITY OF CHICAGO-:-WARD 18 PRECINCT 11,16
CITY OF CHICAGO-:-WARD 18 PRECINCT 12,16
CITY OF CHICAGO-:-WARD 18 PRECINCT 13,16
CITY OF CHICAGO-:-WARD 18 PRECINCT 14,16
CITY OF CHICAGO-:-WARD 18 PRECINCT 15,16
CITY OF CHICAGO-:-WARD 18 PRECINCT 16,16
CITY OF CHICAGO-:-WARD 18 PRECINCT 17,16
CITY OF CHICAGO-:-WARD 18 PRECINCT 19,16
CITY OF CHICAGO-:-WARD 18 PRECINCT 20,16
CITY OF CHICAGO-:-WARD 18 PRECINCT 21,16
CITY OF CHICAGO-:-WARD 18 PRECINCT 22,16
CITY OF CHICAGO-:-WARD 18 PRECINCT 23,16
CITY OF CHICAGO-:-WARD 18 PRECINCT 24,16
CITY OF CHICAGO-:-WARD 18 PRECINCT 25,16
CITY OF CHICAGO-:-WARD 18 PRECINCT 26,16
CITY OF CHICAGO-:-WARD 19 PRECINCT 01,14
CITY OF CHICAGO-:-WARD 19 PRECINCT 02,7
CITY OF CHICAGO-:-WARD 19 PRECINCT 03,7
CITY OF CHICAGO-:-WARD 19 PRECINCT 04,7
CITY OF CHICAGO-:-WARD 19 PRECINCT 05,7
CITY OF CHICAGO-:-WARD 19 PRECINCT 06,7
CITY OF CHICAGO-:-WARD 19 PRECINCT 07,14
CITY OF CHICAGO-:-WARD 19 PRECINCT 08,14
CITY OF CHICAGO-:-WARD 19 PRECINCT 09,7
CITY OF CHICAGO-:-WARD 19 PRECINCT 12,16
CITY OF CHICAGO-:-WARD 19 PRECINCT 13,8
CITY OF CHICAGO-:-WARD 19 PRECINCT 14,14
CITY OF CHICAGO-:-WARD 19 PRECINCT 15,7
CITY OF CHICAGO-:-WARD 19 PRECINCT 16,7
CITY OF CHICAGO-:-WARD 19 PRECINCT 17,7
CITY OF CHICAGO-:-WARD 19 PRECINCT 18,7
CITY OF CHICAGO-:-WARD 19 PRECINCT 20,9
CITY OF CHICAGO-:-WARD 19 PRECINCT 21,14
CITY OF CHICAGO-:-WARD 19 PRECINCT 22,7
CITY OF CHICAGO-:-WARD 19 PRECINCT 23,7
CITY OF CHICAGO-:-WARD 19 PRECINCT 24,7
CITY OF CHICAGO-:-WARD 19 PRECINCT 27,14
CITY OF CHICAGO-:-WARD 19 PRECINCT 28,14
CITY OF CHICAGO-:-WARD 19 PRECINCT 29,14
CITY OF CHICAGO-:-WARD 19 PRECINCT 30,7
CITY OF CHICAGO-:-WARD 19 PRECINCT 32,9
CITY OF CHICAGO-:-WARD 19 PRECINCT 33,7
CITY OF CHICAGO-:-WARD 19 PRECINCT 34,14
CITY OF CHICAGO-:-WARD 19 PRECINCT 35,7
CITY OF CHICAGO-:-WARD 20 PRECINCT 02,16
CITY OF CHICAGO-:-WARD 20 PRECINCT 04,8
CITY OF CHICAGO-:-WARD 20 PRECINCT 06,8
CITY OF CHICAGO-:-WARD 20 PRECINCT 07,8
CITY OF CHICAGO-:-WARD 20 PRECINCT 09,14
CITY OF CHICAGO-:-WARD 20 PRECINCT 10,14
CITY OF CHICAGO-:-WARD 20 PRECINCT 11,14
CITY OF CHICAGO-:-WARD 20 PRECINCT 12,14
CITY OF CHICAGO-:-WARD 20 PRECINCT 13,15
CITY OF CHICAGO-:-WARD 20 PRECINCT 15,14
CITY OF CHICAGO-:-WARD 20 PRECINCT 16,15
CITY OF CHICAGO-:-WARD 20 PRECINCT 17,15
CITY OF CHICAGO-:-WARD 20 PRECINCT 18,15
CITY OF CHICAGO-:-WARD 20 PRECINCT 19,15
CITY OF CHICAGO-:-WARD 20 PRECINCT 20,15
CITY OF CHICAGO-:-WARD 20 PRECINCT 21,14
CITY OF CHICAGO-:-WARD 20 PRECINCT 22,14
CITY OF CHICAGO-:-WARD 20 PRECINCT 23,8
CITY OF CHICAGO-:-WARD 21 PRECINCT 01,14
CITY OF CHICAGO-:-WARD 21 PRECINCT 02,14
CITY OF CHICAGO-:-WARD 21 PRECINCT 03,14
CITY OF CHICAGO-:-WARD 21 PRECINCT 04,14
CITY OF CHICAGO-:-WARD 21 PRECINCT 05,14
CITY OF CHICAGO-:-WARD 21 PRECINCT 06,14
CITY OF CHICAGO-:-WARD 21 PRECINCT 07,14
CITY OF CHICAGO-:-WARD 21 PRECINCT 08,14
CITY OF CHICAGO-:-WARD 21 PRECINCT 09,14
CITY OF CHICAGO-:-WARD 21 PRECINCT 10,14
CITY OF CHICAGO-:-WARD 21 PRECINCT 11,14
CITY OF CHICAGO-:-WARD 21 PRECINCT 12,8
CITY OF CHICAGO-:-WARD 21 PRECINCT 13,14
CITY OF CHICAGO-:-WARD 21 PRECINCT 14,14
CITY OF CHICAGO-:-WARD 21 PRECINCT 15,14
CITY OF CHICAGO-:-WARD 21 PRECINCT 16,14
CITY OF CHICAGO-:-WARD 21 PRECINCT 17,8
CITY OF CHICAGO-:-WARD 21 PRECINCT 18,14
CITY OF CHICAGO-:-WARD 21 PRECINCT 19,14
CITY OF CHICAGO-:-WARD 21 PRECINCT 20,8
CITY OF CHICAGO-:-WARD 21 PRECINCT 21,14
CITY OF CHICAGO-:-WARD 21 PRECINCT 22,14
CITY OF CHICAGO-:-WARD 21 PRECINCT 23,14
CITY OF CHICAGO-:-WARD 21 PRECINCT 24,14
CITY OF CHICAGO-:-WARD 21 PRECINCT 25,14
CITY OF CHICAGO-:-WARD 21 PRECINCT 26,14
CITY OF CHICAGO-:-WARD 21 PRECINCT 27,14
CITY OF CHICAGO-:-WARD 21 PRECINCT 28,14
CITY OF CHICAGO-:-WARD 21 PRECINCT 29,14
CITY OF CHICAGO-:-WARD 22 PRECINCT 01,13
CITY OF CHICAGO-:-WARD 22 PRECINCT 03,11
CITY OF CHICAGO-:-WARD 22 PRECINCT 04,11
CITY OF CHICAGO-:-WARD 22 PRECINCT 05,11
CITY OF CHICAGO-:-WARD 22 PRECINCT 06,11
CITY OF CHICAGO-:-WARD 22 PRECINCT 07,16
CITY OF CHICAGO-:-WARD 22 PRECINCT 08,16
CITY OF CHICAGO-:-WARD 22 PRECINCT 09,16
CITY OF CHICAGO-:-WARD 22 PRECINCT 10,11
CITY OF CHICAGO-:-WARD 22 PRECINCT 11,16
CITY OF CHICAGO-:-WARD 22 PRECINCT 12,11
CITY OF CHICAGO-:-WARD 22 PRECINCT 13,11
CITY OF CHICAGO-:-WARD 22 PRECINCT 14,11
CITY OF CHICAGO-:-WARD 22 PRECINCT 15,8
CITY OF CHICAGO-:-WARD 22 PRECINCT 16,16
CITY OF CHICAGO-:-WARD 22 PRECINCT 17,16
CITY OF CHICAGO-:-WARD 22 PRECINCT 18,8
CITY OF CHICAGO-:-WARD 22 PRECINCT 19,16
CITY OF CHICAGO-:-WARD 23 PRECINCT 01,16
CITY OF CHICAGO-:-WARD 23 PRECINCT 02,5
CITY OF CHICAGO-:-WARD 23 PRECINCT 03,16
CITY OF CHICAGO-:-WARD 23 PRECINCT 04,16
CITY OF CHICAGO-:-WARD 23 PRECINCT 05,5
CITY OF CHICAGO-:-WARD 23 PRECINCT 06,16
CITY OF CHICAGO-:-WARD 23 PRECINCT 07,5
CITY OF CHICAGO-:-WARD 23 PRECINCT 08,5
CITY OF CHICAGO-:-WARD 23 PRECINCT 09,5
CITY OF CHICAGO-:-WARD 23 PRECINCT 10,16
CITY OF CHICAGO-:-WARD 23 PRECINCT 11,8
CITY OF CHICAGO-:-WARD 23 PRECINCT 12,16
CITY OF CHICAGO-:-WARD 23 PRECINCT 13,16
CITY OF CHICAGO-:-WARD 23 PRECINCT 14,16
CITY OF CHICAGO-:-WARD 23 PRECINCT 15,16
CITY OF CHICAGO-:-WARD 23 PRECINCT 16,8
CITY OF CHICAGO-:-WARD 23 PRECINCT 17,16
CITY OF CHICAGO-:-WARD 23 PRECINCT 18,16
CITY OF CHICAGO-:-WARD 23 PRECINCT 19,16
CITY OF CHICAGO-:-WARD 23 PRECINCT 20,8
CITY OF CHICAGO-:-WARD 23 PRECINCT 21,16
CITY OF CHICAGO-:-WARD 23 PRECINCT 22,8
CITY OF CHICAGO-:-WARD 23 PRECINCT 23,16
CITY OF CHICAGO-:-WARD 23 PRECINCT 24,16
CITY OF CHICAGO-:-WARD 23 PRECINCT 25,8
CITY OF CHICAGO-:-WARD 23 PRECINCT 26,8
CITY OF CHICAGO-:-WARD 23 PRECINCT 27,16
CITY OF CHICAGO-:-WARD 23 PRECINCT 28,16
CITY OF CHICAGO-:-WARD 23 PRECINCT 29,16
CITY OF CHICAGO-:-WARD 23 PRECINCT 30,16
CITY OF CHICAGO-:-WARD 23 PRECINCT 31,16
CITY OF CHICAGO-:-WARD 23 PRECINCT 32,8
CITY OF CHICAGO-:-WARD 23 PRECINCT 33,16
CITY OF CHICAGO-:-WARD 24 PRECINCT 01,8
CITY OF CHICAGO-:-WARD 24 PRECINCT 02,8
CITY OF CHICAGO-:-WARD 24 PRECINCT 03,11
CITY OF CHICAGO-:-WARD 24 PRECINCT 04,11
CITY OF CHICAGO-:-WARD 24 PRECINCT 05,11
CITY OF CHICAGO-:-WARD 24 PRECINCT 06,11
CITY OF CHICAGO-:-WARD 24 PRECINCT 07,7
CITY OF CHICAGO-:-WARD 24 PRECINCT 08,11
CITY OF CHICAGO-:-WARD 24 PRECINCT 09,11
CITY OF CHICAGO-:-WARD 24 PRECINCT 10,11
CITY OF CHICAGO-:-WARD 24 PRECINCT 11,11
CITY OF CHICAGO-:-WARD 24 PRECINCT 12,11
CITY OF CHICAGO-:-WARD 24 PRECINCT 13,11
CITY OF CHICAGO-:-WARD 24 PRECINCT 14,11
CITY OF CHICAGO-:-WARD 24 PRECINCT 15,11
CITY OF CHICAGO-:-WARD 24 PRECINCT 16,13
CITY OF CHICAGO-:-WARD 24 PRECINCT 17,11
CITY OF CHICAGO-:-WARD 24 PRECINCT 19,16
CITY OF CHICAGO-:-WARD 24 PRECINCT 20,13
CITY OF CHICAGO-:-WARD 25 PRECINCT 01,16
CITY OF CHICAGO-:-WARD 25 PRECINCT 02,16
CITY OF CHICAGO-:-WARD 25 PRECINCT 04,16
CITY OF CHICAGO-:-WARD 25 PRECINCT 05,11
CITY OF CHICAGO-:-WARD 25 PRECINCT 06,13
CITY OF CHICAGO-:-WARD 25 PRECINCT 07,11
CITY OF CHICAGO-:-WARD 25 PRECINCT 08,13
CITY OF CHICAGO-:-WARD 25 PRECINCT 09,13
CITY OF CHICAGO-:-WARD 25 PRECINCT 10,16
CITY OF CHICAGO-:-WARD 25 PRECINCT 11,16
CITY OF CHICAGO-:-WARD 25 PRECINCT 12,16
CITY OF CHICAGO-:-WARD 25 PRECINCT 14,16
CITY OF CHICAGO-:-WARD 25 PRECINCT 15,13
CITY OF CHICAGO-:-WARD 25 PRECINCT 16,16
CITY OF CHICAGO-:-WARD 25 PRECINCT 17,15
CITY OF CHICAGO-:-WARD 26 PRECINCT 01,13
CITY OF CHICAGO-:-WARD 26 PRECINCT 02,13
CITY OF CHICAGO-:-WARD 26 PRECINCT 03,13
CITY OF CHICAGO-:-WARD 26 PRECINCT 04,11
CITY OF CHICAGO-:-WARD 26 PRECINCT 05,13
CITY OF CHICAGO-:-WARD 26 PRECINCT 06,13
CITY OF CHICAGO-:-WARD 26 PRECINCT 07,13
CITY OF CHICAGO-:-WARD 26 PRECINCT 08,13
CITY OF CHICAGO-:-WARD 26 PRECINCT 09,13
CITY OF CHICAGO-:-WARD 26 PRECINCT 10,13
CITY OF CHICAGO-:-WARD 26 PRECINCT 11,8
CITY OF CHICAGO-:-WARD 26 PRECINCT 12,13
CITY OF CHICAGO-:-WARD 26 PRECINCT 13,13
CITY OF CHICAGO-:-WARD 26 PRECINCT 14,13
CITY OF CHICAGO-:-WARD 26 PRECINCT 15,13
CITY OF CHICAGO-:-WARD 26 PRECINCT 16,13
CITY OF CHICAGO-:-WARD 26 PRECINCT 17,7
CITY OF CHICAGO-:-WARD 26 PRECINCT 18,13
CITY OF CHICAGO-:-WARD 26 PRECINCT 19,13
CITY OF CHICAGO-:-WARD 26 PRECINCT 20,13
CITY OF CHICAGO-:-WARD 26 PRECINCT 21,13
CITY OF CHICAGO-:-WARD 26 PRECINCT 22,13
CITY OF CHICAGO-:-WARD 26 PRECINCT 23,13
CITY OF CHICAGO-:-WARD 26 PRECINCT 24,13
CITY OF CHICAGO-:-WARD 26 PRECINCT 25,13
CITY OF CHICAGO-:-WARD 26 PRECINCT 26,10
CITY OF CHICAGO-:-WARD 26 PRECINCT 28,13
CITY OF CHICAGO-:-WARD 26 PRECINCT 29,13
CITY OF CHICAGO-:-WARD 26 PRECINCT 30,13
CITY OF CHICAGO-:-WARD 26 PRECINCT 31,11
CITY OF CHICAGO-:-WARD 26 PRECINCT 32,13
CITY OF CHICAGO-:-WARD 27 PRECINCT 01,10
CITY OF CHICAGO-:-WARD 27 PRECINCT 02,11
CITY OF CHICAGO-:-WARD 27 PRECINCT 03,13
CITY OF CHICAGO-:-WARD 27 PRECINCT 04,10
CITY OF CHICAGO-:-WARD 27 PRECINCT 05,13
CITY OF CHICAGO-:-WARD 27 PRECINCT 06,13
CITY OF CHICAGO-:-WARD 27 PRECINCT 07,11
CITY OF CHICAGO-:-WARD 27 PRECINCT 08,13
CITY OF CHICAGO-:-WARD 27 PRECINCT 10,10
CITY OF CHICAGO-:-WARD 27 PRECINCT 11,11
CITY OF CHICAGO-:-WARD 27 PRECINCT 14,10
CITY OF CHICAGO-:-WARD 27 PRECINCT 15,13
CITY OF CHICAGO-:-WARD 27 PRECINCT 16,11
CITY OF CHICAGO-:-WARD 27 PRECINCT 17,10
CITY OF CHICAGO-:-WARD 27 PRECINCT 18,11
CITY OF CHICAGO-:-WARD 27 PRECINCT 19,13
CITY OF CHICAGO-:-WARD 27 PRECINCT 20,13
CITY OF CHICAGO-:-WARD 27 PRECINCT 22,10
CITY OF CHICAGO-:-WARD 27 PRECINCT 23,13
CITY OF CHICAGO-:-WARD 27 PRECINCT 24,13
CITY OF CHICAGO-:-WARD 27 PRECINCT 25,10
CITY OF CHICAGO-:-WARD 27 PRECINCT 26,10
CITY OF CHICAGO-:-WARD 27 PRECINCT 27,10
CITY OF CHICAGO-:-WARD 27 PRECINCT 28,13
CITY OF CHICAGO-:-WARD 27 PRECINCT 29,11
CITY OF CHICAGO-:-WARD 28 PRECINCT 01,11
CITY OF CHICAGO-:-WARD 28 PRECINCT 02,11
CITY OF CHICAGO-:-WARD 28 PRECINCT 03,11
CITY OF CHICAGO-:-WARD 28 PRECINCT 04,11
CITY OF CHICAGO-:-WARD 28 PRECINCT 05,8
CITY OF CHICAGO-:-WARD 28 PRECINCT 06,11
CITY OF CHICAGO-:-WARD 28 PRECINCT 07,13
CITY OF CHICAGO-:-WARD 28 PRECINCT 08,11
CITY OF CHICAGO-:-WARD 28 PRECINCT 09,10
CITY OF CHICAGO-:-WARD 28 PRECINCT 10,11
CITY OF CHICAGO-:-WARD 28 PRECINCT 11,11
CITY OF CHICAGO-:-WARD 28 PRECINCT 12,11
CITY OF CHICAGO-:-WARD 28 PRECINCT 13,11
CITY OF CHICAGO-:-WARD 28 PRECINCT 14,13
CITY OF CHICAGO-:-WARD 28 PRECINCT 15,13
CITY OF CHICAGO-:-WARD 28 PRECINCT 16,13
CITY OF CHICAGO-:-WARD 28 PRECINCT 18,11
CITY OF CHICAGO-:-WARD 28 PRECINCT 19,11
CITY OF CHICAGO-:-WARD 28 PRECINCT 20,11
CITY OF CHICAGO-:-WARD 28 PRECINCT 21,11
CITY OF CHICAGO-:-WARD 28 PRECINCT 22,11
CITY OF CHICAGO-:-WARD 28 PRECINCT 23,11
CITY OF CHICAGO-:-WARD 28 PRECINCT 24,8
CITY OF CHICAGO-:-WARD 28 PRECINCT 25,11
CITY OF CHICAGO-:-WARD 28 PRECINCT 26,11
CITY OF CHICAGO-:-WARD 29 PRECINCT 01,11
CITY OF CHICAGO-:-WARD 29 PRECINCT 02,11
CITY OF CHICAGO-:-WARD 29 PRECINCT 03,11
CITY OF CHICAGO-:-WARD 29 PRECINCT 06,11
CITY OF CHICAGO-:-WARD 29 PRECINCT 07,6
CITY OF CHICAGO-:-WARD 29 PRECINCT 08,11
CITY OF CHICAGO-:-WARD 29 PRECINCT 09,7
CITY OF CHICAGO-:-WARD 29 PRECINCT 10,11
CITY OF CHICAGO-:-WARD 29 PRECINCT 11,11
CITY OF CHICAGO-:-WARD 29 PRECINCT 12,11
CITY OF CHICAGO-:-WARD 29 PRECINCT 13,11
CITY OF CHICAGO-:-WARD 29 PRECINCT 14,11
CITY OF CHICAGO-:-WARD 29 PRECINCT 15,11
CITY OF CHICAGO-:-WARD 29 PRECINCT 16,11
CITY OF CHICAGO-:-WARD 29 PRECINCT 17,11
CITY OF CHICAGO-:-WARD 29 PRECINCT 18,11
CITY OF CHICAGO-:-WARD 29 PRECINCT 19,11
CITY OF CHICAGO-:-WARD 29 PRECINCT 20,11
CITY OF CHICAGO-:-WARD 29 PRECINCT 21,11
CITY OF CHICAGO-:-WARD 29 PRECINCT 22,11
CITY OF CHICAGO-:-WARD 29 PRECINCT 23,11
CITY OF CHICAGO-:-WARD 29 PRECINCT 24,11
CITY OF CHICAGO-:-WARD 30 PRECINCT 01,11
CITY OF CHICAGO-:-WARD 30 PRECINCT 02,11
CITY OF CHICAGO-:-WARD 30 PRECINCT 04,11
CITY OF CHICAGO-:-WARD 30 PRECINCT 05,11
CITY OF CHICAGO-:-WARD 30 PRECINCT 06,8
CITY OF CHICAGO-:-WARD 30 PRECINCT 07,13
CITY OF CHICAGO-:-WARD 30 PRECINCT 08,10
CITY OF CHICAGO-:-WARD 30 PRECINCT 09,11
CITY OF CHICAGO-:-WARD 30 PRECINCT 10,11
CITY OF CHICAGO-:-WARD 30 PRECINCT 11,11
CITY OF CHICAGO-:-WARD 30 PRECINCT 12,11
CITY OF CHICAGO-:-WARD 30 PRECINCT 13,11
CITY OF CHICAGO-:-WARD 30 PRECINCT 14,11
CITY OF CHICAGO-:-WARD 30 PRECINCT 16,11
CITY OF CHICAGO-:-WARD 30 PRECINCT 17,11
CITY OF CHICAGO-:-WARD 30 PRECINCT 18,10
CITY OF CHICAGO-:-WARD 30 PRECINCT 19,13
CITY OF CHICAGO-:-WARD 30 PRECINCT 20,13
CITY OF CHICAGO-:-WARD 30 PRECINCT 21,11
CITY OF CHICAGO-:-WARD 30 PRECINCT 24,11
CITY OF CHICAGO-:-WARD 30 PRECINCT 25,8
CITY OF CHICAGO-:-WARD 30 PRECINCT 26,10
CITY OF CHICAGO-:-WARD 31 PRECINCT 01,13
CITY OF CHICAGO-:-WARD 31 PRECINCT 02,10
CITY OF CHICAGO-:-WARD 31 PRECINCT 03,11
CITY OF CHICAGO-:-WARD 31 PRECINCT 04,13
CITY OF CHICAGO-:-WARD 31 PRECINCT 05,10
CITY OF CHICAGO-:-WARD 31 PRECINCT 06,13
CITY OF CHICAGO-:-WARD 31 PRECINCT 07,13
CITY OF CHICAGO-:-WARD 31 PRECINCT 08,13
CITY OF CHICAGO-:-WARD 31 PRECINCT 09,13
CITY OF CHICAGO-:-WARD 31 PRECINCT 10,10
CITY OF CHICAGO-:-WARD 31 PRECINCT 11,11
CITY OF CHICAGO-:-WARD 31 PRECINCT 12,13
CITY OF CHICAGO-:-WARD 31 PRECINCT 13,13
CITY OF CHICAGO-:-WARD 31 PRECINCT 14,11
CITY OF CHICAGO-:-WARD 31 PRECINCT 15,7
CITY OF CHICAGO-:-WARD 31 PRECINCT 16,11
CITY OF CHICAGO-:-WARD 31 PRECINCT 17,13
CITY OF CHICAGO-:-WARD 31 PRECINCT 18,13
CITY OF CHICAGO-:-WARD 31 PRECINCT 19,11
CITY OF CHICAGO-:-WARD 31 PRECINCT 20,11
CITY OF CHICAGO-:-WARD 31 PRECINCT 21,11
CITY OF CHICAGO-:-WARD 31 PRECINCT 22,13
CITY OF CHICAGO-:-WARD 31 PRECINCT 23,13
CITY OF CHICAGO-:-WARD 32 PRECINCT 01,12
CITY OF CHICAGO-:-WARD 32 PRECINCT 02,12
CITY OF CHICAGO-:-WARD 32 PRECINCT 03,13
CITY OF CHICAGO-:-WARD 32 PRECINCT 04,13
CITY OF CHICAGO-:-WARD 32 PRECINCT 05,13
CITY OF CHICAGO-:-WARD 32 PRECINCT 06,13
CITY OF CHICAGO-:-WARD 32 PRECINCT 07,12
CITY OF CHICAGO-:-WARD 32 PRECINCT 08,13
CITY OF CHICAGO-:-WARD 32 PRECINCT 09,13
CITY OF CHICAGO-:-WARD 32 PRECINCT 10,12
CITY OF CHICAGO-:-WARD 32 PRECINCT 11,13
CITY OF CHICAGO-:-WARD 32 PRECINCT 12,13
CITY OF CHICAGO-:-WARD 32 PRECINCT 13,13
CITY OF CHICAGO-:-WARD 32 PRECINCT 14,12
CITY OF CHICAGO-:-WARD 32 PRECINCT 15,12
CITY OF CHICAGO-:-WARD 32 PRECINCT 16,13
CITY OF CHICAGO-:-WARD 32 PRECINCT 17,12
CITY OF CHICAGO-:-WARD 32 PRECINCT 18,13
CITY OF CHICAGO-:-WARD 32 PRECINCT 20,12
CITY OF CHICAGO-:-WARD 32 PRECINCT 21,10
CITY OF CHICAGO-:-WARD 32 PRECINCT 22,13
CITY OF CHICAGO-:-WARD 32 PRECINCT 23,13
CITY OF CHICAGO-:-WARD 32 PRECINCT 24,13
CITY OF CHICAGO-:-WARD 32 PRECINCT 25,13
CITY OF CHICAGO-:-WARD 32 PRECINCT 26,10
CITY OF CHICAGO-:-WARD 32 PRECINCT 27,10
CITY OF CHICAGO-:-WARD 32 PRECINCT 28,13
CITY OF CHICAGO-:-WARD 32 PRECINCT 29,13
CITY OF CHICAGO-:-WARD 32 PRECINCT 30,10
CITY OF CHICAGO-:-WARD 33 PRECINCT 01,10
CITY OF CHICAGO-:-WARD 33 PRECINCT 02,10
CITY OF CHICAGO-:-WARD 33 PRECINCT 03,13
CITY OF CHICAGO-:-WARD 33 PRECINCT 04,10
CITY OF CHICAGO-:-WARD 33 PRECINCT 05,10
CITY OF CHICAGO-:-WARD 33 PRECINCT 06,10
CITY OF CHICAGO-:-WARD 33 PRECINCT 07,10
CITY OF CHICAGO-:-WARD 33 PRECINCT 08,10
CITY OF CHICAGO-:-WARD 33 PRECINCT 09,10
CITY OF CHICAGO-:-WARD 33 PRECINCT 10,10
CITY OF CHICAGO-:-WARD 33 PRECINCT 11,10
CITY OF CHICAGO-:-WARD 33 PRECINCT 12,10
CITY OF CHICAGO-:-WARD 33 PRECINCT 13,10
CITY OF CHICAGO-:-WARD 33 PRECINCT 14,10
CITY OF CHICAGO-:-WARD 33 PRECINCT 15,10
CITY OF CHICAGO-:-WARD 33 PRECINCT 17,10
CITY OF CHICAGO-:-WARD 34 PRECINCT 01,10
CITY OF CHICAGO-:-WARD 34 PRECINCT 02,13
CITY OF CHICAGO-:-WARD 34 PRECINCT 03,11
CITY OF CHICAGO-:-WARD 34 PRECINCT 04,13
CITY OF CHICAGO-:-WARD 34 PRECINCT 05,11
CITY OF CHICAGO-:-WARD 34 PRECINCT 06,13
CITY OF CHICAGO-:-WARD 34 PRECINCT 07,13
CITY OF CHICAGO-:-WARD 34 PRECINCT 08,13
CITY OF CHICAGO-:-WARD 34 PRECINCT 09,13
CITY OF CHICAGO-:-WARD 34 PRECINCT 10,13
CITY OF CHICAGO-:-WARD 34 PRECINCT 11,13
CITY OF CHICAGO-:-WARD 34 PRECINCT 12,13
CITY OF CHICAGO-:-WARD 34 PRECINCT 13,11
CITY OF CHICAGO-:-WARD 34 PRECINCT 14,11
CITY OF CHICAGO-:-WARD 34 PRECINCT 15,13
CITY OF CHICAGO-:-WARD 34 PRECINCT 16,15
CITY OF CHICAGO-:-WARD 34 PRECINCT 17,15
CITY OF CHICAGO-:-WARD 34 PRECINCT 18,15
CITY OF CHICAGO-:-WARD 34 PRECINCT 19,15
CITY OF CHICAGO-:-WARD 34 PRECINCT 20,15
CITY OF CHICAGO-:-WARD 35 PRECINCT 01,13
CITY OF CHICAGO-:-WARD 35 PRECINCT 02,10
CITY OF CHICAGO-:-WARD 35 PRECINCT 03,13
CITY OF CHICAGO-:-WARD 35 PRECINCT 04,10
CITY OF CHICAGO-:-WARD 35 PRECINCT 05,10
CITY OF CHICAGO-:-WARD 35 PRECINCT 06,10
CITY OF CHICAGO-:-WARD 35 PRECINCT 07,10
CITY OF CHICAGO-:-WARD 35 PRECINCT 08,8
CITY OF CHICAGO-:-WARD 35 PRECINCT 09,10
CITY OF CHICAGO-:-WARD 35 PRECINCT 10,10
CITY OF CHICAGO-:-WARD 35 PRECINCT 11,10
CITY OF CHICAGO-:-WARD 35 PRECINCT 12,10
CITY OF CHICAGO-:-WARD 35 PRECINCT 13,10
CITY OF CHICAGO-:-WARD 35 PRECINCT 14,10
CITY OF CHICAGO-:-WARD 35 PRECINCT 15,10
CITY OF CHICAGO-:-WARD 35 PRECINCT 16,10
CITY OF CHICAGO-:-WARD 35 PRECINCT 17,10
CITY OF CHICAGO-:-WARD 35 PRECINCT 18,10
CITY OF CHICAGO-:-WARD 35 PRECINCT 19,13
CITY OF CHICAGO-:-WARD 35 PRECINCT 20,13
CITY OF CHICAGO-:-WARD 35 PRECINCT 21,10
CITY OF CHICAGO-:-WARD 36 PRECINCT 01,7
CITY OF CHICAGO-:-WARD 36 PRECINCT 02,11
CITY OF CHICAGO-:-WARD 36 PRECINCT 03,7
CITY OF CHICAGO-:-WARD 36 PRECINCT 04,11
CITY OF CHICAGO-:-WARD 36 PRECINCT 05,11
CITY OF CHICAGO-:-WARD 36 PRECINCT 06,11
CITY OF CHICAGO-:-WARD 36 PRECINCT 07,11
CITY OF CHICAGO-:-WARD 36 PRECINCT 08,11
CITY OF CHICAGO-:-WARD 36 PRECINCT 09,11
CITY OF CHICAGO-:-WARD 36 PRECINCT 10,11
CITY OF CHICAGO-:-WARD 36 PRECINCT 11,11
CITY OF CHICAGO-:-WARD 36 PRECINCT 12,11
CITY OF CHICAGO-:-WARD 36 PRECINCT 13,13
CITY OF CHICAGO-:-WARD 36 PRECINCT 14,11
CITY OF CHICAGO-:-WARD 36 PRECINCT 15,13
CITY OF CHICAGO-:-WARD 36 PRECINCT 16,8
CITY OF CHICAGO-:-WARD 36 PRECINCT 17,13
CITY OF CHICAGO-:-WARD 36 PRECINCT 18,13
CITY OF CHICAGO-:-WARD 36 PRECINCT 19,10
CITY OF CHICAGO-:-WARD 36 PRECINCT 20,10
CITY OF CHICAGO-:-WARD 36 PRECINCT 21,13
CITY OF CHICAGO-:-WARD 36 PRECINCT 22,10
CITY OF CHICAGO-:-WARD 36 PRECINCT 23,10
CITY OF CHICAGO-:-WARD 36 PRECINCT 24,10
CITY OF CHICAGO-:-WARD 36 PRECINCT 25,10
CITY OF CHICAGO-:-WARD 36 PRECINCT 26,10
CITY OF CHICAGO-:-WARD 36 PRECINCT 27,10
CITY OF CHICAGO-:-WARD 37 PRECINCT 01,11
CITY OF CHICAGO-:-WARD 37 PRECINCT 02,11
CITY OF CHICAGO-:-WARD 37 PRECINCT 03,11
CITY OF CHICAGO-:-WARD 37 PRECINCT 04,11
CITY OF CHICAGO-:-WARD 37 PRECINCT 05,11
CITY OF CHICAGO-:-WARD 37 PRECINCT 06,11
CITY OF CHICAGO-:-WARD 37 PRECINCT 07,11
CITY OF CHICAGO-:-WARD 37 PRECINCT 08,11
CITY OF CHICAGO-:-WARD 37 PRECINCT 09,8
CITY OF CHICAGO-:-WARD 37 PRECINCT 10,13
CITY OF CHICAGO-:-WARD 37 PRECINCT 11,11
CITY OF CHICAGO-:-WARD 37 PRECINCT 12,11
CITY OF CHICAGO-:-WARD 37 PRECINCT 13,11
CITY OF CHICAGO-:-WARD 37 PRECINCT 14,11
CITY OF CHICAGO-:-WARD 37 PRECINCT 15,11
CITY OF CHICAGO-:-WARD 37 PRECINCT 17,11
CITY OF CHICAGO-:-WARD 37 PRECINCT 18,11
CITY OF CHICAGO-:-WARD 37 PRECINCT 19,11
CITY OF CHICAGO-:-WARD 37 PRECINCT 20,11
CITY OF CHICAGO-:-WARD 37 PRECINCT 21,11
CITY OF CHICAGO-:-WARD 37 PRECINCT 22,11
CITY OF CHICAGO-:-WARD 38 PRECINCT 01,13
CITY OF CHICAGO-:-WARD 38 PRECINCT 02,8
CITY OF CHICAGO-:-WARD 38 PRECINCT 03,13
CITY OF CHICAGO-:-WARD 38 PRECINCT 04,11
CITY OF CHICAGO-:-WARD 38 PRECINCT 05,11
CITY OF CHICAGO-:-WARD 38 PRECINCT 07,11
CITY OF CHICAGO-:-WARD 38 PRECINCT 08,11
CITY OF CHICAGO-:-WARD 38 PRECINCT 09,11
CITY OF CHICAGO-:-WARD 38 PRECINCT 10,11
CITY OF CHICAGO-:-WARD 38 PRECINCT 12,11
CITY OF CHICAGO-:-WARD 38 PRECINCT 13,11
CITY OF CHICAGO-:-WARD 38 PRECINCT 14,11
CITY OF CHICAGO-:-WARD 38 PRECINCT 15,11
CITY OF CHICAGO-:-WARD 38 PRECINCT 16,11
CITY OF CHICAGO-:-WARD 38 PRECINCT 18,11
CITY OF CHICAGO-:-WARD 38 PRECINCT 19,11
CITY OF CHICAGO-:-WARD 38 PRECINCT 20,11
CITY OF CHICAGO-:-WARD 38 PRECINCT 21,11
CITY OF CHICAGO-:-WARD 38 PRECINCT 22,11
CITY OF CHICAGO-:-WARD 38 PRECINCT 23,11
CITY OF CHICAGO-:-WARD 38 PRECINCT 25,11
CITY OF CHICAGO-:-WARD 39 PRECINCT 01,8
CITY OF CHICAGO-:-WARD 39 PRECINCT 02,10
CITY OF CHICAGO-:-WARD 39 PRECINCT 03,7
CITY OF CHICAGO-:-WARD 39 PRECINCT 04,8
CITY OF CHICAGO-:-WARD 39 PRECINCT 05,8
CITY OF CHICAGO-:-WARD 39 PRECINCT 06,10
CITY OF CHICAGO-:-WARD 39 PRECINCT 07,8
CITY OF CHICAGO-:-WARD 39 PRECINCT 08,10
CITY OF CHICAGO-:-WARD 39 PRECINCT 09,8
CITY OF CHICAGO-:-WARD 39 PRECINCT 10,10
CITY OF CHICAGO-:-WARD 39 PRECINCT 11,8
CITY OF CHICAGO-:-WARD 39 PRECINCT 12,10
CITY OF CHICAGO-:-WARD 39 PRECINCT 13,13
CITY OF CHICAGO-:-WARD 39 PRECINCT 14,13
CITY OF CHICAGO-:-WARD 39 PRECINCT 15,10
CITY OF CHICAGO-:-WARD 39 PRECINCT 16,7
CITY OF CHICAGO-:-WARD 39 PRECINCT 17,11
CITY OF CHICAGO-:-WARD 39 PRECINCT 18,7
CITY OF CHICAGO-:-WARD 39 PRECINCT 19,10
CITY OF CHICAGO-:-WARD 39 PRECINCT 20,7
CITY OF CHICAGO-:-WARD 39 PRECINCT 21,10
CITY OF CHICAGO-:-WARD 39 PRECINCT 22,8
CITY OF CHICAGO-:-WARD 39 PRECINCT 23,11
CITY OF CHICAGO-:-WARD 39 PRECINCT 24,10
CITY OF CHICAGO-:-WARD 39 PRECINCT 25,10
CITY OF CHICAGO-:-WARD 39 PRECINCT 26,10
CITY OF CHICAGO-:-WARD 39 PRECINCT 27,8
CITY OF CHICAGO-:-WARD 39 PRECINCT 29,10
CITY OF CHICAGO-:-WARD 39 PRECINCT 30,10
CITY OF CHICAGO-:-WARD 39 PRECINCT 31,8
CITY OF CHICAGO-:-WARD 39 PRECINCT 32,13
CITY OF CHICAGO-:-WARD 39 PRECINCT 33,11
CITY OF CHICAGO-:-WARD 39 PRECINCT 34,13
CITY OF CHICAGO-:-WARD 39 PRECINCT 35,12
CITY OF CHICAGO-:-WARD 40 PRECINCT 01,10
CITY OF CHICAGO-:-WARD 40 PRECINCT 02,10
CITY OF CHICAGO-:-WARD 40 PRECINCT 03,10
CITY OF CHICAGO-:-WARD 40 PRECINCT 05,10
CITY OF CHICAGO-:-WARD 40 PRECINCT 06,10
CITY OF CHICAGO-:-WARD 40 PRECINCT 07,12
CITY OF CHICAGO-:-WARD 40 PRECINCT 08,12
CITY OF CHICAGO-:-WARD 40 PRECINCT 09,10
CITY OF CHICAGO-:-WARD 40 PRECINCT 10,12
CITY OF CHICAGO-:-WARD 40 PRECINCT 11,10
CITY OF CHICAGO-:-WARD 40 PRECINCT 12,12
CITY OF CHICAGO-:-WARD 40 PRECINCT 13,12
CITY OF CHICAGO-:-WARD 40 PRECINCT 14,12
CITY OF CHICAGO-:-WARD 40 PRECINCT 15,12
CITY OF CHICAGO-:-WARD 40 PRECINCT 16,12
CITY OF CHICAGO-:-WARD 40 PRECINCT 17,12
CITY OF CHICAGO-:-WARD 40 PRECINCT 18,12
CITY OF CHICAGO-:-WARD 40 PRECINCT 20,12
CITY OF CHICAGO-:-WARD 40 PRECINCT 21,12
CITY OF CHICAGO-:-WARD 40 PRECINCT 22,12
CITY OF CHICAGO-:-WARD 41 PRECINCT 01,13
CITY OF CHICAGO-:-WARD 41 PRECINCT 02,13
CITY OF CHICAGO-:-WARD 41 PRECINCT 03,13
CITY OF CHICAGO-:-WARD 41 PRECINCT 04,12
CITY OF CHICAGO-:-WARD 41 PRECINCT 05,7
CITY OF CHICAGO-:-WARD 41 PRECINCT 06,12
CITY OF CHICAGO-:-WARD 41 PRECINCT 07,12
CITY OF CHICAGO-:-WARD 41 PRECINCT 08,7
CITY OF CHICAGO-:-WARD 41 PRECINCT 09,13
CITY OF CHICAGO-:-WARD 41 PRECINCT 10,13
CITY OF CHICAGO-:-WARD 41 PRECINCT 11,7
CITY OF CHICAGO-:-WARD 41 PRECINCT 12,13
CITY OF CHICAGO-:-WARD 41 PRECINCT 13,13
CITY OF CHICAGO-:-WARD 41 PRECINCT 14,13
CITY OF CHICAGO-:-WARD 41 PRECINCT 15,12
CITY OF CHICAGO-:-WARD 41 PRECINCT 16,12
CITY OF CHICAGO-:-WARD 41 PRECINCT 17,12
CITY OF CHICAGO-:-WARD 41 PRECINCT 18,12
CITY OF CHICAGO-:-WARD 41 PRECINCT 19,13
CITY OF CHICAGO-:-WARD 41 PRECINCT 20,7
CITY OF CHICAGO-:-WARD 41 PRECINCT 21,13
CITY OF CHICAGO-:-WARD 41 PRECINCT 22,13
CITY OF CHICAGO-:-WARD 41 PRECINCT 23,7
CITY OF CHICAGO-:-WARD 41 PRECINCT 24,12
CITY OF CHICAGO-:-WARD 41 PRECINCT 25,12
CITY OF CHICAGO-:-WARD 41 PRECINCT 26,12
CITY OF CHICAGO-:-WARD 41 PRECINCT 27,12
CITY OF CHICAGO-:-WARD 41 PRECINCT 29,12
CITY OF CHICAGO-:-WARD 41 PRECINCT 30,12
CITY OF CHICAGO-:-WARD 41 PRECINCT 31,12
CITY OF CHICAGO-:-WARD 42 PRECINCT 01,13
CITY OF CHICAGO-:-WARD 42 PRECINCT 02,15
CITY OF CHICAGO-:-WARD 42 PRECINCT 03,15
CITY OF CHICAGO-:-WARD 42 PRECINCT 04,13
CITY OF CHICAGO-:-WARD 42 PRECINCT 05,15
CITY OF CHICAGO-:-WARD 42 PRECINCT 06,15
CITY OF CHICAGO-:-WARD 42 PRECINCT 07,13
CITY OF CHICAGO-:-WARD 42 PRECINCT 08,13
CITY OF CHICAGO-:-WARD 42 PRECINCT 10,13
CITY OF CHICAGO-:-WARD 42 PRECINCT 11,13
CITY OF CHICAGO-:-WARD 42 PRECINCT 12,13
CITY OF CHICAGO-:-WARD 42 PRECINCT 13,13
CITY OF CHICAGO-:-WARD 42 PRECINCT 14,13
CITY OF CHICAGO-:-WARD 42 PRECINCT 15,13
CITY OF CHICAGO-:-WARD 42 PRECINCT 16,13
CITY OF CHICAGO-:-WARD 42 PRECINCT 17,13
CITY OF CHICAGO-:-WARD 42 PRECINCT 18,13
CITY OF CHICAGO-:-WARD 42 PRECINCT 19,13
CITY OF CHICAGO-:-WARD 42 PRECINCT 20,13
CITY OF CHICAGO-:-WARD 42 PRECINCT 21,13
CITY OF CHICAGO-:-WARD 42 PRECINCT 23,13
CITY OF CHICAGO-:-WARD 42 PRECINCT 24,13
CITY OF CHICAGO-:-WARD 43 PRECINCT 01,13
CITY OF CHICAGO-:-WARD 43 PRECINCT 02,13
CITY OF CHICAGO-:-WARD 43 PRECINCT 03,13
CITY OF CHICAGO-:-WARD 43 PRECINCT 04,13
CITY OF CHICAGO-:-WARD 43 PRECINCT 05,12
CITY OF CHICAGO-:-WARD 43 PRECINCT 06,12
CITY OF CHICAGO-:-WARD 43 PRECINCT 07,12
CITY OF CHICAGO-:-WARD 43 PRECINCT 08,12
CITY OF CHICAGO-:-WARD 43 PRECINCT 09,12
CITY OF CHICAGO-:-WARD 43 PRECINCT 10,13
CITY OF CHICAGO-:-WARD 43 PRECINCT 11,13
CITY OF CHICAGO-:-WARD 43 PRECINCT 12,13
CITY OF CHICAGO-:-WARD 43 PRECINCT 13,13
CITY OF CHICAGO-:-WARD 43 PRECINCT 14,13
CITY OF CHICAGO-:-WARD 43 PRECINCT 16,13
CITY OF CHICAGO-:-WARD 43 PRECINCT 17,12
CITY OF CHICAGO-:-WARD 43 PRECINCT 18,12
CITY OF CHICAGO-:-WARD 43 PRECINCT 19,12
CITY OF CHICAGO-:-WARD 43 PRECINCT 20,12
CITY OF CHICAGO-:-WARD 43 PRECINCT 21,12
CITY OF CHICAGO-:-WARD 43 PRECINCT 22,12
CITY OF CHICAGO-:-WARD 43 PRECINCT 23,13
CITY OF CHICAGO-:-WARD 44 PRECINCT 01,12
CITY OF CHICAGO-:-WARD 44 PRECINCT 02,13
CITY OF CHICAGO-:-WARD 44 PRECINCT 03,12
CITY OF CHICAGO-:-WARD 44 PRECINCT 04,12
CITY OF CHICAGO-:-WARD 44 PRECINCT 05,12
CITY OF CHICAGO-:-WARD 44 PRECINCT 06,12
CITY OF CHICAGO-:-WARD 44 PRECINCT 07,12
CITY OF CHICAGO-:-WARD 44 PRECINCT 08,12
CITY OF CHICAGO-:-WARD 44 PRECINCT 09,12
CITY OF CHICAGO-:-WARD 44 PRECINCT 10,12
CITY OF CHICAGO-:-WARD 44 PRECINCT 11,12
CITY OF CHICAGO-:-WARD 44 PRECINCT 12,12
CITY OF CHICAGO-:-WARD 44 PRECINCT 13,12
CITY OF CHICAGO-:-WARD 44 PRECINCT 14,12
CITY OF CHICAGO-:-WARD 44 PRECINCT 15,12
CITY OF CHICAGO-:-WARD 44 PRECINCT 16,12
CITY OF CHICAGO-:-WARD 44 PRECINCT 17,12
CITY OF CHICAGO-:-WARD 44 PRECINCT 18,12
CITY OF CHICAGO-:-WARD 44 PRECINCT 19,12
CITY OF CHICAGO-:-WARD 44 PRECINCT 20,12
CITY OF CHICAGO-:-WARD 44 PRECINCT 21,12
CITY OF CHICAGO-:-WARD 45 PRECINCT 01,12
CITY OF CHICAGO-:-WARD 45 PRECINCT 02,8
CITY OF CHICAGO-:-WARD 45 PRECINCT 03,12
CITY OF CHICAGO-:-WARD 45 PRECINCT 04,11
CITY OF CHICAGO-:-WARD 45 PRECINCT 05,12
CITY OF CHICAGO-:-WARD 45 PRECINCT 06,12
CITY OF CHICAGO-:-WARD 45 PRECINCT 07,11
CITY OF CHICAGO-:-WARD 45 PRECINCT 08,11
CITY OF CHICAGO-:-WARD 45 PRECINCT 09,11
CITY OF CHICAGO-:-WARD 45 PRECINCT 10,11
CITY OF CHICAGO-:-WARD 45 PRECINCT 11,13
CITY OF CHICAGO-:-WARD 45 PRECINCT 12,11
CITY OF CHICAGO-:-WARD 45 PRECINCT 13,11
CITY OF CHICAGO-:-WARD 45 PRECINCT 14,11
CITY OF CHICAGO-:-WARD 45 PRECINCT 15,13
CITY OF CHICAGO-:-WARD 45 PRECINCT 16,13
CITY OF CHICAGO-:-WARD 45 PRECINCT 17,13
CITY OF CHICAGO-:-WARD 45 PRECINCT 18,13
CITY OF CHICAGO-:-WARD 45 PRECINCT 19,11
CITY OF CHICAGO-:-WARD 45 PRECINCT 20,13
CITY OF CHICAGO-:-WARD 45 PRECINCT 21,11
CITY OF CHICAGO-:-WARD 45 PRECINCT 22,11
CITY OF CHICAGO-:-WARD 45 PRECINCT 23,13
CITY OF CHICAGO-:-WARD 45 PRECINCT 25,11
CITY OF CHICAGO-:-WARD 45 PRECINCT 26,11
CITY OF CHICAGO-:-WARD 45 PRECINCT 28,11
CITY OF CHICAGO-:-WARD 46 PRECINCT 01,12
CITY OF CHICAGO-:-WARD 46 PRECINCT 02,12
CITY OF CHICAGO-:-WARD 46 PRECINCT 03,12
CITY OF CHICAGO-:-WARD 46 PRECINCT 04,12
CITY OF CHICAGO-:-WARD 46 PRECINCT 05,12
CITY OF CHICAGO-:-WARD 46 PRECINCT 06,12
CITY OF CHICAGO-:-WARD 46 PRECINCT 09,12
CITY OF CHICAGO-:-WARD 46 PRECINCT 11,12
CITY OF CHICAGO-:-WARD 46 PRECINCT 12,12
CITY OF CHICAGO-:-WARD 46 PRECINCT 13,12
CITY OF CHICAGO-:-WARD 46 PRECINCT 14,12
CITY OF CHICAGO-:-WARD 46 PRECINCT 15,12
CITY OF CHICAGO-:-WARD 46 PRECINCT 16,12
CITY OF CHICAGO-:-WARD 46 PRECINCT 17,12
CITY OF CHICAGO-:-WARD 46 PRECINCT 18,12
CITY OF CHICAGO-:-WARD 46 PRECINCT 19,12
CITY OF CHICAGO-:-WARD 46 PRECINCT 20,12
CITY OF CHICAGO-:-WARD 46 PRECINCT 21,12
CITY OF CHICAGO-:-WARD 46 PRECINCT 22,12
CITY OF CHICAGO-:-WARD 46 PRECINCT 23,12
CITY OF CHICAGO-:-WARD 47 PRECINCT 01,12
CITY OF CHICAGO-:-WARD 47 PRECINCT 04,12
CITY OF CHICAGO-:-WARD 47 PRECINCT 05,12
CITY OF CHICAGO-:-WARD 47 PRECINCT 06,12
CITY OF CHICAGO-:-WARD 47 PRECINCT 07,12
CITY OF CHICAGO-:-WARD 47 PRECINCT 08,12
CITY OF CHICAGO-:-WARD 47 PRECINCT 09,12
CITY OF CHICAGO-:-WARD 47 PRECINCT 10,12
CITY OF CHICAGO-:-WARD 47 PRECINCT 11,12
CITY OF CHICAGO-:-WARD 47 PRECINCT 12,12
CITY OF CHICAGO-:-WARD 47 PRECINCT 13,12
CITY OF CHICAGO-:-WARD 47 PRECINCT 14,12
CITY OF CHICAGO-:-WARD 47 PRECINCT 15,13
CITY OF CHICAGO-:-WARD 47 PRECINCT 16,12
CITY OF CHICAGO-:-WARD 47 PRECINCT 17,12
CITY OF CHICAGO-:-WARD 47 PRECINCT 18,12
CITY OF CHICAGO-:-WARD 47 PRECINCT 19,12
CITY OF CHICAGO-:-WARD 47 PRECINCT 20,12
CITY OF CHICAGO-:-WARD 47 PRECINCT 21,12
CITY OF CHICAGO-:-WARD 47 PRECINCT 22,12
CITY OF CHICAGO-:-WARD 47 PRECINCT 23,12
CITY OF CHICAGO-:-WARD 47 PRECINCT 24,12
CITY OF CHICAGO-:-WARD 47 PRECINCT 25,13
CITY OF CHICAGO-:-WARD 47 PRECINCT 26,12
CITY OF CHICAGO-:-WARD 47 PRECINCT 27,12
CITY OF CHICAGO-:-WARD 48 PRECINCT 01,12
CITY OF CHICAGO-:-WARD 48 PRECINCT 02,12
CITY OF CHICAGO-:-WARD 48 PRECINCT 03,12
CITY OF CHICAGO-:-WARD 48 PRECINCT 04,12
CITY OF CHICAGO-:-WARD 48 PRECINCT 05,12
CITY OF CHICAGO-:-WARD 48 PRECINCT 06,12
CITY OF CHICAGO-:-WARD 48 PRECINCT 07,12
CITY OF CHICAGO-:-WARD 48 PRECINCT 08,12
CITY OF CHICAGO-:-WARD 48 PRECINCT 09,12
CITY OF CHICAGO-:-WARD 48 PRECINCT 10,12
CITY OF CHICAGO-:-WARD 48 PRECINCT 11,12
CITY OF CHICAGO-:-WARD 48 PRECINCT 12,12
CITY OF CHICAGO-:-WARD 48 PRECINCT 13,12
CITY OF CHICAGO-:-WARD 48 PRECINCT 14,12
CITY OF CHICAGO-:-WARD 48 PRECINCT 15,12
CITY OF CHICAGO-:-WARD 48 PRECINCT 16,12
CITY OF CHICAGO-:-WARD 48 PRECINCT 17,12
CITY OF CHICAGO-:-WARD 48 PRECINCT 18,12
CITY OF CHICAGO-:-WARD 48 PRECINCT 19,12
CITY OF CHICAGO-:-WARD 48 PRECINCT 20,12
CITY OF CHICAGO-:-WARD 48 PRECINCT 21,12
CITY OF CHICAGO-:-WARD 48 PRECINCT 22,12
CITY OF CHICAGO-:-WARD 48 PRECINCT 23,12
CITY OF CHICAGO-:-WARD 48 PRECINCT 24,12
CITY OF CHICAGO-:-WARD 48 PRECINCT 25,12
CITY OF CHICAGO-:-WARD 48 PRECINCT 26,12
CITY OF CHICAGO-:-WARD 48 PRECINCT 27,10
CITY OF CHICAGO-:-WARD 48 PRECINCT 28,12
CITY OF CHICAGO-:-WARD 48 PRECINCT 29,12
CITY OF CHICAGO-:-WARD 48 PRECINCT 30,12
CITY OF CHICAGO-:-WARD 48 PRECINCT 31,12
CITY OF CHICAGO-:-WARD 48 PRECINCT 32,12
CITY OF CHICAGO-:-WARD 48 PRECINCT 33,12
CITY OF CHICAGO-:-WARD 48 PRECINCT 34,12
CITY OF CHICAGO-:-WARD 48 PRECINCT 35,12
CITY OF CHICAGO-:-WARD 49 PRECINCT 01,10
CITY OF CHICAGO-:-WARD 49 PRECINCT 02,10
CITY OF CHICAGO-:-WARD 49 PRECINCT 03,10
CITY OF CHICAGO-:-WARD 49 PRECINCT 04,10
CITY OF CHICAGO-:-WARD 49 PRECINCT 05,12
CITY OF CHICAGO-:-WARD 49 PRECINCT 06,12
CITY OF CHICAGO-:-WARD 49 PRECINCT 07,10
CITY OF CHICAGO-:-WARD 49 PRECINCT 08,10
CITY OF CHICAGO-:-WARD 49 PRECINCT 09,10
CITY OF CHICAGO-:-WARD 49 PRECINCT 10,10
CITY OF CHICAGO-:-WARD 49 PRECINCT 11,10
CITY OF CHICAGO-:-WARD 49 PRECINCT 12,10
CITY OF CHICAGO-:-WARD 49 PRECINCT 13,10
CITY OF CHICAGO-:-WARD 49 PRECINCT 14,10
CITY OF CHICAGO-:-WARD 49 PRECINCT 15,10
CITY OF CHICAGO-:-WARD 49 PRECINCT 16,10
CITY OF CHICAGO-:-WARD 49 PRECINCT 17,10
CITY OF CHICAGO-:-WARD 50 PRECINCT 01,10
CITY OF CHICAGO-:-WARD 50 PRECINCT 02,10
CITY OF CHICAGO-:-WARD 50 PRECINCT 03,7
CITY OF CHICAGO-:-WARD 50 PRECINCT 04,10
CITY OF CHICAGO-:-WARD 50 PRECINCT 05,10
CITY OF CHICAGO-:-WARD 50 PRECINCT 06,7
CITY OF CHICAGO-:-WARD 50 PRECINCT 07,10
CITY OF CHICAGO-:-WARD 50 PRECINCT 08,10
CITY OF CHICAGO-:-WARD 50 PRECINCT 09,10
CITY OF CHICAGO-:-WARD 50 PRECINCT 10,10
CITY OF CHICAGO-:-WARD 50 PRECINCT 11,10
CITY OF CHICAGO-:-WARD 50 PRECINCT 12,10
CITY OF CHICAGO-:-WARD 50 PRECINCT 13,10
CITY OF CHICAGO-:-WARD 50 PRECINCT 14,12
CITY OF CHICAGO-:-WARD 50 PRECINCT 15,10
CITY OF CHICAGO-:-WARD 50 PRECINCT 16,10
CITY OF CHICAGO-:-WARD 50 PRECINCT 17,10
CITY OF CHICAGO-:-WARD 50 PRECINCT 18,10
CITY OF CHICAGO-:-WARD 50 PRECINCT 19,10
CITY OF CHICAGO-:-WARD 50 PRECINCT 20,10
CITY OF CHICAGO-:-WARD 50 PRECINCT 21,10
CITY OF CHICAGO-:-WARD 50 PRECINCT 22,10
CITY OF CHICAGO-:-WARD 50 PRECINCT 23,10
CITY OF CHICAGO-:-WARD 50 PRECINCT 25,12
CITY OF CHICAGO-:-WARD 50 PRECINCT 26,12
CITY OF CHICAGO-:-WARD 50 PRECINCT 27,10
CITY OF CHICAGO-:-WARD 50 PRECINCT 28,12
CITY OF DANVILLE-:-PRECINCT 1,8
CITY OF DANVILLE-:-PRECINCT 10,8
CITY OF DANVILLE-:-PRECINCT 11,8
CITY OF DANVILLE-:-PRECINCT 12,8
CITY OF DANVILLE-:-PRECINCT 13,8
CITY OF DANVILLE-:-PRECINCT 14,8
CITY OF DANVILLE-:-PRECINCT 15,8
CITY OF DANVILLE-:-PRECINCT 16,8
CITY OF DANVILLE-:-PRECINCT 17,0
CITY OF DANVILLE-:-PRECINCT 18,8
CITY OF DANVILLE-:-PRECINCT 19,8
CITY OF DANVILLE-:-PRECINCT 2,8
CITY OF DANVILLE-:-PRECINCT 20,8
CITY OF DANVILLE-:-PRECINCT 21,8
CITY OF DANVILLE-:-PRECINCT 22,8
CITY OF DANVILLE-:-PRECINCT 3,8
CITY OF DANVILLE-:-PRECINCT 4,8
CITY OF DANVILLE-:-PRECINCT 5,8
CITY OF DANVILLE-:-PRECINCT 6,8
CITY OF DANVILLE-:-PRECINCT 7,8
CITY OF DANVILLE-:-PRECINCT 8,8
CITY OF DANVILLE-:-PRECINCT 9,8
CITY OF EAST ST. LOUIS-:-PRECINCT 1,4
CITY OF EAST ST. LOUIS-:-PRECINCT 10,4
CITY OF EAST ST. LOUIS-:-PRECINCT 11,4
CITY OF EAST ST. LOUIS-:-PRECINCT 12,4
CITY OF EAST ST. LOUIS-:-PRECINCT 13,4
CITY OF EAST ST. LOUIS-:-PRECINCT 2,4
CITY OF EAST ST. LOUIS-:-PRECINCT 3,4
CITY OF EAST ST. LOUIS-:-PRECINCT 4,4
CITY OF EAST ST. LOUIS-:-PRECINCT 5,4
CITY OF EAST ST. LOUIS-:-PRECINCT 6,4
CITY OF EAST ST. LOUIS-:-PRECINCT 7,4
CITY OF EAST ST. LOUIS-:-PRECINCT 8,4
CITY OF EAST ST. LOUIS-:-PRECINCT 9,7
CITY OF GALESBURG-:-PRECINCT 1,7
CITY OF GALESBURG-:-PRECINCT 10,7
CITY OF GALESBURG-:-PRECINCT 11,7
CITY OF GALESBURG-:-PRECINCT 12,7
CITY OF GALESBURG-:-PRECINCT 13,7
CITY OF GALESBURG-:-PRECINCT 14,7
CITY OF GALESBURG-:-PRECINCT 15,7
CITY OF GALESBURG-:-PRECINCT 16,7
CITY OF GALESBURG-:-PRECINCT 17,7
CITY OF GALESBURG-:-PRECINCT 18,7
CITY OF GALESBURG-:-PRECINCT 19,7
CITY OF GALESBURG-:-PRECINCT 2,7
CITY OF GALESBURG-:-PRECINCT 20,7
CITY OF GALESBURG-:-PRECINCT 3,7
CITY OF GALESBURG-:-PRECINCT 4,7
CITY OF GALESBURG-:-PRECINCT 5,7
CITY OF GALESBURG-:-PRECINCT 6,7
CITY OF GALESBURG-:-PRECINCT 7,7
CITY OF GALESBURG-:-PRECINCT 8,7
CITY OF GALESBURG-:-PRECINCT 9,7
CITY OF ROCKFORD-:-WARD 1 PRECINCT 1,0
CITY OF ROCKFORD-:-WARD 1 PRECINCT 3,0
CITY OF ROCKFORD-:-WARD 1 PRECINCT 4,0
CITY OF ROCKFORD-:-WARD 1 PRECINCT 6,0
CITY OF ROCKFORD-:-WARD 1 PRECINCT 7,0
CITY OF ROCKFORD-:-WARD 1 PRECINCT 8,0
CITY OF ROCKFORD-:-WARD 10 PRECINCT 1,7
CITY OF ROCKFORD-:-WARD 10 PRECINCT 2,7
CITY OF ROCKFORD-:-WARD 10 PRECINCT 3,7
CITY OF ROCKFORD-:-WARD 10 PRECINCT 4,7
CITY OF ROCKFORD-:-WARD 10 PRECINCT 5,7
CITY OF ROCKFORD-:-WARD 10 PRECINCT 6,7
CITY OF ROCKFORD-:-WARD 10 PRECINCT 7,7
CITY OF ROCKFORD-:-WARD 11 PRECINCT 1,7
CITY OF ROCKFORD-:-WARD 11 PRECINCT 2,7
CITY OF ROCKFORD-:-WARD 11 PRECINCT 3,7
CITY OF ROCKFORD-:-WARD 11 PRECINCT 4,7
CITY OF ROCKFORD-:-WARD 12 PRECINCT 1,7
CITY OF ROCKFORD-:-WARD 12 PRECINCT 3,7
CITY OF ROCKFORD-:-WARD 12 PRECINCT 4,7
CITY OF ROCKFORD-:-WARD 12 PRECINCT 6,7
CITY OF ROCKFORD-:-WARD 12 PRECINCT 7,7
CITY OF ROCKFORD-:-WARD 13 PRECINCT 1,7
CITY OF ROCKFORD-:-WARD 13 PRECINCT 2,7
CITY OF ROCKFORD-:-WARD 13 PRECINCT 3,7
CITY OF ROCKFORD-:-WARD 13 PRECINCT 4,7
CITY OF ROCKFORD-:-WARD 13 PRECINCT 5,7
CITY OF ROCKFORD-:-WARD 14 PRECINCT 1,7
CITY OF ROCKFORD-:-WARD 14 PRECINCT 2,0
CITY OF ROCKFORD-:-WARD 14 PRECINCT 3,7
CITY OF ROCKFORD-:-WARD 14 PRECINCT 4,7
CITY OF ROCKFORD-:-WARD 14 PRECINCT 5,7
CITY OF ROCKFORD-:-WARD 14 PRECINCT 6,7
CITY OF ROCKFORD-:-WARD 2 PRECINCT 1,7
CITY OF ROCKFORD-:-WARD 2 PRECINCT 2,7
CITY OF ROCKFORD-:-WARD 2 PRECINCT 3,7
CITY OF ROCKFORD-:-WARD 2 PRECINCT 4,7
CITY OF ROCKFORD-:-WARD 2 PRECINCT 5,7
CITY OF ROCKFORD-:-WARD 2 PRECINCT 6,7
CITY OF ROCKFORD-:-WARD 3 PRECINCT 1,7
CITY OF ROCKFORD-:-WARD 3 PRECINCT 2,7
CITY OF ROCKFORD-:-WARD 3 PRECINCT 3,7
CITY OF ROCKFORD-:-WARD 3 PRECINCT 4,7
CITY OF ROCKFORD-:-WARD 3 PRECINCT 5,7
CITY OF ROCKFORD-:-WARD 3 PRECINCT 6,7
CITY OF ROCKFORD-:-WARD 3 PRECINCT 7,7
CITY OF ROCKFORD-:-WARD 4 PRECINCT 2,0
CITY OF ROCKFORD-:-WARD 4 PRECINCT 3,7
CITY OF ROCKFORD-:-WARD 4 PRECINCT 5,7
CITY OF ROCKFORD-:-WARD 4 PRECINCT 6,7
CITY OF ROCKFORD-:-WARD 4 PRECINCT 7,7
CITY OF ROCKFORD-:-WARD 5 PRECINCT 1,7
CITY OF ROCKFORD-:-WARD 5 PRECINCT 2,7
CITY OF ROCKFORD-:-WARD 5 PRECINCT 4,7
CITY OF ROCKFORD-:-WARD 5 PRECINCT 5,7
CITY OF ROCKFORD-:-WARD 6 PRECINCT 2,7
CITY OF ROCKFORD-:-WARD 6 PRECINCT 4,7
CITY OF ROCKFORD-:-WARD 6 PRECINCT 5,7
CITY OF ROCKFORD-:-WARD 7 PRECINCT 1,7
CITY OF ROCKFORD-:-WARD 7 PRECINCT 2,7
CITY OF ROCKFORD-:-WARD 7 PRECINCT 3,7
CITY OF ROCKFORD-:-WARD 7 PRECINCT 5,7
CITY OF ROCKFORD-:-WARD 7 PRECINCT 6,7
CITY OF ROCKFORD-:-WARD 8 PRECINCT 1,7
CITY OF ROCKFORD-:-WARD 8 PRECINCT 2,7
CITY OF ROCKFORD-:-WARD 8 PRECINCT 3,7
CITY OF ROCKFORD-:-WARD 8 PRECINCT 4,7
CITY OF ROCKFORD-:-WARD 8 PRECINCT 5,7
CITY OF ROCKFORD-:-WARD 8 PRECINCT 6,7
CITY OF ROCKFORD-:-WARD 9 PRECINCT 1,7
CITY OF ROCKFORD-:-WARD 9 PRECINCT 2,7
CITY OF ROCKFORD-:-WARD 9 PRECINCT 4,7
CITY OF ROCKFORD-:-WARD 9 PRECINCT 5,7
CITY OF ROCKFORD-:-WARD 9 PRECINCT 6,0
CLARK-:-ANDERSON,0
CLARK-:-AUBURN,0
CLARK-:-CASEY 1,0
CLARK-:-CASEY 2,0
CLARK-:-CASEY 3,0
CLARK-:-CASEY 4,0
CLARK-:-DARWIN,0
CLARK-:-DOLSON,0
CLARK-:-DOUGLAS,0
CLARK-:-JOHNSON,0
CLARK-:-MARSHALL 1,0
CLARK-:-MARSHALL 2,0
CLARK-:-MARSHALL 3,0
CLARK-:-MARSHALL 4,0
CLARK-:-MARTINSVILLE 1,0
CLARK-:-MARTINSVILLE 2,0
CLARK-:-MELROSE,0
CLARK-:-ORANGE,0
CLARK-:-PARKER,0
CLARK-:-WABASH 1,0
CLARK-:-WABASH 2,0
CLARK-:-WESTFIELD,0
CLARK-:-YORK,0
CLAY-:-BIBLE GROVE,0
CLAY-:-BLAIR,0
CLAY-:-CLAY CITY,0
CLAY-:-HARTER 1,0
CLAY-:-HARTER 3,0
CLAY-:-HARTER 4,0
CLAY-:-HARTER 5,0
CLAY-:-HARTER 6,0
CLAY-:-HARTER 7,0
CLAY-:-HOOSIER,0
CLAY-:-LARKINSBURG,0
CLAY-:-LOUISVILLE 1,0
CLAY-:-LOUISVILLE 2,0
CLAY-:-OSKALOOSA,0
CLAY-:-PIXLEY,0
CLAY-:-SONGER,0
CLAY-:-STANFORD,0
CLAY-:-XENIA,0
CLINTON-:-BREESE 1,0
CLINTON-:-BREESE 2,0
CLINTON-:-BREESE 3,0
CLINTON-:-BREESE 4,0
CLINTON-:-BROOKSIDE 1,0
CLINTON-:-BROOKSIDE 2,0
CLINTON-:-BROOKSIDE 3,0
CLINTON-:-CARLYLE 1,0
CLINTON-:-CARLYLE 2,0
CLINTON-:-CARLYLE 3,0
CLINTON-:-CARLYLE 4,0
CLINTON-:-CLEMENT,0
CLINTON-:-EAST FORK,0
CLINTON-:-GERMANTOWN 1,0
CLINTON-:-GERMANTOWN 2,0
CLINTON-:-IRISHTOWN,0
CLINTON-:-LAKE,0
CLINTON-:-LOOKINGGLASS 1,0
CLINTON-:-LOOKINGGLASS 2,0
CLINTON-:-LOOKINGGLASS 3,0
CLINTON-:-LOOKINGGLASS 4,0
CLINTON-:-LOOKINGGLASS 5,0
CLINTON-:-LOOKINGGLASS 6,0
CLINTON-:-MERIDIAN,0
CLINTON-:-SANTA FE,0
CLINTON-:-ST ROSE,0
CLINTON-:-SUGAR CREEK 1,0
CLINTON-:-SUGAR CREEK 2,0
CLINTON-:-SUGAR CREEK 3,0
CLINTON-:-SUGAR CREEK 4,0
CLINTON-:-SUGAR CREEK 5,0
CLINTON-:-WADE 1,0
CLINTON-:-WADE 2,0
CLINTON-:-WHEATFIELD,0
COLES-:-ASHMORE 1,0
COLES-:-CHARLESTON 1,0
COLES-:-CHARLESTON 10,0
COLES-:-CHARLESTON 11,0
COLES-:-CHARLESTON 12,0
COLES-:-CHARLESTON 13,0
COLES-:-CHARLESTON 14,0
COLES-:-CHARLESTON 15,0
COLES-:-CHARLESTON 16,0
COLES-:-CHARLESTON 17,0
COLES-:-CHARLESTON 18,0
COLES-:-CHARLESTON 19,0
COLES-:-CHARLESTON 2,0
COLES-:-CHARLESTON 3,8
COLES-:-CHARLESTON 4,0
COLES-:-CHARLESTON 5,8
COLES-:-CHARLESTON 6,0
COLES-:-CHARLESTON 8,0
COLES-:-EAST OAKLAND 1,0
COLES-:-HUMBOLDT 1,0
COLES-:-HUTTON 1,0
COLES-:-LAFAYETTE 1,0
COLES-:-LAFAYETTE 2,0
COLES-:-LAFAYETTE 3,0
COLES-:-LAFAYETTE 4,0
COLES-:-MATTOON 10,0
COLES-:-MATTOON 12,0
COLES-:-MATTOON 13,0
COLES-:-MATTOON 16,0
COLES-:-MATTOON 17,0
COLES-:-MATTOON 18,0
COLES-:-MATTOON 19,0
COLES-:-MATTOON 21,0
COLES-:-MATTOON 22,0
COLES-:-MATTOON 3,0
COLES-:-MATTOON 4,0
COLES-:-MATTOON 5,0
COLES-:-MATTOON 6,0
COLES-:-MATTOON 8,0
COLES-:-MORGAN 1,0
COLES-:-NORTH OKAW 1,0
COLES-:-PARADISE 1,0
COLES-:-PLEASANT GROVE 1,0
COLES-:-SEVEN HICKORY 1,0
COOK-:-7000001,12
COOK-:-7000002,12
COOK-:-7000003,12
COOK-:-7000005,12
COOK-:-7000006,12
COOK-:-7000007,13
COOK-:-7000009,13
COOK-:-7000010,13
COOK-:-7000011,8
COOK-:-7100001,8
COOK-:-7100002,8
COOK-:-7100003,14
COOK-:-7100004,14
COOK-:-7100005,14
COOK-:-7100006,14
COOK-:-7100007,7
COOK-:-7100008,14
COOK-:-7100009,14
COOK-:-7100010,14
COOK-:-7100011,7
COOK-:-7100012,14
COOK-:-7100013,14
COOK-:-7100014,14
COOK-:-7100015,14
COOK-:-7100016,14
COOK-:-7100017,8
COOK-:-7100018,8
COOK-:-7100019,8
COOK-:-7100020,8
COOK-:-7100021,14
COOK-:-7100022,14
COOK-:-7100023,14
COOK-:-7100024,14
COOK-:-7100025,14
COOK-:-7100026,14
COOK-:-7100027,14
COOK-:-7100028,8
COOK-:-7100029,14
COOK-:-7100030,8
COOK-:-7100031,14
COOK-:-7100032,14
COOK-:-7100033,14
COOK-:-7100034,14
COOK-:-7100035,14
COOK-:-7100036,14
COOK-:-7100037,14
COOK-:-7100038,14
COOK-:-7100039,14
COOK-:-7100040,14
COOK-:-7100041,8
COOK-:-7100042,8
COOK-:-7100043,8
COOK-:-7100044,8
COOK-:-7100045,14
COOK-:-7100046,14
COOK-:-7100047,14
COOK-:-7100048,14
COOK-:-7100049,14
COOK-:-7100050,8
COOK-:-7100051,8
COOK-:-7100052,8
COOK-:-7100053,7
COOK-:-7100054,14
COOK-:-7200001,7
COOK-:-7200002,8
COOK-:-7200004,14
COOK-:-7200005,7
COOK-:-7200006,14
COOK-:-7200008,8
COOK-:-7200009,14
COOK-:-7200010,14
COOK-:-7200011,3
COOK-:-7200013,14
COOK-:-7200014,14
COOK-:-7200015,14
COOK-:-7200016,3
COOK-:-7200017,14
COOK-:-7200018,14
COOK-:-7200019,14
COOK-:-7200020,14
COOK-:-7200022,8
COOK-:-7200023,16
COOK-:-7200024,8
COOK-:-7200025,14
COOK-:-7200026,8
COOK-:-7200027,14
COOK-:-7200028,7
COOK-:-7200029,14
COOK-:-7200031,8
COOK-:-7200032,14
COOK-:-7200033,14
COOK-:-7200034,14
COOK-:-7200035,14
COOK-:-7200036,8
COOK-:-7200037,7
COOK-:-7200038,14
COOK-:-7200039,8
COOK-:-7200040,14
COOK-:-7200041,14
COOK-:-7200042,14
COOK-:-7200043,14
COOK-:-7200044,14
COOK-:-7200046,14
COOK-:-7200047,8
COOK-:-7200048,8
COOK-:-7200049,14
COOK-:-7200050,14
COOK-:-7200051,14
COOK-:-7200052,8
COOK-:-7200053,16
COOK-:-7200054,3
COOK-:-7200055,14
COOK-:-7200056,8
COOK-:-7200057,8
COOK-:-7200058,14
COOK-:-7200059,8
COOK-:-7200060,3
COOK-:-7200061,7
COOK-:-7200062,14
COOK-:-7200063,14
COOK-:-7200064,14
COOK-:-7200065,14
COOK-:-7200066,14
COOK-:-7300003,3
COOK-:-7300004,8
COOK-:-7300005,14
COOK-:-7300006,14
COOK-:-7300007,14
COOK-:-7300008,3
COOK-:-7300009,8
COOK-:-7300010,8
COOK-:-7300011,14
COOK-:-7400001,7
COOK-:-7400002,13
COOK-:-7400003,13
COOK-:-7400004,6
COOK-:-7400005,12
COOK-:-7400006,12
COOK-:-7400007,12
COOK-:-7400008,7
COOK-:-7400009,7
COOK-:-7400010,12
COOK-:-7400011,12
COOK-:-7400012,13
COOK-:-7400013,12
COOK-:-7400015,13
COOK-:-7400018,13
COOK-:-7400019,12
COOK-:-7400020,13
COOK-:-7400021,13
COOK-:-7400022,13
COOK-:-7400024,12
COOK-:-7400025,8
COOK-:-7400026,12
COOK-:-7400028,13
COOK-:-7400029,7
COOK-:-7400030,12
COOK-:-7400031,13
COOK-:-7400032,13
COOK-:-7400033,12
COOK-:-7400034,12
COOK-:-7400035,13
COOK-:-7400036,13
COOK-:-7400037,12
COOK-:-7400038,13
COOK-:-7400039,13
COOK-:-7400040,13
COOK-:-7400041,12
COOK-:-7400042,13
COOK-:-7400043,7
COOK-:-7400045,13
COOK-:-7501001,12
COOK-:-7501002,12
COOK-:-7501003,10
COOK-:-7501004,10
COOK-:-7502001,12
COOK-:-7502002,7
COOK-:-7502003,10
COOK-:-7502004,12
COOK-:-7502005,10
COOK-:-7503001,10
COOK-:-7503002,10
COOK-:-7503003,10
COOK-:-7503004,10
COOK-:-7503005,10
COOK-:-7504001,12
COOK-:-7504002,9
COOK-:-7504003,8
COOK-:-7504004,12
COOK-:-7504005,12
COOK-:-7504006,12
COOK-:-7504007,12
COOK-:-7505001,12
COOK-:-7505002,12
COOK-:-7505003,12
COOK-:-7506001,10
COOK-:-7506002,10
COOK-:-7506003,10
COOK-:-7506004,10
COOK-:-7506005,10
COOK-:-7506006,10
COOK-:-7507001,10
COOK-:-7507002,10
COOK-:-7507003,12
COOK-:-7507004,12
COOK-:-7507005,10
COOK-:-7508001,10
COOK-:-7508002,10
COOK-:-7508003,10
COOK-:-7508004,12
COOK-:-7508005,10
COOK-:-7509001,9
COOK-:-7509002,12
COOK-:-7509003,12
COOK-:-7509004,12
COOK-:-7509005,9
COOK-:-7600001,13
COOK-:-7600002,13
COOK-:-7600003,7
COOK-:-7600005,13
COOK-:-7600006,13
COOK-:-7600007,13
COOK-:-7600008,8
COOK-:-7600009,8
COOK-:-7600010,7
COOK-:-7600011,13
COOK-:-7600012,13
COOK-:-7600013,9
COOK-:-7600014,13
COOK-:-7600016,13
COOK-:-7600017,9
COOK-:-7600018,13
COOK-:-7600019,8
COOK-:-7600020,13
COOK-:-7600021,13
COOK-:-7600022,13
COOK-:-7600023,13
COOK-:-7600024,13
COOK-:-7600025,13
COOK-:-7600026,13
COOK-:-7600027,13
COOK-:-7600028,13
COOK-:-7600029,13
COOK-:-7600030,13
COOK-:-7600031,8
COOK-:-7600032,13
COOK-:-7600033,13
COOK-:-7600034,13
COOK-:-7600035,13
COOK-:-7600036,9
COOK-:-7600037,13
COOK-:-7600038,8
COOK-:-7600039,13
COOK-:-7600040,8
COOK-:-7600041,13
COOK-:-7600042,8
COOK-:-7600043,13
COOK-:-7700001,16
COOK-:-7700002,9
COOK-:-7700003,1
COOK-:-7700004,1
COOK-:-7700005,9
COOK-:-7700006,9
COOK-:-7700007,9
COOK-:-7700008,9
COOK-:-7700009,1
COOK-:-7700010,9
COOK-:-7700011,1
COOK-:-7700012,1
COOK-:-7700014,1
COOK-:-7800001,11
COOK-:-7800002,11
COOK-:-7800003,11
COOK-:-7800004,11
COOK-:-7800005,11
COOK-:-7800006,11
COOK-:-7800007,9
COOK-:-7800008,11
COOK-:-7800009,11
COOK-:-7800010,11
COOK-:-7800011,11
COOK-:-7800012,8
COOK-:-7800013,11
COOK-:-7800014,6
COOK-:-7800015,11
COOK-:-7800016,11
COOK-:-7800017,8
COOK-:-7800018,9
COOK-:-7800019,11
COOK-:-7800020,11
COOK-:-7800021,11
COOK-:-7800022,11
COOK-:-7800023,13
COOK-:-7800024,11
COOK-:-7800025,13
COOK-:-7800027,11
COOK-:-7800028,8
COOK-:-7800029,9
COOK-:-7800030,11
COOK-:-7800031,11
COOK-:-7800032,13
COOK-:-7800033,11
COOK-:-7800034,11
COOK-:-7800035,11
COOK-:-7800036,11
COOK-:-7800037,11
COOK-:-7800038,13
COOK-:-7800039,8
COOK-:-7800040,11
COOK-:-7800041,9
COOK-:-7800043,9
COOK-:-7800044,9
COOK-:-7800045,11
COOK-:-7800046,11
COOK-:-7800047,11
COOK-:-7800048,11
COOK-:-7800049,11
COOK-:-7800050,11
COOK-:-7900001,16
COOK-:-7900002,16
COOK-:-7900003,16
COOK-:-7900004,3
COOK-:-7900005,3
COOK-:-7900006,16
COOK-:-7900007,16
COOK-:-7900008,16
COOK-:-7900009,3
COOK-:-7900011,3
COOK-:-7900013,16
COOK-:-7900014,3
COOK-:-7900015,3
COOK-:-7900016,16
COOK-:-7900017,3
COOK-:-7900018,3
COOK-:-7900019,16
COOK-:-7900020,3
COOK-:-7900021,3
COOK-:-7900022,8
COOK-:-7900023,3
COOK-:-7900024,3
COOK-:-7900025,3
COOK-:-7900027,3
COOK-:-7900028,3
COOK-:-7900029,16
COOK-:-7900030,16
COOK-:-7900031,3
COOK-:-7900032,16
COOK-:-7900033,16
COOK-:-7900034,16
COOK-:-7900035,16
COOK-:-7900036,16
COOK-:-7900037,8
COOK-:-7900038,5
COOK-:-7900039,3
COOK-:-7900041,3
COOK-:-7900042,3
COOK-:-7900044,3
COOK-:-7900045,16
COOK-:-7900046,3
COOK-:-7900048,16
COOK-:-7900049,16
COOK-:-7900051,16
COOK-:-7900052,3
COOK-:-7900053,3
COOK-:-7900054,16
COOK-:-7900055,3
COOK-:-7900056,16
COOK-:-7900057,16
COOK-:-7900058,16
COOK-:-7900059,16
COOK-:-7900060,16
COOK-:-7900061,3
COOK-:-7900062,3
COOK-:-7900063,3
COOK-:-7900064,16
COOK-:-7900065,16
COOK-:-7900066,16
COOK-:-7900067,16
COOK-:-7900068,3
COOK-:-7900069,3
COOK-:-8000001,12
COOK-:-8000002,12
COOK-:-8000003,12
COOK-:-8000005,12
COOK-:-8000006,12
COOK-:-8000007,9
COOK-:-8000008,12
COOK-:-8000009,12
COOK-:-8000010,12
COOK-:-8000011,8
COOK-:-8000013,12
COOK-:-8000014,12
COOK-:-8000015,10
COOK-:-8000019,12
COOK-:-8000021,12
COOK-:-8000022,12
COOK-:-8000023,12
COOK-:-8000024,12
COOK-:-8000025,12
COOK-:-8000026,12
COOK-:-8000027,12
COOK-:-8000028,12
COOK-:-8000029,12
COOK-:-8000030,12
COOK-:-8000031,10
COOK-:-8000032,12
COOK-:-8000033,12
COOK-:-8000034,12
COOK-:-8000036,9
COOK-:-8000037,12
COOK-:-8000038,8
COOK-:-8000039,12
COOK-:-8000040,10
COOK-:-8000041,12
COOK-:-8000042,12
COOK-:-8000043,12
COOK-:-8000044,12
COOK-:-8000045,12
COOK-:-8000046,12
COOK-:-8000047,12
COOK-:-8000048,12
COOK-:-8000049,12
COOK-:-8000050,9
COOK-:-8000051,12
COOK-:-8000052,8
COOK-:-8000053,12
COOK-:-8000054,9
COOK-:-8000055,12
COOK-:-8000056,13
COOK-:-8000057,12
COOK-:-8000058,12
COOK-:-8000059,12
COOK-:-8000060,12
COOK-:-8000061,12
COOK-:-8000062,12
COOK-:-8000063,8
COOK-:-8000064,12
COOK-:-8000065,12
COOK-:-8000066,12
COOK-:-8000067,12
COOK-:-8000068,12
COOK-:-8000070,12
COOK-:-8000071,12
COOK-:-8000072,12
COOK-:-8000073,12
COOK-:-8000074,8
COOK-:-8000075,9
COOK-:-8000076,10
COOK-:-8000077,12
COOK-:-8000078,12
COOK-:-8000079,13
COOK-:-8000080,9
COOK-:-8000081,12
COOK-:-8000082,8
COOK-:-8000083,9
COOK-:-8100001,10
COOK-:-8100002,10
COOK-:-8100003,9
COOK-:-8100004,10
COOK-:-8100005,8
COOK-:-8100006,10
COOK-:-8100007,8
COOK-:-8100008,8
COOK-:-8100009,8
COOK-:-8100010,8
COOK-:-8100011,10
COOK-:-8100012,10
COOK-:-8100013,10
COOK-:-8100014,10
COOK-:-8100015,10
COOK-:-8100016,10
COOK-:-8100017,9
COOK-:-8100019,10
COOK-:-8100020,10
COOK-:-8100021,10
COOK-:-8100022,5
COOK-:-8100023,5
COOK-:-8100024,10
COOK-:-8100025,5
COOK-:-8100026,10
COOK-:-8100028,10
COOK-:-8100029,5
COOK-:-8100030,5
COOK-:-8100033,10
COOK-:-8100034,9
COOK-:-8100035,5
COOK-:-8100036,10
COOK-:-8100037,9
COOK-:-8100038,9
COOK-:-8100039,10
COOK-:-8200002,12
COOK-:-8200003,12
COOK-:-8200004,12
COOK-:-8200005,7
COOK-:-8200006,12
COOK-:-8200007,10
COOK-:-8200008,10
COOK-:-8200009,12
COOK-:-8200010,10
COOK-:-8200011,12
COOK-:-8200012,10
COOK-:-8200013,12
COOK-:-8200014,10
COOK-:-8200015,12
COOK-:-8200016,12
COOK-:-8200017,12
COOK-:-8200018,10
COOK-:-8200019,9
COOK-:-8200020,12
COOK-:-8200021,10
COOK-:-8200022,12
COOK-:-8200023,10
COOK-:-8200024,12
COOK-:-8200025,12
COOK-:-8200027,12
COOK-:-8200028,9
COOK-:-8200029,12
COOK-:-8200030,12
COOK-:-8200031,10
COOK-:-8200032,10
COOK-:-8200033,10
COOK-:-8200034,12
COOK-:-8200035,10
COOK-:-8200036,7
COOK-:-8200037,10
COOK-:-8200038,12
COOK-:-8200039,12
COOK-:-8200040,10
COOK-:-8200041,10
COOK-:-8200042,12
COOK-:-8200043,12
COOK-:-8200044,10
COOK-:-8200045,9
COOK-:-8200046,12
COOK-:-8200047,10
COOK-:-8200048,12
COOK-:-8200049,12
COOK-:-8200050,12
COOK-:-8200051,12
COOK-:-8200052,12
COOK-:-8200053,12
COOK-:-8200054,7
COOK-:-8200055,12
COOK-:-8200056,12
COOK-:-8200057,10
COOK-:-8200058,12
COOK-:-8200059,12
COOK-:-8200060,10
COOK-:-8200061,12
COOK-:-8200062,8
COOK-:-8300001,12
COOK-:-8300002,7
COOK-:-8300003,10
COOK-:-8300004,10
COOK-:-8300005,5
COOK-:-8300006,8
COOK-:-8300007,10
COOK-:-8300009,9
COOK-:-8300010,10
COOK-:-8300011,10
COOK-:-8300012,10
COOK-:-8300013,9
COOK-:-8300014,9
COOK-:-8300015,10
COOK-:-8300016,5
COOK-:-8300017,10
COOK-:-8300018,10
COOK-:-8300019,12
COOK-:-8300020,9
COOK-:-8300021,10
COOK-:-8300022,5
COOK-:-8300023,10
COOK-:-8300024,8
COOK-:-8300025,10
COOK-:-8300026,7
COOK-:-8300027,10
COOK-:-8300028,10
COOK-:-8300029,7
COOK-:-8300030,8
COOK-:-8300031,10
COOK-:-8300032,10
COOK-:-8300034,10
COOK-:-8300035,10
COOK-:-8300036,7
COOK-:-8300037,10
COOK-:-8300038,5
COOK-:-8300039,12
COOK-:-8300040,7
COOK-:-8300041,10
COOK-:-8300042,10
COOK-:-8300044,10
COOK-:-8300045,9
COOK-:-8300046,10
COOK-:-8300047,8
COOK-:-8300048,9
COOK-:-8300049,9
COOK-:-8300050,10
COOK-:-8300051,10
COOK-:-8300052,8
COOK-:-8300053,10
COOK-:-8300054,10
COOK-:-8300055,7
COOK-:-8300056,10
COOK-:-8300057,10
COOK-:-8300058,10
COOK-:-8400001,13
COOK-:-8400002,3
COOK-:-8400003,12
COOK-:-8400004,13
COOK-:-8400005,13
COOK-:-8400006,13
COOK-:-8400007,12
COOK-:-8400008,3
COOK-:-8400009,13
COOK-:-8400010,7
COOK-:-8400011,12
COOK-:-8400012,13
COOK-:-8400013,13
COOK-:-8400014,12
COOK-:-8500001,11
COOK-:-8500002,11
COOK-:-8500003,11
COOK-:-8500004,6
COOK-:-8500005,6
COOK-:-8500006,11
COOK-:-8500007,11
COOK-:-8500008,6
COOK-:-8500009,11
COOK-:-8500010,6
COOK-:-8500011,6
COOK-:-8500012,11
COOK-:-8500013,5
COOK-:-8500014,6
COOK-:-8500015,11
COOK-:-8500016,11
COOK-:-8500017,11
COOK-:-8500018,6
COOK-:-8500019,11
COOK-:-8500020,11
COOK-:-8500021,9
COOK-:-8500022,11
COOK-:-8500023,6
COOK-:-8500024,11
COOK-:-8500025,9
COOK-:-8500026,11
COOK-:-8500027,11
COOK-:-8500028,11
COOK-:-8500029,8
COOK-:-8500031,11
COOK-:-8500032,11
COOK-:-8600001,16
COOK-:-8600002,5
COOK-:-8600003,14
COOK-:-8600004,16
COOK-:-8600005,14
COOK-:-8600006,16
COOK-:-8600007,16
COOK-:-8600008,14
COOK-:-8600009,14
COOK-:-8600010,16
COOK-:-8600011,9
COOK-:-8600012,8
COOK-:-8600013,16
COOK-:-8600014,14
COOK-:-8600016,1
COOK-:-8600017,16
COOK-:-8600018,16
COOK-:-8600019,8
COOK-:-8600020,14
COOK-:-8600021,5
COOK-:-8600022,9
COOK-:-8600023,14
COOK-:-8600024,16
COOK-:-8600025,14
COOK-:-8600026,14
COOK-:-8600027,16
COOK-:-8600028,9
COOK-:-8600029,16
COOK-:-8600030,16
COOK-:-8600031,9
COOK-:-8600032,16
COOK-:-8600033,16
COOK-:-8600034,14
COOK-:-8600035,16
COOK-:-8600036,9
COOK-:-8600037,8
COOK-:-8600038,9
COOK-:-8600039,9
COOK-:-8600040,14
COOK-:-8600041,8
COOK-:-8600042,14
COOK-:-8600043,5
COOK-:-8600044,9
COOK-:-8600045,14
COOK-:-8600046,8
COOK-:-8600047,9
COOK-:-8600048,9
COOK-:-8600049,14
COOK-:-8600050,8
COOK-:-8600051,14
COOK-:-8600052,9
COOK-:-8600053,1
COOK-:-8600054,5
COOK-:-8600055,8
COOK-:-8600056,5
COOK-:-8600057,9
COOK-:-8600058,5
COOK-:-8600059,9
COOK-:-8600060,9
COOK-:-8600061,5
COOK-:-8600062,8
COOK-:-8700001,5
COOK-:-8700003,13
COOK-:-8700004,10
COOK-:-8700005,12
COOK-:-8700006,12
COOK-:-8700007,12
COOK-:-8700008,12
COOK-:-8700009,5
COOK-:-8700010,12
COOK-:-8700011,12
COOK-:-8700012,12
COOK-:-8700013,12
COOK-:-8700014,12
COOK-:-8700015,10
COOK-:-8700016,10
COOK-:-8700017,5
COOK-:-8700019,5
COOK-:-8700020,10
COOK-:-8700021,12
COOK-:-8700022,9
COOK-:-8700023,12
COOK-:-8700024,12
COOK-:-8700025,12
COOK-:-8700026,12
COOK-:-8700028,12
COOK-:-8700029,13
COOK-:-8700030,5
COOK-:-8700031,10
COOK-:-8700032,12
COOK-:-8700033,10
COOK-:-8700034,12
COOK-:-8700036,12
COOK-:-8700037,12
COOK-:-8700039,12
COOK-:-8700040,12
COOK-:-8700041,12
COOK-:-8700042,12
COOK-:-8700043,8
COOK-:-8700044,12
COOK-:-8700045,5
COOK-:-8700046,12
COOK-:-8700048,12
COOK-:-8700049,12
COOK-:-8700050,12
COOK-:-8700051,5
COOK-:-8700052,12
COOK-:-8700053,9
COOK-:-8700054,12
COOK-:-8700055,13
COOK-:-8700056,12
COOK-:-8700057,12
COOK-:-8700058,10
COOK-:-8700060,10
COOK-:-8700061,13
COOK-:-8700062,13
COOK-:-8700063,12
COOK-:-8700064,12
COOK-:-8700065,10
COOK-:-8800001,16
COOK-:-8800002,16
COOK-:-8800003,8
COOK-:-8800004,8
COOK-:-8800005,9
COOK-:-8800006,16
COOK-:-8800007,16
COOK-:-8800008,16
COOK-:-8800009,16
COOK-:-8800010,8
COOK-:-8800011,8
COOK-:-8800012,16
COOK-:-8800013,16
COOK-:-8800014,9
COOK-:-8800015,16
COOK-:-8800016,8
COOK-:-8800017,16
COOK-:-8800018,16
COOK-:-8800019,16
COOK-:-8800020,16
COOK-:-8800021,5
COOK-:-8800022,16
COOK-:-8800023,9
COOK-:-8800024,16
COOK-:-8800025,16
COOK-:-8800026,9
COOK-:-8800027,16
COOK-:-8800028,16
COOK-:-8800029,8
COOK-:-8800030,8
COOK-:-8800031,16
COOK-:-8800032,16
COOK-:-8800033,16
COOK-:-8800034,8
COOK-:-8800035,16
COOK-:-8900001,11
COOK-:-8900002,11
COOK-:-8900003,11
COOK-:-8900004,16
COOK-:-8900005,16
COOK-:-8900006,3
COOK-:-8900007,11
COOK-:-8900008,16
COOK-:-8900009,5
COOK-:-8900010,11
COOK-:-8900011,11
COOK-:-8900012,11
COOK-:-8900013,3
COOK-:-8900014,11
COOK-:-8900015,11
COOK-:-8900016,9
COOK-:-8900017,11
COOK-:-8900018,11
COOK-:-8900019,11
COOK-:-8900020,11
COOK-:-8900021,16
COOK-:-8900022,11
COOK-:-8900024,16
COOK-:-8900026,16
COOK-:-8900027,8
COOK-:-8900028,3
COOK-:-8900029,16
COOK-:-8900031,11
COOK-:-8900032,16
COOK-:-8900033,3
COOK-:-8900034,16
COOK-:-8900035,3
COOK-:-8900036,11
COOK-:-8900037,11
COOK-:-8900038,3
COOK-:-8900039,11
COOK-:-8900040,11
COOK-:-8900041,8
COOK-:-8900042,16
COOK-:-8900043,11
COOK-:-8900044,3
COOK-:-8900045,11
COOK-:-8900046,3
COOK-:-8900047,11
COOK-:-8900048,11
COOK-:-8900049,5
COOK-:-8900050,11
COOK-:-8900051,3
COOK-:-8900052,11
COOK-:-8900053,11
COOK-:-8900054,9
COOK-:-8900055,11
COOK-:-8900056,11
COOK-:-8900057,3
COOK-:-8900058,11
COOK-:-8900059,11
COOK-:-8900060,11
COOK-:-8900061,6
COOK-:-8900062,6
COOK-:-8900063,16
COOK-:-8900064,5
COOK-:-8900065,6
COOK-:-8900066,16
COOK-:-8900067,16
COOK-:-8900068,16
COOK-:-8900069,3
COOK-:-8900070,3
COOK-:-8900072,8
COOK-:-8900073,16
COOK-:-8900074,11
COOK-:-8900075,9
COOK-:-8900076,16
COOK-:-8900077,9
COOK-:-8900078,11
COOK-:-8900079,11
COOK-:-8900080,11
COOK-:-8900081,3
COOK-:-8900082,11
COOK-:-8900083,11
COOK-:-8900084,3
COOK-:-8900085,3
COOK-:-8900086,11
COOK-:-8900087,11
COOK-:-8900088,16
COOK-:-8900089,5
COOK-:-9000001,14
COOK-:-9000002,14
COOK-:-9000003,8
COOK-:-9000004,9
COOK-:-9000005,8
COOK-:-9000006,14
COOK-:-9000007,5
COOK-:-9000008,14
COOK-:-9000009,14
COOK-:-9000010,8
COOK-:-9000011,8
COOK-:-9000012,14
COOK-:-9000013,14
COOK-:-9000014,14
COOK-:-9000015,14
COOK-:-9000016,9
COOK-:-9000017,14
COOK-:-9000018,5
COOK-:-9000019,14
COOK-:-9000020,14
COOK-:-9000021,14
COOK-:-9000022,14
COOK-:-9000023,14
COOK-:-9000024,14
COOK-:-9000025,14
COOK-:-9000026,14
COOK-:-9000027,8
COOK-:-9000028,14
COOK-:-9000029,8
COOK-:-9000030,14
COOK-:-9000031,8
COOK-:-9000032,14
COOK-:-9000033,14
COOK-:-9000034,8
COOK-:-9000035,14
COOK-:-9000036,14
COOK-:-9000037,8
COOK-:-9000038,14
COOK-:-9000039,8
COOK-:-9000040,5
COOK-:-9000041,14
COOK-:-9000042,8
COOK-:-9000043,14
COOK-:-9000044,8
COOK-:-9000045,8
COOK-:-9000046,14
COOK-:-9000047,14
COOK-:-9100001,11
COOK-:-9100002,11
COOK-:-9100003,6
COOK-:-9100004,5
COOK-:-9100005,11
COOK-:-9100006,11
COOK-:-9100007,6
COOK-:-9200001,9
COOK-:-9200002,16
COOK-:-9200003,16
COOK-:-9200004,16
COOK-:-9200005,9
COOK-:-9200006,16
COOK-:-9200007,8
COOK-:-9200008,16
COOK-:-9200009,9
COOK-:-9200010,9
COOK-:-9200011,16
COOK-:-9200012,16
COOK-:-9300001,13
COOK-:-9300002,13
COOK-:-9300003,13
COOK-:-9300004,5
COOK-:-9300005,13
COOK-:-9300006,13
COOK-:-9300007,6
COOK-:-9300008,8
COOK-:-9300009,6
COOK-:-9300010,9
COOK-:-9300011,8
COOK-:-9300012,6
COOK-:-9300013,5
COOK-:-9300014,13
COOK-:-9300015,12
COOK-:-9300016,13
COOK-:-9300017,13
COOK-:-9300018,13
COOK-:-9300019,9
COOK-:-9300020,13
COOK-:-9300021,13
COOK-:-9300022,13
COOK-:-9300023,6
COOK-:-9300024,6
COOK-:-9300025,13
COOK-:-9300026,6
COOK-:-9300027,13
COOK-:-9300028,12
COOK-:-9300029,6
COOK-:-9300030,5
COOK-:-9300031,13
COOK-:-9300032,6
COOK-:-9300033,13
COOK-:-9300034,13
COOK-:-9300035,13
COOK-:-9300036,13
COOK-:-9300037,6
COOK-:-9300038,13
COOK-:-9300039,13
COOK-:-9300040,8
COOK-:-9300041,13
COOK-:-9300042,13
COOK-:-9300043,13
COOK-:-9300044,13
COOK-:-9300045,13
COOK-:-9300046,13
COOK-:-9300047,6
COOK-:-9300048,6
COOK-:-9300049,8
COOK-:-9300050,5
COOK-:-9300051,9
COOK-:-9300052,6
COOK-:-9300053,9
COOK-:-9300054,6
COOK-:-9300055,13
COOK-:-9300056,6
COOK-:-9300057,6
COOK-:-9300058,5
COOK-:-9300059,6
COOK-:-9300060,9
COOK-:-9300061,13
COOK-:-9300062,13
COOK-:-9300063,13
COOK-:-9300064,8
COOK-:-9300065,13
COOK-:-9300066,6
COOK-:-9300067,13
COOK-:-9300068,6
COOK-:-9300069,13
COOK-:-9400001,16
COOK-:-9400002,16
COOK-:-9400003,16
COOK-:-9400004,16
COOK-:-9400005,16
COOK-:-9400006,16
COOK-:-9400007,5
COOK-:-9400008,16
COOK-:-9400009,16
COOK-:-9400010,16
COOK-:-9400011,16
COOK-:-9400013,16
COOK-:-9400014,16
COOK-:-9400015,16
COOK-:-9400016,16
COOK-:-9400017,8
COOK-:-9400018,16
COOK-:-9400019,16
COOK-:-9400020,16
COOK-:-9500001,8
COOK-:-9500002,9
COOK-:-9500003,14
COOK-:-9500004,5
COOK-:-9500005,14
COOK-:-9500006,8
COOK-:-9500007,8
COOK-:-9500008,14
COOK-:-9500009,14
COOK-:-9500010,14
COOK-:-9500011,14
COOK-:-9500012,14
COOK-:-9500013,14
COOK-:-9500014,9
COOK-:-9500015,8
COOK-:-9500016,9
COOK-:-9500017,14
COOK-:-9500018,14
COOK-:-9500019,14
COOK-:-9500020,8
COOK-:-9500021,8
COOK-:-9500022,8
COOK-:-9500023,8
COOK-:-9500024,8
COOK-:-9500025,8
COOK-:-9500026,8
COOK-:-9500027,8
COOK-:-9500028,8
COOK-:-9500029,8
COOK-:-9500030,5
COOK-:-9500031,14
COOK-:-9500032,14
COOK-:-9500033,5
COOK-:-9500034,14
COOK-:-9500035,14
COOK-:-9500036,14
COOK-:-9500037,8
COOK-:-9500038,14
COOK-:-9500039,14
COOK-:-9500040,14
COOK-:-9500041,5
COOK-:-9500042,14
COOK-:-9500043,14
COOK-:-9500044,8
COOK-:-9500045,14
COOK-:-9500046,14
COOK-:-9500047,14
COOK-:-9500048,14
COOK-:-9500050,14
COOK-:-9500051,9
COOK-:-9500052,8
COOK-:-9500053,8
COOK-:-9500054,14
COOK-:-9500055,8
COOK-:-9500056,14
COOK-:-9500057,14
COOK-:-9500058,14
COOK-:-9500059,8
COOK-:-9500060,8
COOK-:-9500061,14
COOK-:-9500062,14
COOK-:-9500063,8
COOK-:-9500064,14
COOK-:-9500065,14
COOK-:-9500066,8
COOK-:-9500067,8
COOK-:-9500068,14
COOK-:-9500069,14
COOK-:-9500070,14
COOK-:-9500071,8
COOK-:-9500072,9
COOK-:-9500073,14
COOK-:-9500074,14
COOK-:-9500075,14
COOK-:-9500076,8
COOK-:-9500077,14
COOK-:-9500078,8
COOK-:-9500079,14
COOK-:-9500080,8
COOK-:-9500081,14
COOK-:-9500082,8
COOK-:-9500083,14
COOK-:-9500084,14
COOK-:-9500085,14
COOK-:-9500086,14
COOK-:-9500087,14
COOK-:-9500088,14
COOK-:-9500089,14
COOK-:-9500090,8
COOK-:-9500091,8
COOK-:-9500092,14
COOK-:-9500093,14
COOK-:-9500094,8
COOK-:-9500095,8
COOK-:-9500096,8
COOK-:-9500097,8
COOK-:-9500098,14
COOK-:-9500099,8
COOK-:-9500100,8
COOK-:-9500101,14
COOK-:-9500102,8
COOK-:-9500103,14
COOK-:-9500104,8
COOK-:-9600001,10
COOK-:-9600002,12
COOK-:-9600003,12
COOK-:-9600004,10
COOK-:-9600005,12
COOK-:-9600006,5
COOK-:-9600007,12
COOK-:-9600008,12
COOK-:-9600009,10
COOK-:-9600010,12
COOK-:-9600012,12
COOK-:-9600013,10
COOK-:-9600014,12
COOK-:-9600015,9
COOK-:-9600016,12
COOK-:-9600017,10
COOK-:-9600018,8
COOK-:-9600019,12
COOK-:-9600020,12
COOK-:-9600022,12
COOK-:-9600023,5
COOK-:-9600024,12
COOK-:-9600025,12
COOK-:-9600026,12
COOK-:-9600027,10
COOK-:-9600028,12
COOK-:-9600029,10
COOK-:-9600030,12
COOK-:-9600031,12
COOK-:-9600032,10
COOK-:-9600033,10
COOK-:-9600034,12
COOK-:-9600035,12
COOK-:-9600036,12
COOK-:-9600037,10
COOK-:-9600038,10
COOK-:-9600039,12
COOK-:-9600041,12
COOK-:-9600042,12
COOK-:-9600043,12
COOK-:-9600044,12
COOK-:-9600045,8
COOK-:-9600049,10
COOK-:-9600050,9
COOK-:-9600051,10
COOK-:-9600052,10
COOK-:-9600053,12
COOK-:-9600055,10
COOK-:-9600056,12
COOK-:-9600057,12
COOK-:-9600058,12
COOK-:-9600059,12
COOK-:-9600061,12
COOK-:-9600062,12
COOK-:-9600064,10
COOK-:-9600065,12
COOK-:-9600066,10
COOK-:-9600067,9
COOK-:-9600069,12
COOK-:-9600070,12
COOK-:-9600071,10
COOK-:-9600072,10
COOK-:-9600073,12
COOK-:-9600074,12
COOK-:-9600075,12
COOK-:-9600076,10
COOK-:-9600077,10
COOK-:-9600078,12
COOK-:-9600079,10
COOK-:-9600080,12
COOK-:-9600081,5
COOK-:-9700002,8
COOK-:-9700003,9
COOK-:-9700004,16
COOK-:-9700005,16
COOK-:-9700006,16
COOK-:-9700007,16
COOK-:-9700008,16
COOK-:-9700009,14
COOK-:-9700010,14
COOK-:-9700011,9
COOK-:-9700012,5
COOK-:-9700013,7
COOK-:-9700014,14
COOK-:-9700015,14
COOK-:-9700016,16
COOK-:-9700017,14
COOK-:-9700018,16
COOK-:-9700019,14
COOK-:-9700020,9
COOK-:-9700021,16
COOK-:-9700022,9
COOK-:-9700023,16
COOK-:-9700025,16
COOK-:-9700026,16
COOK-:-9700027,9
COOK-:-9700028,9
COOK-:-9700029,7
COOK-:-9700030,16
COOK-:-9700031,16
COOK-:-9700032,16
COOK-:-9700033,16
COOK-:-9700034,14
COOK-:-9700035,16
COOK-:-9700036,16
COOK-:-9700037,14
COOK-:-9700038,9
COOK-:-9700039,7
COOK-:-9700040,16
COOK-:-9700041,16
COOK-:-9700042,16
COOK-:-9700044,9
COOK-:-9700045,16
COOK-:-9700046,16
COOK-:-9700047,16
COOK-:-9700048,9
COOK-:-9700049,5
COOK-:-9700050,3
COOK-:-9700051,8
COOK-:-9700052,16
COOK-:-9700053,16
COOK-:-9700054,7
COOK-:-9700055,9
COOK-:-9700056,16
COOK-:-9700057,7
COOK-:-9700059,16
COOK-:-9700060,16
COOK-:-9700061,8
COOK-:-9700062,16
COOK-:-9700063,16
COOK-:-9700064,16
COOK-:-9700065,16
COOK-:-9700066,16
COOK-:-9700067,16
COOK-:-9700068,9
COOK-:-9700069,14
COOK-:-9700070,16
COOK-:-9700071,16
COOK-:-9700072,16
COOK-:-9700074,16
COOK-:-9700075,16
COOK-:-9700076,5
COOK-:-9700077,9
COOK-:-9700078,16
COOK-:-9700079,9
COOK-:-9700080,14
COOK-:-9700081,9
COOK-:-9700082,16
COOK-:-9800001,11
COOK-:-9800002,11
COOK-:-9800003,11
COOK-:-9800004,11
COOK-:-9800005,16
COOK-:-9800006,16
COOK-:-9800007,11
COOK-:-9800008,5
COOK-:-9800009,11
COOK-:-9800010,11
COOK-:-9800011,16
COOK-:-9800012,16
COOK-:-9800013,16
COOK-:-9800014,16
COOK-:-9800015,11
COOK-:-9800016,11
COOK-:-9800017,11
COOK-:-9800018,11
COOK-:-9800019,11
COOK-:-9800020,16
COOK-:-9800021,11
COOK-:-9800022,11
COOK-:-9800023,11
COOK-:-9800024,11
COOK-:-9800025,11
COOK-:-9800026,11
COOK-:-9800027,11
COOK-:-9800028,11
COOK-:-9800029,11
COOK-:-9800030,11
COOK-:-9800031,11
COOK-:-9901001,5
COOK-:-9901002,8
COOK-:-9901003,16
COOK-:-9901004,16
COOK-:-9902001,5
COOK-:-9902002,16
COOK-:-9902003,16
COOK-:-9902004,16
COOK-:-9903001,11
COOK-:-9903002,11
COOK-:-9903003,16
COOK-:-9903004,11
COOK-:-9904001,5
COOK-:-9904002,11
COOK-:-9904003,11
COOK-:-9904004,8
COOK-:-9905001,11
COOK-:-9905002,11
COOK-:-9905003,11
COOK-:-9906001,8
COOK-:-9906002,11
COOK-:-9906003,11
COOK-:-9906004,11
COOK-:-9907001,11
COOK-:-9907002,9
COOK-:-9907003,11
COOK-:-9907004,11
COOK-:-9908001,11
COOK-:-9908002,11
COOK-:-9908003,9
CRAWFORD-:-HONEY CREEK 1,0
CRAWFORD-:-HONEY CREEK 2,0
CRAWFORD-:-HUTSONVILLE 1,0
CRAWFORD-:-HUTSONVILLE 2,0
CRAWFORD-:-LAMOTTE 1,0
CRAWFORD-:-LAMOTTE 2,0
CRAWFORD-:-LICKING,0
CRAWFORD-:-MARTIN,0
CRAWFORD-:-MONTGOMERY,0
CRAWFORD-:-OBLONG 1,0
CRAWFORD-:-OBLONG 2,0
CRAWFORD-:-OBLONG 3,0
CRAWFORD-:-PRAIRIE 1,0
CRAWFORD-:-PRAIRIE 2,0
CRAWFORD-:-ROBINSON 1,0
CRAWFORD-:-ROBINSON 2,0
CRAWFORD-:-ROBINSON 3,0
CRAWFORD-:-ROBINSON 4,0
CRAWFORD-:-ROBINSON 5,0
CRAWFORD-:-ROBINSON 6,0
CRAWFORD-:-ROBINSON 7,8
CRAWFORD-:-ROBINSON 8,0
CRAWFORD-:-ROBINSON 9,0
CRAWFORD-:-SOUTHWEST,0
CUMBERLAND-:-COTTONWOOD-2,0
CUMBERLAND-:-CROOKED CREEK-1,0
CUMBERLAND-:-GREENUP 1-1,0
CUMBERLAND-:-GREENUP 2-1,0
CUMBERLAND-:-GREENUP 3-1,0
CUMBERLAND-:-NEOGA 1-2,0
CUMBERLAND-:-NEOGA 1-3,0
CUMBERLAND-:-NEOGA 2-2,0
CUMBERLAND-:-NEOGA 2-3,0
CUMBERLAND-:-SPRING POINT-3,0
CUMBERLAND-:-SPRING POINT-4,0
CUMBERLAND-:-SUMPTER 1-2,0
CUMBERLAND-:-SUMPTER 2-2,0
CUMBERLAND-:-UNION-1,0
CUMBERLAND-:-WOODBURY-2,0
DEKALB-:-AFTON 1,9
DEKALB-:-CLINTON 1,2
DEKALB-:-CORTLAND 1,9
DEKALB-:-CORTLAND 2,9
DEKALB-:-CORTLAND 3,9
DEKALB-:-CORTLAND 4,9
DEKALB-:-CORTLAND 5,2
DEKALB-:-CORTLAND 6,9
DEKALB-:-CORTLAND 7,2
DEKALB-:-CORTLAND 8,9
DEKALB-:-CORTLAND 9,9
DEKALB-:-DEKALB 1,9
DEKALB-:-DEKALB 10,9
DEKALB-:-DEKALB 11,9
DEKALB-:-DEKALB 12,9
DEKALB-:-DEKALB 13,9
DEKALB-:-DEKALB 14,9
DEKALB-:-DEKALB 15,9
DEKALB-:-DEKALB 16,9
DEKALB-:-DEKALB 17,9
DEKALB-:-DEKALB 18,9
DEKALB-:-DEKALB 19,9
DEKALB-:-DEKALB 2,9
DEKALB-:-DEKALB 20,9
DEKALB-:-DEKALB 21,9
DEKALB-:-DEKALB 22,9
DEKALB-:-DEKALB 23,9
DEKALB-:-DEKALB 24,9
DEKALB-:-DEKALB 3,9
DEKALB-:-DEKALB 4,9
DEKALB-:-DEKALB 5,9
DEKALB-:-DEKALB 6,9
DEKALB-:-DEKALB 7,9
DEKALB-:-DEKALB 8,9
DEKALB-:-DEKALB 9,9
DEKALB-:-FRANKLIN 1,0
DEKALB-:-FRANKLIN 2,0
DEKALB-:-GENOA 1,0
DEKALB-:-GENOA 2,2
DEKALB-:-GENOA 3,2
DEKALB-:-KINGSTON 1,0
DEKALB-:-KINGSTON 2,2
DEKALB-:-MALTA 1,2
DEKALB-:-MILAN 1,0
DEKALB-:-PAW PAW 1,0
DEKALB-:-PIERCE 1,2
DEKALB-:-SANDWICH 1,2
DEKALB-:-SANDWICH 2,2
DEKALB-:-SANDWICH 3,5
DEKALB-:-SANDWICH 4,2
DEKALB-:-SANDWICH 5,2
DEKALB-:-SHABBONA 1,0
DEKALB-:-SOMONAUK 1,0
DEKALB-:-SOUTH GROVE 1,0
DEKALB-:-SQUAW GROVE 1,2
DEKALB-:-SQUAW GROVE 2,2
DEKALB-:-SYCAMORE 1,9
DEKALB-:-SYCAMORE 10,9
DEKALB-:-SYCAMORE 11,9
DEKALB-:-SYCAMORE 2,9
DEKALB-:-SYCAMORE 3,9
DEKALB-:-SYCAMORE 4,9
DEKALB-:-SYCAMORE 5,9
DEKALB-:-SYCAMORE 6,9
DEKALB-:-SYCAMORE 8,9
DEKALB-:-VICTOR 1,0
DEWITT-:-BARNETT,0
DEWITT-:-CLINTONIA 1,0
DEWITT-:-CLINTONIA 2,0
DEWITT-:-CLINTONIA 3,0
DEWITT-:-CLINTONIA 4,0
DEWITT-:-CLINTONIA 5,0
DEWITT-:-CLINTONIA 6,0
DEWITT-:-CLINTONIA 7,0
DEWITT-:-CLINTONIA 8,0
DEWITT-:-CLINTONIA 9,0
DEWITT-:-CREEK,0
DEWITT-:-DEWITT,0
DEWITT-:-HARP,0
DEWITT-:-NIXON,0
DEWITT-:-RUTLEDGE,0
DEWITT-:-SANTA ANNA 1,0
DEWITT-:-SANTA ANNA 2,0
DEWITT-:-SANTA ANNA 3,0
DEWITT-:-TEXAS,0
DEWITT-:-TUNBRIDGE,0
DEWITT-:-WAPELLA,0
DEWITT-:-WAYNESVILLE,0
DEWITT-:-WILSON,0
DOUGLAS-:-ARCOLA 1,0
DOUGLAS-:-ARCOLA 2,0
DOUGLAS-:-ARCOLA 3,0
DOUGLAS-:-BOURBON 1,0
DOUGLAS-:-BOURBON 2,0
DOUGLAS-:-BOWDRE,0
DOUGLAS-:-CAMARGO 1,0
DOUGLAS-:-CAMARGO 2,0
DOUGLAS-:-CAMARGO 3,0
DOUGLAS-:-GARRETT,0
DOUGLAS-:-MURDOCK,0
DOUGLAS-:-NEWMAN,0
DOUGLAS-:-SARGENT,0
DOUGLAS-:-TUSCOLA 1,0
DOUGLAS-:-TUSCOLA 2,0
DOUGLAS-:-TUSCOLA 3,0
DOUGLAS-:-TUSCOLA 4,0
DUPAGE-:-ADDISON 001-0152,6
DUPAGE-:-ADDISON 002-0153,6
DUPAGE-:-ADDISON 003-0154,9
DUPAGE-:-ADDISON 004-0155,6
DUPAGE-:-ADDISON 005-0156,6
DUPAGE-:-ADDISON 006-0157,11
DUPAGE-:-ADDISON 007-0158,6
DUPAGE-:-ADDISON 008-0159,6
DUPAGE-:-ADDISON 009-0160,11
DUPAGE-:-ADDISON 010-0161,6
DUPAGE-:-ADDISON 011-0162,6
DUPAGE-:-ADDISON 012-0163/0164,6
DUPAGE-:-ADDISON 013-0165,9
DUPAGE-:-ADDISON 014-0166,6
DUPAGE-:-ADDISON 015-0167,6
DUPAGE-:-ADDISON 016-0168,6
DUPAGE-:-ADDISON 017-0169,8
DUPAGE-:-ADDISON 018-0170,11
DUPAGE-:-ADDISON 019-0171,8
DUPAGE-:-ADDISON 020-0172,11
DUPAGE-:-ADDISON 021-0173,11
DUPAGE-:-ADDISON 022-0174/0175,5
DUPAGE-:-ADDISON 023-0176,11
DUPAGE-:-ADDISON 024-0177,6
DUPAGE-:-ADDISON 025-0178,11
DUPAGE-:-ADDISON 026-0179,11
DUPAGE-:-ADDISON 027-0180,11
DUPAGE-:-ADDISON 028-0181,11
DUPAGE-:-ADDISON 029-0182,11
DUPAGE-:-ADDISON 030-0183,6
DUPAGE-:-ADDISON 031-0184,11
DUPAGE-:-ADDISON 032-0185,11
DUPAGE-:-ADDISON 033-0186/0187,11
DUPAGE-:-ADDISON 034-0188,5
DUPAGE-:-ADDISON 035-0189,11
DUPAGE-:-ADDISON 036-0190,11
DUPAGE-:-ADDISON 037-0191/0192,11
DUPAGE-:-ADDISON 038-0193,11
DUPAGE-:-ADDISON 039-0194,11
DUPAGE-:-ADDISON 040-0195,11
DUPAGE-:-ADDISON 041-0196,11
DUPAGE-:-ADDISON 042-0197,11
DUPAGE-:-ADDISON 043-0198,11
DUPAGE-:-ADDISON 044-0199/0200,9
DUPAGE-:-ADDISON 045-0201,11
DUPAGE-:-ADDISON 046-0202,11
DUPAGE-:-ADDISON 047-0203/0204,11
DUPAGE-:-ADDISON 048-0205,9
DUPAGE-:-ADDISON 049-0207,11
DUPAGE-:-ADDISON 050-0208,3
DUPAGE-:-ADDISON 051-0209,3
DUPAGE-:-ADDISON 052-0210,11
DUPAGE-:-ADDISON 053-0211,9
DUPAGE-:-BLOOMINGDALE 001-0046,8
DUPAGE-:-BLOOMINGDALE 002-0047/0048,6
DUPAGE-:-BLOOMINGDALE 003-0050,6
DUPAGE-:-BLOOMINGDALE 004-0051,13
DUPAGE-:-BLOOMINGDALE 005-0052,8
DUPAGE-:-BLOOMINGDALE 006-0053/0054,6
DUPAGE-:-BLOOMINGDALE 007-0055,8
DUPAGE-:-BLOOMINGDALE 008-0056,6
DUPAGE-:-BLOOMINGDALE 009-0057/0058,5
DUPAGE-:-BLOOMINGDALE 010-0059,5
DUPAGE-:-BLOOMINGDALE 011-0060,6
DUPAGE-:-BLOOMINGDALE 012-0061/0062,8
DUPAGE-:-BLOOMINGDALE 013-0063,8
DUPAGE-:-BLOOMINGDALE 014-0064,6
DUPAGE-:-BLOOMINGDALE 015-0065/0066,5
DUPAGE-:-BLOOMINGDALE 016-0067/0068,5
DUPAGE-:-BLOOMINGDALE 017-0069/0070,5
DUPAGE-:-BLOOMINGDALE 018-0071/0072/0073,6
DUPAGE-:-BLOOMINGDALE 019-0074/0075/0076/0077,8
DUPAGE-:-BLOOMINGDALE 020-0078/0079,6
DUPAGE-:-BLOOMINGDALE 021-0080,6
DUPAGE-:-BLOOMINGDALE 022-0081,6
DUPAGE-:-BLOOMINGDALE 023-0083/0084/0085,5
DUPAGE-:-BLOOMINGDALE 024-0086,5
DUPAGE-:-BLOOMINGDALE 025-0087,5
DUPAGE-:-BLOOMINGDALE 026-0088/0089,6
DUPAGE-:-BLOOMINGDALE 027-0090,11
DUPAGE-:-BLOOMINGDALE 028-0091,9
DUPAGE-:-BLOOMINGDALE 029-0092,6
DUPAGE-:-BLOOMINGDALE 030-0093,6
DUPAGE-:-BLOOMINGDALE 031-0094,6
DUPAGE-:-BLOOMINGDALE 032-0095/0096,5
DUPAGE-:-BLOOMINGDALE 033-0097,5
DUPAGE-:-BLOOMINGDALE 034-0098,5
DUPAGE-:-BLOOMINGDALE 035-0099,6
DUPAGE-:-BLOOMINGDALE 036-0101,5
DUPAGE-:-BLOOMINGDALE 037-0102/0103,6
DUPAGE-:-BLOOMINGDALE 038-0104/0105/0106/0107,6
DUPAGE-:-BLOOMINGDALE 039-0108/0109,5
DUPAGE-:-BLOOMINGDALE 040-0110/0112,6
DUPAGE-:-BLOOMINGDALE 041-0113/0114,6
DUPAGE-:-BLOOMINGDALE 042-0115,6
DUPAGE-:-BLOOMINGDALE 043-0116,6
DUPAGE-:-BLOOMINGDALE 044-0117,9
DUPAGE-:-BLOOMINGDALE 045-0118,6
DUPAGE-:-BLOOMINGDALE 045-0119,6
DUPAGE-:-BLOOMINGDALE 046-0120,6
DUPAGE-:-BLOOMINGDALE 047-0121,6
DUPAGE-:-BLOOMINGDALE 048-0122,8
DUPAGE-:-BLOOMINGDALE 049-0123/0124,6
DUPAGE-:-BLOOMINGDALE 050-0125/0126,3
DUPAGE-:-BLOOMINGDALE 051-0127,9
DUPAGE-:-BLOOMINGDALE 052-0128,9
DUPAGE-:-BLOOMINGDALE 053-0129,6
DUPAGE-:-BLOOMINGDALE 054-0130/0131,6
DUPAGE-:-BLOOMINGDALE 055-0132,6
DUPAGE-:-BLOOMINGDALE 056-0133,6
DUPAGE-:-BLOOMINGDALE 057-0134,8
DUPAGE-:-BLOOMINGDALE 058-0135,6
DUPAGE-:-BLOOMINGDALE 059-0136,8
DUPAGE-:-BLOOMINGDALE 060-0137,6
DUPAGE-:-BLOOMINGDALE 061-0138,9
DUPAGE-:-BLOOMINGDALE 062-0139,6
DUPAGE-:-BLOOMINGDALE 063-0140,6
DUPAGE-:-BLOOMINGDALE 064-0141,6
DUPAGE-:-BLOOMINGDALE 065-0142,6
DUPAGE-:-BLOOMINGDALE 066-0143,6
DUPAGE-:-BLOOMINGDALE 067-0144,2
DUPAGE-:-BLOOMINGDALE 068-0145/0146,6
DUPAGE-:-BLOOMINGDALE 069-0147,6
DUPAGE-:-BLOOMINGDALE 070-0148,6
DUPAGE-:-BLOOMINGDALE 071-0150,6
DUPAGE-:-BLOOMINGDALE 072-0151,6
DUPAGE-:-DOWNERS GROVE 001-0691,6
DUPAGE-:-DOWNERS GROVE 002-0692,3
DUPAGE-:-DOWNERS GROVE 003-0693/0694,3
DUPAGE-:-DOWNERS GROVE 004-0695/0696/0697,3
DUPAGE-:-DOWNERS GROVE 005-0698,3
DUPAGE-:-DOWNERS GROVE 006-0699/0700/0701,3
DUPAGE-:-DOWNERS GROVE 007-0702,3
DUPAGE-:-DOWNERS GROVE 008-0703,3
DUPAGE-:-DOWNERS GROVE 009-0704,3
DUPAGE-:-DOWNERS GROVE 010-0705/0706,3
DUPAGE-:-DOWNERS GROVE 011-0707,3
DUPAGE-:-DOWNERS GROVE 012-0708,3
DUPAGE-:-DOWNERS GROVE 013-0710,3
DUPAGE-:-DOWNERS GROVE 014-0712,3
DUPAGE-:-DOWNERS GROVE 015-0714/0715/0716/0717,3
DUPAGE-:-DOWNERS GROVE 016-0718/0719/0720,3
DUPAGE-:-DOWNERS GROVE 017-0721,3
DUPAGE-:-DOWNERS GROVE 018-0723/0724/0725/0726,3
DUPAGE-:-DOWNERS GROVE 019-0727,3
DUPAGE-:-DOWNERS GROVE 020-0728/0729,3
DUPAGE-:-DOWNERS GROVE 021-0730/0731,3
DUPAGE-:-DOWNERS GROVE 022-0732,3
DUPAGE-:-DOWNERS GROVE 023-0733,3
DUPAGE-:-DOWNERS GROVE 024-0734/0735,3
DUPAGE-:-DOWNERS GROVE 025-0736,3
DUPAGE-:-DOWNERS GROVE 026-0737,3
DUPAGE-:-DOWNERS GROVE 027-0738,3
DUPAGE-:-DOWNERS GROVE 028-0739,3
DUPAGE-:-DOWNERS GROVE 029-0740,3
DUPAGE-:-DOWNERS GROVE 030-0741,3
DUPAGE-:-DOWNERS GROVE 031-0742,3
DUPAGE-:-DOWNERS GROVE 032-0743,3
DUPAGE-:-DOWNERS GROVE 033-0744,3
DUPAGE-:-DOWNERS GROVE 034-0745,3
DUPAGE-:-DOWNERS GROVE 035-0746,3
DUPAGE-:-DOWNERS GROVE 036-0747/0748,3
DUPAGE-:-DOWNERS GROVE 037-0749,3
DUPAGE-:-DOWNERS GROVE 038-0750,3
DUPAGE-:-DOWNERS GROVE 039-0751/0752,3
DUPAGE-:-DOWNERS GROVE 040-0753,3
DUPAGE-:-DOWNERS GROVE 041-0754,3
DUPAGE-:-DOWNERS GROVE 042-0755,3
DUPAGE-:-DOWNERS GROVE 043-0756,3
DUPAGE-:-DOWNERS GROVE 044-0757/0758,6
DUPAGE-:-DOWNERS GROVE 045-0759,3
DUPAGE-:-DOWNERS GROVE 046-0760/0761,3
DUPAGE-:-DOWNERS GROVE 047-0762/0763,3
DUPAGE-:-DOWNERS GROVE 048-0764,3
DUPAGE-:-DOWNERS GROVE 049-0765,3
DUPAGE-:-DOWNERS GROVE 050-0766,3
DUPAGE-:-DOWNERS GROVE 051-0767,3
DUPAGE-:-DOWNERS GROVE 052-0768,3
DUPAGE-:-DOWNERS GROVE 053-0769,3
DUPAGE-:-DOWNERS GROVE 054-0770,3
DUPAGE-:-DOWNERS GROVE 055-0771/0772,3
DUPAGE-:-DOWNERS GROVE 056-0773,3
DUPAGE-:-DOWNERS GROVE 057-0774,3
DUPAGE-:-DOWNERS GROVE 058-0775,3
DUPAGE-:-DOWNERS GROVE 059-0776,3
DUPAGE-:-DOWNERS GROVE 060-0777,3
DUPAGE-:-DOWNERS GROVE 061-0778,3
DUPAGE-:-DOWNERS GROVE 062-0779,3
DUPAGE-:-DOWNERS GROVE 063-0780,3
DUPAGE-:-DOWNERS GROVE 064-0781,3
DUPAGE-:-DOWNERS GROVE 065-0782/0783,3
DUPAGE-:-DOWNERS GROVE 066-0784,3
DUPAGE-:-DOWNERS GROVE 067-0785,3
DUPAGE-:-DOWNERS GROVE 068-0786,3
DUPAGE-:-DOWNERS GROVE 069-0787/0788,3
DUPAGE-:-DOWNERS GROVE 070-0789,3
DUPAGE-:-DOWNERS GROVE 071-0790,3
DUPAGE-:-DOWNERS GROVE 072-0791/0792,3
DUPAGE-:-DOWNERS GROVE 073-0793,3
DUPAGE-:-DOWNERS GROVE 074-0794,3
DUPAGE-:-DOWNERS GROVE 075-0795,3
DUPAGE-:-DOWNERS GROVE 076-0796,3
DUPAGE-:-DOWNERS GROVE 077-0797/0798,3
DUPAGE-:-DOWNERS GROVE 078-0799,3
DUPAGE-:-DOWNERS GROVE 079-0800,3
DUPAGE-:-DOWNERS GROVE 080-0801/0802/0803,3
DUPAGE-:-DOWNERS GROVE 081-0804,3
DUPAGE-:-DOWNERS GROVE 082-0805,3
DUPAGE-:-DOWNERS GROVE 083-0806,3
DUPAGE-:-DOWNERS GROVE 084-0807,3
DUPAGE-:-DOWNERS GROVE 085-0808,3
DUPAGE-:-DOWNERS GROVE 085-0809/0810,3
DUPAGE-:-DOWNERS GROVE 086-0811,3
DUPAGE-:-DOWNERS GROVE 087-0812,3
DUPAGE-:-DOWNERS GROVE 088-0813,3
DUPAGE-:-DOWNERS GROVE 089-0814,3
DUPAGE-:-DOWNERS GROVE 090-0815,3
DUPAGE-:-DOWNERS GROVE 091-0816,3
DUPAGE-:-DOWNERS GROVE 092-0817,3
DUPAGE-:-DOWNERS GROVE 093-0818,3
DUPAGE-:-DOWNERS GROVE 094-0819/0820,3
DUPAGE-:-DOWNERS GROVE 095-0821,3
DUPAGE-:-DOWNERS GROVE 096-0822,3
DUPAGE-:-DOWNERS GROVE 097-0823,3
DUPAGE-:-DOWNERS GROVE 098-0824/0825,3
DUPAGE-:-DOWNERS GROVE 099-0826,16
DUPAGE-:-DOWNERS GROVE 100-0827,16
DUPAGE-:-DOWNERS GROVE 101-0828,3
DUPAGE-:-DOWNERS GROVE 102-0829,16
DUPAGE-:-DOWNERS GROVE 103-0830,16
DUPAGE-:-LISLE 001-0583/0584,6
DUPAGE-:-LISLE 002-0585,8
DUPAGE-:-LISLE 003-0586/0587/0589/0590,6
DUPAGE-:-LISLE 004-0591,6
DUPAGE-:-LISLE 005-0592/0593/0594,6
DUPAGE-:-LISLE 006-0595,6
DUPAGE-:-LISLE 007-0596,6
DUPAGE-:-LISLE 008-0597,6
DUPAGE-:-LISLE 009-0598/0599,6
DUPAGE-:-LISLE 010-0600/0601,6
DUPAGE-:-LISLE 011-0602,5
DUPAGE-:-LISLE 012-0603,6
DUPAGE-:-LISLE 013-0604,3
DUPAGE-:-LISLE 014-0605,3
DUPAGE-:-LISLE 015-0606,6
DUPAGE-:-LISLE 015-0607,6
DUPAGE-:-LISLE 016-0608,6
DUPAGE-:-LISLE 017-0609,3
DUPAGE-:-LISLE 018-0610,3
DUPAGE-:-LISLE 018-0611,6
DUPAGE-:-LISLE 019-0612/0613,3
DUPAGE-:-LISLE 020-0614,6
DUPAGE-:-LISLE 021-0615,3
DUPAGE-:-LISLE 022-0616,3
DUPAGE-:-LISLE 023-0617,6
DUPAGE-:-LISLE 024-0618,3
DUPAGE-:-LISLE 025-0619/0620,6
DUPAGE-:-LISLE 026-0621,3
DUPAGE-:-LISLE 027-0622,3
DUPAGE-:-LISLE 028-0623,6
DUPAGE-:-LISLE 029-0624,6
DUPAGE-:-LISLE 030-0625,3
DUPAGE-:-LISLE 031-0626,3
DUPAGE-:-LISLE 032-0627,3
DUPAGE-:-LISLE 033-0628/0629,6
DUPAGE-:-LISLE 034-0630/0631,6
DUPAGE-:-LISLE 035-0632,6
DUPAGE-:-LISLE 036-0633,3
DUPAGE-:-LISLE 037-0634,3
DUPAGE-:-LISLE 038-0635/0636,3
DUPAGE-:-LISLE 039-0637/0638,3
DUPAGE-:-LISLE 040-0639/0640,3
DUPAGE-:-LISLE 041-0641/0642/0643,3
DUPAGE-:-LISLE 042-0644/0645,3
DUPAGE-:-LISLE 043-0646,3
DUPAGE-:-LISLE 044-0647,3
DUPAGE-:-LISLE 045-0648,3
DUPAGE-:-LISLE 046-0649,3
DUPAGE-:-LISLE 047-0651,3
DUPAGE-:-LISLE 048-0652,3
DUPAGE-:-LISLE 049-0653/0654,3
DUPAGE-:-LISLE 050-0655,3
DUPAGE-:-LISLE 051-0656,3
DUPAGE-:-LISLE 052-0657,3
DUPAGE-:-LISLE 053-0658,3
DUPAGE-:-LISLE 054-0659,3
DUPAGE-:-LISLE 055-0660/0661,3
DUPAGE-:-LISLE 056-0662,3
DUPAGE-:-LISLE 057-0663/0664/0665,3
DUPAGE-:-LISLE 058-0666/0667,3
DUPAGE-:-LISLE 059-0668,3
DUPAGE-:-LISLE 060-0669,3
DUPAGE-:-LISLE 061-0670,3
DUPAGE-:-LISLE 062-0671/0672,3
DUPAGE-:-LISLE 063-0673,3
DUPAGE-:-LISLE 064-0674,3
DUPAGE-:-LISLE 065-0675,3
DUPAGE-:-LISLE 066-0676,3
DUPAGE-:-LISLE 067-0677,3
DUPAGE-:-LISLE 068-0678,3
DUPAGE-:-LISLE 069-0679,3
DUPAGE-:-LISLE 070-0680,3
DUPAGE-:-LISLE 071-0681,3
DUPAGE-:-LISLE 072-0682,6
DUPAGE-:-LISLE 073-0683/0684,3
DUPAGE-:-LISLE 074-0685,3
DUPAGE-:-LISLE 075-0686,3
DUPAGE-:-LISLE 076-0687/0688,3
DUPAGE-:-LISLE 077-0689/0690,3
DUPAGE-:-MILTON 001-0263/0264,2
DUPAGE-:-MILTON 002-0265/0266/0267/0268,5
DUPAGE-:-MILTON 003-0269/0270,6
DUPAGE-:-MILTON 004-0271/0272/0273,6
DUPAGE-:-MILTON 005-0275,6
DUPAGE-:-MILTON 006-0276/0277,6
DUPAGE-:-MILTON 007-0278/0279/0280,6
DUPAGE-:-MILTON 008-0282/0283/0284,6
DUPAGE-:-MILTON 009-0285/0286,8
DUPAGE-:-MILTON 010-0287,6
DUPAGE-:-MILTON 011-0288,6
DUPAGE-:-MILTON 012-0289/0290,2
DUPAGE-:-MILTON 013-0291/0292/0293,2
DUPAGE-:-MILTON 014-0294/0295,2
DUPAGE-:-MILTON 015-0296/0297/0298,2
DUPAGE-:-MILTON 016-0299,6
DUPAGE-:-MILTON 017-0300/0301/0302,8
DUPAGE-:-MILTON 018-0303/0304,8
DUPAGE-:-MILTON 019-0305,8
DUPAGE-:-MILTON 020-0306,8
DUPAGE-:-MILTON 021-0307,6
DUPAGE-:-MILTON 022-0308/0309,8
DUPAGE-:-MILTON 023-0310/0311,8
DUPAGE-:-MILTON 024-0312,8
DUPAGE-:-MILTON 025-0313,8
DUPAGE-:-MILTON 026-0314,2
DUPAGE-:-MILTON 027-0315,2
DUPAGE-:-MILTON 028-0316/0317,8
DUPAGE-:-MILTON 029-0318/0319,8
DUPAGE-:-MILTON 030-0320,2
DUPAGE-:-MILTON 031-0321,8
DUPAGE-:-MILTON 031-0322,8
DUPAGE-:-MILTON 032-0323/0324,6
DUPAGE-:-MILTON 033-0325,6
DUPAGE-:-MILTON 034-0326,6
DUPAGE-:-MILTON 035-0327,6
DUPAGE-:-MILTON 036-0328,8
DUPAGE-:-MILTON 037-0329,8
DUPAGE-:-MILTON 038-0330/0331,8
DUPAGE-:-MILTON 039-0332,8
DUPAGE-:-MILTON 040-0333,8
DUPAGE-:-MILTON 041-0334,8
DUPAGE-:-MILTON 042-0335,8
DUPAGE-:-MILTON 043-0336,8
DUPAGE-:-MILTON 044-0337,6
DUPAGE-:-MILTON 045-0338,8
DUPAGE-:-MILTON 046-0339,6
DUPAGE-:-MILTON 047-0340/0341,8
DUPAGE-:-MILTON 048-0342,8
DUPAGE-:-MILTON 049-0343,8
DUPAGE-:-MILTON 050-0344,8
DUPAGE-:-MILTON 051-0345/0346,8
DUPAGE-:-MILTON 052-0347,8
DUPAGE-:-MILTON 053-0348/0349,8
DUPAGE-:-MILTON 054-0350,6
DUPAGE-:-MILTON 055-0351,8
DUPAGE-:-MILTON 056-0352,6
DUPAGE-:-MILTON 057-0353,8
DUPAGE-:-MILTON 058-0354/0355,8
DUPAGE-:-MILTON 059-0356/0357,8
DUPAGE-:-MILTON 060-0358/0359,8
DUPAGE-:-MILTON 061-0360,8
DUPAGE-:-MILTON 062-0361,8
DUPAGE-:-MILTON 062-0362,8
DUPAGE-:-MILTON 063-0363,8
DUPAGE-:-MILTON 064-0364,8
DUPAGE-:-MILTON 065-0365/0366,8
DUPAGE-:-MILTON 066-0368,8
DUPAGE-:-MILTON 067-0369,8
DUPAGE-:-MILTON 068-0370/0371,8
DUPAGE-:-MILTON 069-0372/0373,8
DUPAGE-:-MILTON 070-0374,8
DUPAGE-:-MILTON 071-0375/0376,8
DUPAGE-:-MILTON 072-0377/0378,8
DUPAGE-:-MILTON 073-0379/0380/0381,8
DUPAGE-:-MILTON 074-0382,8
DUPAGE-:-MILTON 075-0383,8
DUPAGE-:-MILTON 076-0384,6
DUPAGE-:-MILTON 077-0385/0386,8
DUPAGE-:-MILTON 078-0387/0388,6
DUPAGE-:-MILTON 079-0389/0390,8
DUPAGE-:-MILTON 080-0391,8
DUPAGE-:-MILTON 081-0392,8
DUPAGE-:-NAPERVILLE 001-0509,6
DUPAGE-:-NAPERVILLE 002-0510/0511,8
DUPAGE-:-NAPERVILLE 003-0512/0513/0514,8
DUPAGE-:-NAPERVILLE 004-0515/0517,6
DUPAGE-:-NAPERVILLE 005-0519,5
DUPAGE-:-NAPERVILLE 006-0520/0521,6
DUPAGE-:-NAPERVILLE 007-0522,8
DUPAGE-:-NAPERVILLE 008-0523,6
DUPAGE-:-NAPERVILLE 009-0524,6
DUPAGE-:-NAPERVILLE 010-0525/0526,6
DUPAGE-:-NAPERVILLE 011-0527/0528,6
DUPAGE-:-NAPERVILLE 012-0529,8
DUPAGE-:-NAPERVILLE 013-0530/0531,6
DUPAGE-:-NAPERVILLE 014-0532/0533,8
DUPAGE-:-NAPERVILLE 015-0534,8
DUPAGE-:-NAPERVILLE 016-0535,6
DUPAGE-:-NAPERVILLE 017-0536/0537,6
DUPAGE-:-NAPERVILLE 018-0538/0539,6
DUPAGE-:-NAPERVILLE 019-0540,5
DUPAGE-:-NAPERVILLE 020-0541,5
DUPAGE-:-NAPERVILLE 021-0542,6
DUPAGE-:-NAPERVILLE 022-0543,3
DUPAGE-:-NAPERVILLE 023-0544/0545,3
DUPAGE-:-NAPERVILLE 024-0546,5
DUPAGE-:-NAPERVILLE 025-0547,5
DUPAGE-:-NAPERVILLE 026-0548,5
DUPAGE-:-NAPERVILLE 027-0549,6
DUPAGE-:-NAPERVILLE 028-0550,6
DUPAGE-:-NAPERVILLE 029-0551,3
DUPAGE-:-NAPERVILLE 030-0552,3
DUPAGE-:-NAPERVILLE 031-0553/0554,3
DUPAGE-:-NAPERVILLE 032-0555,5
DUPAGE-:-NAPERVILLE 033-0556,6
DUPAGE-:-NAPERVILLE 034-0557,3
DUPAGE-:-NAPERVILLE 035-0558,5
DUPAGE-:-NAPERVILLE 036-0559,5
DUPAGE-:-NAPERVILLE 037-0560,5
DUPAGE-:-NAPERVILLE 038-0561,5
DUPAGE-:-NAPERVILLE 039-0562,5
DUPAGE-:-NAPERVILLE 040-0563,6
DUPAGE-:-NAPERVILLE 041-0564,3
DUPAGE-:-NAPERVILLE 042-0565,6
DUPAGE-:-NAPERVILLE 043-0566,3
DUPAGE-:-NAPERVILLE 044-0567,3
DUPAGE-:-NAPERVILLE 045-0568,6
DUPAGE-:-NAPERVILLE 046-0570,3
DUPAGE-:-NAPERVILLE 047-0571,5
DUPAGE-:-NAPERVILLE 048-0572,6
DUPAGE-:-NAPERVILLE 049-0573,6
DUPAGE-:-NAPERVILLE 050-0574,6
DUPAGE-:-NAPERVILLE 051-0575,3
DUPAGE-:-NAPERVILLE 052-0576,6
DUPAGE-:-NAPERVILLE 053-0577,3
DUPAGE-:-NAPERVILLE 054-0578,3
DUPAGE-:-NAPERVILLE 055-0579,3
DUPAGE-:-NAPERVILLE 056-0580,6
DUPAGE-:-NAPERVILLE 057-0581,3
DUPAGE-:-NAPERVILLE 058-0582,3
DUPAGE-:-WAYNE 001-0001,6
DUPAGE-:-WAYNE 002-0002,8
DUPAGE-:-WAYNE 003-0003,8
DUPAGE-:-WAYNE 004-0004,8
DUPAGE-:-WAYNE 005-0005,8
DUPAGE-:-WAYNE 006-0006,8
DUPAGE-:-WAYNE 007-0007,6
DUPAGE-:-WAYNE 008-0008,6
DUPAGE-:-WAYNE 009-0009,8
DUPAGE-:-WAYNE 010-0010,6
DUPAGE-:-WAYNE 011-0011,6
DUPAGE-:-WAYNE 012-0012,6
DUPAGE-:-WAYNE 013-0013,9
DUPAGE-:-WAYNE 014-0014,9
DUPAGE-:-WAYNE 015-0015,6
DUPAGE-:-WAYNE 016-0016,9
DUPAGE-:-WAYNE 017-0017,6
DUPAGE-:-WAYNE 018-0018,9
DUPAGE-:-WAYNE 019-0019,2
DUPAGE-:-WAYNE 020-0020,2
DUPAGE-:-WAYNE 021-0021,2
DUPAGE-:-WAYNE 022-0022,9
DUPAGE-:-WAYNE 023-0023,9
DUPAGE-:-WAYNE 024-0024,6
DUPAGE-:-WAYNE 025-0025,9
DUPAGE-:-WAYNE 026-0026,9
DUPAGE-:-WAYNE 027-0027,9
DUPAGE-:-WAYNE 028-0028,6
DUPAGE-:-WAYNE 029-0029,9
DUPAGE-:-WAYNE 030-0030,6
DUPAGE-:-WAYNE 031-0031,9
DUPAGE-:-WAYNE 032-0032,9
DUPAGE-:-WAYNE 033-0033,2
DUPAGE-:-WAYNE 034-0034,9
DUPAGE-:-WAYNE 035-0035,9
DUPAGE-:-WAYNE 036-0036,9
DUPAGE-:-WAYNE 037-0037,9
DUPAGE-:-WAYNE 038-0038,2
DUPAGE-:-WAYNE 038-0039,9
DUPAGE-:-WAYNE 039-0040,6
DUPAGE-:-WAYNE 040-0041/0042,2
DUPAGE-:-WAYNE 041-0043,2
DUPAGE-:-WAYNE 042-0044,9
DUPAGE-:-WAYNE 043-0045,2
DUPAGE-:-WINFIELD 001-0212,6
DUPAGE-:-WINFIELD 002-0213/0214,2
DUPAGE-:-WINFIELD 003-0215/0216/0217/0218,2
DUPAGE-:-WINFIELD 004-0219/0220/0221,8
DUPAGE-:-WINFIELD 005-0222,6
DUPAGE-:-WINFIELD 006-0223/0224,6
DUPAGE-:-WINFIELD 006-0225,2
DUPAGE-:-WINFIELD 007-0226/0227,8
DUPAGE-:-WINFIELD 008-0228/0229,8
DUPAGE-:-WINFIELD 009-0230,6
DUPAGE-:-WINFIELD 010-0231,6
DUPAGE-:-WINFIELD 011-0232/0233,8
DUPAGE-:-WINFIELD 012-0234/0235,6
DUPAGE-:-WINFIELD 013-0236/0237,6
DUPAGE-:-WINFIELD 014-0238/0239,8
DUPAGE-:-WINFIELD 015-0240,8
DUPAGE-:-WINFIELD 016-0241/0242/0243,8
DUPAGE-:-WINFIELD 017-0244,8
DUPAGE-:-WINFIELD 018-0245/0246/0247,8
DUPAGE-:-WINFIELD 019-0248/0249/0250/0251,8
DUPAGE-:-WINFIELD 020-0252,8
DUPAGE-:-WINFIELD 021-0253,8
DUPAGE-:-WINFIELD 022-0254,6
DUPAGE-:-WINFIELD 023-0255,8
DUPAGE-:-WINFIELD 023-0257,6
DUPAGE-:-WINFIELD 024-0258/0259,8
DUPAGE-:-WINFIELD 025-0260,8
DUPAGE-:-WINFIELD 026-0261,8
DUPAGE-:-WINFIELD 027-0262,8
DUPAGE-:-YORK 001-0394/0395,3
DUPAGE-:-YORK 002-0396,3
DUPAGE-:-YORK 003-0397,3
DUPAGE-:-YORK 004-0398,3
DUPAGE-:-YORK 005-0399,3
DUPAGE-:-YORK 006-0400,11
DUPAGE-:-YORK 007-0401,11
DUPAGE-:-YORK 008-0403/0404,11
DUPAGE-:-YORK 009-0406,3
DUPAGE-:-YORK 010-0407,3
DUPAGE-:-YORK 011-0408,11
DUPAGE-:-YORK 012-0409,9
DUPAGE-:-YORK 013-0410,11
DUPAGE-:-YORK 014-0411,3
DUPAGE-:-YORK 015-0412,11
DUPAGE-:-YORK 016-0413/0414,11
DUPAGE-:-YORK 017-0415/0416,11
DUPAGE-:-YORK 018-0417,11
DUPAGE-:-YORK 019-0418,3
DUPAGE-:-YORK 020-0419,11
DUPAGE-:-YORK 021-0420,3
DUPAGE-:-YORK 022-0421,3
DUPAGE-:-YORK 023-0422,11
DUPAGE-:-YORK 024-0423,3
DUPAGE-:-YORK 025-0424,3
DUPAGE-:-YORK 026-0425,3
DUPAGE-:-YORK 027-0426,3
DUPAGE-:-YORK 028-0427,11
DUPAGE-:-YORK 029-0428/0429,3
DUPAGE-:-YORK 030-0430,11
DUPAGE-:-YORK 031-0431,3
DUPAGE-:-YORK 032-0432,11
DUPAGE-:-YORK 033-0433,3
DUPAGE-:-YORK 034-0434,3
DUPAGE-:-YORK 035-0435,3
DUPAGE-:-YORK 036-0436,3
DUPAGE-:-YORK 037-0437,3
DUPAGE-:-YORK 038-0438,3
DUPAGE-:-YORK 039-0439,3
DUPAGE-:-YORK 040-0440,3
DUPAGE-:-YORK 041-0442,3
DUPAGE-:-YORK 042-0443,3
DUPAGE-:-YORK 043-0444,3
DUPAGE-:-YORK 044-0445,3
DUPAGE-:-YORK 045-0446,6
DUPAGE-:-YORK 046-0447,3
DUPAGE-:-YORK 047-0448,3
DUPAGE-:-YORK 048-0449,3
DUPAGE-:-YORK 049-0450,3
DUPAGE-:-YORK 050-0451,3
DUPAGE-:-YORK 051-0452,3
DUPAGE-:-YORK 052-0453,3
DUPAGE-:-YORK 053-0454,6
DUPAGE-:-YORK 054-0455,3
DUPAGE-:-YORK 055-0456/0457/0458,3
DUPAGE-:-YORK 056-0459,3
DUPAGE-:-YORK 057-0460/0461,3
DUPAGE-:-YORK 058-0462/0463,3
DUPAGE-:-YORK 059-0464/0465,11
DUPAGE-:-YORK 060-0466,6
DUPAGE-:-YORK 061-0467,6
DUPAGE-:-YORK 062-0468,3
DUPAGE-:-YORK 063-0469/0470,3
DUPAGE-:-YORK 064-0471/0472,6
DUPAGE-:-YORK 065-0473,3
DUPAGE-:-YORK 066-0474,3
DUPAGE-:-YORK 067-0475,3
DUPAGE-:-YORK 068-0476/0477/0478,3
DUPAGE-:-YORK 069-0479,3
DUPAGE-:-YORK 070-0480/0481,3
DUPAGE-:-YORK 071-0483/0484,3
DUPAGE-:-YORK 072-0485,3
DUPAGE-:-YORK 073-0486/0487,6
DUPAGE-:-YORK 074-0488/0489/0490,6
DUPAGE-:-YORK 075-0491,6
DUPAGE-:-YORK 076-0492/0493,3
DUPAGE-:-YORK 077-0494/0495,3
DUPAGE-:-YORK 078-0496,3
DUPAGE-:-YORK 079-0497/0498,3
DUPAGE-:-YORK 080-0499/0500,6
DUPAGE-:-YORK 081-0501/0502,6
DUPAGE-:-YORK 082-0503,6
DUPAGE-:-YORK 083-0504,3
DUPAGE-:-YORK 084-0505/0506,3
DUPAGE-:-YORK 085-0507,3
DUPAGE-:-YORK 086-0508,3
EDGAR-:-BROUILLETTS CREEK,0
EDGAR-:-BUCK,0
EDGAR-:-EDGAR,0
EDGAR-:-ELBRIDGE,0
EDGAR-:-EMBARRASS,0
EDGAR-:-GRANDVIEW,0
EDGAR-:-HUNTER,0
EDGAR-:-KANSAS,0
EDGAR-:-PARIS 1,0
EDGAR-:-PARIS 10,0
EDGAR-:-PARIS 11,0
EDGAR-:-PARIS 12,0
EDGAR-:-PARIS 14,0
EDGAR-:-PARIS 15,0
EDGAR-:-PARIS 2,0
EDGAR-:-PARIS 3,0
EDGAR-:-PARIS 4,0
EDGAR-:-PARIS 5,0
EDGAR-:-PARIS 6,0
EDGAR-:-PARIS 7,0
EDGAR-:-PARIS 8,0
EDGAR-:-PARIS 9,0
EDGAR-:-PRAIRIE,0
EDGAR-:-ROSS 1,0
EDGAR-:-ROSS 2,0
EDGAR-:-SHILOH,0
EDGAR-:-STRATTON,0
EDGAR-:-SYMMES 1,0
EDGAR-:-SYMMES 2,0
EDGAR-:-YOUNG AMERICA 1,0
EDGAR-:-YOUNG AMERICA 2,0
EDWARDS-:-ALBION 1,0
EDWARDS-:-ALBION 2,0
EDWARDS-:-ALBION 3,0
EDWARDS-:-BONE GAP,0
EDWARDS-:-BROWNS,0
EDWARDS-:-DIXON,0
EDWARDS-:-ELLERY,0
EDWARDS-:-FRENCH CREEK,0
EDWARDS-:-SALEM 1,0
EDWARDS-:-SALEM 2,0
EDWARDS-:-SHELBY 1,0
EDWARDS-:-SHELBY 2,0
EFFINGHAM-:-BANNER,0
EFFINGHAM-:-BISHOP,0
EFFINGHAM-:-DOUGLAS 1,0
EFFINGHAM-:-DOUGLAS 10,0
EFFINGHAM-:-DOUGLAS 11,0
EFFINGHAM-:-DOUGLAS 12,0
EFFINGHAM-:-DOUGLAS 13,0
EFFINGHAM-:-DOUGLAS 14,0
EFFINGHAM-:-DOUGLAS 2,0
EFFINGHAM-:-DOUGLAS 3,0
EFFINGHAM-:-DOUGLAS 4,0
EFFINGHAM-:-DOUGLAS 5,0
EFFINGHAM-:-DOUGLAS 6,0
EFFINGHAM-:-DOUGLAS 7,0
EFFINGHAM-:-DOUGLAS 8,0
EFFINGHAM-:-DOUGLAS 9,0
EFFINGHAM-:-JACKSON,0
EFFINGHAM-:-LIBERTY,0
EFFINGHAM-:-LUCAS,0
EFFINGHAM-:-MASON,0
EFFINGHAM-:-MOCCASIN,0
EFFINGHAM-:-MOUND 1,0
EFFINGHAM-:-MOUND 2,0
EFFINGHAM-:-MOUND 3,0
EFFINGHAM-:-ST. FRANCIS,0
EFFINGHAM-:-SUMMIT 1,0
EFFINGHAM-:-SUMMIT 2,0
EFFINGHAM-:-SUMMIT 3,0
EFFINGHAM-:-SUMMIT 4,0
EFFINGHAM-:-SUMMIT 5,0
EFFINGHAM-:-TEUTOPOLIS 1,0
EFFINGHAM-:-TEUTOPOLIS 2,0
EFFINGHAM-:-TEUTOPOLIS 3,0
EFFINGHAM-:-UNION,0
EFFINGHAM-:-WATSON 1,0
EFFINGHAM-:-WATSON 2,0
EFFINGHAM-:-WATSON 3,0
EFFINGHAM-:-WEST,0
FAYETTE-:-AVENA,0
FAYETTE-:-BEAR GROVE,0
FAYETTE-:-BOWLING GREEN,0
FAYETTE-:-CARSON,0
FAYETTE-:-KASKASKIA,0
FAYETTE-:-LACLEDE,0
FAYETTE-:-LONE GROVE,0
FAYETTE-:-LOUDON,0
FAYETTE-:-NORTH HURRICANE,0
FAYETTE-:-OTEGO,0
FAYETTE-:-POPE,0
FAYETTE-:-RAMSEY,0
FAYETTE-:-SEFTON,0
FAYETTE-:-SEMINARY,0
FAYETTE-:-SHAFTER,0
FAYETTE-:-SHARON,0
FAYETTE-:-SOUTH HURRICANE,0
FAYETTE-:-VANDALIA 1,0
FAYETTE-:-VANDALIA 2,0
FAYETTE-:-VANDALIA 3,0
FAYETTE-:-VANDALIA 4,0
FAYETTE-:-VANDALIA 5,0
FAYETTE-:-VANDALIA 6,0
FAYETTE-:-VANDALIA 7,0
FAYETTE-:-VANDALIA 8,0
FAYETTE-:-VANDALIA 9,0
FAYETTE-:-WHEATLAND,0
FAYETTE-:-WILBERTON,0
FORD-:-BRENTON,0
FORD-:-BUTTON,0
FORD-:-DIX,0
FORD-:-DRUMMER 1,0
FORD-:-DRUMMER 2,0
FORD-:-DRUMMER 3,0
FORD-:-DRUMMER 4,0
FORD-:-DRUMMER 5,0
FORD-:-LYMAN,0
FORD-:-MONA,0
FORD-:-PATTON 1,0
FORD-:-PATTON 2,0
FORD-:-PATTON 3,0
FORD-:-PATTON 4,0
FORD-:-PATTON 5,0
FORD-:-PATTON 6,0
FORD-:-PATTON 7,0
FORD-:-PEACH ORCHARD,0
FORD-:-PELLA,0
FORD-:-ROGERS,3
FORD-:-SULLIVANT,0
FORD-:-WALL,0
FRANKLIN-:-BARREN,0
FRANKLIN-:-BENTON 1,0
FRANKLIN-:-BENTON 2,0
FRANKLIN-:-BENTON 3,0
FRANKLIN-:-BENTON 4,0
FRANKLIN-:-BENTON 5,0
FRANKLIN-:-BENTON 6,0
FRANKLIN-:-BENTON 7,0
FRANKLIN-:-BROWNING 1,0
FRANKLIN-:-BROWNING 2,0
FRANKLIN-:-BROWNING 3,0
FRANKLIN-:-CAVE,0
FRANKLIN-:-DENNING 1,0
FRANKLIN-:-DENNING 2,0
FRANKLIN-:-DENNING 3,0
FRANKLIN-:-DENNING 4,0
FRANKLIN-:-DENNING 5,0
FRANKLIN-:-EASTERN,0
FRANKLIN-:-EWING 1,0
FRANKLIN-:-EWING 2,0
FRANKLIN-:-FRANKFORT 1,0
FRANKLIN-:-FRANKFORT 2,0
FRANKLIN-:-FRANKFORT 3,0
FRANKLIN-:-FRANKFORT 4,0
FRANKLIN-:-GOODE 1,0
FRANKLIN-:-GOODE 2,0
FRANKLIN-:-NORTHERN,0
FRANKLIN-:-SIX MILE 1,0
FRANKLIN-:-SIX MILE 2,0
FRANKLIN-:-SIX MILE 3,0
FRANKLIN-:-TYRONE 1,0
FRANKLIN-:-TYRONE 2,0
FRANKLIN-:-TYRONE 3,0
FRANKLIN-:-TYRONE 4,0
FRANKLIN-:-TYRONE 5,0
FULTON-:-ASTORIA-42,0
FULTON-:-ASTORIA-43,0
FULTON-:-BANNER-31,2
FULTON-:-BERNADOTTE-33,0
FULTON-:-BUCKHEART-30,2
FULTON-:-CANTON  1-10,3
FULTON-:-CANTON  2-11,2
FULTON-:-CANTON  3-12,2
FULTON-:-CANTON  4-13,2
FULTON-:-CANTON  5-14,3
FULTON-:-CANTON  6-15,3
FULTON-:-CANTON  7-16,2
FULTON-:-CANTON  8-17,2
FULTON-:-CANTON  9-18,2
FULTON-:-CANTON 10-19,5
FULTON-:-CANTON 11-20,2
FULTON-:-CANTON 12-21,5
FULTON-:-CANTON 13-22,5
FULTON-:-CANTON 14-23,5
FULTON-:-CANTON 15-24,2
FULTON-:-CANTON 16-25,3
FULTON-:-CASS-28,0
FULTON-:-DEERFIELD-8,0
FULTON-:-ELLISVILLE-2,0
FULTON-:-FAIRVIEW-4,0
FULTON-:-FARMERS-32,0
FULTON-:-FARMINGTON 1-5,2
FULTON-:-FARMINGTON 2-6,2
FULTON-:-HARRIS-27,0
FULTON-:-ISABEL-40,0
FULTON-:-JOSHUA-9,2
FULTON-:-KERTON-45,0
FULTON-:-LEE TWP-7,0
FULTON-:-LEWISTOWN 1-34,0
FULTON-:-LEWISTOWN 2-35,0
FULTON-:-LEWISTOWN 3-36,0
FULTON-:-LIVERPOOL-37,0
FULTON-:-ORION-26,2
FULTON-:-PLEASANT-39,0
FULTON-:-PUTMAN-29,2
FULTON-:-UNION-1,2
FULTON-:-VERMONT-38,0
FULTON-:-WATERFORD-41,0
FULTON-:-WOODLAND-44,0
FULTON-:-YOUNG HICKORY-3,0
GALLATIN-:-ASBURY 1,0
GALLATIN-:-BOWLESVILLE 1,0
GALLATIN-:-EAGLE CREEK 1,0
GALLATIN-:-EQUALITY 1,0
GALLATIN-:-GOLD HILL 1,0
GALLATIN-:-GOLD HILL 2,0
GALLATIN-:-NEW HAVEN 1,15
GALLATIN-:-NORTH FORK 1,0
GALLATIN-:-OMAHA 1,0
GALLATIN-:-RIDGWAY 1,0
GALLATIN-:-SHAWNEE 1,0
GREENE-:-ATHENSVILLE 1-1,0
GREENE-:-BLUFFDALE 1-1,0
GREENE-:-CARROLLTON 1-1,0
GREENE-:-CARROLLTON 2-1,0
GREENE-:-CARROLLTON 3-1,0
GREENE-:-KANE 1-1,0
GREENE-:-KANE 2-1,0
GREENE-:-LINDER 1-1,0
GREENE-:-PATTERSON 1-1,0
GREENE-:-ROCKBRIDGE 1-1,0
GREENE-:-ROCKBRIDGE 2-1,0
GREENE-:-ROCKBRIDGE 3-1,0
GREENE-:-ROODHOUSE 1-1,0
GREENE-:-ROODHOUSE 2-1,0
GREENE-:-ROODHOUSE 3-1,0
GREENE-:-RUBICON 1-1,0
GREENE-:-WALKERVILLE 1-1,0
GREENE-:-WHITE HALL 1-1,0
GREENE-:-WHITE HALL 2-1,0
GREENE-:-WHITE HALL 3-1,0
GREENE-:-WOODVILLE 1-1,0
GREENE-:-WRIGHTS 2-1,0
GRUNDY-:-AUX SABLE 01-001,0
GRUNDY-:-AUX SABLE 02-002,0
GRUNDY-:-AUX SABLE 02-003,0
GRUNDY-:-AUX SABLE 03-004,0
GRUNDY-:-AUX SABLE 04-005,0
GRUNDY-:-AUX SABLE 05-006,0
GRUNDY-:-AUX SABLE 05-007,0
GRUNDY-:-AUX SABLE 06-008,0
GRUNDY-:-AUX SABLE 07-009,0
GRUNDY-:-AUX SABLE 07-010,0
GRUNDY-:-BRACEVILLE 01-011,0
GRUNDY-:-BRACEVILLE 02-12/13,0
GRUNDY-:-BRACEVILLE 02-14/15,0
GRUNDY-:-BRACEVILLE 03-016,0
GRUNDY-:-BRACEVILLE 04-017,0
GRUNDY-:-ERIENNA 01-018,0
GRUNDY-:-ERIENNA 02-019,0
GRUNDY-:-FELIX 01-021,0
GRUNDY-:-FELIX 02-022,0
GRUNDY-:-FELIX 03-023,0
GRUNDY-:-FELIX 04-024,0
GRUNDY-:-GARFIELD 01-025,0
GRUNDY-:-GOODFARM 01-026,0
GRUNDY-:-GOOSE LAKE 01-027,0
GRUNDY-:-GOOSE LAKE 02-028,0
GRUNDY-:-GREENFIELD 01-029,0
GRUNDY-:-GREENFIELD 01-030,0
GRUNDY-:-HIGHLAND 01-031,0
GRUNDY-:-MAINE 01-32/33,0
GRUNDY-:-MAZON 01-034,0
GRUNDY-:-MORRIS 01-035,0
GRUNDY-:-MORRIS 02-036,0
GRUNDY-:-MORRIS 03-037,0
GRUNDY-:-MORRIS 04-038,0
GRUNDY-:-MORRIS 05-039,0
GRUNDY-:-NETTLE CREEK 01-040,0
GRUNDY-:-NORMAN 01-041,0
GRUNDY-:-SARATOGA 01-042,0
GRUNDY-:-SARATOGA 02-043,0
GRUNDY-:-SARATOGA 02-044,0
GRUNDY-:-SARATOGA 03-045,0
GRUNDY-:-SARATOGA 04-046,0
GRUNDY-:-SARATOGA 05-047,0
GRUNDY-:-VIENNA 01-048,0
GRUNDY-:-WAUPONSEE 01-049,0
GRUNDY-:-WAUPONSEE 02-050,0
HAMILTON-:-BEAVER CREEK,0
HAMILTON-:-CROOK,0
HAMILTON-:-CROUCH,0
HAMILTON-:-DAHLGREN 1,0
HAMILTON-:-DAHLGREN 2,0
HAMILTON-:-FLANNIGAN,0
HAMILTON-:-KNIGHTS PRAIRIE,0
HAMILTON-:-MAYBERRY,0
HAMILTON-:-MCLEANSBORO 1,0
HAMILTON-:-MCLEANSBORO 2,0
HAMILTON-:-MCLEANSBORO 3,0
HAMILTON-:-MCLEANSBORO 4,0
HAMILTON-:-SOUTH CROUCH,0
HAMILTON-:-SOUTH FLANNIGAN,0
HAMILTON-:-SOUTH TWIGG,0
HAMILTON-:-TWIGG,0
HANCOCK-:-APPANOOSE,0
HANCOCK-:-AUGUSTA,0
HANCOCK-:-BEAR CREEK,0
HANCOCK-:-CARTHAGE 1,0
HANCOCK-:-CARTHAGE 2,0
HANCOCK-:-CARTHAGE 3,0
HANCOCK-:-CARTHAGE 4,0
HANCOCK-:-CHILI,0
HANCOCK-:-DALLAS CITY,0
HANCOCK-:-DURHAM,0
HANCOCK-:-FOUNTAIN GREEN,0
HANCOCK-:-HANCOCK,0
HANCOCK-:-HARMONY,0
HANCOCK-:-LAHARPE 1,0
HANCOCK-:-LAHARPE 2,0
HANCOCK-:-MONTEBELLO 1,0
HANCOCK-:-MONTEBELLO 2,0
HANCOCK-:-MONTEBELLO 3,0
HANCOCK-:-MONTEBELLO 4,0
HANCOCK-:-NAUVOO,0
HANCOCK-:-PILOT GROVE,0
HANCOCK-:-PONTOOSUC,0
HANCOCK-:-PRAIRIE,0
HANCOCK-:-ROCK CREEK,0
HANCOCK-:-ROCKY RUN-WILCOX,0
HANCOCK-:-SONORA,0
HANCOCK-:-ST ALBANS,0
HANCOCK-:-ST MARYS,0
HANCOCK-:-WALKER,0
HANCOCK-:-WARSAW 1,0
HANCOCK-:-WARSAW 2,0
HANCOCK-:-WARSAW 3,0
HANCOCK-:-WYTHE,0
HARDIN-:-CAVE IN ROCK,0
HARDIN-:-MCFARLAN,0
HARDIN-:-MONROE,0
HARDIN-:-ROCK,0
HARDIN-:-ROSICLARE,0
HARDIN-:-STONE CHURCH,0
HENDERSON-:-BALD BLUFF,0
HENDERSON-:-BIGGSVILLE,0
HENDERSON-:-CARMAN,0
HENDERSON-:-GLADSTONE 1,0
HENDERSON-:-GLADSTONE 2,0
HENDERSON-:-LOMAX,0
HENDERSON-:-MEDIA,0
HENDERSON-:-OQUAWKA 1,0
HENDERSON-:-OQUAWKA 2,0
HENDERSON-:-RARITAN,0
HENDERSON-:-ROZETTA,0
HENDERSON-:-STRONGHURST,0
HENDERSON-:-TERRE HAUTE,0
HENRY-:-ALBA,0
HENRY-:-ANDOVER,0
HENRY-:-ANNAWAN,2
HENRY-:-ATKINSON,2
HENRY-:-BURNS,2
HENRY-:-CAMBRIDGE 1,2
HENRY-:-CAMBRIDGE 2,2
HENRY-:-CLOVER,2
HENRY-:-COLONA 2,2
HENRY-:-COLONA 3,2
HENRY-:-COLONA 4,2
HENRY-:-COLONA 5,3
HENRY-:-CORNWALL,2
HENRY-:-EDFORD,2
HENRY-:-GALVA 1,2
HENRY-:-GALVA 2,2
HENRY-:-GALVA 3,2
HENRY-:-GENESEO 1,2
HENRY-:-GENESEO 2,2
HENRY-:-GENESEO 3,2
HENRY-:-GENESEO 4,2
HENRY-:-GENESEO 5,2
HENRY-:-GENESEO 6,2
HENRY-:-HANNA 1,2
HENRY-:-HANNA 2,2
HENRY-:-KEWANEE 1,2
HENRY-:-KEWANEE 10,3
HENRY-:-KEWANEE 11,3
HENRY-:-KEWANEE 2,2
HENRY-:-KEWANEE 3,2
HENRY-:-KEWANEE 4,2
HENRY-:-KEWANEE 5,2
HENRY-:-KEWANEE 6,2
HENRY-:-KEWANEE 7,3
HENRY-:-KEWANEE 8,3
HENRY-:-KEWANEE 9,2
HENRY-:-LORAINE,2
HENRY-:-LYNN,2
HENRY-:-MUNSON,2
HENRY-:-OSCO,2
HENRY-:-OXFORD,2
HENRY-:-PHENIX,2
HENRY-:-WELLER,2
HENRY-:-WESTERN 1,2
HENRY-:-WESTERN 2,2
HENRY-:-WESTERN 3,2
HENRY-:-WETHERSFIELD 1,2
HENRY-:-WETHERSFIELD 2,2
HENRY-:-WETHERSFIELD 3,2
HENRY-:-WETHERSFIELD 4,3
HENRY-:-YORKTOWN,2
IROQUOIS-:-ARTESIA-1,1
IROQUOIS-:-ASH GROVE-2,1
IROQUOIS-:-ASHKUM 1-3,1
IROQUOIS-:-ASHKUM 2-3,1
IROQUOIS-:-BEAVER-3,1
IROQUOIS-:-BEAVERVILLE-3,1
IROQUOIS-:-BELMONT 1-4,1
IROQUOIS-:-BELMONT 2-4,1
IROQUOIS-:-BELMONT 3-4,1
IROQUOIS-:-CHEBANSE 1-3,1
IROQUOIS-:-CHEBANSE 2-3,1
IROQUOIS-:-CONCORD-4/5,1
IROQUOIS-:-CRESCENT-1,1
IROQUOIS-:-DANFORTH-1,1
IROQUOIS-:-DOUGLAS 1-1,1
IROQUOIS-:-DOUGLAS 2-1,1
IROQUOIS-:-FOUNTAIN CREEK-2,1
IROQUOIS-:-IROQUOIS-1,1
IROQUOIS-:-LODA-2,1
IROQUOIS-:-LOVEJOY-2,1
IROQUOIS-:-MARTINTON-3,1
IROQUOIS-:-MIDDLEPORT 1-4,1
IROQUOIS-:-MIDDLEPORT 2-4,1
IROQUOIS-:-MIDDLEPORT 3-4/5,1
IROQUOIS-:-MIDDLEPORT 4-4,1
IROQUOIS-:-MILFORD 1-2,1
IROQUOIS-:-MILFORD 2-2,1
IROQUOIS-:-MILKS GROVE-3,1
IROQUOIS-:-ONARGA 1-1,5
IROQUOIS-:-ONARGA 2-1,1
IROQUOIS-:-PAPINEAU-3,1
IROQUOIS-:-PIGEON GROVE-2,1
IROQUOIS-:-PRAIRIE GREEN-2,5
IROQUOIS-:-RIDGELAND-1,1
IROQUOIS-:-SHELDON 1-2,1
IROQUOIS-:-SHELDON 2-2,1
IROQUOIS-:-STOCKLAND-2,1
JACKSON-:-BRADLEY - AVA-4,15
JACKSON-:-BRADLEY - CAMPBELL HILL-4,15
JACKSON-:-CARBONDALE 1-8,15
JACKSON-:-CARBONDALE 10-12,15
JACKSON-:-CARBONDALE 11-13,15
JACKSON-:-CARBONDALE 12-13,15
JACKSON-:-CARBONDALE 13-13,15
JACKSON-:-CARBONDALE 14-12,15
JACKSON-:-CARBONDALE 15-12,15
JACKSON-:-CARBONDALE 16-12,15
JACKSON-:-CARBONDALE 18-10,15
JACKSON-:-CARBONDALE 19-10,15
JACKSON-:-CARBONDALE 2-10,15
JACKSON-:-CARBONDALE 20-10,15
JACKSON-:-CARBONDALE 21-10/13,15
JACKSON-:-CARBONDALE 24-12/13,15
JACKSON-:-CARBONDALE 25-13,15
JACKSON-:-CARBONDALE 26-13,15
JACKSON-:-CARBONDALE 4-8,15
JACKSON-:-CARBONDALE 5-8,15
JACKSON-:-CARBONDALE 6-8,15
JACKSON-:-CARBONDALE 7-11,15
JACKSON-:-CARBONDALE 8-11,15
JACKSON-:-CARBONDALE 9-8,15
JACKSON-:-DEGOGNIA-4,15
JACKSON-:-DESOTO 1-8/9,15
JACKSON-:-DESOTO 2-8/9,15
JACKSON-:-ELK 1-1,15
JACKSON-:-ELK 3-1,15
JACKSON-:-FOUNTAIN BLUFF-4,15
JACKSON-:-GRAND TOWER-15,15
JACKSON-:-KINKAID-4,15
JACKSON-:-LEVAN-5/6,15
JACKSON-:-MAKANDA 1-12,15
JACKSON-:-MAKANDA 2-12,15
JACKSON-:-MAKANDA 3-10,15
JACKSON-:-MAKANDA 4-12,15
JACKSON-:-MURPHYSBORO 1-11,15
JACKSON-:-MURPHYSBORO 1-14,15
JACKSON-:-MURPHYSBORO 10-11,15
JACKSON-:-MURPHYSBORO 12-4,15
JACKSON-:-MURPHYSBORO 2-14,15
JACKSON-:-MURPHYSBORO 3-11,15
JACKSON-:-MURPHYSBORO 3-14,15
JACKSON-:-MURPHYSBORO 4-11/12,15
JACKSON-:-MURPHYSBORO 5-14,15
JACKSON-:-MURPHYSBORO 6-4,15
JACKSON-:-MURPHYSBORO 7-14,15
JACKSON-:-MURPHYSBORO 8-4,15
JACKSON-:-MURPHYSBORO 9-4,15
JACKSON-:-ORA-3/4,15
JACKSON-:-POMONA-15,15
JACKSON-:-SAND RIDGE-6,15
JACKSON-:-SOMERSET 1-6/7,15
JACKSON-:-SOMERSET 2-6,15
JACKSON-:-SOMERSET 3-6,15
JACKSON-:-SOMERSET 4-6/7,15
JACKSON-:-VERGENNES-2,15
JASPER-:-CROOKED CREEK-1,15
JASPER-:-FOX-3,15
JASPER-:-GRANDVILLE-1,15
JASPER-:-GROVE-2,15
JASPER-:-HUNT CITY-1,15
JASPER-:-NORTH MUDDY-2,15
JASPER-:-SMALLWOOD-3,15
JASPER-:-SOUTH MUDDY-2,15
JASPER-:-STE. MARIE 1-3,15
JASPER-:-STE. MARIE 2-1,15
JASPER-:-WADE 1-1,15
JASPER-:-WADE 2-2,15
JASPER-:-WADE 3-2,15
JASPER-:-WADE 4-3,15
JASPER-:-WILLOW HILL-1,15
JEFFERSON-:-BALD HILL,15
JEFFERSON-:-BLISSVILLE,4
JEFFERSON-:-CASNER,15
JEFFERSON-:-DODDS 1,15
JEFFERSON-:-DODDS 2,15
JEFFERSON-:-ELK PRAIRIE,15
JEFFERSON-:-FARRINGTON,15
JEFFERSON-:-FIELD,15
JEFFERSON-:-GRAND PRAIRIE,15
JEFFERSON-:-MCCLELLAN,15
JEFFERSON-:-MOORES PRAIRIE,15
JEFFERSON-:-MT VERNON 1,15
JEFFERSON-:-MT VERNON 10,15
JEFFERSON-:-MT VERNON 2,15
JEFFERSON-:-MT VERNON 3,15
JEFFERSON-:-MT VERNON 4,15
JEFFERSON-:-MT VERNON 5,15
JEFFERSON-:-MT VERNON 6,15
JEFFERSON-:-MT VERNON 7,15
JEFFERSON-:-MT VERNON 8,15
JEFFERSON-:-MT VERNON 9,15
JEFFERSON-:-PENDLETON,15
JEFFERSON-:-ROME 1,15
JEFFERSON-:-ROME 2,15
JEFFERSON-:-SHILOH 1,15
JEFFERSON-:-SHILOH 2,15
JEFFERSON-:-SHILOH 3,15
JEFFERSON-:-SHILOH 4,15
JEFFERSON-:-SHILOH 5,15
JEFFERSON-:-SPRING GARDEN 1,15
JEFFERSON-:-SPRING GARDEN 2,15
JEFFERSON-:-WEBBER 1,15
JEFFERSON-:-WEBBER 2,15
JERSEY-:-ELSAH 1,5
JERSEY-:-ELSAH 2,5
JERSEY-:-ENGLISH,5
JERSEY-:-FIDELITY,4
JERSEY-:-JERSEY 1,5
JERSEY-:-JERSEY 2,5
JERSEY-:-JERSEY 3,5
JERSEY-:-JERSEY 4,5
JERSEY-:-JERSEY 5,5
JERSEY-:-JERSEY 6,5
JERSEY-:-JERSEY 7,5
JERSEY-:-JERSEY 8,5
JERSEY-:-MISSISSIPPI 1,5
JERSEY-:-MISSISSIPPI 2,5
JERSEY-:-OTTER CREEK,5
JERSEY-:-PIASA 1,4
JERSEY-:-PIASA 2,4
JERSEY-:-PIASA 3,4
JERSEY-:-QUARRY,5
JERSEY-:-RICHWOOD,5
JERSEY-:-ROSEDALE,5
JERSEY-:-RUYLE,4
JODAVIESS-:-APPLE RIVER,2
JODAVIESS-:-BERREMAN,2
JODAVIESS-:-COUNCIL HILL,2
JODAVIESS-:-DERINDA,2
JODAVIESS-:-DUNLEITH 1,2
JODAVIESS-:-DUNLEITH 2,2
JODAVIESS-:-DUNLEITH 3,2
JODAVIESS-:-EAST GALENA,2
JODAVIESS-:-ELIZABETH,2
JODAVIESS-:-GUILFORD,2
JODAVIESS-:-HANOVER,2
JODAVIESS-:-MENOMINEE,2
JODAVIESS-:-NORA,2
JODAVIESS-:-PLEASANT VALLEY,2
JODAVIESS-:-RAWLINS,2
JODAVIESS-:-RICE,2
JODAVIESS-:-RUSH,2
JODAVIESS-:-SCALES MOUND,2
JODAVIESS-:-STOCKTON 1,2
JODAVIESS-:-STOCKTON 2,2
JODAVIESS-:-THOMPSON,2
JODAVIESS-:-VINEGAR HILL,2
JODAVIESS-:-WARDS GROVE,2
JODAVIESS-:-WARREN,2
JODAVIESS-:-WEST GALENA 1,2
JODAVIESS-:-WEST GALENA 2,2
JODAVIESS-:-WEST GALENA 3,2
JODAVIESS-:-WOODBINE,2
JOHNSON-:-BELKNAP-1,15
JOHNSON-:-BLOOMFIELD-1,15
JOHNSON-:-BURNSIDE-1,15
JOHNSON-:-CACHE-1,15
JOHNSON-:-ELVIRA-1,15
JOHNSON-:-GOREVILLE 1-1,15
JOHNSON-:-GOREVILLE 2-1,15
JOHNSON-:-GRANTSBURG-1,15
JOHNSON-:-LAKE 1-1,15
JOHNSON-:-LAKE 2-1,15
JOHNSON-:-OZARK-1,15
JOHNSON-:-SIMPSON-1,15
JOHNSON-:-TUNNEL HILL-1,15
JOHNSON-:-VIENNA 1-1,15
JOHNSON-:-VIENNA 2-1,15
JOHNSON-:-VIENNA 3-1,15
KANE-:-AU0001-1/2,9
KANE-:-AU0002-3/4,6
KANE-:-AU0003-5,3
KANE-:-AU0004-6,6
KANE-:-AU0005-7,6
KANE-:-AU0006-8,6
KANE-:-AU0007-9,6
KANE-:-AU0008-10,5
KANE-:-AU0009-11,6
KANE-:-AU0009-12,5
KANE-:-AU0010-13,5
KANE-:-AU0010-14,6
KANE-:-AU0011-15,5
KANE-:-AU0012-16,6
KANE-:-AU0013-17,6
KANE-:-AU0014-18,6
KANE-:-AU0015-19,6
KANE-:-AU0016-20,6
KANE-:-AU0017-21,6
KANE-:-AU0018-22,3
KANE-:-AU0019-23,6
KANE-:-AU0020-24,9
KANE-:-AU0021-25,6
KANE-:-AU0021-26,6
KANE-:-AU0022-27,6
KANE-:-AU0023-28,6
KANE-:-AU0024-29,6
KANE-:-AU0025-30,6
KANE-:-AU0026-31,6
KANE-:-AU0027-32,6
KANE-:-AU0028-33,9
KANE-:-AU0029-34,9
KANE-:-AU0030-35,9
KANE-:-AU0031-36,9
KANE-:-AU0032-37,9
KANE-:-AU0033-38,9
KANE-:-AU0034-39,9
KANE-:-AU0035-40,9
KANE-:-AU0036-41,9
KANE-:-AU0037-42,9
KANE-:-AU0038-43,9
KANE-:-AU0039-44,9
KANE-:-AU0040-45,9
KANE-:-AU0041-46,9
KANE-:-AU0042-47,9
KANE-:-AU0043-48,9
KANE-:-AU0044-49,6
KANE-:-AU0045-50/51,6
KANE-:-AU0046-52,6
KANE-:-AU0047-53,6
KANE-:-AU0048-54,6
KANE-:-AU0049-55,3
KANE-:-AU0050-56,6
KANE-:-AU0050-57,6
KANE-:-AU0051-58,6
KANE-:-AU0052-59,6
KANE-:-AU0053-60,6
KANE-:-AU0054-61,3
KANE-:-AU0055-62,6
KANE-:-AU0056-63,9
KANE-:-AU0057-64,9
KANE-:-AU0058-65,9
KANE-:-AU0059-66,9
KANE-:-AU0060-67,9
KANE-:-AU0061-68,9
KANE-:-BA0001-69,9
KANE-:-BA0002-70,9
KANE-:-BA0003-71,9
KANE-:-BA0004-72,9
KANE-:-BA0005-73/74,6
KANE-:-BA0006-75,9
KANE-:-BA0007-76,9
KANE-:-BA0008-77,9
KANE-:-BA0009-78,9
KANE-:-BA0010-79,2
KANE-:-BA0011-80,9
KANE-:-BA0012-81,6
KANE-:-BA0013-82,9
KANE-:-BA0014-83,9
KANE-:-BA0015-84,9
KANE-:-BA0016-85,9
KANE-:-BA0017-86,9
KANE-:-BA0018-87/88,9
KANE-:-BA0019-89,9
KANE-:-BA0020-90,9
KANE-:-BA0021-91,9
KANE-:-BA0022-92,9
KANE-:-BB0001-93,9
KANE-:-BB0002-94/95,9
KANE-:-BB0003-97,9
KANE-:-BB0004-98,9
KANE-:-BB0005-99,9
KANE-:-BB0006-100,9
KANE-:-BB0007-101,2
KANE-:-BB0008-103,9
KANE-:-BB0009-104,2
KANE-:-BB0010-105,9
KANE-:-BB0011-106/107,2
KANE-:-BR0001-108,2
KANE-:-BR0002-109,2
KANE-:-BU0001-110/111/112,2
KANE-:-CA0001-114,9
KANE-:-CA0002-115/116,2
KANE-:-CA0003-117/118,2
KANE-:-CA0004-119,2
KANE-:-CA0005-121/122,2
KANE-:-CA0006-123,3
KANE-:-CA0007-124,2
KANE-:-CA0008-125,3
KANE-:-CA0009-127,3
KANE-:-CA0010-128/129,2
KANE-:-CA0011-130/131,2
KANE-:-CA0012-132/133,2
KANE-:-DU0001-134,7
KANE-:-DU0002-135,13
KANE-:-DU0003-136,7
KANE-:-DU0004-137,5
KANE-:-DU0005-138,13
KANE-:-DU0006-139,13
KANE-:-DU0007-141,7
KANE-:-DU0008-142,13
KANE-:-DU0009-143,13
KANE-:-DU0009-144,13
KANE-:-DU0010-145,5
KANE-:-DU0011-146,13
KANE-:-DU0012-147,13
KANE-:-DU0013-148,13
KANE-:-DU0014-149/150,13
KANE-:-DU0015-151,7
KANE-:-DU0016-152,7
KANE-:-DU0016-153,13
KANE-:-DU0017-154,13
KANE-:-DU0018-155,13
KANE-:-DU0019-156,5
KANE-:-DU0020-157,7
KANE-:-DU0021-158,13
KANE-:-DU0022-159,13
KANE-:-DU0023-160,7
KANE-:-DU0024-161,5
KANE-:-DU0025-162,5
KANE-:-DU0026-163,13
KANE-:-DU0027-164,13
KANE-:-DU0028-165,13
KANE-:-DU0029-166,5
KANE-:-DU0030-167,5
KANE-:-DU0031-168,13
KANE-:-DU0032-169,13
KANE-:-DU0033-170,5
KANE-:-DU0034-171,13
KANE-:-DU0035-172,5
KANE-:-EL0001-173,13
KANE-:-EL0002-174,13
KANE-:-EL0003-175,3
KANE-:-EL0004-176,3
KANE-:-EL0005-177,13
KANE-:-EL0006-178,7
KANE-:-EL0007-179,7
KANE-:-EL0008-180,7
KANE-:-EL0009-181,13
KANE-:-EL0010-182,7
KANE-:-EL0010-183,13
KANE-:-EL0011-184,13
KANE-:-EL0012-185,7
KANE-:-EL0013-186,13
KANE-:-EL0014-187,13
KANE-:-EL0015-188/189/190,7
KANE-:-EL0016-191,13
KANE-:-EL0017-192,13
KANE-:-EL0018-193,13
KANE-:-EL0019-194,13
KANE-:-EL0020-195,3
KANE-:-EL0021-196,3
KANE-:-EL0022-197/198/199,13
KANE-:-EL0023-200/201,7
KANE-:-EL0024-202/203/204,13
KANE-:-EL0025-205,13
KANE-:-EL0026-206,13
KANE-:-EL0027-207,7
KANE-:-EL0028-208,5
KANE-:-EL0029-209,13
KANE-:-EL0030-210/211,3
KANE-:-EL0031-212,13
KANE-:-EL0032-214,13
KANE-:-EL0033-215,13
KANE-:-EL0033-216,13
KANE-:-EL0034-217,13
KANE-:-EL0035-218,13
KANE-:-EL0036-219,3
KANE-:-EL0037-220,13
KANE-:-EL0037-221,7
KANE-:-EL0038-222,3
KANE-:-EL0039-223,3
KANE-:-EL0040-224/225/226,3
KANE-:-EL0041-227/228,3
KANE-:-EL0042-229,13
KANE-:-EL0043-230/231,13
KANE-:-EL0044-232,5
KANE-:-EL0045-233/234,3
KANE-:-EL0046-235,3
KANE-:-EL0047-236,5
KANE-:-EL0048-237,7
KANE-:-EL0049-238,13
KANE-:-EL0050-239/240,3
KANE-:-EL0051-241,13
KANE-:-EL0052-242,7
KANE-:-EL0052-243,13
KANE-:-GE0001-244,9
KANE-:-GE0002-245,9
KANE-:-GE0003-246,9
KANE-:-GE0004-247,9
KANE-:-GE0005-248,9
KANE-:-GE0006-249,9
KANE-:-GE0007-250,9
KANE-:-GE0008-251,6
KANE-:-GE0009-252,9
KANE-:-GE0010-253,6
KANE-:-GE0010-254,6
KANE-:-GE0010-255,6
KANE-:-GE0011-256,9
KANE-:-GE0012-257,9
KANE-:-GE0013-258/259,9
KANE-:-GE0014-260,9
KANE-:-GE0015-261,9
KANE-:-GE0016-262/263,9
KANE-:-GE0017-264,9
KANE-:-GE0018-265,9
KANE-:-GE0019-266/267,9
KANE-:-GE0020-268,9
KANE-:-HA0001-269/270/271,2
KANE-:-HA0002-272,2
KANE-:-HA0003-274,13
KANE-:-HA0004-275,2
KANE-:-HA0005-276,2
KANE-:-KA0001-277,2
KANE-:-PL0001-278,2
KANE-:-PL0002-280/281/282/283,2
KANE-:-PL0003-284/285,2
KANE-:-PL0004-286/287/288,3
KANE-:-PL0005-289/290,3
KANE-:-PL0006-291,13
KANE-:-RU0001-292/293,13
KANE-:-RU0002-294/295/296/297/298,13
KANE-:-RU0003-299/300,5
KANE-:-RU0004-301,7
KANE-:-RU0005-302,7
KANE-:-RU0006-304,5
KANE-:-RU0007-305/306,13
KANE-:-RU0008-307,13
KANE-:-RU0009-308/309,7
KANE-:-RU0009-310,7
KANE-:-RU0010-311,13
KANE-:-RU0011-312,7
KANE-:-RU0012-313,5
KANE-:-RU0013-314,13
KANE-:-RU0013-315,13
KANE-:-RU0014-316,7
KANE-:-SC0001-317,9
KANE-:-SC0002-318,9
KANE-:-SC0003-319,6
KANE-:-SC0004-320/321,9
KANE-:-SC0005-322,9
KANE-:-SC0006-323,9
KANE-:-SC0007-324,2
KANE-:-SC0008-325/326,9
KANE-:-SC0009-327,9
KANE-:-SC0010-328,9
KANE-:-SC0011-329,2
KANE-:-SC0012-330,3
KANE-:-SC0013-331,6
KANE-:-SC0013-332,6
KANE-:-SC0014-333,9
KANE-:-SC0015-334,9
KANE-:-SC0016-335,9
KANE-:-SC0017-336/337,3
KANE-:-SC0018-338,2
KANE-:-SC0018-339,9
KANE-:-SC0019-340,9
KANE-:-SC0020-341,9
KANE-:-SC0021-342,9
KANE-:-SC0022-344,9
KANE-:-SC0023-345,9
KANE-:-SC0024-346,2
KANE-:-SC0025-347/348,2
KANE-:-SC0026-349,9
KANE-:-SC0027-350,9
KANE-:-SC0028-351,9
KANE-:-SC0029-352,3
KANE-:-SC0030-353,2
KANE-:-SC0031-354,2
KANE-:-SC0032-355,2
KANE-:-SC0033-356,2
KANE-:-SC0034-357,3
KANE-:-SG0001-358,9
KANE-:-SG0002-359,9
KANE-:-SG0003-360,2
KANE-:-SG0004-361,9
KANE-:-SG0005-362,9
KANE-:-SG0006-363/364,9
KANE-:-SG0007-365,9
KANE-:-SG0008-366,9
KANE-:-SG0009-367,6
KANE-:-SG0010-368,9
KANE-:-SG0011-369,9
KANE-:-SG0012-370,2
KANE-:-SG0013-371,9
KANE-:-SG0014-372,9
KANE-:-VI0001-373,2
KANE-:-VI0002-374/375/376,2
KANKAKEE-:-AROMA 1,8
KANKAKEE-:-AROMA 2,8
KANKAKEE-:-AROMA 3,8
KANKAKEE-:-BOURBONNAIS 1,8
KANKAKEE-:-BOURBONNAIS 12,1
KANKAKEE-:-BOURBONNAIS 15,8
KANKAKEE-:-BOURBONNAIS 16,8
KANKAKEE-:-BOURBONNAIS 18,8
KANKAKEE-:-BOURBONNAIS 19,8
KANKAKEE-:-BOURBONNAIS 2,8
KANKAKEE-:-BOURBONNAIS 3,8
KANKAKEE-:-BOURBONNAIS 4,8
KANKAKEE-:-BOURBONNAIS 6,8
KANKAKEE-:-BOURBONNAIS 7,1
KANKAKEE-:-BOURBONNAIS 8,8
KANKAKEE-:-BOURBONNAIS 9,8
KANKAKEE-:-ESSEX,5
KANKAKEE-:-GANEER 1,8
KANKAKEE-:-GANEER 2,8
KANKAKEE-:-GANEER 3,8
KANKAKEE-:-KANKAKEE 1,8
KANKAKEE-:-KANKAKEE 2,8
KANKAKEE-:-KANKAKEE 3,8
KANKAKEE-:-KANKAKEE 4,8
KANKAKEE-:-KANKAKEE 5,8
KANKAKEE-:-KANKAKEE 6,8
KANKAKEE-:-KANKAKEE 7,8
KANKAKEE-:-KANKAKEE 8,8
KANKAKEE-:-KANKAKEE 9,8
KANKAKEE-:-LIMESTONE 1,1
KANKAKEE-:-LIMESTONE 2,1
KANKAKEE-:-LIMESTONE 3,1
KANKAKEE-:-LIMESTONE 4,8
KANKAKEE-:-MANTENO 1,1
KANKAKEE-:-MANTENO 2,1
KANKAKEE-:-MANTENO 3,1
KANKAKEE-:-MANTENO 5,1
KANKAKEE-:-MANTENO 6,1
KANKAKEE-:-MOMENCE 1,1
KANKAKEE-:-MOMENCE 2,8
KANKAKEE-:-NORTON,1
KANKAKEE-:-OTTO 1,8
KANKAKEE-:-OTTO 2,1
KANKAKEE-:-PEMBROKE 1,8
KANKAKEE-:-PEMBROKE 2,8
KANKAKEE-:-PILOT,1
KANKAKEE-:-ROCKVILLE,1
KANKAKEE-:-SALINA,1
KANKAKEE-:-ST. ANNE,1
KANKAKEE-:-SUMNER,1
KANKAKEE-:-YELLOWHEAD 1,1
KANKAKEE-:-YELLOWHEAD 2,1
KENDALL-:-BIG GROVE 1,2
KENDALL-:-BRISTOL 1,9
KENDALL-:-BRISTOL 10,2
KENDALL-:-BRISTOL 11,9
KENDALL-:-BRISTOL 12,9
KENDALL-:-BRISTOL 13,9
KENDALL-:-BRISTOL 14,9
KENDALL-:-BRISTOL 15,9
KENDALL-:-BRISTOL 16,9
KENDALL-:-BRISTOL 17,9
KENDALL-:-BRISTOL 18,9
KENDALL-:-BRISTOL 2,9
KENDALL-:-BRISTOL 3,9
KENDALL-:-BRISTOL 4,9
KENDALL-:-BRISTOL 5,9
KENDALL-:-BRISTOL 6,2
KENDALL-:-BRISTOL 7,9
KENDALL-:-BRISTOL 8,2
KENDALL-:-BRISTOL 9,2
KENDALL-:-FOX 1,2
KENDALL-:-FOX 2,2
KENDALL-:-KENDALL 1,2
KENDALL-:-KENDALL 2,2
KENDALL-:-KENDALL 3,2
KENDALL-:-KENDALL 4,2
KENDALL-:-KENDALL 5,2
KENDALL-:-KENDALL 6,9
KENDALL-:-LISBON 1,2
KENDALL-:-LITTLE ROCK 1,9
KENDALL-:-LITTLE ROCK 2,9
KENDALL-:-LITTLE ROCK 3,2
KENDALL-:-LITTLE ROCK 4,9
KENDALL-:-LITTLE ROCK 5,2
KENDALL-:-LITTLE ROCK 6,9
KENDALL-:-LITTLE ROCK 7,9
KENDALL-:-LITTLE ROCK 8,9
KENDALL-:-NA AU SAY 1,2
KENDALL-:-NA AU SAY 2,6
KENDALL-:-NA AU SAY 3,5
KENDALL-:-NA AU SAY 4,5
KENDALL-:-NA AU SAY 5,6
KENDALL-:-NA AU SAY 6,6
KENDALL-:-OSWEGO 1,9
KENDALL-:-OSWEGO 10,9
KENDALL-:-OSWEGO 11,9
KENDALL-:-OSWEGO 12,9
KENDALL-:-OSWEGO 13,9
KENDALL-:-OSWEGO 14,9
KENDALL-:-OSWEGO 15,9
KENDALL-:-OSWEGO 16,9
KENDALL-:-OSWEGO 17,9
KENDALL-:-OSWEGO 18,6
KENDALL-:-OSWEGO 19,6
KENDALL-:-OSWEGO 2,9
KENDALL-:-OSWEGO 20,9
KENDALL-:-OSWEGO 21,9
KENDALL-:-OSWEGO 22,9
KENDALL-:-OSWEGO 23,9
KENDALL-:-OSWEGO 24,9
KENDALL-:-OSWEGO 25,2
KENDALL-:-OSWEGO 26,9
KENDALL-:-OSWEGO 27,6
KENDALL-:-OSWEGO 28,9
KENDALL-:-OSWEGO 29,9
KENDALL-:-OSWEGO 3,9
KENDALL-:-OSWEGO 30,9
KENDALL-:-OSWEGO 31,9
KENDALL-:-OSWEGO 32,9
KENDALL-:-OSWEGO 33,9
KENDALL-:-OSWEGO 4,6
KENDALL-:-OSWEGO 5,9
KENDALL-:-OSWEGO 6,9
KENDALL-:-OSWEGO 7,9
KENDALL-:-OSWEGO 8,9
KENDALL-:-OSWEGO 9,9
KENDALL-:-SEWARD 1,2
KENDALL-:-SEWARD 2,6
KENDALL-:-SEWARD 3,6
KNOX-:-CEDAR FIRST,2
KNOX-:-CEDAR FOURTH,2
KNOX-:-CEDAR SECOND,2
KNOX-:-CEDAR THIRD,2
KNOX-:-CHESTNUT,2
KNOX-:-COPLEY,2
KNOX-:-ELBA,2
KNOX-:-GALESBURG,2
KNOX-:-HAW CREEK,2
KNOX-:-HENDERSON,2
KNOX-:-INDIAN POINT,2
KNOX-:-KNOX FIFTH,2
KNOX-:-KNOX FIRST,2
KNOX-:-KNOX FOURTH,2
KNOX-:-KNOX SECOND,2
KNOX-:-KNOX SIX,2
KNOX-:-KNOX THIRD,2
KNOX-:-LYNN,2
KNOX-:-MAQUON,2
KNOX-:-ONTARIO,2
KNOX-:-ORANGE,2
KNOX-:-PERSIFER,2
KNOX-:-RIO TWP,2
KNOX-:-SALEM,2
KNOX-:-SPARTA,2
KNOX-:-TRURO,2
KNOX-:-VICTORIA,2
KNOX-:-WALNUT GROVE,2
LAKE-:-ANTIOCH 1,7
LAKE-:-ANTIOCH 10,7
LAKE-:-ANTIOCH 11,7
LAKE-:-ANTIOCH 12,7
LAKE-:-ANTIOCH 13,7
LAKE-:-ANTIOCH 14,7
LAKE-:-ANTIOCH 15,7
LAKE-:-ANTIOCH 16,5
LAKE-:-ANTIOCH 17,5
LAKE-:-ANTIOCH 18,7
LAKE-:-ANTIOCH 19,7
LAKE-:-ANTIOCH 2,7
LAKE-:-ANTIOCH 3,7
LAKE-:-ANTIOCH 4,7
LAKE-:-ANTIOCH 5,7
LAKE-:-ANTIOCH 6,7
LAKE-:-ANTIOCH 7,7
LAKE-:-ANTIOCH 8,7
LAKE-:-ANTIOCH 9,7
LAKE-:-AVON 20,10
LAKE-:-AVON 21,10
LAKE-:-AVON 22,7
LAKE-:-AVON 23,7
LAKE-:-AVON 24,7
LAKE-:-AVON 25,7
LAKE-:-AVON 26,7
LAKE-:-AVON 27,7
LAKE-:-AVON 28,10
LAKE-:-AVON 29,10
LAKE-:-AVON 30,10
LAKE-:-AVON 31,10
LAKE-:-AVON 32,7
LAKE-:-AVON 33,10
LAKE-:-AVON 34,7
LAKE-:-AVON 35,7
LAKE-:-AVON 36,7
LAKE-:-AVON 37,7
LAKE-:-AVON 38,10
LAKE-:-AVON 39,7
LAKE-:-AVON 40,7
LAKE-:-AVON 41,10
LAKE-:-AVON 42,7
LAKE-:-AVON 43,7
LAKE-:-AVON 44,5
LAKE-:-AVON 45,7
LAKE-:-AVON 46,7
LAKE-:-AVON 47,7
LAKE-:-AVON 48,7
LAKE-:-AVON 49,7
LAKE-:-AVON 50,7
LAKE-:-AVON 51,7
LAKE-:-AVON 52,7
LAKE-:-BENTON 53,7
LAKE-:-BENTON 54,5
LAKE-:-BENTON 55,5
LAKE-:-BENTON 56,5
LAKE-:-BENTON 57,5
LAKE-:-BENTON 58,7
LAKE-:-BENTON 59,5
LAKE-:-BENTON 60,7
LAKE-:-BENTON 61,7
LAKE-:-BENTON 62,7
LAKE-:-BENTON 63,7
LAKE-:-BENTON 64,7
LAKE-:-BENTON 65,7
LAKE-:-CUBA 66,5
LAKE-:-CUBA 67,5
LAKE-:-CUBA 68,5
LAKE-:-CUBA 69,5
LAKE-:-CUBA 70,5
LAKE-:-CUBA 71,5
LAKE-:-CUBA 72,5
LAKE-:-CUBA 73,5
LAKE-:-CUBA 74,5
LAKE-:-CUBA 75,5
LAKE-:-CUBA 76,5
LAKE-:-CUBA 77,12
LAKE-:-CUBA 78,12
LAKE-:-ELA 100,3
LAKE-:-ELA 101,3
LAKE-:-ELA 102,5
LAKE-:-ELA 103,12
LAKE-:-ELA 104,10
LAKE-:-ELA 105,10
LAKE-:-ELA 106,10
LAKE-:-ELA 107,10
LAKE-:-ELA 79,10
LAKE-:-ELA 80,10
LAKE-:-ELA 81,5
LAKE-:-ELA 82,10
LAKE-:-ELA 83,10
LAKE-:-ELA 84,10
LAKE-:-ELA 85,10
LAKE-:-ELA 86,10
LAKE-:-ELA 87,10
LAKE-:-ELA 88,10
LAKE-:-ELA 89,10
LAKE-:-ELA 90,3
LAKE-:-ELA 91,10
LAKE-:-ELA 92,10
LAKE-:-ELA 93,10
LAKE-:-ELA 94,5
LAKE-:-ELA 95,10
LAKE-:-ELA 96,10
LAKE-:-ELA 97,10
LAKE-:-ELA 98,10
LAKE-:-ELA 99,5
LAKE-:-FREMONT 108,10
LAKE-:-FREMONT 109,7
LAKE-:-FREMONT 110,7
LAKE-:-FREMONT 111,7
LAKE-:-FREMONT 112,3
LAKE-:-FREMONT 113,7
LAKE-:-FREMONT 114,7
LAKE-:-FREMONT 115,10
LAKE-:-FREMONT 116,10
LAKE-:-FREMONT 117,10
LAKE-:-FREMONT 118,10
LAKE-:-FREMONT 119,5
LAKE-:-FREMONT 120,7
LAKE-:-FREMONT 121,5
LAKE-:-FREMONT 122,10
LAKE-:-FREMONT 123,10
LAKE-:-FREMONT 124,10
LAKE-:-FREMONT 125,10
LAKE-:-FREMONT 126,10
LAKE-:-FREMONT 127,10
LAKE-:-FREMONT 128,10
LAKE-:-FREMONT 129,10
LAKE-:-GRANT 130,2
LAKE-:-GRANT 131,7
LAKE-:-GRANT 132,7
LAKE-:-GRANT 133,7
LAKE-:-GRANT 134,7
LAKE-:-GRANT 135,7
LAKE-:-GRANT 136,2
LAKE-:-GRANT 137,7
LAKE-:-GRANT 138,7
LAKE-:-GRANT 139,7
LAKE-:-GRANT 140,7
LAKE-:-GRANT 141,3
LAKE-:-GRANT 142,7
LAKE-:-GRANT 143,7
LAKE-:-GRANT 144,7
LAKE-:-GRANT 145,3
LAKE-:-GRANT 146,7
LAKE-:-GRANT 147,7
LAKE-:-LAKE VILLA 148,7
LAKE-:-LAKE VILLA 149,7
LAKE-:-LAKE VILLA 150,7
LAKE-:-LAKE VILLA 151,7
LAKE-:-LAKE VILLA 152,7
LAKE-:-LAKE VILLA 153,7
LAKE-:-LAKE VILLA 154,7
LAKE-:-LAKE VILLA 155,5
LAKE-:-LAKE VILLA 156,7
LAKE-:-LAKE VILLA 157,7
LAKE-:-LAKE VILLA 158,5
LAKE-:-LAKE VILLA 159,7
LAKE-:-LAKE VILLA 160,7
LAKE-:-LAKE VILLA 161,7
LAKE-:-LAKE VILLA 162,7
LAKE-:-LAKE VILLA 163,7
LAKE-:-LAKE VILLA 164,7
LAKE-:-LAKE VILLA 165,7
LAKE-:-LAKE VILLA 166,7
LAKE-:-LAKE VILLA 167,7
LAKE-:-LAKE VILLA 168,7
LAKE-:-LAKE VILLA 169,7
LAKE-:-LAKE VILLA 170,7
LAKE-:-LAKE VILLA 171,7
LAKE-:-LAKE VILLA 172,7
LAKE-:-LAKE VILLA 173,7
LAKE-:-LIBERTYVILLE 174,7
LAKE-:-LIBERTYVILLE 175,7
LAKE-:-LIBERTYVILLE 176,3
LAKE-:-LIBERTYVILLE 177,7
LAKE-:-LIBERTYVILLE 178,5
LAKE-:-LIBERTYVILLE 179,7
LAKE-:-LIBERTYVILLE 180,10
LAKE-:-LIBERTYVILLE 181,10
LAKE-:-LIBERTYVILLE 182,10
LAKE-:-LIBERTYVILLE 183,10
LAKE-:-LIBERTYVILLE 184,5
LAKE-:-LIBERTYVILLE 185,5
LAKE-:-LIBERTYVILLE 186,7
LAKE-:-LIBERTYVILLE 187,3
LAKE-:-LIBERTYVILLE 188,7
LAKE-:-LIBERTYVILLE 189,5
LAKE-:-LIBERTYVILLE 190,5
LAKE-:-LIBERTYVILLE 191,5
LAKE-:-LIBERTYVILLE 192,10
LAKE-:-LIBERTYVILLE 193,3
LAKE-:-LIBERTYVILLE 194,5
LAKE-:-LIBERTYVILLE 195,5
LAKE-:-LIBERTYVILLE 196,5
LAKE-:-LIBERTYVILLE 197,5
LAKE-:-LIBERTYVILLE 198,5
LAKE-:-LIBERTYVILLE 199,5
LAKE-:-LIBERTYVILLE 200,10
LAKE-:-LIBERTYVILLE 201,7
LAKE-:-LIBERTYVILLE 202,10
LAKE-:-LIBERTYVILLE 203,10
LAKE-:-LIBERTYVILLE 204,10
LAKE-:-LIBERTYVILLE 205,3
LAKE-:-LIBERTYVILLE 206,3
LAKE-:-LIBERTYVILLE 207,3
LAKE-:-LIBERTYVILLE 208,3
LAKE-:-LIBERTYVILLE 209,10
LAKE-:-MORAINE 210,7
LAKE-:-MORAINE 211,8
LAKE-:-MORAINE 212,7
LAKE-:-MORAINE 213,7
LAKE-:-MORAINE 214,7
LAKE-:-MORAINE 215,7
LAKE-:-MORAINE 216,7
LAKE-:-MORAINE 217,7
LAKE-:-MORAINE 218,7
LAKE-:-MORAINE 219,7
LAKE-:-MORAINE 220,7
LAKE-:-MORAINE 221,7
LAKE-:-MORAINE 222,7
LAKE-:-MORAINE 223,7
LAKE-:-MORAINE 224,7
LAKE-:-MORAINE 225,7
LAKE-:-MORAINE 226,7
LAKE-:-MORAINE 227,8
LAKE-:-MORAINE 228,7
LAKE-:-MORAINE 229,7
LAKE-:-MORAINE 230,7
LAKE-:-MORAINE 231,7
LAKE-:-MORAINE 232,7
LAKE-:-NEWPORT 233,5
LAKE-:-NEWPORT 234,7
LAKE-:-NEWPORT 235,7
LAKE-:-NEWPORT 236,5
LAKE-:-NEWPORT 237,5
LAKE-:-SHIELDS 238,7
LAKE-:-SHIELDS 239,7
LAKE-:-SHIELDS 240,7
LAKE-:-SHIELDS 241,7
LAKE-:-SHIELDS 242,7
LAKE-:-SHIELDS 243,7
LAKE-:-SHIELDS 244,7
LAKE-:-SHIELDS 245,7
LAKE-:-SHIELDS 246,7
LAKE-:-SHIELDS 247,7
LAKE-:-SHIELDS 248,7
LAKE-:-SHIELDS 249,7
LAKE-:-SHIELDS 250,7
LAKE-:-SHIELDS 251,7
LAKE-:-SHIELDS 252,7
LAKE-:-SHIELDS 253,7
LAKE-:-SHIELDS 254,7
LAKE-:-SHIELDS 255,7
LAKE-:-VERNON 256,10
LAKE-:-VERNON 257,10
LAKE-:-VERNON 258,10
LAKE-:-VERNON 259,10
LAKE-:-VERNON 260,10
LAKE-:-VERNON 261,10
LAKE-:-VERNON 262,10
LAKE-:-VERNON 263,10
LAKE-:-VERNON 264,8
LAKE-:-VERNON 265,8
LAKE-:-VERNON 266,10
LAKE-:-VERNON 267,3
LAKE-:-VERNON 268,10
LAKE-:-VERNON 269,10
LAKE-:-VERNON 270,3
LAKE-:-VERNON 271,10
LAKE-:-VERNON 272,8
LAKE-:-VERNON 273,3
LAKE-:-VERNON 274,3
LAKE-:-VERNON 275,10
LAKE-:-VERNON 276,8
LAKE-:-VERNON 277,8
LAKE-:-VERNON 278,10
LAKE-:-VERNON 279,10
LAKE-:-VERNON 280,10
LAKE-:-VERNON 281,10
LAKE-:-VERNON 282,3
LAKE-:-VERNON 283,10
LAKE-:-VERNON 284,10
LAKE-:-VERNON 285,8
LAKE-:-VERNON 286,8
LAKE-:-VERNON 287,10
LAKE-:-VERNON 288,10
LAKE-:-VERNON 289,8
LAKE-:-VERNON 290,10
LAKE-:-VERNON 291,10
LAKE-:-VERNON 292,10
LAKE-:-VERNON 293,10
LAKE-:-VERNON 294,10
LAKE-:-VERNON 295,10
LAKE-:-VERNON 296,10
LAKE-:-VERNON 297,10
LAKE-:-VERNON 298,10
LAKE-:-WARREN 299,7
LAKE-:-WARREN 300,7
LAKE-:-WARREN 301,7
LAKE-:-WARREN 302,7
LAKE-:-WARREN 303,7
LAKE-:-WARREN 304,7
LAKE-:-WARREN 305,7
LAKE-:-WARREN 306,7
LAKE-:-WARREN 307,7
LAKE-:-WARREN 308,7
LAKE-:-WARREN 309,7
LAKE-:-WARREN 310,7
LAKE-:-WARREN 311,7
LAKE-:-WARREN 312,7
LAKE-:-WARREN 313,7
LAKE-:-WARREN 314,7
LAKE-:-WARREN 315,7
LAKE-:-WARREN 316,7
LAKE-:-WARREN 317,7
LAKE-:-WARREN 318,7
LAKE-:-WARREN 319,7
LAKE-:-WARREN 320,7
LAKE-:-WARREN 321,7
LAKE-:-WARREN 322,7
LAKE-:-WARREN 323,7
LAKE-:-WARREN 324,7
LAKE-:-WARREN 325,7
LAKE-:-WARREN 326,7
LAKE-:-WARREN 327,7
LAKE-:-WARREN 328,7
LAKE-:-WARREN 329,7
LAKE-:-WARREN 330,5
LAKE-:-WARREN 331,5
LAKE-:-WARREN 332,7
LAKE-:-WARREN 333,7
LAKE-:-WARREN 334,7
LAKE-:-WARREN 335,7
LAKE-:-WARREN 336,5
LAKE-:-WARREN 337,7
LAKE-:-WARREN 338,7
LAKE-:-WAUCONDA 339,10
LAKE-:-WAUCONDA 340,10
LAKE-:-WAUCONDA 341,10
LAKE-:-WAUCONDA 342,10
LAKE-:-WAUCONDA 343,8
LAKE-:-WAUCONDA 345,10
LAKE-:-WAUCONDA 346,5
LAKE-:-WAUCONDA 347,5
LAKE-:-WAUCONDA 348,10
LAKE-:-WAUCONDA 349,8
LAKE-:-WAUCONDA 351,8
LAKE-:-WAUCONDA 352,8
LAKE-:-WAUCONDA 353,10
LAKE-:-WAUCONDA 354,10
LAKE-:-WAUKEGAN 355,7
LAKE-:-WAUKEGAN 356,7
LAKE-:-WAUKEGAN 357,7
LAKE-:-WAUKEGAN 358,7
LAKE-:-WAUKEGAN 359,7
LAKE-:-WAUKEGAN 360,7
LAKE-:-WAUKEGAN 361,7
LAKE-:-WAUKEGAN 362,7
LAKE-:-WAUKEGAN 363,7
LAKE-:-WAUKEGAN 364,7
LAKE-:-WAUKEGAN 365,7
LAKE-:-WAUKEGAN 366,7
LAKE-:-WAUKEGAN 367,7
LAKE-:-WAUKEGAN 368,7
LAKE-:-WAUKEGAN 369,7
LAKE-:-WAUKEGAN 370,7
LAKE-:-WAUKEGAN 371,7
LAKE-:-WAUKEGAN 372,7
LAKE-:-WAUKEGAN 373,7
LAKE-:-WAUKEGAN 374,7
LAKE-:-WAUKEGAN 375,7
LAKE-:-WAUKEGAN 376,7
LAKE-:-WAUKEGAN 377,7
LAKE-:-WAUKEGAN 378,7
LAKE-:-WAUKEGAN 379,7
LAKE-:-WAUKEGAN 380,7
LAKE-:-WAUKEGAN 381,7
LAKE-:-WAUKEGAN 382,7
LAKE-:-WAUKEGAN 383,7
LAKE-:-WAUKEGAN 384,7
LAKE-:-WAUKEGAN 385,7
LAKE-:-WAUKEGAN 386,7
LAKE-:-WAUKEGAN 387,7
LAKE-:-WAUKEGAN 388,7
LAKE-:-WAUKEGAN 389,7
LAKE-:-WAUKEGAN 390,7
LAKE-:-WAUKEGAN 391,7
LAKE-:-WAUKEGAN 392,7
LAKE-:-WAUKEGAN 393,7
LAKE-:-WEST DEERFIELD 394,7
LAKE-:-WEST DEERFIELD 395,10
LAKE-:-WEST DEERFIELD 396,7
LAKE-:-WEST DEERFIELD 397,7
LAKE-:-WEST DEERFIELD 398,7
LAKE-:-WEST DEERFIELD 399,10
LAKE-:-WEST DEERFIELD 400,10
LAKE-:-WEST DEERFIELD 401,7
LAKE-:-WEST DEERFIELD 402,10
LAKE-:-WEST DEERFIELD 403,10
LAKE-:-WEST DEERFIELD 404,7
LAKE-:-WEST DEERFIELD 405,10
LAKE-:-WEST DEERFIELD 406,10
LAKE-:-WEST DEERFIELD 407,10
LAKE-:-WEST DEERFIELD 408,3
LAKE-:-WEST DEERFIELD 409,3
LAKE-:-WEST DEERFIELD 410,3
LAKE-:-WEST DEERFIELD 411,3
LAKE-:-WEST DEERFIELD 412,10
LAKE-:-WEST DEERFIELD 413,3
LAKE-:-WEST DEERFIELD 414,3
LAKE-:-WEST DEERFIELD 415,10
LAKE-:-WEST DEERFIELD 416,10
LAKE-:-WEST DEERFIELD 417,7
LAKE-:-WEST DEERFIELD 418,7
LAKE-:-ZION 419,7
LAKE-:-ZION 420,7
LAKE-:-ZION 421,7
LAKE-:-ZION 422,7
LAKE-:-ZION 423,7
LAKE-:-ZION 424,7
LAKE-:-ZION 425,7
LAKE-:-ZION 426,7
LAKE-:-ZION 427,7
LAKE-:-ZION 428,7
LAKE-:-ZION 429,7
LAKE-:-ZION 430,7
LAKE-:-ZION 431,7
LASALLE-:-ADAMS 1,2
LASALLE-:-ADAMS 2,2
LASALLE-:-ALLEN,1
LASALLE-:-BROOKFIELD,1
LASALLE-:-BRUCE 1,1
LASALLE-:-BRUCE 10,1
LASALLE-:-BRUCE 11,1
LASALLE-:-BRUCE 12,1
LASALLE-:-BRUCE 2,1
LASALLE-:-BRUCE 3,1
LASALLE-:-BRUCE 4,1
LASALLE-:-BRUCE 5,1
LASALLE-:-BRUCE 6,1
LASALLE-:-BRUCE 7,1
LASALLE-:-BRUCE 8,1
LASALLE-:-BRUCE 9,1
LASALLE-:-DAYTON 1,2
LASALLE-:-DAYTON 2,3
LASALLE-:-DIMMICK,2
LASALLE-:-EAGLE 1,1
LASALLE-:-EAGLE 2,1
LASALLE-:-EAGLE 3,1
LASALLE-:-EARL 1,2
LASALLE-:-EARL 2,2
LASALLE-:-EDEN 2,2
LASALLE-:-FREEDOM,2
LASALLE-:-GRAND RAPIDS,1
LASALLE-:-GROVELAND,1
LASALLE-:-HOPE,1
LASALLE-:-LASALLE 1,7
LASALLE-:-LASALLE 10,7
LASALLE-:-LASALLE 11,7
LASALLE-:-LASALLE 12,7
LASALLE-:-LASALLE 13,2
LASALLE-:-LASALLE 14,2
LASALLE-:-LASALLE 2,7
LASALLE-:-LASALLE 3,7
LASALLE-:-LASALLE 4,7
LASALLE-:-LASALLE 5,7
LASALLE-:-LASALLE 6,7
LASALLE-:-LASALLE 7,7
LASALLE-:-LASALLE 8,7
LASALLE-:-LASALLE 9,7
LASALLE-:-MANLIUS 1,2
LASALLE-:-MANLIUS 2,2
LASALLE-:-MANLIUS 3,2
LASALLE-:-MANLIUS 4,2
LASALLE-:-MANLIUS 5,2
LASALLE-:-MENDOTA 1,2
LASALLE-:-MENDOTA 2,2
LASALLE-:-MENDOTA 3,2
LASALLE-:-MENDOTA 4,2
LASALLE-:-MENDOTA 5,2
LASALLE-:-MENDOTA 6,5
LASALLE-:-MENDOTA 7,2
LASALLE-:-MERIDEN,2
LASALLE-:-MILLER,2
LASALLE-:-MISSION 1,2
LASALLE-:-MISSION 2,2
LASALLE-:-NORTHVILLE 1,2
LASALLE-:-NORTHVILLE 2,2
LASALLE-:-NORTHVILLE 3,2
LASALLE-:-NORTHVILLE 4,2
LASALLE-:-NORTHVILLE 5,2
LASALLE-:-NORTHVILLE 6,2
LASALLE-:-NORTHVILLE 7,2
LASALLE-:-OPHIR,2
LASALLE-:-OSAGE,1
LASALLE-:-OTTAWA 1,3
LASALLE-:-OTTAWA 10,2
LASALLE-:-OTTAWA 11,3
LASALLE-:-OTTAWA 12,3
LASALLE-:-OTTAWA 13,3
LASALLE-:-OTTAWA 2,3
LASALLE-:-OTTAWA 3,3
LASALLE-:-OTTAWA 4,3
LASALLE-:-OTTAWA 5,3
LASALLE-:-OTTAWA 6,3
LASALLE-:-OTTAWA 7,3
LASALLE-:-OTTAWA 8,3
LASALLE-:-OTTAWA 9,3
LASALLE-:-OTTER CREEK 1,1
LASALLE-:-OTTER CREEK 2,1
LASALLE-:-OTTER CREEK 3,1
LASALLE-:-PERU 1,7
LASALLE-:-PERU 10,7
LASALLE-:-PERU 11,7
LASALLE-:-PERU 2,7
LASALLE-:-PERU 3,7
LASALLE-:-PERU 4,7
LASALLE-:-PERU 5,7
LASALLE-:-PERU 6,7
LASALLE-:-PERU 7,7
LASALLE-:-PERU 8,2
LASALLE-:-PERU 9,7
LASALLE-:-RICHLAND,1
LASALLE-:-RUTLAND 1,2
LASALLE-:-RUTLAND 2,2
LASALLE-:-RUTLAND 3,2
LASALLE-:-SERENA,2
LASALLE-:-SO. OTTAWA 1,3
LASALLE-:-SO. OTTAWA 2,3
LASALLE-:-SO. OTTAWA 3,3
LASALLE-:-SO. OTTAWA 4,3
LASALLE-:-SO. OTTAWA 5,3
LASALLE-:-SO. OTTAWA 6,3
LASALLE-:-SO. OTTAWA 7,3
LASALLE-:-SO. OTTAWA 8,3
LASALLE-:-TROY GROVE 1,2
LASALLE-:-TROY GROVE 2,2
LASALLE-:-UTICA 1,7
LASALLE-:-UTICA 2,2
LASALLE-:-VERMILLION,1
LASALLE-:-WALLACE,2
LASALLE-:-WALTHAM,2
LAWRENCE-:-ALLISON 1,15
LAWRENCE-:-BOND 3,15
LAWRENCE-:-BRIDGEPORT 4,15
LAWRENCE-:-BRIDGEPORT 6,15
LAWRENCE-:-CHRISTY 8,15
LAWRENCE-:-DENISON 10,15
LAWRENCE-:-DENISON 12,15
LAWRENCE-:-LAWRENCE 13,15
LAWRENCE-:-LAWRENCE 15,15
LAWRENCE-:-LAWRENCE 16,15
LAWRENCE-:-LAWRENCE 17,15
LAWRENCE-:-LAWRENCE 18,15
LAWRENCE-:-LAWRENCE 20,15
LAWRENCE-:-LAWRENCE 22,15
LAWRENCE-:-LUKIN 24,15
LAWRENCE-:-PETTY 25,15
LAWRENCE-:-RUSSELL 27,15
LEE-:-ALTO,2
LEE-:-AMBOY 1,2
LEE-:-AMBOY 2,2
LEE-:-AMBOY 3,2
LEE-:-ASHTON 1,2
LEE-:-ASHTON 2,2
LEE-:-BRADFORD,2
LEE-:-BROOKLYN 1,2
LEE-:-BROOKLYN 2,2
LEE-:-DIXON 1,2
LEE-:-DIXON 10,2
LEE-:-DIXON 11,2
LEE-:-DIXON 12,2
LEE-:-DIXON 13,2
LEE-:-DIXON 14,2
LEE-:-DIXON 15,2
LEE-:-DIXON 16,2
LEE-:-DIXON 17,2
LEE-:-DIXON 2,2
LEE-:-DIXON 3,2
LEE-:-DIXON 4,2
LEE-:-DIXON 5,2
LEE-:-DIXON 6,2
LEE-:-DIXON 7,2
LEE-:-DIXON 8,2
LEE-:-DIXON 9,2
LEE-:-EAST GROVE,2
LEE-:-FRANKLIN GROVE 1,2
LEE-:-FRANKLIN GROVE 2,2
LEE-:-HAMILTON,2
LEE-:-HARMON,2
LEE-:-LEE CENTER,2
LEE-:-MARION,2
LEE-:-MAY,2
LEE-:-NACHUSA,2
LEE-:-NELSON,2
LEE-:-PALMYRA 1,2
LEE-:-PALMYRA 2,2
LEE-:-PALMYRA 3,2
LEE-:-REYNOLDS,2
LEE-:-SOUTH DIXON,2
LEE-:-SUBLETTE,2
LEE-:-VIOLA,2
LEE-:-WILLOW CREEK,2
LEE-:-WYOMING 1,2
LEE-:-WYOMING 2,2
LIVINGSTON-:-AMITY,1
LIVINGSTON-:-AVOCA,1
LIVINGSTON-:-BELLE PRAIRIE,1
LIVINGSTON-:-BROUGHTON,1
LIVINGSTON-:-CHARLOTTE,1
LIVINGSTON-:-CHATSWORTH 1,1
LIVINGSTON-:-DWIGHT 1,5
LIVINGSTON-:-DWIGHT 2,5
LIVINGSTON-:-DWIGHT 3,5
LIVINGSTON-:-DWIGHT 4,1
LIVINGSTON-:-EPPARDS POINT,1
LIVINGSTON-:-FAYETTE,1
LIVINGSTON-:-FORREST 1,1
LIVINGSTON-:-GERMANVILLE,8
LIVINGSTON-:-INDIAN GRV 1,1
LIVINGSTON-:-INDIAN GRV 2,1
LIVINGSTON-:-INDIAN GRV 3,1
LIVINGSTON-:-INDIAN GRV 4,1
LIVINGSTON-:-LONG POINT,1
LIVINGSTON-:-NEBRASKA 1,1
LIVINGSTON-:-NEVADA,5
LIVINGSTON-:-NEWTOWN,1
LIVINGSTON-:-ODELL 1,1
LIVINGSTON-:-OWEGO,1
LIVINGSTON-:-PIKE,1
LIVINGSTON-:-PLEASANT RIDGE,8
LIVINGSTON-:-PONTIAC 1,8
LIVINGSTON-:-PONTIAC 2,8
LIVINGSTON-:-PONTIAC 3,8
LIVINGSTON-:-PONTIAC 4,8
LIVINGSTON-:-PONTIAC 5,8
LIVINGSTON-:-PONTIAC 6,8
LIVINGSTON-:-PONTIAC 7,8
LIVINGSTON-:-PONTIAC 8,8
LIVINGSTON-:-READING 1,1
LIVINGSTON-:-READING 2,1
LIVINGSTON-:-ROOKS CREEK,1
LIVINGSTON-:-ROUND GROVE,5
LIVINGSTON-:-SAUNEMIN,1
LIVINGSTON-:-SULLIVAN,1
LIVINGSTON-:-SUNBURY,1
LIVINGSTON-:-UNION,1
LIVINGSTON-:-WALDO,1
LOGAN-:-AETNA,1
LOGAN-:-ATLANTA,1
LOGAN-:-BROADWELL,1
LOGAN-:-CHESTER,1
LOGAN-:-CORWIN,1
LOGAN-:-EAST LINCOLN 1,1
LOGAN-:-EAST LINCOLN 2,1
LOGAN-:-EAST LINCOLN 3,1
LOGAN-:-EAST LINCOLN 4,1
LOGAN-:-EAST LINCOLN 5,1
LOGAN-:-EAST LINCOLN 6,1
LOGAN-:-ELKHART,1
LOGAN-:-EMINENCE,1
LOGAN-:-HURLBUT,1
LOGAN-:-LAKE FORK/LAENNA,1
LOGAN-:-MT. PULASKI 1,1
LOGAN-:-MT. PULASKI 2,1
LOGAN-:-ORAN,1
LOGAN-:-ORVIL 1,1
LOGAN-:-ORVIL 2,1
LOGAN-:-PRAIRIE CREEK,1
LOGAN-:-SHERIDAN,1
LOGAN-:-WEST LINCOLN 1,1
LOGAN-:-WEST LINCOLN 2,1
LOGAN-:-WEST LINCOLN 3,1
LOGAN-:-WEST LINCOLN 4,1
LOGAN-:-WEST LINCOLN 5,1
LOGAN-:-WEST LINCOLN 6,1
LOGAN-:-WEST LINCOLN 7,1
MACON-:-AUSTIN,1
MACON-:-BLUE MOUND,4
MACON-:-DECATUR 1,4
MACON-:-DECATUR 10,4
MACON-:-DECATUR 11,4
MACON-:-DECATUR 12,4
MACON-:-DECATUR 13,4
MACON-:-DECATUR 14,4
MACON-:-DECATUR 15,4
MACON-:-DECATUR 17,4
MACON-:-DECATUR 18,4
MACON-:-DECATUR 2,4
MACON-:-DECATUR 20,4
MACON-:-DECATUR 21,4
MACON-:-DECATUR 22,4
MACON-:-DECATUR 23,4
MACON-:-DECATUR 24,4
MACON-:-DECATUR 25,4
MACON-:-DECATUR 26,4
MACON-:-DECATUR 3,4
MACON-:-DECATUR 4,4
MACON-:-DECATUR 5,4
MACON-:-DECATUR 6,4
MACON-:-FRIENDS CREEK,1
MACON-:-HICKORY PT. 1,4
MACON-:-HICKORY PT. 10,4
MACON-:-HICKORY PT. 11,4
MACON-:-HICKORY PT. 4,4
MACON-:-HICKORY PT. 5,4
MACON-:-HICKORY PT. 6,4
MACON-:-HICKORY PT. 7,4
MACON-:-HICKORY PT. 8,4
MACON-:-HICKORY PT. 9,4
MACON-:-ILLINI,4
MACON-:-LONG CREEK 1,4
MACON-:-LONG CREEK 2,4
MACON-:-LONG CREEK 3,4
MACON-:-LONG CREEK 5,4
MACON-:-LONG CREEK 6,4
MACON-:-LONG CREEK 7,4
MACON-:-MAROA,1
MACON-:-MT. ZION 1,4
MACON-:-MT. ZION 2,4
MACON-:-MT. ZION 3,4
MACON-:-NIANTIC,4
MACON-:-PLEASANT VIEW,4
MACON-:-SOUTH MACON,4
MACON-:-SOUTH WHEATLAND 1,4
MACON-:-SOUTH WHEATLAND 2,4
MACON-:-SOUTH WHEATLAND 3,4
MACON-:-WHITMORE 1,1
MACON-:-WHITMORE 2,4
MACOUPIN-:-BARR,1
MACOUPIN-:-BIRD,4
MACOUPIN-:-BRIGHTON 1,4
MACOUPIN-:-BRIGHTON 2,4
MACOUPIN-:-BRIGHTON 3,4
MACOUPIN-:-BRUSHY MOUND,4
MACOUPIN-:-BUNKER HILL 1,4
MACOUPIN-:-BUNKER HILL 2,4
MACOUPIN-:-BUNKER HILL 3,4
MACOUPIN-:-CAHOKIA 1,4
MACOUPIN-:-CAHOKIA 2,4
MACOUPIN-:-CARLINVILLE 1,5
MACOUPIN-:-CARLINVILLE 2,5
MACOUPIN-:-CARLINVILLE 3,5
MACOUPIN-:-CARLINVILLE 4,5
MACOUPIN-:-CARLINVILLE 5,5
MACOUPIN-:-CHESTERFIELD,8
MACOUPIN-:-DORCHESTER,4
MACOUPIN-:-GILLESPIE 1,4
MACOUPIN-:-GILLESPIE 2,4
MACOUPIN-:-GILLESPIE 3,4
MACOUPIN-:-GIRARD 1,9
MACOUPIN-:-GIRARD 2,9
MACOUPIN-:-HILYARD,4
MACOUPIN-:-HONEY POINT,4
MACOUPIN-:-MT. OLIVE 1,5
MACOUPIN-:-MT. OLIVE 2,4
MACOUPIN-:-MT. OLIVE 3,4
MACOUPIN-:-MT. OLIVE 4,4
MACOUPIN-:-NILWOOD,1
MACOUPIN-:-NORTH OTTER,9
MACOUPIN-:-NORTH PALMYRA,1
MACOUPIN-:-POLK,4
MACOUPIN-:-SCOTTVILLE,1
MACOUPIN-:-SHAWS POINT,4
MACOUPIN-:-SHIPMAN,4
MACOUPIN-:-SOUTH OTTER,1
MACOUPIN-:-SOUTH PALMYRA,1
MACOUPIN-:-STAUNTON 1,4
MACOUPIN-:-STAUNTON 2,4
MACOUPIN-:-STAUNTON 3,4
MACOUPIN-:-STAUNTON 4,4
MACOUPIN-:-VIRDEN 1,9
MACOUPIN-:-VIRDEN 2,9
MACOUPIN-:-WESTERN MOUND,1
MADISON-:-ALHAMBRA 01,4
MADISON-:-ALTON 02,4
MADISON-:-ALTON 04,4
MADISON-:-ALTON 06,4
MADISON-:-ALTON 07,4
MADISON-:-ALTON 08,4
MADISON-:-ALTON 09,4
MADISON-:-ALTON 10,4
MADISON-:-ALTON 11,4
MADISON-:-ALTON 12,4
MADISON-:-ALTON 13,4
MADISON-:-ALTON 14,4
MADISON-:-ALTON 15,4
MADISON-:-ALTON 16,4
MADISON-:-ALTON 17,4
MADISON-:-CHOUTEAU 01,4
MADISON-:-CHOUTEAU 02,4
MADISON-:-CHOUTEAU 03,8
MADISON-:-CHOUTEAU 04,8
MADISON-:-CHOUTEAU 05,4
MADISON-:-CHOUTEAU 06,4
MADISON-:-COLLINSVILLE 02,4
MADISON-:-COLLINSVILLE 03,4
MADISON-:-COLLINSVILLE 04,5
MADISON-:-COLLINSVILLE 05,8
MADISON-:-COLLINSVILLE 06,4
MADISON-:-COLLINSVILLE 07,4
MADISON-:-COLLINSVILLE 08,4
MADISON-:-COLLINSVILLE 09,5
MADISON-:-COLLINSVILLE 10,4
MADISON-:-COLLINSVILLE 11,4
MADISON-:-COLLINSVILLE 12,4
MADISON-:-COLLINSVILLE 13,4
MADISON-:-COLLINSVILLE 14,4
MADISON-:-COLLINSVILLE 15,4
MADISON-:-COLLINSVILLE 16,4
MADISON-:-COLLINSVILLE 17,4
MADISON-:-COLLINSVILLE 18,4
MADISON-:-COLLINSVILLE 19,8
MADISON-:-COLLINSVILLE 21,4
MADISON-:-COLLINSVILLE 22,4
MADISON-:-COLLINSVILLE 23,4
MADISON-:-COLLINSVILLE 24,4
MADISON-:-COLLINSVILLE 25,4
MADISON-:-EDWARDSVILLE 01,4
MADISON-:-EDWARDSVILLE 02,4
MADISON-:-EDWARDSVILLE 03,4
MADISON-:-EDWARDSVILLE 04,4
MADISON-:-EDWARDSVILLE 05,4
MADISON-:-EDWARDSVILLE 06,4
MADISON-:-EDWARDSVILLE 07,4
MADISON-:-EDWARDSVILLE 08,4
MADISON-:-EDWARDSVILLE 09,4
MADISON-:-EDWARDSVILLE 10,4
MADISON-:-EDWARDSVILLE 11,4
MADISON-:-EDWARDSVILLE 12,4
MADISON-:-EDWARDSVILLE 13,4
MADISON-:-EDWARDSVILLE 14,4
MADISON-:-EDWARDSVILLE 15,4
MADISON-:-EDWARDSVILLE 16,4
MADISON-:-EDWARDSVILLE 17,4
MADISON-:-EDWARDSVILLE 18,4
MADISON-:-EDWARDSVILLE 19,4
MADISON-:-EDWARDSVILLE 20,4
MADISON-:-EDWARDSVILLE 21,4
MADISON-:-EDWARDSVILLE 22,4
MADISON-:-EDWARDSVILLE 23,4
MADISON-:-EDWARDSVILLE 24,5
MADISON-:-EDWARDSVILLE 25,4
MADISON-:-EDWARDSVILLE 26,4
MADISON-:-FOSTER 01,4
MADISON-:-FOSTER 03,15
MADISON-:-FOSTER 04,5
MADISON-:-FT. RUSSELL 01,4
MADISON-:-FT. RUSSELL 02,4
MADISON-:-FT. RUSSELL 03,4
MADISON-:-FT. RUSSELL 04,4
MADISON-:-FT. RUSSELL 05,4
MADISON-:-FT. RUSSELL 06,4
MADISON-:-GODFREY 01,4
MADISON-:-GODFREY 02,15
MADISON-:-GODFREY 03,4
MADISON-:-GODFREY 04,4
MADISON-:-GODFREY 05,4
MADISON-:-GODFREY 06,4
MADISON-:-GODFREY 07,4
MADISON-:-GODFREY 08,4
MADISON-:-GODFREY 09,4
MADISON-:-GODFREY 10,4
MADISON-:-GODFREY 11,4
MADISON-:-GODFREY 12,4
MADISON-:-GODFREY 13,4
MADISON-:-GODFREY 14,4
MADISON-:-GRANITE CITY 01,4
MADISON-:-GRANITE CITY 02,4
MADISON-:-GRANITE CITY 03,4
MADISON-:-GRANITE CITY 04,4
MADISON-:-GRANITE CITY 05,4
MADISON-:-GRANITE CITY 06,4
MADISON-:-GRANITE CITY 07,4
MADISON-:-GRANITE CITY 08,4
MADISON-:-GRANITE CITY 09,4
MADISON-:-GRANITE CITY 10,4
MADISON-:-GRANITE CITY 11,4
MADISON-:-GRANITE CITY 12,4
MADISON-:-GRANITE CITY 13,4
MADISON-:-GRANITE CITY 14,4
MADISON-:-GRANITE CITY 15,4
MADISON-:-GRANITE CITY 16,4
MADISON-:-GRANITE CITY 17,4
MADISON-:-HAMEL 01,4
MADISON-:-HAMEL 02,4
MADISON-:-HELVETIA 01,8
MADISON-:-HELVETIA 02,4
MADISON-:-HELVETIA 03,4
MADISON-:-HELVETIA 04,4
MADISON-:-HELVETIA 05,4
MADISON-:-HELVETIA 06,4
MADISON-:-JARVIS 01,4
MADISON-:-JARVIS 02,4
MADISON-:-JARVIS 03,4
MADISON-:-JARVIS 04,4
MADISON-:-JARVIS 05,4
MADISON-:-JARVIS 06,4
MADISON-:-JARVIS 07,4
MADISON-:-JARVIS 08,4
MADISON-:-JARVIS 09,4
MADISON-:-JARVIS 10,4
MADISON-:-JARVIS 11,5
MADISON-:-JARVIS 12,4
MADISON-:-LEEF 01,4
MADISON-:-MARINE 01,4
MADISON-:-MARINE 02,4
MADISON-:-MORO 01,15
MADISON-:-MORO 03,4
MADISON-:-NAMEOKI 01,4
MADISON-:-NAMEOKI 02,4
MADISON-:-NAMEOKI 03,4
MADISON-:-NAMEOKI 04,4
MADISON-:-NAMEOKI 05,4
MADISON-:-NAMEOKI 06,4
MADISON-:-NAMEOKI 07,4
MADISON-:-NAMEOKI 08,4
MADISON-:-NEW DOUGLAS 01,4
MADISON-:-OLIVE 01,4
MADISON-:-OLIVE 02,4
MADISON-:-OMPHGHENT 01,4
MADISON-:-OMPHGHENT 02,15
MADISON-:-PIN OAK 01,4
MADISON-:-PIN OAK 02,4
MADISON-:-PIN OAK 03,4
MADISON-:-SALINE 01,4
MADISON-:-SALINE 02,4
MADISON-:-SALINE 03,4
MADISON-:-SALINE 04,4
MADISON-:-SALINE 05,4
MADISON-:-ST. JACOB 01,4
MADISON-:-ST. JACOB 02,4
MADISON-:-VENICE 01,4
MADISON-:-VENICE 02,8
MADISON-:-VENICE 03,4
MADISON-:-VENICE 04,4
MADISON-:-WOOD RIVER 01,4
MADISON-:-WOOD RIVER 02,4
MADISON-:-WOOD RIVER 03,4
MADISON-:-WOOD RIVER 04,4
MADISON-:-WOOD RIVER 05,4
MADISON-:-WOOD RIVER 06,4
MADISON-:-WOOD RIVER 07,4
MADISON-:-WOOD RIVER 08,4
MADISON-:-WOOD RIVER 09,4
MADISON-:-WOOD RIVER 10,4
MADISON-:-WOOD RIVER 11,4
MADISON-:-WOOD RIVER 12,5
MADISON-:-WOOD RIVER 13,4
MADISON-:-WOOD RIVER 14,4
MADISON-:-WOOD RIVER 15,8
MADISON-:-WOOD RIVER 16,4
MADISON-:-WOOD RIVER 17,4
MADISON-:-WOOD RIVER 18,5
MADISON-:-WOOD RIVER 19,4
MADISON-:-WOOD RIVER 20,4
MADISON-:-WOOD RIVER 21,4
MARION-:-ALMA,15
MARION-:-CARRIGAN,15
MARION-:-CENTRALIA 1,15
MARION-:-CENTRALIA 11,15
MARION-:-CENTRALIA 12,15
MARION-:-CENTRALIA 13,15
MARION-:-CENTRALIA 14,15
MARION-:-CENTRALIA 15,15
MARION-:-CENTRALIA 17,15
MARION-:-CENTRALIA 3,15
MARION-:-CENTRALIA 4,15
MARION-:-CENTRALIA 5,15
MARION-:-CENTRALIA 6,15
MARION-:-CENTRALIA 7,15
MARION-:-CENTRALIA 9,15
MARION-:-FOSTER,15
MARION-:-HAINES,15
MARION-:-IUKA,15
MARION-:-KINMUNDY,15
MARION-:-MEACHAM,15
MARION-:-ODIN,15
MARION-:-OMEGA,15
MARION-:-PATOKA,15
MARION-:-RACCOON,15
MARION-:-ROMINE,15
MARION-:-SALEM 1,15
MARION-:-SALEM 2,15
MARION-:-SALEM 4,15
MARION-:-SALEM 5,15
MARION-:-SALEM 6,15
MARION-:-SALEM 7,15
MARION-:-SALEM 8,15
MARION-:-SALEM 9,15
MARION-:-SANDOVAL 1,15
MARION-:-SANDOVAL 3,15
MARION-:-STEVENSON,15
MARION-:-TONTI,15
MARSHALL-:-BELL PLAIN,1
MARSHALL-:-BENNINGTON,1
MARSHALL-:-EVANS,1
MARSHALL-:-HENRY 1,1
MARSHALL-:-HENRY 2,1
MARSHALL-:-HOPEWELL,1
MARSHALL-:-LA PRAIRIE,1
MARSHALL-:-LACON 1,1
MARSHALL-:-LACON 2,1
MARSHALL-:-RICHLAND,1
MARSHALL-:-ROBERTS,1
MARSHALL-:-SARATOGA,1
MARSHALL-:-STEUBEN,1
MARSHALL-:-WHITEFIELD,1
MASON-:-ALLENS GROVE,1
MASON-:-BATH 1,1
MASON-:-CRANE CREEK,1
MASON-:-FOREST CITY,1
MASON-:-HAVANA 1,1
MASON-:-HAVANA 2,1
MASON-:-HAVANA 3,1
MASON-:-HAVANA 4,1
MASON-:-HAVANA 5,1
MASON-:-HAVANA 6,1
MASON-:-KILBOURNE,1
MASON-:-LYNCHBURG,1
MASON-:-MANITO 1,1
MASON-:-MANITO 2,1
MASON-:-MASON CITY 1,1
MASON-:-MASON CITY 2,1
MASON-:-MASON CITY 3,1
MASON-:-PENNSYLVANIA,1
MASON-:-QUIVER,1
MASON-:-SALT CREEK,1
MASON-:-SHERMAN,1
MASSAC-:-ADKINS-17COMB,15
MASSAC-:-BENTON-10,15
MASSAC-:-EAST BROOKLYN-7COMB,15
MASSAC-:-FRANKLIN-15,15
MASSAC-:-GEORGE'S CREEK-11,15
MASSAC-:-GRANT-14,15
MASSAC-:-HILLERMAN-13COMB,15
MASSAC-:-JACKSON-8,15
MASSAC-:-JEFFERSON-16COMB,15
MASSAC-:-LINCOLN-5,15
MASSAC-:-LOGAN-12,15
MASSAC-:-METROPOLIS 1-1,15
MASSAC-:-METROPOLIS 2-2,15
MASSAC-:-METROPOLIS 3-3,15
MASSAC-:-METROPOLIS 4-4,15
MASSAC-:-WASHINGTON-9,15
MASSAC-:-WEST BROOKLYN-6COMB,15
MCDONOUGH-:-BETHEL-1/2,1
MCDONOUGH-:-BLANDINSVILLE-3/4,1
MCDONOUGH-:-BUSHNELL 1-5,1
MCDONOUGH-:-BUSHNELL 2-6,1
MCDONOUGH-:-CHALMERS-7/8,1
MCDONOUGH-:-COLCHESTER-9,1
MCDONOUGH-:-ELDORADO-10,1
MCDONOUGH-:-EMMET-11/12,1
MCDONOUGH-:-EMMET-13,8
MCDONOUGH-:-HIRE-14,1
MCDONOUGH-:-INDUSTRY-15,1
MCDONOUGH-:-LAMOINE-16/17,1
MCDONOUGH-:-MACOMB CITY 1-18,8
MCDONOUGH-:-MACOMB CITY 1-19,8
MCDONOUGH-:-MACOMB CITY 2-20,8
MCDONOUGH-:-MACOMB CITY 2-21,8
MCDONOUGH-:-MACOMB CITY 3-22,1
MCDONOUGH-:-MACOMB CITY 3-23,8
MCDONOUGH-:-MACOMB CITY 4-24,8
MCDONOUGH-:-MACOMB CITY 5-25,8
MCDONOUGH-:-MACOMB CITY 5-26,8
MCDONOUGH-:-MACOMB CITY 6-27,8
MCDONOUGH-:-MACOMB CITY 7-28,1
MCDONOUGH-:-MACOMB CITY 7-29,8
MCDONOUGH-:-MACOMB CITY 7-30,8
MCDONOUGH-:-MACOMB CITY 8-31,1
MCDONOUGH-:-MACOMB TOWNSHIP-32/33,1
MCDONOUGH-:-MOUND-34,5
MCDONOUGH-:-MOUND-35,1
MCDONOUGH-:-NEW SALEM-36,1
MCDONOUGH-:-PRAIRIE CITY-37,1
MCDONOUGH-:-SCIOTA-38/39,1
MCDONOUGH-:-SCOTLAND-40,1
MCDONOUGH-:-SCOTLAND-41,8
MCDONOUGH-:-TENNESSEE-43,1
MCDONOUGH-:-WALNUT GROVE-44/45,1
MCHENRY-:-ALDEN ALD 01,2
MCHENRY-:-ALGONQUIN ALG 01,5
MCHENRY-:-ALGONQUIN ALG 02,5
MCHENRY-:-ALGONQUIN ALG 03,5
MCHENRY-:-ALGONQUIN ALG 04,5
MCHENRY-:-ALGONQUIN ALG 05,5
MCHENRY-:-ALGONQUIN ALG 06,5
MCHENRY-:-ALGONQUIN ALG 07,5
MCHENRY-:-ALGONQUIN ALG 08,5
MCHENRY-:-ALGONQUIN ALG 09,5
MCHENRY-:-ALGONQUIN ALG 10,5
MCHENRY-:-ALGONQUIN ALG 11,5
MCHENRY-:-ALGONQUIN ALG 12,5
MCHENRY-:-ALGONQUIN ALG 13,5
MCHENRY-:-ALGONQUIN ALG 14,5
MCHENRY-:-ALGONQUIN ALG 15,5
MCHENRY-:-ALGONQUIN ALG 16,5
MCHENRY-:-ALGONQUIN ALG 17,5
MCHENRY-:-ALGONQUIN ALG 18,5
MCHENRY-:-ALGONQUIN ALG 19,5
MCHENRY-:-ALGONQUIN ALG 20,5
MCHENRY-:-ALGONQUIN ALG 21,5
MCHENRY-:-ALGONQUIN ALG 22,5
MCHENRY-:-ALGONQUIN ALG 23,5
MCHENRY-:-ALGONQUIN ALG 24,5
MCHENRY-:-ALGONQUIN ALG 25,5
MCHENRY-:-ALGONQUIN ALG 26,5
MCHENRY-:-ALGONQUIN ALG 27,5
MCHENRY-:-ALGONQUIN ALG 28,5
MCHENRY-:-ALGONQUIN ALG 29,5
MCHENRY-:-ALGONQUIN ALG 30,5
MCHENRY-:-ALGONQUIN ALG 31,5
MCHENRY-:-ALGONQUIN ALG 32,5
MCHENRY-:-ALGONQUIN ALG 33,5
MCHENRY-:-ALGONQUIN ALG 34,5
MCHENRY-:-ALGONQUIN ALG 35,5
MCHENRY-:-ALGONQUIN ALG 36,5
MCHENRY-:-ALGONQUIN ALG 37,5
MCHENRY-:-ALGONQUIN ALG 38,5
MCHENRY-:-ALGONQUIN ALG 39,5
MCHENRY-:-ALGONQUIN ALG 40,5
MCHENRY-:-ALGONQUIN ALG 41,5
MCHENRY-:-ALGONQUIN ALG 42,5
MCHENRY-:-ALGONQUIN ALG 43,5
MCHENRY-:-ALGONQUIN ALG 44,5
MCHENRY-:-ALGONQUIN ALG 45,5
MCHENRY-:-ALGONQUIN ALG 46,5
MCHENRY-:-ALGONQUIN ALG 47,5
MCHENRY-:-ALGONQUIN ALG 48,5
MCHENRY-:-ALGONQUIN ALG 49,5
MCHENRY-:-ALGONQUIN ALG 50,5
MCHENRY-:-ALGONQUIN ALG 51,5
MCHENRY-:-ALGONQUIN ALG 52,5
MCHENRY-:-ALGONQUIN ALG 53,5
MCHENRY-:-ALGONQUIN ALG 54,5
MCHENRY-:-ALGONQUIN ALG 55,5
MCHENRY-:-ALGONQUIN ALG 56,5
MCHENRY-:-ALGONQUIN ALG 57,5
MCHENRY-:-ALGONQUIN ALG 58,5
MCHENRY-:-ALGONQUIN ALG 59,5
MCHENRY-:-ALGONQUIN ALG 60,5
MCHENRY-:-ALGONQUIN ALG 61,5
MCHENRY-:-ALGONQUIN ALG 62,5
MCHENRY-:-ALGONQUIN ALG 63,5
MCHENRY-:-BURTON BUR 01,2
MCHENRY-:-BURTON BUR 02,2
MCHENRY-:-BURTON BUR 03,2
MCHENRY-:-BURTON BUR 04,2
MCHENRY-:-CHEMUNG CHE 01,2
MCHENRY-:-CHEMUNG CHE 02,2
MCHENRY-:-CHEMUNG CHE 03,2
MCHENRY-:-CHEMUNG CHE 04,2
MCHENRY-:-CHEMUNG CHE 05,2
MCHENRY-:-CORAL COR 01,2
MCHENRY-:-CORAL COR 02,2
MCHENRY-:-CORAL COR 03,2
MCHENRY-:-DORR DOR 01,5
MCHENRY-:-DORR DOR 02,5
MCHENRY-:-DORR DOR 03,5
MCHENRY-:-DORR DOR 04,5
MCHENRY-:-DORR DOR 05,5
MCHENRY-:-DORR DOR 06,5
MCHENRY-:-DORR DOR 07,5
MCHENRY-:-DORR DOR 08,5
MCHENRY-:-DORR DOR 09,2
MCHENRY-:-DORR DOR 10,5
MCHENRY-:-DORR DOR 11,5
MCHENRY-:-DORR DOR 12,5
MCHENRY-:-DORR DOR 13,2
MCHENRY-:-DORR DOR 14,5
MCHENRY-:-DUNHAM DUN 01,2
MCHENRY-:-DUNHAM DUN 02,2
MCHENRY-:-GRAFTON GRA 01,5
MCHENRY-:-GRAFTON GRA 02,5
MCHENRY-:-GRAFTON GRA 03,5
MCHENRY-:-GRAFTON GRA 04,2
MCHENRY-:-GRAFTON GRA 05,5
MCHENRY-:-GRAFTON GRA 06,2
MCHENRY-:-GRAFTON GRA 07,5
MCHENRY-:-GRAFTON GRA 08,5
MCHENRY-:-GRAFTON GRA 09,5
MCHENRY-:-GRAFTON GRA 10,5
MCHENRY-:-GRAFTON GRA 11,5
MCHENRY-:-GRAFTON GRA 12,5
MCHENRY-:-GRAFTON GRA 13,5
MCHENRY-:-GRAFTON GRA 14,5
MCHENRY-:-GRAFTON GRA 15,5
MCHENRY-:-GRAFTON GRA 16,5
MCHENRY-:-GRAFTON GRA 17,5
MCHENRY-:-GRAFTON GRA 18,5
MCHENRY-:-GRAFTON GRA 19,5
MCHENRY-:-GRAFTON GRA 20,5
MCHENRY-:-GRAFTON GRA 21,5
MCHENRY-:-GRAFTON GRA 22,5
MCHENRY-:-GRAFTON GRA 23,5
MCHENRY-:-GRAFTON GRA 24,5
MCHENRY-:-GRAFTON GRA 25,5
MCHENRY-:-GRAFTON GRA 26,5
MCHENRY-:-GRAFTON GRA 27,5
MCHENRY-:-GRAFTON GRA 28,5
MCHENRY-:-GRAFTON GRA 29,5
MCHENRY-:-GRAFTON GRA 30,5
MCHENRY-:-GRAFTON GRA 31,5
MCHENRY-:-GRAFTON GRA 32,5
MCHENRY-:-GRAFTON GRA 33,5
MCHENRY-:-GRAFTON GRA 34,5
MCHENRY-:-GRAFTON GRA 35,5
MCHENRY-:-GRAFTON GRA 36,5
MCHENRY-:-GRAFTON GRA 37,2
MCHENRY-:-GRAFTON GRA 38,5
MCHENRY-:-GREENWOOD GRE 01,2
MCHENRY-:-GREENWOOD GRE 02,5
MCHENRY-:-GREENWOOD GRE 03,5
MCHENRY-:-GREENWOOD GRE 04,5
MCHENRY-:-GREENWOOD GRE 05,5
MCHENRY-:-GREENWOOD GRE 07,2
MCHENRY-:-GREENWOOD GRE 08,2
MCHENRY-:-GREENWOOD GRE 09,2
MCHENRY-:-GREENWOOD GRE 10,5
MCHENRY-:-HEBRON HEB 01,2
MCHENRY-:-HEBRON HEB 02,2
MCHENRY-:-MARENGO MAR 01,2
MCHENRY-:-MARENGO MAR 02,2
MCHENRY-:-MARENGO MAR 03,2
MCHENRY-:-MARENGO MAR 04,2
MCHENRY-:-MARENGO MAR 05,2
MCHENRY-:-MCHENRY MCH 01,2
MCHENRY-:-MCHENRY MCH 02,2
MCHENRY-:-MCHENRY MCH 03,2
MCHENRY-:-MCHENRY MCH 04,2
MCHENRY-:-MCHENRY MCH 05,2
MCHENRY-:-MCHENRY MCH 06,2
MCHENRY-:-MCHENRY MCH 08,2
MCHENRY-:-MCHENRY MCH 09,5
MCHENRY-:-MCHENRY MCH 10,5
MCHENRY-:-MCHENRY MCH 11,5
MCHENRY-:-MCHENRY MCH 12,5
MCHENRY-:-MCHENRY MCH 13,2
MCHENRY-:-MCHENRY MCH 14,2
MCHENRY-:-MCHENRY MCH 15,2
MCHENRY-:-MCHENRY MCH 16,2
MCHENRY-:-MCHENRY MCH 17,2
MCHENRY-:-MCHENRY MCH 18,2
MCHENRY-:-MCHENRY MCH 19,2
MCHENRY-:-MCHENRY MCH 20,2
MCHENRY-:-MCHENRY MCH 21,2
MCHENRY-:-MCHENRY MCH 22,2
MCHENRY-:-MCHENRY MCH 23,5
MCHENRY-:-MCHENRY MCH 24,5
MCHENRY-:-MCHENRY MCH 25,5
MCHENRY-:-MCHENRY MCH 26,5
MCHENRY-:-MCHENRY MCH 27,7
MCHENRY-:-MCHENRY MCH 28,2
MCHENRY-:-MCHENRY MCH 29,2
MCHENRY-:-MCHENRY MCH 30,5
MCHENRY-:-MCHENRY MCH 31,5
MCHENRY-:-MCHENRY MCH 32,5
MCHENRY-:-MCHENRY MCH 33,5
MCHENRY-:-MCHENRY MCH 34,2
MCHENRY-:-NUNDA NUN 01,2
MCHENRY-:-NUNDA NUN 02,5
MCHENRY-:-NUNDA NUN 03,5
MCHENRY-:-NUNDA NUN 04,2
MCHENRY-:-NUNDA NUN 05,5
MCHENRY-:-NUNDA NUN 06,2
MCHENRY-:-NUNDA NUN 07,5
MCHENRY-:-NUNDA NUN 08,2
MCHENRY-:-NUNDA NUN 09,5
MCHENRY-:-NUNDA NUN 10,5
MCHENRY-:-NUNDA NUN 11,5
MCHENRY-:-NUNDA NUN 12,5
MCHENRY-:-NUNDA NUN 13,5
MCHENRY-:-NUNDA NUN 14,5
MCHENRY-:-NUNDA NUN 15,5
MCHENRY-:-NUNDA NUN 16,5
MCHENRY-:-NUNDA NUN 17,5
MCHENRY-:-NUNDA NUN 18,5
MCHENRY-:-NUNDA NUN 19,5
MCHENRY-:-NUNDA NUN 20,5
MCHENRY-:-NUNDA NUN 21,5
MCHENRY-:-NUNDA NUN 22,5
MCHENRY-:-NUNDA NUN 23,5
MCHENRY-:-NUNDA NUN 24,5
MCHENRY-:-NUNDA NUN 25,2
MCHENRY-:-NUNDA NUN 26,2
MCHENRY-:-NUNDA NUN 27,5
MCHENRY-:-NUNDA NUN 28,5
MCHENRY-:-NUNDA NUN 29,10
MCHENRY-:-RICHMOND RIC 01,2
MCHENRY-:-RICHMOND RIC 02,5
MCHENRY-:-RICHMOND RIC 03,2
MCHENRY-:-RICHMOND RIC 04,2
MCHENRY-:-RICHMOND RIC 05,2
MCHENRY-:-RICHMOND RIC 06,2
MCHENRY-:-RILEY RIL 01,2
MCHENRY-:-RILEY RIL 02,2
MCHENRY-:-SENECA SEN 01,5
MCHENRY-:-SENECA SEN 02,5
MCHENRY-:-SENECA SEN 03,2
MCLEAN-:-ANCHOR 01,1
MCLEAN-:-ARROWSMITH 01,1
MCLEAN-:-BELLFLOWER 01,1
MCLEAN-:-BLOOMINGTON 03,1
MCLEAN-:-BLUE MOUND 01,1
MCLEAN-:-CHENEY'S GROVE 01,1
MCLEAN-:-CHENOA 01,1
MCLEAN-:-CHENOA 02,1
MCLEAN-:-CROPSEY 01,1
MCLEAN-:-DANVERS 01,1
MCLEAN-:-DANVERS 02,1
MCLEAN-:-DAWSON 01,1
MCLEAN-:-DOWNS 01,1
MCLEAN-:-DRY GROVE 01,1
MCLEAN-:-DRY GROVE 02,1
MCLEAN-:-EMPIRE 01,1
MCLEAN-:-EMPIRE 02,1
MCLEAN-:-EMPIRE 03,1
MCLEAN-:-FUNKS GROVE 01,5
MCLEAN-:-GRIDLEY 01,1
MCLEAN-:-GRIDLEY 02,1
MCLEAN-:-HUDSON 01,1
MCLEAN-:-HUDSON 02,1
MCLEAN-:-LAWNDALE 01,1
MCLEAN-:-LEXINGTON 01,1
MCLEAN-:-LEXINGTON 02,1
MCLEAN-:-MARTIN 01,1
MCLEAN-:-MONEY CREEK 01,1
MCLEAN-:-MT. HOPE 01,1
MCLEAN-:-NORMAL 01,8
MCLEAN-:-NORMAL 02,8
MCLEAN-:-NORMAL 03,6
MCLEAN-:-NORMAL 04,7
MCLEAN-:-NORMAL 05,7
MCLEAN-:-NORMAL 06,7
MCLEAN-:-NORMAL 07,7
MCLEAN-:-NORMAL 08,6
MCLEAN-:-NORMAL 09,6
MCLEAN-:-NORMAL 10,6
MCLEAN-:-NORMAL 11,6
MCLEAN-:-NORMAL 12,1
MCLEAN-:-NORMAL 13,1
MCLEAN-:-NORMAL 14,6
MCLEAN-:-NORMAL 15,7
MCLEAN-:-NORMAL 16,7
MCLEAN-:-NORMAL 17,7
MCLEAN-:-NORMAL 18,1
MCLEAN-:-NORMAL 19,7
MCLEAN-:-NORMAL 20,1
MCLEAN-:-NORMAL 21,7
MCLEAN-:-NORMAL 22,7
MCLEAN-:-NORMAL 23,1
MCLEAN-:-NORMAL 24,1
MCLEAN-:-NORMAL 25,1
MCLEAN-:-NORMAL 26,1
MCLEAN-:-NORMAL 27,1
MCLEAN-:-NORMAL 28,7
MCLEAN-:-NORMAL 29,6
MCLEAN-:-NORMAL 30,6
MCLEAN-:-NORMAL 32,7
MCLEAN-:-NORMAL 33,7
MCLEAN-:-NORMAL 34,1
MCLEAN-:-NORMAL 35,1
MCLEAN-:-NORMAL 36,1
MCLEAN-:-OLD TOWN 01,1
MCLEAN-:-OLD TOWN 02,1
MCLEAN-:-OLD TOWN 03,1
MCLEAN-:-RANDOLPH 01,1
MCLEAN-:-RANDOLPH 02,1
MCLEAN-:-RANDOLPH 03,1
MCLEAN-:-RANDOLPH 04,1
MCLEAN-:-TOWANDA 01,1
MCLEAN-:-TOWANDA 02,1
MCLEAN-:-WEST 01,1
MCLEAN-:-WHITE OAK 01,1
MCLEAN-:-YATES 01,1
MENARD-:-EAST MENARD,1
MENARD-:-EAST PETERSBURG,1
MENARD-:-GREENVIEW,1
MENARD-:-INDIAN CREEK,1
MENARD-:-NORTH ATHENS-CITY,1
MENARD-:-NORTH ATHENS-RURAL,1
MENARD-:-NORTH PETERSBURG,1
MENARD-:-NORTHWEST MENARD,1
MENARD-:-ROCK CREEK,1
MENARD-:-SOUTH ATHENS-CITY,1
MENARD-:-SOUTH ATHENS-RURAL,1
MENARD-:-SOUTH PETERSBURG,1
MENARD-:-SOUTHWEST MENARD,1
MENARD-:-WEST PETERSBURG,1
MERCER-:-ABINGTON,1
MERCER-:-DUNCAN,1
MERCER-:-ELIZA,1
MERCER-:-GREENE 1,2
MERCER-:-GREENE 2,2
MERCER-:-KEITHSBURG,1
MERCER-:-MERCER 1,1
MERCER-:-MERCER 2,1
MERCER-:-MERCER 3,1
MERCER-:-MERCER 4,1
MERCER-:-MERCER 5,1
MERCER-:-MERCER 6,1
MERCER-:-MILLERSBURG,1
MERCER-:-NEW BOSTON,1
MERCER-:-NORTH HENDERSON,2
MERCER-:-OHIO GROVE,1
MERCER-:-PERRYTON,1
MERCER-:-PREEMPTION 1,2
MERCER-:-PREEMPTION 2,2
MERCER-:-RICHLAND GROVE 1,2
MERCER-:-RICHLAND GROVE 2,2
MERCER-:-RICHLAND GROVE 3,2
MERCER-:-RIVOLI,2
MERCER-:-SUEZ,2
MONROE-:-PRECINCT 1,4
MONROE-:-PRECINCT 10,4
MONROE-:-PRECINCT 11,4
MONROE-:-PRECINCT 12,4
MONROE-:-PRECINCT 13,4
MONROE-:-PRECINCT 14,4
MONROE-:-PRECINCT 15,5
MONROE-:-PRECINCT 16,4
MONROE-:-PRECINCT 17,4
MONROE-:-PRECINCT 18,4
MONROE-:-PRECINCT 19,4
MONROE-:-PRECINCT 2,4
MONROE-:-PRECINCT 20,4
MONROE-:-PRECINCT 21,4
MONROE-:-PRECINCT 22,4
MONROE-:-PRECINCT 23,4
MONROE-:-PRECINCT 24,4
MONROE-:-PRECINCT 25,4
MONROE-:-PRECINCT 3,4
MONROE-:-PRECINCT 4,5
MONROE-:-PRECINCT 5,4
MONROE-:-PRECINCT 6,4
MONROE-:-PRECINCT 7,4
MONROE-:-PRECINCT 8,4
MONROE-:-PRECINCT 9,4
MONTGOMERY-:-AUDUBON,4
MONTGOMERY-:-BOIS D'ARC,1
MONTGOMERY-:-BUTLER GROVE,4
MONTGOMERY-:-EAST FORK 1,4
MONTGOMERY-:-EAST FORK 2,4
MONTGOMERY-:-EAST FORK 3,4
MONTGOMERY-:-FILLMORE CONS,4
MONTGOMERY-:-GRISHAM 1,4
MONTGOMERY-:-GRISHAM 2,4
MONTGOMERY-:-HARVEL,9
MONTGOMERY-:-HILLSBORO 1,4
MONTGOMERY-:-HILLSBORO 2,4
MONTGOMERY-:-HILLSBORO 3,4
MONTGOMERY-:-HILLSBORO 4,4
MONTGOMERY-:-HILLSBORO 5,4
MONTGOMERY-:-HILLSBORO 6,4
MONTGOMERY-:-IRVING,1
MONTGOMERY-:-NOKOMIS 1,4
MONTGOMERY-:-NOKOMIS 2,4
MONTGOMERY-:-NOKOMIS 3,4
MONTGOMERY-:-NOKOMIS 4,4
MONTGOMERY-:-NORTH LITCHFIELD 1,1
MONTGOMERY-:-NORTH LITCHFIELD 2,3
MONTGOMERY-:-NORTH LITCHFIELD 3,3
MONTGOMERY-:-NORTH LITCHFIELD 4,4
MONTGOMERY-:-NORTH LITCHFIELD 5,4
MONTGOMERY-:-NORTH LITCHFIELD 6,1
MONTGOMERY-:-PITMAN,9
MONTGOMERY-:-RAYMOND,1
MONTGOMERY-:-ROUNTREE,4
MONTGOMERY-:-SOUTH LITCHFIELD 1,4
MONTGOMERY-:-SOUTH LITCHFIELD 2,1
MONTGOMERY-:-SOUTH LITCHFIELD 3,4
MONTGOMERY-:-SOUTH LITCHFIELD 4,4
MONTGOMERY-:-WALSHVILLE,4
MONTGOMERY-:-WITT 1,4
MONTGOMERY-:-WITT 2,4
MONTGOMERY-:-ZANESVILLE,1
MORGAN-:-ALEX-PRENT-SINC-1/2,1
MORGAN-:-ARCADIA-1,1
MORGAN-:-CHAPIN-CONCORD-1,1
MORGAN-:-FRANKLIN-3/4,1
MORGAN-:-JACKSONVILLE 01-1,1
MORGAN-:-JACKSONVILLE 02-1,1
MORGAN-:-JACKSONVILLE 03-1,1
MORGAN-:-JACKSONVILLE 04-1,1
MORGAN-:-JACKSONVILLE 05-1,1
MORGAN-:-JACKSONVILLE 06-1,1
MORGAN-:-JACKSONVILLE 07-1,1
MORGAN-:-JACKSONVILLE 08-1,1
MORGAN-:-JACKSONVILLE 09-1,1
MORGAN-:-JACKSONVILLE 10-1,1
MORGAN-:-JACKSONVILLE 11-1,1
MORGAN-:-JACKSONVILLE 12-1,1
MORGAN-:-LITERBERRY-1,1
MORGAN-:-LYNNVL-MARKM-1,1
MORGAN-:-LYNNVL-MARKM-3,1
MORGAN-:-MEREDOSIA-3,1
MORGAN-:-MURRVL-NORTNVL-3/4,1
MORGAN-:-PISGAH-1/2/6,1
MORGAN-:-S JACKSONVILLE 1-1,1
MORGAN-:-S JACKSONVILLE 2-1,1
MORGAN-:-S JACKSONVILLE 3-1,1
MORGAN-:-WAVERLY 01-3,1
MORGAN-:-WAVERLY 02-3/4,1
MORGAN-:-WOODSON-3/5,1
MOULTRIE-:-DORA #1,4
MOULTRIE-:-EAST NELSON #1,4
MOULTRIE-:-JONATHAN CREEK #1,4
MOULTRIE-:-LOVINGTON #1,4
MOULTRIE-:-LOVINGTON #2,4
MOULTRIE-:-LOWE #1,4
MOULTRIE-:-MARROWBONE #1,4
MOULTRIE-:-MARROWBONE #2,4
MOULTRIE-:-SULLIVAN #1,4
MOULTRIE-:-SULLIVAN #2,4
MOULTRIE-:-SULLIVAN #3,4
MOULTRIE-:-SULLIVAN #4,4
MOULTRIE-:-SULLIVAN #5,4
MOULTRIE-:-SULLIVAN #6,4
MOULTRIE-:-SULLIVAN #7,4
MOULTRIE-:-WHITLEY #1,4
OGLE-:-BROOKVILLE,2
OGLE-:-BUFFALO 1,2
OGLE-:-BUFFALO 2,2
OGLE-:-BUFFALO 3,2
OGLE-:-BYRON 1,2
OGLE-:-BYRON 2,2
OGLE-:-BYRON 3,2
OGLE-:-BYRON 4,2
OGLE-:-DEMENT,2
OGLE-:-EAGLE POINT,2
OGLE-:-FLAGG 1,2
OGLE-:-FLAGG 10,2
OGLE-:-FLAGG 11,2
OGLE-:-FLAGG 2,2
OGLE-:-FLAGG 3,2
OGLE-:-FLAGG 4,2
OGLE-:-FLAGG 5,2
OGLE-:-FLAGG 6,2
OGLE-:-FLAGG 7,2
OGLE-:-FLAGG 8,2
OGLE-:-FLAGG 9,2
OGLE-:-FORRESTON 1,2
OGLE-:-FORRESTON 2,2
OGLE-:-GRAND DETOUR,2
OGLE-:-LAFAYETTE,2
OGLE-:-LEAF RIVER,2
OGLE-:-LINCOLN,2
OGLE-:-LYNNVILLE,2
OGLE-:-MARION 1,2
OGLE-:-MARION 2,2
OGLE-:-MARION 3,2
OGLE-:-MARYLAND,2
OGLE-:-MONROE,2
OGLE-:-MT. MORRIS 1,2
OGLE-:-MT. MORRIS 2,2
OGLE-:-MT. MORRIS 3,2
OGLE-:-MT. MORRIS 4,2
OGLE-:-OREGON-NASHUA 1,2
OGLE-:-OREGON-NASHUA 2,2
OGLE-:-OREGON-NASHUA 3,2
OGLE-:-OREGON-NASHUA 4,2
OGLE-:-OREGON-NASHUA 5,2
OGLE-:-OREGON-NASHUA 6,2
OGLE-:-PINE CREEK,2
OGLE-:-PINE ROCK,2
OGLE-:-ROCKVALE 1,2
OGLE-:-ROCKVALE 2,2
OGLE-:-SCOTT,2
OGLE-:-TAYLOR,2
OGLE-:-WHITE ROCK,2
OGLE-:-WOOSUNG,2
PEORIA-:-AK01 - 1,1
PEORIA-:-BR01 - 2,1
PEORIA-:-CH01 - 3,1
PEORIA-:-CH02 - 4,1
PEORIA-:-CH03 - 5,1
PEORIA-:-CH04 - 6,1
PEORIA-:-CH05 - 7,1
PEORIA-:-CH06 - 8,1
PEORIA-:-EL01 - 9,2
PEORIA-:-EL02 - 10,2
PEORIA-:-EL03 - 11,2
PEORIA-:-HA01 - 12/13,1
PEORIA-:-HO01 - 14,2
PEORIA-:-HO02 - 15,2
PEORIA-:-JU01 - 16,1
PEORIA-:-JU02 - 17/18,1
PEORIA-:-KI01 - 19,1
PEORIA-:-KI01 - 20/22,5
PEORIA-:-KI01 - 21/23,1
PEORIA-:-KI02 - 24,1
PEORIA-:-LI01 - 25,2
PEORIA-:-LI01 - 26,1
PEORIA-:-LI02 - 27/28,1
PEORIA-:-LI02 - 29,2
PEORIA-:-LI02 - 30,2
PEORIA-:-LI03 - 31/32,2
PEORIA-:-LI04 - 33,2
PEORIA-:-LI05 - 34,5
PEORIA-:-LI06 - 35,2
PEORIA-:-LI06 - 36/37,5
PEORIA-:-LI07 - 38,5
PEORIA-:-LI07 - 39/40,2
PEORIA-:-LI08 - 41,5
PEORIA-:-LI09 - 42,2
PEORIA-:-LI10 - 43/44,5
PEORIA-:-LI11 - 45/46,2
PEORIA-:-LI11 - 47/48,2
PEORIA-:-LO01 - 49,2
PEORIA-:-LO02 - 50,2
PEORIA-:-ME01 - 51,1
PEORIA-:-ME01 - 52,3
PEORIA-:-ME02 - 53/54/55,1
PEORIA-:-ME03 - 56/57,1
PEORIA-:-ME04 - 58,1
PEORIA-:-MI01 - 59/60,1
PEORIA-:-PE01 - 61,5
PEORIA-:-PE02 - 62,5
PEORIA-:-PE03 - 63/64,5
PEORIA-:-PE04 - 65,5
PEORIA-:-PE05 - 66,5
PEORIA-:-PE06 - 67,5
PEORIA-:-PE07 - 68,5
PEORIA-:-PE08 - 69/70,5
PEORIA-:-PE09 - 71,5
PEORIA-:-PE10 - 72,5
PEORIA-:-PE11 - 73/74,5
PEORIA-:-PE12 - 75,5
PEORIA-:-PE13 - 76/77,5
PEORIA-:-PE14 - 78,5
PEORIA-:-PE15 - 79,5
PEORIA-:-PE16 - 80,5
PEORIA-:-PE17 - 81,5
PEORIA-:-PE18 - 82,5
PEORIA-:-PE19 - 83,5
PEORIA-:-PE20 - 84,5
PEORIA-:-PE21 - 85,5
PEORIA-:-PE22 - 87,5
PEORIA-:-PE23 - 88,5
PEORIA-:-PE24 - 89,5
PEORIA-:-PE25 - 90/91,5
PEORIA-:-PE26 - 92/93,5
PEORIA-:-PE27 - 94,5
PEORIA-:-PE28 - 95/96/97,5
PEORIA-:-PE29 - 98/99,5
PEORIA-:-PE30 - 100,5
PEORIA-:-PE31 - 101,5
PEORIA-:-PE32 - 102,5
PEORIA-:-PE33 - 103,5
PEORIA-:-PE34 - 104/105,5
PEORIA-:-PE35 - 106,5
PEORIA-:-PE36 - 107,5
PEORIA-:-PE37 - 108,5
PEORIA-:-PE38 - 109,5
PEORIA-:-PE39 - 110,5
PEORIA-:-PE40 - 111,5
PEORIA-:-PE41 - 112,5
PEORIA-:-PE42 - 113/114,5
PEORIA-:-PE43 - 115/116,5
PEORIA-:-PE44 - 117,1
PEORIA-:-PE44 - 118,1
PEORIA-:-PE45 - 119/120,1
PEORIA-:-PE46 - 121,5
PEORIA-:-PE47 - 122/123/127,1
PEORIA-:-PE47 - 124/126,1
PEORIA-:-PE48 - 128/129,1
PEORIA-:-PE49 - 130/131/133/134,1
PEORIA-:-PE49 - 132,1
PEORIA-:-PE50 - 135/136,1
PEORIA-:-PE51 - 137/138/139/141,1
PEORIA-:-PE52 - 142/143,1
PEORIA-:-PE53 - 144,5
PEORIA-:-PE54 - 145/147,5
PEORIA-:-PE54 - 146,5
PEORIA-:-PE55 - 148,5
PEORIA-:-PE56 - 149,1
PEORIA-:-PE57 - 150,1
PEORIA-:-PE57 - 151,1
PEORIA-:-PE58 - 152,1
PEORIA-:-PE58 - 153,1
PEORIA-:-PE59 - 154,1
PEORIA-:-PE60 - 155,1
PEORIA-:-PE61 - 156,1
PEORIA-:-PE62 - 157,1
PEORIA-:-PE63 - 158/159,1
PEORIA-:-PE64 - 160,1
PEORIA-:-PE65 - 161/162,1
PEORIA-:-PE65 - 163,1
PEORIA-:-PR01 - 164,1
PEORIA-:-PR01 - 165,1
PEORIA-:-RA01 - 166,1
PEORIA-:-RA01 - 167,3
PEORIA-:-RA02 - 168,1
PEORIA-:-RA02 - 169/170,1
PEORIA-:-RA02 - 171,3
PEORIA-:-RI01 - 172,5
PEORIA-:-RI01 - 173,1
PEORIA-:-RI02 - 174,5
PEORIA-:-RI03 - 175,5
PEORIA-:-RI03 - 176,5
PEORIA-:-RI04 - 177,5
PEORIA-:-RO01 - 178,2
PEORIA-:-RO01 - 179,1
PEORIA-:-TI01 - 180/181,2
PEORIA-:-TI02 - 182,2
PEORIA-:-TR01 - 183,2
PEORIA-:-TR01 - 184,2
PEORIA-:-WP01 - 185,5
PEORIA-:-WP02 - 186,5
PEORIA-:-WP03 - 187,5
PEORIA-:-WP04 - 188,5
PERRY-:-BEAUCOUP-001,15
PERRY-:-CUTLER-001,4
PERRY-:-DUQUOIN 1-001,15
PERRY-:-DUQUOIN 10-001,15
PERRY-:-DUQUOIN 11-001,15
PERRY-:-DUQUOIN 12-001,15
PERRY-:-DUQUOIN 2-001,15
PERRY-:-DUQUOIN 3-001,15
PERRY-:-DUQUOIN 4-001,15
PERRY-:-DUQUOIN 5-001,15
PERRY-:-DUQUOIN 6-001,15
PERRY-:-DUQUOIN 7-001,15
PERRY-:-DUQUOIN 8-001,15
PERRY-:-DUQUOIN 9-001,15
PERRY-:-PINCKNEYVILLE 1-001,4
PERRY-:-PINCKNEYVILLE 2-001,15
PERRY-:-PINCKNEYVILLE 3-001,15
PERRY-:-PINCKNEYVILLE 4-001,4
PERRY-:-PINCKNEYVILLE 5-001,4
PERRY-:-PINCKNEYVILLE 6-001,15
PERRY-:-PINCKNEYVILLE 7-001,15
PERRY-:-PINCKNEYVILLE 8-001,15
PERRY-:-SUNFIELD-001,15
PERRY-:-SWANWICK-001,15
PERRY-:-TAMAROA 1-001,15
PERRY-:-TAMAROA 2-001,15
PERRY-:-WILLISVILLE-001,15
PIATT-:-BEMENT 1,4
PIATT-:-BEMENT 2,4
PIATT-:-BLUE RIDGE,1
PIATT-:-CERRO GORDO 1,4
PIATT-:-CERRO GORDO 2,4
PIATT-:-CERRO GORDO 4,4
PIATT-:-GOOSE CREEK,1
PIATT-:-MONTICELLO 1,4
PIATT-:-MONTICELLO 2,4
PIATT-:-MONTICELLO 3,4
PIATT-:-MONTICELLO 4,4
PIATT-:-SANGAMON 1,1
PIATT-:-SANGAMON 2,1
PIATT-:-UNITY 1,4
PIATT-:-UNITY 2,4
PIATT-:-WILLOW BRANCH,4
PIKE-:-ATLAS 1,1
PIKE-:-BARRY 1,1
PIKE-:-BARRY 2,1
PIKE-:-CHAMBERSBURG 1,1
PIKE-:-CINCINNATI,3
PIKE-:-DERRY 1,1
PIKE-:-DETROIT 1,1
PIKE-:-FAIRMOUNT 1,1
PIKE-:-FLINT 1,3
PIKE-:-GRIGGSVILLE 1,1
PIKE-:-GRIGGSVILLE 2,1
PIKE-:-HADLEY 1,1
PIKE-:-HARDIN 1,1
PIKE-:-KINDERHOOK 1,1
PIKE-:-KINDERHOOK 2,1
PIKE-:-LEVEE 1,3
PIKE-:-MARTINSBURG 1,1
PIKE-:-MONTEZUMA 1,1
PIKE-:-NEW SALEM 1,1
PIKE-:-NEW SALEM 2,1
PIKE-:-NEWBURG 1,1
PIKE-:-PEARL 1,1
PIKE-:-PERRY 1,1
PIKE-:-PITTSFIELD 1,1
PIKE-:-PITTSFIELD 2,1
PIKE-:-PITTSFIELD 3,1
PIKE-:-PITTSFIELD 4,1
PIKE-:-PLEASANT HILL 1,1
PIKE-:-PLEASANT VALE 1,1
PIKE-:-ROSS 1,3
PIKE-:-SPRING CREEK 1,1
POPE-:-EDDYVILLE 6,15
POPE-:-GOLCONDA 1,15
POPE-:-GOLCONDA 2,15
POPE-:-GOLCONDA 3,15
POPE-:-JEFFERSON 4,15
POPE-:-WEBSTER 5,15
PULASKI-:-GRAND CHAIN,15
PULASKI-:-KARNAK,15
PULASKI-:-MOUND CITY,15
PULASKI-:-MOUNDS 1,15
PULASKI-:-MOUNDS 2,15
PULASKI-:-MOUNDS 3,15
PULASKI-:-OLMSTED,15
PULASKI-:-PERKS-WETAUG,15
PULASKI-:-PULASKI,15
PULASKI-:-ULLIN,15
PULASKI-:-VILLA RIDGE-AMERICA,15
PUTNAM-:-GRANVILLE 1,2
PUTNAM-:-GRANVILLE 2,7
PUTNAM-:-GRANVILLE 3,2
PUTNAM-:-GRANVILLE 4,7
PUTNAM-:-MAGNOLIA 1,1
PUTNAM-:-SENACHWINE 1,1
RANDOLPH-:-BALDWIN,15
RANDOLPH-:-BREMEN,15
RANDOLPH-:-CENTRAL,15
RANDOLPH-:-CHESTER 1,15
RANDOLPH-:-CHESTER 2,15
RANDOLPH-:-CHESTER 3,15
RANDOLPH-:-CHESTER 4,15
RANDOLPH-:-CHESTER 5,15
RANDOLPH-:-CHESTER 6,15
RANDOLPH-:-CHESTER 7,15
RANDOLPH-:-COULTERVILLE 1,4
RANDOLPH-:-COULTERVILLE 2,4
RANDOLPH-:-ELLIS GROVE,15
RANDOLPH-:-EVANSVILLE,15
RANDOLPH-:-KASKASKIA,15
RANDOLPH-:-PALESTINE,15
RANDOLPH-:-PERCY,15
RANDOLPH-:-PRAIRIE DU ROCHER,15
RANDOLPH-:-RED BUD 1,15
RANDOLPH-:-RED BUD 2,15
RANDOLPH-:-RED BUD 3,15
RANDOLPH-:-RED BUD 4,15
RANDOLPH-:-RED BUD 5,15
RANDOLPH-:-ROCKWOOD,15
RANDOLPH-:-RUMA,15
RANDOLPH-:-SPARTA 1,15
RANDOLPH-:-SPARTA 2,15
RANDOLPH-:-SPARTA 3,15
RANDOLPH-:-SPARTA 4,15
RANDOLPH-:-SPARTA 5,15
RANDOLPH-:-SPARTA 6,15
RANDOLPH-:-STEELEVILLE 1,15
RANDOLPH-:-STEELEVILLE 2,15
RANDOLPH-:-STEELEVILLE 3,15
RANDOLPH-:-TILDEN,15
RANDOLPH-:-WALSH,15
RANDOLPH-:-WINE HILL,15
RICHLAND-:-BONPAS-3,15
RICHLAND-:-CLAREMONT-3,15
RICHLAND-:-DECKER-2,15
RICHLAND-:-DENVER-2,15
RICHLAND-:-GERMAN-1,15
RICHLAND-:-MADISON 1-3,15
RICHLAND-:-MADISON 2-3,15
RICHLAND-:-NOBLE 1-2,15
RICHLAND-:-NOBLE 2-2,15
RICHLAND-:-OLNEY 1-4,15
RICHLAND-:-OLNEY 10-1,15
RICHLAND-:-OLNEY 11-1,15
RICHLAND-:-OLNEY 2-1,15
RICHLAND-:-OLNEY 3-1,15
RICHLAND-:-OLNEY 4-1,15
RICHLAND-:-OLNEY 5-1,15
RICHLAND-:-OLNEY 6-1,15
RICHLAND-:-OLNEY 7-4,15
RICHLAND-:-OLNEY 9-1,15
RICHLAND-:-PRESTON 1-1,15
RICHLAND-:-PRESTON 2-1,15
ROCK ISLAND-:-ANDALUSIA,2
ROCK ISLAND-:-BLACKHAWK 1,3
ROCK ISLAND-:-BLACKHAWK 2,3
ROCK ISLAND-:-BLACKHAWK 3,3
ROCK ISLAND-:-BLACKHAWK 4,3
ROCK ISLAND-:-BLACKHAWK 5,3
ROCK ISLAND-:-BLACKHAWK 6,3
ROCK ISLAND-:-BLACKHAWK 7,3
ROCK ISLAND-:-BOWLING 1,2
ROCK ISLAND-:-BOWLING 2,2
ROCK ISLAND-:-BUFFALO PRAIRIE,2
ROCK ISLAND-:-CANOE CREEK,2
ROCK ISLAND-:-COAL VALLEY 1,3
ROCK ISLAND-:-COAL VALLEY 2,3
ROCK ISLAND-:-COAL VALLEY 3,3
ROCK ISLAND-:-COE,2
ROCK ISLAND-:-CORDOVA,2
ROCK ISLAND-:-DRURY,2
ROCK ISLAND-:-EDGINGTON 1,2
ROCK ISLAND-:-EDGINGTON 2,2
ROCK ISLAND-:-HAMPTON 1,3
ROCK ISLAND-:-HAMPTON 10,3
ROCK ISLAND-:-HAMPTON 11,3
ROCK ISLAND-:-HAMPTON 12,3
ROCK ISLAND-:-HAMPTON 13,3
ROCK ISLAND-:-HAMPTON 14,3
ROCK ISLAND-:-HAMPTON 15,3
ROCK ISLAND-:-HAMPTON 16,3
ROCK ISLAND-:-HAMPTON 17,3
ROCK ISLAND-:-HAMPTON 2,3
ROCK ISLAND-:-HAMPTON 3,3
ROCK ISLAND-:-HAMPTON 4,3
ROCK ISLAND-:-HAMPTON 5,3
ROCK ISLAND-:-HAMPTON 6,3
ROCK ISLAND-:-HAMPTON 7,3
ROCK ISLAND-:-HAMPTON 8,2
ROCK ISLAND-:-HAMPTON 9,2
ROCK ISLAND-:-MOLINE 1,3
ROCK ISLAND-:-MOLINE 10,3
ROCK ISLAND-:-MOLINE 11,3
ROCK ISLAND-:-MOLINE 12,3
ROCK ISLAND-:-MOLINE 13,3
ROCK ISLAND-:-MOLINE 14,3
ROCK ISLAND-:-MOLINE 15,3
ROCK ISLAND-:-MOLINE 16,3
ROCK ISLAND-:-MOLINE 17,3
ROCK ISLAND-:-MOLINE 18,3
ROCK ISLAND-:-MOLINE 19,3
ROCK ISLAND-:-MOLINE 2,3
ROCK ISLAND-:-MOLINE 20,3
ROCK ISLAND-:-MOLINE 3,3
ROCK ISLAND-:-MOLINE 4,3
ROCK ISLAND-:-MOLINE 5,3
ROCK ISLAND-:-MOLINE 6,3
ROCK ISLAND-:-MOLINE 7,3
ROCK ISLAND-:-MOLINE 8,3
ROCK ISLAND-:-MOLINE 9,3
ROCK ISLAND-:-PORT BYRON,3
ROCK ISLAND-:-ROCK ISLAND 1,3
ROCK ISLAND-:-ROCK ISLAND 10,3
ROCK ISLAND-:-ROCK ISLAND 11,3
ROCK ISLAND-:-ROCK ISLAND 12,3
ROCK ISLAND-:-ROCK ISLAND 13,3
ROCK ISLAND-:-ROCK ISLAND 14,3
ROCK ISLAND-:-ROCK ISLAND 15,3
ROCK ISLAND-:-ROCK ISLAND 2,3
ROCK ISLAND-:-ROCK ISLAND 3,3
ROCK ISLAND-:-ROCK ISLAND 4,3
ROCK ISLAND-:-ROCK ISLAND 5,3
ROCK ISLAND-:-ROCK ISLAND 6,3
ROCK ISLAND-:-ROCK ISLAND 7,3
ROCK ISLAND-:-ROCK ISLAND 8,3
ROCK ISLAND-:-ROCK ISLAND 9,3
ROCK ISLAND-:-RURAL,2
ROCK ISLAND-:-SO MOLINE 1,3
ROCK ISLAND-:-SO MOLINE 10,3
ROCK ISLAND-:-SO MOLINE 11,3
ROCK ISLAND-:-SO MOLINE 12,3
ROCK ISLAND-:-SO MOLINE 13,3
ROCK ISLAND-:-SO MOLINE 14,3
ROCK ISLAND-:-SO MOLINE 15,3
ROCK ISLAND-:-SO MOLINE 16,3
ROCK ISLAND-:-SO MOLINE 17,3
ROCK ISLAND-:-SO MOLINE 18,3
ROCK ISLAND-:-SO MOLINE 19,3
ROCK ISLAND-:-SO MOLINE 2,3
ROCK ISLAND-:-SO MOLINE 20,3
ROCK ISLAND-:-SO MOLINE 21,3
ROCK ISLAND-:-SO MOLINE 22,3
ROCK ISLAND-:-SO MOLINE 23,3
ROCK ISLAND-:-SO MOLINE 24,3
ROCK ISLAND-:-SO MOLINE 25,3
ROCK ISLAND-:-SO MOLINE 26,3
ROCK ISLAND-:-SO MOLINE 27,3
ROCK ISLAND-:-SO MOLINE 28,3
ROCK ISLAND-:-SO MOLINE 29,3
ROCK ISLAND-:-SO MOLINE 3,3
ROCK ISLAND-:-SO MOLINE 4,3
ROCK ISLAND-:-SO MOLINE 5,3
ROCK ISLAND-:-SO MOLINE 6,3
ROCK ISLAND-:-SO MOLINE 7,3
ROCK ISLAND-:-SO MOLINE 8,3
ROCK ISLAND-:-SO MOLINE 9,3
ROCK ISLAND-:-SO ROCK ISLAND 1,3
ROCK ISLAND-:-SO ROCK ISLAND 10,3
ROCK ISLAND-:-SO ROCK ISLAND 11,3
ROCK ISLAND-:-SO ROCK ISLAND 12,3
ROCK ISLAND-:-SO ROCK ISLAND 13,3
ROCK ISLAND-:-SO ROCK ISLAND 14,3
ROCK ISLAND-:-SO ROCK ISLAND 15,3
ROCK ISLAND-:-SO ROCK ISLAND 16,3
ROCK ISLAND-:-SO ROCK ISLAND 2,3
ROCK ISLAND-:-SO ROCK ISLAND 3,3
ROCK ISLAND-:-SO ROCK ISLAND 4,3
ROCK ISLAND-:-SO ROCK ISLAND 5,3
ROCK ISLAND-:-SO ROCK ISLAND 6,3
ROCK ISLAND-:-SO ROCK ISLAND 7,3
ROCK ISLAND-:-SO ROCK ISLAND 8,3
ROCK ISLAND-:-SO ROCK ISLAND 9,3
ROCK ISLAND-:-ZUMA,2
SALINE-:-BRUSHY,15
SALINE-:-CARRIER MILLS #1,15
SALINE-:-CARRIER MILLS #2,15
SALINE-:-COTTAGE,15
SALINE-:-EAST ELDORADO #1,15
SALINE-:-EAST ELDORADO #2,15
SALINE-:-EAST ELDORADO #3,15
SALINE-:-EAST ELDORADO #4,15
SALINE-:-EAST ELDORADO #5,15
SALINE-:-EAST ELDORADO #6,15
SALINE-:-GALATIA,15
SALINE-:-HARRISBURG # 1,15
SALINE-:-HARRISBURG # 2,15
SALINE-:-HARRISBURG # 3,15
SALINE-:-HARRISBURG # 4,15
SALINE-:-HARRISBURG # 5,15
SALINE-:-HARRISBURG # 6,15
SALINE-:-HARRISBURG # 7,15
SALINE-:-HARRISBURG # 8,15
SALINE-:-HARRISBURG # 9,15
SALINE-:-HARRISBURG #10,15
SALINE-:-INDEPENDENCE,15
SALINE-:-LONG BRANCH,15
SALINE-:-MOUNTAIN,15
SALINE-:-RALEIGH,15
SALINE-:-RECTOR,15
SALINE-:-STONEFORT,15
SALINE-:-TATE,15
SANGAMON-:-AUBURN 001,9
SANGAMON-:-AUBURN 002,9
SANGAMON-:-AUBURN 003,9
SANGAMON-:-AUBURN 004,9
SANGAMON-:-AUBURN 005,9
SANGAMON-:-BALL 001,9
SANGAMON-:-BALL 002,9
SANGAMON-:-BALL 003,9
SANGAMON-:-BALL 004,9
SANGAMON-:-BALL 005,9
SANGAMON-:-BUFFALO HART,1
SANGAMON-:-CAPITAL 001,9
SANGAMON-:-CAPITAL 002,9
SANGAMON-:-CAPITAL 003,1
SANGAMON-:-CAPITAL 004,9
SANGAMON-:-CAPITAL 005,9
SANGAMON-:-CAPITAL 006,9
SANGAMON-:-CAPITAL 007,9
SANGAMON-:-CAPITAL 008,9
SANGAMON-:-CAPITAL 009,9
SANGAMON-:-CAPITAL 010,9
SANGAMON-:-CAPITAL 011,9
SANGAMON-:-CAPITAL 013,9
SANGAMON-:-CAPITAL 014,9
SANGAMON-:-CAPITAL 015,1
SANGAMON-:-CAPITAL 017,9
SANGAMON-:-CAPITAL 018,9
SANGAMON-:-CAPITAL 019,9
SANGAMON-:-CAPITAL 021,9
SANGAMON-:-CAPITAL 022,9
SANGAMON-:-CAPITAL 023,9
SANGAMON-:-CAPITAL 024,9
SANGAMON-:-CAPITAL 026,9
SANGAMON-:-CAPITAL 027,9
SANGAMON-:-CAPITAL 028,9
SANGAMON-:-CAPITAL 030,1
SANGAMON-:-CAPITAL 031,9
SANGAMON-:-CAPITAL 032,9
SANGAMON-:-CAPITAL 033,9
SANGAMON-:-CAPITAL 034,9
SANGAMON-:-CAPITAL 035,9
SANGAMON-:-CAPITAL 036,9
SANGAMON-:-CAPITAL 037,9
SANGAMON-:-CAPITAL 038,1
SANGAMON-:-CAPITAL 039,9
SANGAMON-:-CAPITAL 040,9
SANGAMON-:-CAPITAL 041,9
SANGAMON-:-CAPITAL 042,9
SANGAMON-:-CAPITAL 043,9
SANGAMON-:-CAPITAL 044,9
SANGAMON-:-CAPITAL 045,9
SANGAMON-:-CAPITAL 046,9
SANGAMON-:-CAPITAL 047,9
SANGAMON-:-CAPITAL 048,9
SANGAMON-:-CAPITAL 049,9
SANGAMON-:-CAPITAL 050,9
SANGAMON-:-CAPITAL 051,9
SANGAMON-:-CAPITAL 052,9
SANGAMON-:-CAPITAL 053,9
SANGAMON-:-CAPITAL 054,9
SANGAMON-:-CAPITAL 055,9
SANGAMON-:-CAPITAL 056,9
SANGAMON-:-CAPITAL 057,1
SANGAMON-:-CAPITAL 058,9
SANGAMON-:-CAPITAL 059,1
SANGAMON-:-CAPITAL 060,9
SANGAMON-:-CAPITAL 061,9
SANGAMON-:-CAPITAL 062,9
SANGAMON-:-CAPITAL 063,1
SANGAMON-:-CAPITAL 064,9
SANGAMON-:-CAPITAL 065,9
SANGAMON-:-CAPITAL 066,1
SANGAMON-:-CAPITAL 067,1
SANGAMON-:-CAPITAL 068,9
SANGAMON-:-CAPITAL 069,1
SANGAMON-:-CAPITAL 070,9
SANGAMON-:-CAPITAL 071,9
SANGAMON-:-CAPITAL 072,9
SANGAMON-:-CAPITAL 073,9
SANGAMON-:-CAPITAL 074,9
SANGAMON-:-CAPITAL 075,9
SANGAMON-:-CAPITAL 076,9
SANGAMON-:-CAPITAL 077,9
SANGAMON-:-CAPITAL 078,9
SANGAMON-:-CAPITAL 079,9
SANGAMON-:-CAPITAL 082,9
SANGAMON-:-CAPITAL 083,9
SANGAMON-:-CAPITAL 084,9
SANGAMON-:-CAPITAL 085,1
SANGAMON-:-CAPITAL 086,9
SANGAMON-:-CAPITAL 087,9
SANGAMON-:-CAPITAL 088,9
SANGAMON-:-CAPITAL 089,9
SANGAMON-:-CAPITAL 090,9
SANGAMON-:-CAPITAL 091,1
SANGAMON-:-CAPITAL 092,9
SANGAMON-:-CAPITAL 093,9
SANGAMON-:-CARTWRIGHT,1
SANGAMON-:-CHATHAM 001,9
SANGAMON-:-CHATHAM 002,9
SANGAMON-:-CHATHAM 003,9
SANGAMON-:-CHATHAM 004,9
SANGAMON-:-CHATHAM 005,9
SANGAMON-:-CLEARLAKE 001,1
SANGAMON-:-CLEARLAKE 002,1
SANGAMON-:-CLEARLAKE 003,1
SANGAMON-:-CLEARLAKE 004,1
SANGAMON-:-CLEARLAKE 005,1
SANGAMON-:-CLEARLAKE 006,1
SANGAMON-:-CLEARLAKE 007,1
SANGAMON-:-COOPER,9
SANGAMON-:-COTTON HILL,9
SANGAMON-:-CURRAN 002,1
SANGAMON-:-DIVERNON 001,9
SANGAMON-:-DIVERNON 002,9
SANGAMON-:-FANCY CREEK 001,1
SANGAMON-:-FANCY CREEK 002,1
SANGAMON-:-FANCY CREEK 003,1
SANGAMON-:-FANCY CREEK 004,1
SANGAMON-:-FANCY CREEK 005,1
SANGAMON-:-GARDNER 001,1
SANGAMON-:-GARDNER 002,1
SANGAMON-:-GARDNER 003,1
SANGAMON-:-ILLIOPOLIS,4
SANGAMON-:-ISLAND GROVE,1
SANGAMON-:-LANESVILLE,4
SANGAMON-:-LOAMI,1
SANGAMON-:-MAXWELL,1
SANGAMON-:-MECHANICSBURG 001,9
SANGAMON-:-MECHANICSBURG 002,4
SANGAMON-:-MECHANICSBURG 003,9
SANGAMON-:-NEW BERLIN,1
SANGAMON-:-PAWNEE 001,9
SANGAMON-:-PAWNEE 002,9
SANGAMON-:-PAWNEE 003,9
SANGAMON-:-ROCHESTER 001,9
SANGAMON-:-ROCHESTER 002,9
SANGAMON-:-ROCHESTER 003,9
SANGAMON-:-ROCHESTER 004,9
SANGAMON-:-SPRINGFIELD 002,9
SANGAMON-:-SPRINGFIELD 003,9
SANGAMON-:-SPRINGFIELD 004,1
SANGAMON-:-SPRINGFIELD 005,9
SANGAMON-:-TALKINGTON,1
SANGAMON-:-WILLIAMS 001,1
SANGAMON-:-WILLIAMS 002,1
SANGAMON-:-WILLIAMS 003,1
SANGAMON-:-WOODSIDE 001,9
SANGAMON-:-WOODSIDE 002,9
SANGAMON-:-WOODSIDE 003,9
SANGAMON-:-WOODSIDE 004,9
SANGAMON-:-WOODSIDE 005,9
SANGAMON-:-WOODSIDE 006,9
SANGAMON-:-WOODSIDE 007,9
SANGAMON-:-WOODSIDE 008,9
SANGAMON-:-WOODSIDE 009,9
SCHUYLER-:-BAINBRIDGE-2,1
SCHUYLER-:-BIRMINGHAM-1,1
SCHUYLER-:-BROOKLYN-1,1
SCHUYLER-:-BROWNING-2,1
SCHUYLER-:-BUENAVISTA 1-2,1
SCHUYLER-:-BUENAVISTA 2-2,1
SCHUYLER-:-CAMDEN-1,1
SCHUYLER-:-FREDERICK-2,1
SCHUYLER-:-HICKORY-1,1
SCHUYLER-:-HUNTSVILLE-1,1
SCHUYLER-:-LITTLETON-1,1
SCHUYLER-:-OAKLAND-1,1
SCHUYLER-:-RUSHVILLE 1-2,1
SCHUYLER-:-RUSHVILLE 2-2,1
SCHUYLER-:-RUSHVILLE 3-2,1
SCHUYLER-:-RUSHVILLE 4-2,1
SCHUYLER-:-WOODSTOCK-2,1
SCOTT-:-ALSEY-1,1
SCOTT-:-BLOOMFIELD-1,1
SCOTT-:-EXETER-BLUFFS-1,1
SCOTT-:-GLASGOW-1,1
SCOTT-:-MANCHESTER-1,1
SCOTT-:-MERRITT-1,1
SCOTT-:-NAPLES-BLUFFS-1,1
SCOTT-:-WINCHESTER I-1,1
SCOTT-:-WINCHESTER II-1,1
SCOTT-:-WINCHESTER III-1,1
SHELBY-:-ASH GROVE,4
SHELBY-:-BIG SPRING,4
SHELBY-:-CLARKSBURG,4
SHELBY-:-COLD SPRING,4
SHELBY-:-DRY POINT,4
SHELBY-:-FLAT BRANCH,4
SHELBY-:-HERRICK,4
SHELBY-:-HOLLAND,4
SHELBY-:-LAKEWOOD,4
SHELBY-:-MOWEAQUA 1,4
SHELBY-:-MOWEAQUA 2,4
SHELBY-:-OCONEE,4
SHELBY-:-OKAW,4
SHELBY-:-PENN,4
SHELBY-:-PICKAWAY,4
SHELBY-:-PRAIRIE,4
SHELBY-:-RICHLAND,4
SHELBY-:-RIDGE,4
SHELBY-:-ROSE 1,4
SHELBY-:-ROSE 2,4
SHELBY-:-RURAL,4
SHELBY-:-SHELBYVILLE 1,4
SHELBY-:-SHELBYVILLE 2,4
SHELBY-:-SHELBYVILLE 3,4
SHELBY-:-SHELBYVILLE 4,4
SHELBY-:-SHELBYVILLE 5,4
SHELBY-:-SHELBYVILLE 6,4
SHELBY-:-SHELBYVILLE 7,4
SHELBY-:-SIGEL,4
SHELBY-:-TODDS POINT,4
SHELBY-:-TOWER HILL,4
SHELBY-:-WINDSOR 1,4
SHELBY-:-WINDSOR 2,4
ST. CLAIR-:-BELLEVILLE 1,4
ST. CLAIR-:-BELLEVILLE 10,4
ST. CLAIR-:-BELLEVILLE 11,4
ST. CLAIR-:-BELLEVILLE 12,4
ST. CLAIR-:-BELLEVILLE 13,4
ST. CLAIR-:-BELLEVILLE 14,4
ST. CLAIR-:-BELLEVILLE 15,4
ST. CLAIR-:-BELLEVILLE 16,4
ST. CLAIR-:-BELLEVILLE 17,4
ST. CLAIR-:-BELLEVILLE 18,4
ST. CLAIR-:-BELLEVILLE 19,4
ST. CLAIR-:-BELLEVILLE 2,4
ST. CLAIR-:-BELLEVILLE 21,4
ST. CLAIR-:-BELLEVILLE 23,4
ST. CLAIR-:-BELLEVILLE 24,4
ST. CLAIR-:-BELLEVILLE 25,4
ST. CLAIR-:-BELLEVILLE 3,4
ST. CLAIR-:-BELLEVILLE 4,4
ST. CLAIR-:-BELLEVILLE 5,4
ST. CLAIR-:-BELLEVILLE 6,4
ST. CLAIR-:-BELLEVILLE 7,4
ST. CLAIR-:-BELLEVILLE 8,4
ST. CLAIR-:-BELLEVILLE 9,4
ST. CLAIR-:-CANTEEN 1,4
ST. CLAIR-:-CANTEEN 2,4
ST. CLAIR-:-CANTEEN 3,4
ST. CLAIR-:-CANTEEN 4,4
ST. CLAIR-:-CANTEEN 5,4
ST. CLAIR-:-CASEYVILLE 11,4
ST. CLAIR-:-CASEYVILLE 13,4
ST. CLAIR-:-CASEYVILLE 14,4
ST. CLAIR-:-CASEYVILLE 15,4
ST. CLAIR-:-CASEYVILLE 16,4
ST. CLAIR-:-CASEYVILLE 17,4
ST. CLAIR-:-CASEYVILLE 18,4
ST. CLAIR-:-CASEYVILLE 19,4
ST. CLAIR-:-CASEYVILLE 2,4
ST. CLAIR-:-CASEYVILLE 20,15
ST. CLAIR-:-CASEYVILLE 21,4
ST. CLAIR-:-CASEYVILLE 22,4
ST. CLAIR-:-CASEYVILLE 3,4
ST. CLAIR-:-CASEYVILLE 4,4
ST. CLAIR-:-CASEYVILLE 5,4
ST. CLAIR-:-CASEYVILLE 6,4
ST. CLAIR-:-CASEYVILLE 7,4
ST. CLAIR-:-CASEYVILLE 8,4
ST. CLAIR-:-CASEYVILLE 9,4
ST. CLAIR-:-CENTREVILLE 1,4
ST. CLAIR-:-CENTREVILLE 2,4
ST. CLAIR-:-CENTREVILLE 3,4
ST. CLAIR-:-CENTREVILLE 4,4
ST. CLAIR-:-CENTREVILLE 5,4
ST. CLAIR-:-CENTREVILLE 6,4
ST. CLAIR-:-CENTREVILLE 7,4
ST. CLAIR-:-CENTREVILLE 9,4
ST. CLAIR-:-ENGELMANN 1,15
ST. CLAIR-:-FAYETTEVILLE 1,4
ST. CLAIR-:-FAYETTEVILLE 2,15
ST. CLAIR-:-FREEBURG 1,4
ST. CLAIR-:-FREEBURG 2,4
ST. CLAIR-:-FREEBURG 3,4
ST. CLAIR-:-LEBANON 1,4
ST. CLAIR-:-LEBANON 2,4
ST. CLAIR-:-LEBANON 3,4
ST. CLAIR-:-LENZBURG 1,15
ST. CLAIR-:-MARISSA 1,4
ST. CLAIR-:-MASCOUTAH 1,4
ST. CLAIR-:-MASCOUTAH 2,4
ST. CLAIR-:-MASCOUTAH 3,4
ST. CLAIR-:-MASCOUTAH 4,4
ST. CLAIR-:-MILLSTADT 1,4
ST. CLAIR-:-MILLSTADT 2,4
ST. CLAIR-:-MILLSTADT 3,15
ST. CLAIR-:-MILLSTADT 4,4
ST. CLAIR-:-MILLSTADT 5,4
ST. CLAIR-:-NEW ATHENS 1,4
ST. CLAIR-:-NEW ATHENS 2,4
ST. CLAIR-:-O FALLON 1,4
ST. CLAIR-:-O FALLON 10,4
ST. CLAIR-:-O FALLON 11,4
ST. CLAIR-:-O FALLON 12,4
ST. CLAIR-:-O FALLON 13,4
ST. CLAIR-:-O FALLON 14,4
ST. CLAIR-:-O FALLON 15,4
ST. CLAIR-:-O FALLON 16,4
ST. CLAIR-:-O FALLON 17,4
ST. CLAIR-:-O FALLON 18,4
ST. CLAIR-:-O FALLON 3,4
ST. CLAIR-:-O FALLON 4,15
ST. CLAIR-:-O FALLON 5,4
ST. CLAIR-:-O FALLON 6,4
ST. CLAIR-:-O FALLON 7,4
ST. CLAIR-:-O FALLON 8,4
ST. CLAIR-:-O FALLON 9,4
ST. CLAIR-:-PRAIRIE DU LONG 1,15
ST. CLAIR-:-PRAIRIE DU LONG 2,4
ST. CLAIR-:-SHILOH VALLEY 1,4
ST. CLAIR-:-SHILOH VALLEY 2,4
ST. CLAIR-:-SHILOH VALLEY 3,4
ST. CLAIR-:-SHILOH VALLEY 4,4
ST. CLAIR-:-SHILOH VALLEY 5,4
ST. CLAIR-:-SMITHTON 1,4
ST. CLAIR-:-SMITHTON 2,4
ST. CLAIR-:-SMITHTON 3,4
ST. CLAIR-:-ST CLAIR 1,4
ST. CLAIR-:-ST CLAIR 11,4
ST. CLAIR-:-ST CLAIR 12,4
ST. CLAIR-:-ST CLAIR 13,8
ST. CLAIR-:-ST CLAIR 14,4
ST. CLAIR-:-ST CLAIR 15,4
ST. CLAIR-:-ST CLAIR 16,4
ST. CLAIR-:-ST CLAIR 17,4
ST. CLAIR-:-ST CLAIR 18,4
ST. CLAIR-:-ST CLAIR 19,4
ST. CLAIR-:-ST CLAIR 2,15
ST. CLAIR-:-ST CLAIR 20,4
ST. CLAIR-:-ST CLAIR 21,4
ST. CLAIR-:-ST CLAIR 22,4
ST. CLAIR-:-ST CLAIR 23,4
ST. CLAIR-:-ST CLAIR 24,4
ST. CLAIR-:-ST CLAIR 3,4
ST. CLAIR-:-ST CLAIR 4,15
ST. CLAIR-:-ST CLAIR 5,8
ST. CLAIR-:-ST CLAIR 6,4
ST. CLAIR-:-ST CLAIR 7,4
ST. CLAIR-:-ST CLAIR 8,4
ST. CLAIR-:-ST CLAIR 9,4
ST. CLAIR-:-STITES 1,4
ST. CLAIR-:-STOOKEY 1,4
ST. CLAIR-:-STOOKEY 3,4
ST. CLAIR-:-STOOKEY 4,4
ST. CLAIR-:-STOOKEY 6,4
ST. CLAIR-:-STOOKEY 7,4
ST. CLAIR-:-SUGAR LOAF 1,4
ST. CLAIR-:-SUGAR LOAF 2,15
ST. CLAIR-:-SUGAR LOAF 3,4
ST. CLAIR-:-SUGAR LOAF 4,4
ST. CLAIR-:-SUGAR LOAF 5,4
STARK-:-EAST TOULON,1
STARK-:-ELMIRA,1
STARK-:-ESSEX,1
STARK-:-GOSHEN,1
STARK-:-OSCEOLA,1
STARK-:-PENN,1
STARK-:-VALLEY,1
STARK-:-WEST JERSEY,1
STARK-:-WEST TOULON,1
STEPHENSON-:-BUCKEYE,2
STEPHENSON-:-DAKOTA,2
STEPHENSON-:-ERIN,2
STEPHENSON-:-FLORENCE,2
STEPHENSON-:-FREEPORT 1,15
STEPHENSON-:-FREEPORT 10,15
STEPHENSON-:-FREEPORT 11,15
STEPHENSON-:-FREEPORT 12,15
STEPHENSON-:-FREEPORT 13,15
STEPHENSON-:-FREEPORT 14,15
STEPHENSON-:-FREEPORT 15,15
STEPHENSON-:-FREEPORT 16,15
STEPHENSON-:-FREEPORT 2,15
STEPHENSON-:-FREEPORT 3,15
STEPHENSON-:-FREEPORT 4,15
STEPHENSON-:-FREEPORT 5,15
STEPHENSON-:-FREEPORT 6,15
STEPHENSON-:-FREEPORT 7,15
STEPHENSON-:-FREEPORT 8,15
STEPHENSON-:-FREEPORT 9,15
STEPHENSON-:-HARLEM 1,2
STEPHENSON-:-HARLEM 2,2
STEPHENSON-:-JEFFERSON,2
STEPHENSON-:-KENT,2
STEPHENSON-:-LANCASTER,2
STEPHENSON-:-LORAN,2
STEPHENSON-:-ONECO,2
STEPHENSON-:-RIDOTT,2
STEPHENSON-:-ROCK GROVE,2
STEPHENSON-:-ROCK RUN 1,2
STEPHENSON-:-ROCK RUN 2,2
STEPHENSON-:-SILVER CREEK,2
STEPHENSON-:-WADDAMS,2
STEPHENSON-:-WEST POINT 1,2
STEPHENSON-:-WEST POINT 2,2
STEPHENSON-:-WINSLOW,2
TAZEWELL-:-BOYNTON,1
TAZEWELL-:-CINCINNATI 2,1
TAZEWELL-:-CINCINNATI 4,1
TAZEWELL-:-CINCINNATI 5,1
TAZEWELL-:-DEER CREEK,1
TAZEWELL-:-DELAVAN 1,2
TAZEWELL-:-DILLON,1
TAZEWELL-:-ELM GROVE 1,1
TAZEWELL-:-ELM GROVE 2,1
TAZEWELL-:-FONDULAC 1,1
TAZEWELL-:-FONDULAC 2,1
TAZEWELL-:-FONDULAC 3,1
TAZEWELL-:-FONDULAC 4,1
TAZEWELL-:-FONDULAC 5,1
TAZEWELL-:-FONDULAC 6,1
TAZEWELL-:-FONDULAC 7,1
TAZEWELL-:-GROVELAND 1,1
TAZEWELL-:-GROVELAND 10,1
TAZEWELL-:-GROVELAND 11,1
TAZEWELL-:-GROVELAND 12,1
TAZEWELL-:-GROVELAND 2,1
TAZEWELL-:-GROVELAND 3,1
TAZEWELL-:-GROVELAND 4,1
TAZEWELL-:-GROVELAND 5,1
TAZEWELL-:-GROVELAND 6,1
TAZEWELL-:-GROVELAND 7,1
TAZEWELL-:-GROVELAND 8,1
TAZEWELL-:-GROVELAND 9,1
TAZEWELL-:-HITTLE,1
TAZEWELL-:-MACKINAW 1,1
TAZEWELL-:-MACKINAW 2,1
TAZEWELL-:-MACKINAW 3,1
TAZEWELL-:-MALONE,2
TAZEWELL-:-MORTON 1,1
TAZEWELL-:-MORTON 10,1
TAZEWELL-:-MORTON 11,1
TAZEWELL-:-MORTON 2,1
TAZEWELL-:-MORTON 3,1
TAZEWELL-:-MORTON 4,1
TAZEWELL-:-MORTON 5,1
TAZEWELL-:-MORTON 6,1
TAZEWELL-:-MORTON 7,1
TAZEWELL-:-MORTON 8,1
TAZEWELL-:-MORTON 9,1
TAZEWELL-:-PEKIN 1,1
TAZEWELL-:-PEKIN 10,1
TAZEWELL-:-PEKIN 11,1
TAZEWELL-:-PEKIN 12,1
TAZEWELL-:-PEKIN 14,1
TAZEWELL-:-PEKIN 15,1
TAZEWELL-:-PEKIN 16,1
TAZEWELL-:-PEKIN 2,1
TAZEWELL-:-PEKIN 3,1
TAZEWELL-:-PEKIN 4,1
TAZEWELL-:-PEKIN 5,1
TAZEWELL-:-PEKIN 6,1
TAZEWELL-:-PEKIN 7,1
TAZEWELL-:-PEKIN 8,1
TAZEWELL-:-PEKIN 9,1
TAZEWELL-:-SAND PRAIRIE 1,2
TAZEWELL-:-SPRINGLAKE 1,2
TAZEWELL-:-TREMONT 1,1
TAZEWELL-:-TREMONT 2,1
TAZEWELL-:-WASHINGTON 1,1
TAZEWELL-:-WASHINGTON 10,1
TAZEWELL-:-WASHINGTON 11,1
TAZEWELL-:-WASHINGTON 12,1
TAZEWELL-:-WASHINGTON 13,1
TAZEWELL-:-WASHINGTON 14,1
TAZEWELL-:-WASHINGTON 2,1
TAZEWELL-:-WASHINGTON 3,1
TAZEWELL-:-WASHINGTON 4,1
TAZEWELL-:-WASHINGTON 5,1
TAZEWELL-:-WASHINGTON 6,1
TAZEWELL-:-WASHINGTON 7,1
TAZEWELL-:-WASHINGTON 8,1
TAZEWELL-:-WASHINGTON 9,1
UNION-:-ALTO PASS,15
UNION-:-ANNA 1,15
UNION-:-ANNA 2,15
UNION-:-ANNA 3,15
UNION-:-ANNA 4,15
UNION-:-ANNA 5,15
UNION-:-ANNA 6,15
UNION-:-ANNA 7,15
UNION-:-BALCOM,15
UNION-:-COBDEN 1,15
UNION-:-COBDEN 2,15
UNION-:-DONGOLA 1,15
UNION-:-DONGOLA 2,15
UNION-:-JONESBORO 1,15
UNION-:-JONESBORO 2,15
UNION-:-JONESBORO 3,15
UNION-:-LICK CREEK,15
UNION-:-MILL CREEK,15
UNION-:-STOKES,15
UNION-:-UNION,15
VERMILION-:-BLOUNT 1,1
VERMILION-:-BLOUNT 2,1
VERMILION-:-BUTLER,1
VERMILION-:-CARROLL,8
VERMILION-:-CATLIN 1,1
VERMILION-:-CATLIN 3,1
VERMILION-:-DANVILLE 1,1
VERMILION-:-DANVILLE 13,8
VERMILION-:-DANVILLE 2,1
VERMILION-:-DANVILLE 3,1
VERMILION-:-DANVILLE 5,1
VERMILION-:-DANVILLE 6,1
VERMILION-:-DANVILLE 7,1
VERMILION-:-DANVILLE 8,1
VERMILION-:-ELWOOD,8
VERMILION-:-GEORGETOWN 1,8
VERMILION-:-GEORGETOWN 3,8
VERMILION-:-GRANT 1,1
VERMILION-:-GRANT 2,1
VERMILION-:-GRANT 4,1
VERMILION-:-JAMAICA,8
VERMILION-:-LOVE,8
VERMILION-:-MIDDLEFORK,1
VERMILION-:-NEWELL 1,1
VERMILION-:-NEWELL 2,1
VERMILION-:-NEWELL 3,1
VERMILION-:-OAKWOOD 1,1
VERMILION-:-OAKWOOD 5,1
VERMILION-:-PILOT,1
VERMILION-:-ROSS,1
VERMILION-:-SIDELL,8
VERMILION-:-SOUTH ROSS,1
WABASH-:-BELLMONT,15
WABASH-:-COFFEE,15
WABASH-:-COMPTON,15
WABASH-:-FRIENDSVILLE,15
WABASH-:-LANCASTER,15
WABASH-:-LICK PRAIRIE,15
WABASH-:-MT. CARMEL 1,15
WABASH-:-MT. CARMEL 2,15
WABASH-:-MT. CARMEL 3,15
WABASH-:-MT. CARMEL 4,15
WABASH-:-MT. CARMEL 5,15
WABASH-:-MT. CARMEL 6,15
WABASH-:-MT. CARMEL 7,15
WABASH-:-MT. CARMEL 8,15
WABASH-:-MT. CARMEL 9,15
WABASH-:-WABASH,15
WARREN-:-BERWICK 1-1,1
WARREN-:-COLDBROOK 1-2,2
WARREN-:-ELLISON 1-6,1
WARREN-:-FLOYD 1-1,1
WARREN-:-GREENBUSH 1-1,1
WARREN-:-HALE 1-7,1
WARREN-:-KELLY 1-2,2
WARREN-:-LENOX 1-1,1
WARREN-:-MONMOUTH  1-3,2
WARREN-:-MONMOUTH  2-4,2
WARREN-:-MONMOUTH  3-3,2
WARREN-:-MONMOUTH  4-3,8
WARREN-:-MONMOUTH  5-4,2
WARREN-:-MONMOUTH  6-3,8
WARREN-:-MONMOUTH  7-4,2
WARREN-:-MONMOUTH  8-5,2
WARREN-:-MONMOUTH  9-4,2
WARREN-:-MONMOUTH 10-4,2
WARREN-:-MONMOUTH 11-3,8
WARREN-:-MONMOUTH 12-2/5,2
WARREN-:-POINT PLEASANT 1-6,1
WARREN-:-ROSEVILLE 1-1,1
WARREN-:-ROSEVILLE 2-1,1
WARREN-:-SPRING GROVE-ALEXIS 1-2,2
WARREN-:-SPRING GROVE-GERLAW 2-2,2
WARREN-:-SUMNER 1-7/8,1
WARREN-:-SWAN 1-1,1
WARREN-:-TOMPKINS 1-6,1
WASHINGTON-:-ASHLEY-001,15
WASHINGTON-:-BEAUCOUP-001,4
WASHINGTON-:-BOLO-002,4
WASHINGTON-:-COVINGTON-003,4
WASHINGTON-:-DUBOIS-004,4
WASHINGTON-:-DUBOIS-005,4
WASHINGTON-:-HOYLETON-001,15
WASHINGTON-:-IRVINGTON-001,15
WASHINGTON-:-JOHANNISBURG-3/9,4
WASHINGTON-:-LIVELY GROVE-6/10,4
WASHINGTON-:-NASHVILLE 1-007,15
WASHINGTON-:-NASHVILLE 3-007,15
WASHINGTON-:-NASHVILLE 4-007,15
WASHINGTON-:-OAKDALE-006,4
WASHINGTON-:-OKAWVILLE 1-003,8
WASHINGTON-:-OKAWVILLE 2-003,4
WASHINGTON-:-PILOT KNOB-002,4
WASHINGTON-:-PLUM HILL-003,4
WASHINGTON-:-RICHVIEW-001,4
WASHINGTON-:-VENEDY-3/9,4
WAYNE-:-ARRINGTON,15
WAYNE-:-BARNHILL,15
WAYNE-:-BEDFORD,15
WAYNE-:-BERRY,15
WAYNE-:-BIG MOUND 1,15
WAYNE-:-BIG MOUND 2,15
WAYNE-:-ELM RIVER,15
WAYNE-:-FAIRFIELD 1,15
WAYNE-:-FAIRFIELD 2,15
WAYNE-:-FOUR MILE,15
WAYNE-:-GARDEN HILL,15
WAYNE-:-GOLDENGATE,15
WAYNE-:-GROVER,15
WAYNE-:-HICKORY HILL,15
WAYNE-:-INDIAN PRAIRIE,15
WAYNE-:-JASPER 1,15
WAYNE-:-JASPER 2,15
WAYNE-:-KEITH,15
WAYNE-:-LAMARD 1,15
WAYNE-:-LAMARD 2,15
WAYNE-:-MASSILON,15
WAYNE-:-MERRIAM,15
WAYNE-:-MT. ERIE,15
WAYNE-:-ORCHARD,15
WAYNE-:-OREL,15
WAYNE-:-RIDER,15
WAYNE-:-ZIF,15
WHITE-:-BURNT PRAIRIE 10-1,15
WHITE-:-CARMI 12-1,15
WHITE-:-CARMI 13-2,15
WHITE-:-CARMI 14-1,15
WHITE-:-CARMI 16-1,15
WHITE-:-CARMI 18-4,15
WHITE-:-CARMI 19-4,15
WHITE-:-CARMI 20-4,15
WHITE-:-CARMI 20-5,15
WHITE-:-EMMA 30-3,15
WHITE-:-ENFIELD 4-2,15
WHITE-:-GRAY 24-2,15
WHITE-:-HAWTHORNE 28-2,15
WHITE-:-HAWTHORNE 28-3,15
WHITE-:-HERALDS PRAIRIE 22-3,15
WHITE-:-INDIAN CREEK 6-3,15
WHITE-:-INDIAN CREEK 8-3,15
WHITE-:-MILL SHOALS 1-1,15
WHITE-:-MILL SHOALS 2-2,15
WHITE-:-PHILLIPS 26-2,15
WHITESIDE-:-ALBANY 1,2
WHITESIDE-:-CLYDE 1,2
WHITESIDE-:-COLOMA 1,2
WHITESIDE-:-COLOMA 10,8
WHITESIDE-:-COLOMA 2,8
WHITESIDE-:-COLOMA 3,8
WHITESIDE-:-COLOMA 4,8
WHITESIDE-:-COLOMA 5,8
WHITESIDE-:-COLOMA 6,8
WHITESIDE-:-COLOMA 7,8
WHITESIDE-:-COLOMA 8,8
WHITESIDE-:-COLOMA 9,8
WHITESIDE-:-ERIE 1,2
WHITESIDE-:-ERIE 2,2
WHITESIDE-:-FENTON 1,2
WHITESIDE-:-FULTON 1,2
WHITESIDE-:-FULTON 2,2
WHITESIDE-:-FULTON 3,2
WHITESIDE-:-FULTON 4,2
WHITESIDE-:-GARDEN PLAIN 1,2
WHITESIDE-:-GENESEE 1,2
WHITESIDE-:-HAHNAMAN 1,2
WHITESIDE-:-HOPKINS 1,2
WHITESIDE-:-HOPKINS 2,2
WHITESIDE-:-HUME 1,2
WHITESIDE-:-JORDAN 1,2
WHITESIDE-:-LYNDON 1,2
WHITESIDE-:-MONTMORENCY 1,2
WHITESIDE-:-MONTMORENCY 2,8
WHITESIDE-:-MT. PLEASANT 1,15
WHITESIDE-:-MT. PLEASANT 2,15
WHITESIDE-:-MT. PLEASANT 3,15
WHITESIDE-:-MT. PLEASANT 4,2
WHITESIDE-:-MT. PLEASANT 5,2
WHITESIDE-:-NEWTON 1,2
WHITESIDE-:-PORTLAND 1,2
WHITESIDE-:-PROPHETSTOWN 1,2
WHITESIDE-:-PROPHETSTOWN 2,2
WHITESIDE-:-PROPHETSTOWN 3,2
WHITESIDE-:-STERLING 1,8
WHITESIDE-:-STERLING 10,8
WHITESIDE-:-STERLING 11,8
WHITESIDE-:-STERLING 12,8
WHITESIDE-:-STERLING 13,8
WHITESIDE-:-STERLING 14,8
WHITESIDE-:-STERLING 15,8
WHITESIDE-:-STERLING 16,8
WHITESIDE-:-STERLING 17,8
WHITESIDE-:-STERLING 18,8
WHITESIDE-:-STERLING 2,8
WHITESIDE-:-STERLING 3,8
WHITESIDE-:-STERLING 4,8
WHITESIDE-:-STERLING 5,8
WHITESIDE-:-STERLING 6,8
WHITESIDE-:-STERLING 7,8
WHITESIDE-:-STERLING 8,8
WHITESIDE-:-STERLING 9,8
WHITESIDE-:-TAMPICO 1,2
WHITESIDE-:-UNION GROVE 1,2
WHITESIDE-:-USTICK 1,2
WILL-:-CHANNAHON PCT 001-STYLE 1,2
WILL-:-CHANNAHON PCT 002-STYLE 2,2
WILL-:-CHANNAHON PCT 003-STYLE 3,2
WILL-:-CHANNAHON PCT 004-STYLE 4,2
WILL-:-CHANNAHON PCT 005-STYLE 5,2
WILL-:-CRETE PCT 001-STYLE 6/7,14
WILL-:-CRETE PCT 002-STYLE 8,14
WILL-:-CRETE PCT 003-STYLE 9,14
WILL-:-CRETE PCT 004-STYLE 10,14
WILL-:-CRETE PCT 004-STYLE 11,14
WILL-:-CRETE PCT 005-STYLE 12,14
WILL-:-CRETE PCT 006-STYLE 13,7
WILL-:-CRETE PCT 006-STYLE 14,7
WILL-:-CRETE PCT 007-STYLE 15,7
WILL-:-CRETE PCT 008-STYLE 16,14
WILL-:-CRETE PCT 008-STYLE 17,14
WILL-:-CRETE PCT 009-STYLE 18,14
WILL-:-CRETE PCT 010-STYLE 19,14
WILL-:-CRETE PCT 011-STYLE 20,7
WILL-:-CRETE PCT 011-STYLE 21,14
WILL-:-CRETE PCT 012-STYLE 22,7
WILL-:-CUSTER PCT 001-STYLE 23,1
WILL-:-CUSTER PCT 001-STYLE 24,15
WILL-:-DUPAGE PCT 001-STYLE 25/26,6
WILL-:-DUPAGE PCT 002-STYLE 27,3
WILL-:-DUPAGE PCT 003-STYLE 28,3
WILL-:-DUPAGE PCT 004-STYLE 29,6
WILL-:-DUPAGE PCT 005-STYLE 30/31,3
WILL-:-DUPAGE PCT 006-STYLE 32,3
WILL-:-DUPAGE PCT 007-STYLE 33,6
WILL-:-DUPAGE PCT 008-STYLE 34,6
WILL-:-DUPAGE PCT 009-STYLE 35/37,3
WILL-:-DUPAGE PCT 010-STYLE 38,6
WILL-:-DUPAGE PCT 011-STYLE 39,6
WILL-:-DUPAGE PCT 012-STYLE 40,6
WILL-:-DUPAGE PCT 013-STYLE 41,16
WILL-:-DUPAGE PCT 014-STYLE 42/43,6
WILL-:-DUPAGE PCT 015-STYLE 44,6
WILL-:-DUPAGE PCT 016-STYLE 45,6
WILL-:-DUPAGE PCT 017-STYLE 46,15
WILL-:-DUPAGE PCT 017-STYLE 47,15
WILL-:-DUPAGE PCT 018-STYLE 48,6
WILL-:-DUPAGE PCT 019-STYLE 49,6
WILL-:-DUPAGE PCT 020-STYLE 50,6
WILL-:-DUPAGE PCT 021-STYLE 51,16
WILL-:-DUPAGE PCT 022-STYLE 52,6
WILL-:-DUPAGE PCT 023-STYLE 53,6
WILL-:-DUPAGE PCT 024-STYLE 54,15
WILL-:-DUPAGE PCT 025-STYLE 56,15
WILL-:-DUPAGE PCT 025-STYLE 57,6
WILL-:-DUPAGE PCT 026-STYLE 58,6
WILL-:-DUPAGE PCT 027-STYLE 59,6
WILL-:-DUPAGE PCT 027-STYLE 60,6
WILL-:-DUPAGE PCT 028-STYLE 61/62,16
WILL-:-DUPAGE PCT 029-STYLE 63,6
WILL-:-DUPAGE PCT 030-STYLE 64,6
WILL-:-DUPAGE PCT 031-STYLE 65/66,15
WILL-:-DUPAGE PCT 032-STYLE 67,6
WILL-:-DUPAGE PCT 032-STYLE 68,15
WILL-:-DUPAGE PCT 033-STYLE 69/71,16
WILL-:-DUPAGE PCT 033-STYLE 70/72,16
WILL-:-DUPAGE PCT 034-STYLE 73,15
WILL-:-DUPAGE PCT 035-STYLE 74,6
WILL-:-DUPAGE PCT 036-STYLE 75,6
WILL-:-DUPAGE PCT 036-STYLE 76,6
WILL-:-DUPAGE PCT 037-STYLE 77,6
WILL-:-FLORENCE PCT 001-STYLE 78,1
WILL-:-FRANKFORT PCT 001-STYLE 79,1
WILL-:-FRANKFORT PCT 002-STYLE 80/81,14
WILL-:-FRANKFORT PCT 003-STYLE 83/85,14
WILL-:-FRANKFORT PCT 003-STYLE 84,14
WILL-:-FRANKFORT PCT 004-STYLE 86,14
WILL-:-FRANKFORT PCT 004-STYLE 87,8
WILL-:-FRANKFORT PCT 005-STYLE 88,14
WILL-:-FRANKFORT PCT 006-STYLE 89,14
WILL-:-FRANKFORT PCT 007-STYLE 90/91,14
WILL-:-FRANKFORT PCT 008-STYLE 92,14
WILL-:-FRANKFORT PCT 008-STYLE 93/94,8
WILL-:-FRANKFORT PCT 009-STYLE 95,14
WILL-:-FRANKFORT PCT 010-STYLE 96/97,14
WILL-:-FRANKFORT PCT 011-STYLE 98,14
WILL-:-FRANKFORT PCT 011-STYLE 99,14
WILL-:-FRANKFORT PCT 012-STYLE 100,15
WILL-:-FRANKFORT PCT 013-STYLE 101,14
WILL-:-FRANKFORT PCT 014-STYLE 102/103,14
WILL-:-FRANKFORT PCT 015-STYLE 104,14
WILL-:-FRANKFORT PCT 016-STYLE 105/106,14
WILL-:-FRANKFORT PCT 017-STYLE 107,1
WILL-:-FRANKFORT PCT 017-STYLE 108,1
WILL-:-FRANKFORT PCT 018-STYLE 109,14
WILL-:-FRANKFORT PCT 019-STYLE 110,14
WILL-:-FRANKFORT PCT 020-STYLE 111,14
WILL-:-FRANKFORT PCT 021-STYLE 112,14
WILL-:-FRANKFORT PCT 021-STYLE 113,15
WILL-:-FRANKFORT PCT 022-STYLE 114/115,14
WILL-:-FRANKFORT PCT 023-STYLE 116,1
WILL-:-FRANKFORT PCT 023-STYLE 117,15
WILL-:-FRANKFORT PCT 024-STYLE 118,14
WILL-:-FRANKFORT PCT 025-STYLE 119,14
WILL-:-FRANKFORT PCT 026-STYLE 120,14
WILL-:-FRANKFORT PCT 027-STYLE 121,1
WILL-:-FRANKFORT PCT 027-STYLE 122,15
WILL-:-FRANKFORT PCT 028-STYLE 123,14
WILL-:-GREEN GARDEN PCT 001-STYLE 124,1
WILL-:-GREEN GARDEN PCT 002-STYLE 125,1
WILL-:-GREEN GARDEN PCT 002-STYLE 126,8
WILL-:-HOMER PCT 001-STYLE 127/128,1
WILL-:-HOMER PCT 002-STYLE 129,1
WILL-:-HOMER PCT 003-STYLE 130,1
WILL-:-HOMER PCT 004-STYLE 131,1
WILL-:-HOMER PCT 004-STYLE 132,1
WILL-:-HOMER PCT 005-STYLE 133,1
WILL-:-HOMER PCT 005-STYLE 134,1
WILL-:-HOMER PCT 006-STYLE 135,16
WILL-:-HOMER PCT 007-STYLE 136,1
WILL-:-HOMER PCT 008-STYLE 137,1
WILL-:-HOMER PCT 009-STYLE 138,1
WILL-:-HOMER PCT 009-STYLE 139,1
WILL-:-HOMER PCT 010-STYLE 140,1
WILL-:-HOMER PCT 011-STYLE 141,1
WILL-:-HOMER PCT 012-STYLE 142,1
WILL-:-HOMER PCT 013-STYLE 143,1
WILL-:-HOMER PCT 014-STYLE 144,1
WILL-:-HOMER PCT 015-STYLE 145,8
WILL-:-HOMER PCT 016-STYLE 146,8
WILL-:-HOMER PCT 017-STYLE 147,1
WILL-:-HOMER PCT 018-STYLE 148,8
WILL-:-HOMER PCT 019-STYLE 149,8
WILL-:-JACKSON PCT 001-STYLE 150,2
WILL-:-JACKSON PCT 002-STYLE 151,2
WILL-:-JOLIET PCT 001-STYLE 152/153,6
WILL-:-JOLIET PCT 002-STYLE 154/155,6
WILL-:-JOLIET PCT 003-STYLE 156/157,6
WILL-:-JOLIET PCT 003-STYLE 158,6
WILL-:-JOLIET PCT 004-STYLE 159,6
WILL-:-JOLIET PCT 004-STYLE 160,6
WILL-:-JOLIET PCT 005-STYLE 161,6
WILL-:-JOLIET PCT 006-STYLE 162,6
WILL-:-JOLIET PCT 007-STYLE 163/165,8
WILL-:-JOLIET PCT 007-STYLE 164/166,6
WILL-:-JOLIET PCT 008-STYLE 167,15
WILL-:-JOLIET PCT 009-STYLE 168,15
WILL-:-JOLIET PCT 009-STYLE 169,6
WILL-:-JOLIET PCT 010-STYLE 170,6
WILL-:-JOLIET PCT 011-STYLE 171/172,6
WILL-:-JOLIET PCT 012-STYLE 173,6
WILL-:-JOLIET PCT 012-STYLE 174,6
WILL-:-JOLIET PCT 013-STYLE 175,6
WILL-:-JOLIET PCT 014-STYLE 176,6
WILL-:-JOLIET PCT 015-STYLE 177/178,6
WILL-:-JOLIET PCT 016-STYLE 179/181/182,6
WILL-:-JOLIET PCT 016-STYLE 180,6
WILL-:-JOLIET PCT 017-STYLE 183,6
WILL-:-JOLIET PCT 018-STYLE 184,6
WILL-:-JOLIET PCT 018-STYLE 185,15
WILL-:-JOLIET PCT 019-STYLE 186,15
WILL-:-JOLIET PCT 019-STYLE 187,15
WILL-:-JOLIET PCT 020-STYLE 188/189,15
WILL-:-JOLIET PCT 021-STYLE 190,15
WILL-:-JOLIET PCT 022-STYLE 191,6
WILL-:-JOLIET PCT 023-STYLE 192,6
WILL-:-JOLIET PCT 024-STYLE 193,6
WILL-:-JOLIET PCT 025-STYLE 194,15
WILL-:-JOLIET PCT 026-STYLE 195/196,6
WILL-:-JOLIET PCT 027-STYLE 197,6
WILL-:-JOLIET PCT 028-STYLE 198,6
WILL-:-JOLIET PCT 029-STYLE 199,6
WILL-:-JOLIET PCT 030-STYLE 200,6
WILL-:-JOLIET PCT 031-STYLE 201/202,6
WILL-:-JOLIET PCT 032-STYLE 203,6
WILL-:-JOLIET PCT 033-STYLE 204,6
WILL-:-JOLIET PCT 034-STYLE 205,8
WILL-:-JOLIET PCT 035-STYLE 206,8
WILL-:-JOLIET PCT 036-STYLE 207/208/209/210,8
WILL-:-JOLIET PCT 037-STYLE 211,8
WILL-:-LOCKPORT PCT 001-STYLE 212,6
WILL-:-LOCKPORT PCT 002-STYLE 213,6
WILL-:-LOCKPORT PCT 003-STYLE 214,6
WILL-:-LOCKPORT PCT 004-STYLE 215,6
WILL-:-LOCKPORT PCT 005-STYLE 216/217,1
WILL-:-LOCKPORT PCT 006-STYLE 218,6
WILL-:-LOCKPORT PCT 007-STYLE 219,6
WILL-:-LOCKPORT PCT 008-STYLE 220,6
WILL-:-LOCKPORT PCT 009-STYLE 221,6
WILL-:-LOCKPORT PCT 010-STYLE 222,8
WILL-:-LOCKPORT PCT 011-STYLE 223,6
WILL-:-LOCKPORT PCT 012-STYLE 224,8
WILL-:-LOCKPORT PCT 012-STYLE 225,8
WILL-:-LOCKPORT PCT 013-STYLE 226,6
WILL-:-LOCKPORT PCT 014-STYLE 227,6
WILL-:-LOCKPORT PCT 015-STYLE 228,6
WILL-:-LOCKPORT PCT 015-STYLE 229,6
WILL-:-LOCKPORT PCT 016-STYLE 230,6
WILL-:-LOCKPORT PCT 017-STYLE 231,8
WILL-:-LOCKPORT PCT 018-STYLE 232,6
WILL-:-LOCKPORT PCT 019-STYLE 233,8
WILL-:-LOCKPORT PCT 020-STYLE 234,15
WILL-:-LOCKPORT PCT 021-STYLE 235,6
WILL-:-LOCKPORT PCT 022-STYLE 236,6
WILL-:-LOCKPORT PCT 023-STYLE 237,15
WILL-:-LOCKPORT PCT 023-STYLE 238,6
WILL-:-LOCKPORT PCT 024-STYLE 239,8
WILL-:-MANHATTAN PCT 001-STYLE 240,2
WILL-:-MANHATTAN PCT 002-STYLE 241,2
WILL-:-MANHATTAN PCT 003-STYLE 242,1
WILL-:-MANHATTAN PCT 004-STYLE 243,2
WILL-:-MANHATTAN PCT 005-STYLE 244,1
WILL-:-MONEE PCT 001-STYLE 245/246,14
WILL-:-MONEE PCT 001-STYLE 247,9
WILL-:-MONEE PCT 002-STYLE 248,14
WILL-:-MONEE PCT 002-STYLE 249/250,14
WILL-:-MONEE PCT 003-STYLE 251,14
WILL-:-MONEE PCT 003-STYLE 252,14
WILL-:-MONEE PCT 004-STYLE 253,14
WILL-:-MONEE PCT 005-STYLE 254,14
WILL-:-MONEE PCT 006-STYLE 255,8
WILL-:-MONEE PCT 007-STYLE 256,14
WILL-:-MONEE PCT 008-STYLE 257,14
WILL-:-MONEE PCT 008-STYLE 258,14
WILL-:-NEW LENOX PCT 001-STYLE 259,2
WILL-:-NEW LENOX PCT 002-STYLE 260,1
WILL-:-NEW LENOX PCT 003-STYLE 261,1
WILL-:-NEW LENOX PCT 004-STYLE 262,1
WILL-:-NEW LENOX PCT 005-STYLE 263,1
WILL-:-NEW LENOX PCT 006-STYLE 264,1
WILL-:-NEW LENOX PCT 007-STYLE 265,1
WILL-:-NEW LENOX PCT 008-STYLE 266,1
WILL-:-NEW LENOX PCT 009-STYLE 267,2
WILL-:-NEW LENOX PCT 010-STYLE 268,2
WILL-:-NEW LENOX PCT 010-STYLE 269,15
WILL-:-NEW LENOX PCT 011-STYLE 270,2
WILL-:-NEW LENOX PCT 011-STYLE 271,15
WILL-:-NEW LENOX PCT 012-STYLE 272,1
WILL-:-NEW LENOX PCT 012-STYLE 273,1
WILL-:-NEW LENOX PCT 013-STYLE 274,8
WILL-:-NEW LENOX PCT 013-STYLE 275,8
WILL-:-NEW LENOX PCT 014-STYLE 276,8
WILL-:-NEW LENOX PCT 014-STYLE 277,8
WILL-:-NEW LENOX PCT 015-STYLE 278,1
WILL-:-NEW LENOX PCT 016-STYLE 279,2
WILL-:-NEW LENOX PCT 017-STYLE 280,1
WILL-:-NEW LENOX PCT 018-STYLE 281,2
WILL-:-NEW LENOX PCT 019-STYLE 282,2
WILL-:-NEW LENOX PCT 020-STYLE 283,1
WILL-:-PEOTONE PCT 001-STYLE 284/286,1
WILL-:-PEOTONE PCT 001-STYLE 285,15
WILL-:-PEOTONE PCT 001-STYLE 287,1
WILL-:-PEOTONE PCT 002-STYLE 288/289,1
WILL-:-PEOTONE PCT 002-STYLE 290,15
WILL-:-PEOTONE PCT 002-STYLE 291,15
WILL-:-PEOTONE PCT 002-STYLE 292,15
WILL-:-PLAINFIELD PCT 001-STYLE 293,6
WILL-:-PLAINFIELD PCT 002-STYLE 294,6
WILL-:-PLAINFIELD PCT 003-STYLE 295,15
WILL-:-PLAINFIELD PCT 003-STYLE 296,6
WILL-:-PLAINFIELD PCT 004-STYLE 297,6
WILL-:-PLAINFIELD PCT 005-STYLE 298,6
WILL-:-PLAINFIELD PCT 006-STYLE 299,15
WILL-:-PLAINFIELD PCT 007-STYLE 300,6
WILL-:-PLAINFIELD PCT 008-STYLE 301,6
WILL-:-PLAINFIELD PCT 009-STYLE 302,6
WILL-:-PLAINFIELD PCT 010-STYLE 303,6
WILL-:-PLAINFIELD PCT 010-STYLE 304,15
WILL-:-PLAINFIELD PCT 011-STYLE 305,15
WILL-:-PLAINFIELD PCT 012-STYLE 306,6
WILL-:-PLAINFIELD PCT 013-STYLE 307,6
WILL-:-PLAINFIELD PCT 014-STYLE 308,6
WILL-:-PLAINFIELD PCT 014-STYLE 309,6
WILL-:-PLAINFIELD PCT 015-STYLE 310/311,6
WILL-:-PLAINFIELD PCT 016-STYLE 312,6
WILL-:-PLAINFIELD PCT 017-STYLE 313,6
WILL-:-PLAINFIELD PCT 018-STYLE 314,6
WILL-:-PLAINFIELD PCT 019-STYLE 315,6
WILL-:-PLAINFIELD PCT 020-STYLE 316,6
WILL-:-PLAINFIELD PCT 021-STYLE 317,15
WILL-:-PLAINFIELD PCT 022-STYLE 318,8
WILL-:-PLAINFIELD PCT 023-STYLE 319,15
WILL-:-PLAINFIELD PCT 024-STYLE 320,15
WILL-:-PLAINFIELD PCT 025-STYLE 321/322,6
WILL-:-PLAINFIELD PCT 026-STYLE 323/324,6
WILL-:-PLAINFIELD PCT 027-STYLE 325,6
WILL-:-PLAINFIELD PCT 028-STYLE 326,6
WILL-:-PLAINFIELD PCT 029-STYLE 327,6
WILL-:-PLAINFIELD PCT 030-STYLE 328,6
WILL-:-PLAINFIELD PCT 031-STYLE 329,6
WILL-:-PLAINFIELD PCT 032-STYLE 330,6
WILL-:-PLAINFIELD PCT 033-STYLE 331,15
WILL-:-PLAINFIELD PCT 034-STYLE 332/333,6
WILL-:-PLAINFIELD PCT 035-STYLE 334,6
WILL-:-REED PCT 001-STYLE 335,1
WILL-:-REED PCT 001-STYLE 336,1
WILL-:-REED PCT 001-STYLE 337,15
WILL-:-REED PCT 001-STYLE 338,15
WILL-:-REED PCT 002-STYLE 339,1
WILL-:-REED PCT 002-STYLE 340,15
WILL-:-REED PCT 002-STYLE 341,15
WILL-:-REED PCT 003-STYLE 342,1
WILL-:-REED PCT 003-STYLE 343,1
WILL-:-TROY PCT 001-STYLE 344,6
WILL-:-TROY PCT 002-STYLE 345,6
WILL-:-TROY PCT 003-STYLE 346,6
WILL-:-TROY PCT 003-STYLE 347,2
WILL-:-TROY PCT 004-STYLE 348,15
WILL-:-TROY PCT 005-STYLE 349,15
WILL-:-TROY PCT 006-STYLE 350,15
WILL-:-TROY PCT 007-STYLE 351,6
WILL-:-TROY PCT 008-STYLE 352,6
WILL-:-TROY PCT 008-STYLE 353,6
WILL-:-TROY PCT 009-STYLE 354,15
WILL-:-TROY PCT 009-STYLE 355,6
WILL-:-TROY PCT 010-STYLE 356,6
WILL-:-TROY PCT 010-STYLE 357,15
WILL-:-TROY PCT 011-STYLE 358,6
WILL-:-TROY PCT 012-STYLE 359,15
WILL-:-TROY PCT 013-STYLE 360,15
WILL-:-TROY PCT 014-STYLE 361,6
WILL-:-TROY PCT 014-STYLE 362,15
WILL-:-TROY PCT 015-STYLE 363,15
WILL-:-TROY PCT 015-STYLE 364,6
WILL-:-TROY PCT 016-STYLE 365,6
WILL-:-TROY PCT 017-STYLE 366,15
WILL-:-TROY PCT 018-STYLE 367,6
WILL-:-TROY PCT 019-STYLE 368,6
WILL-:-TROY PCT 020-STYLE 369,15
WILL-:-TROY PCT 021-STYLE 370,2
WILL-:-TROY PCT 022-STYLE 371,2
WILL-:-TROY PCT 022-STYLE 372,6
WILL-:-WASHINGTON PCT 001-STYLE 373,14
WILL-:-WASHINGTON PCT 002-STYLE 374,14
WILL-:-WASHINGTON PCT 002-STYLE 375,14
WILL-:-WASHINGTON PCT 003-STYLE 376,1
WILL-:-WASHINGTON PCT 003-STYLE 377,1
WILL-:-WESLEY PCT 001-STYLE 378,1
WILL-:-WESLEY PCT 001-STYLE 379,15
WILL-:-WHEATLAND PCT 001-STYLE 380,6
WILL-:-WHEATLAND PCT 002-STYLE 381,6
WILL-:-WHEATLAND PCT 003-STYLE 382,6
WILL-:-WHEATLAND PCT 004-STYLE 383,6
WILL-:-WHEATLAND PCT 005-STYLE 384,6
WILL-:-WHEATLAND PCT 006-STYLE 385,3
WILL-:-WHEATLAND PCT 007-STYLE 386,3
WILL-:-WHEATLAND PCT 008-STYLE 387/388,3
WILL-:-WHEATLAND PCT 009-STYLE 389,6
WILL-:-WHEATLAND PCT 010-STYLE 390,6
WILL-:-WHEATLAND PCT 011-STYLE 391,6
WILL-:-WHEATLAND PCT 011-STYLE 392,6
WILL-:-WHEATLAND PCT 012-STYLE 393,3
WILL-:-WHEATLAND PCT 012-STYLE 394,3
WILL-:-WHEATLAND PCT 012-STYLE 395,6
WILL-:-WHEATLAND PCT 013-STYLE 396,3
WILL-:-WHEATLAND PCT 014-STYLE 397,6
WILL-:-WHEATLAND PCT 015-STYLE 398,6
WILL-:-WHEATLAND PCT 016-STYLE 399/401,6
WILL-:-WHEATLAND PCT 016-STYLE 400,6
WILL-:-WHEATLAND PCT 017-STYLE 402,3
WILL-:-WHEATLAND PCT 018-STYLE 403,6
WILL-:-WHEATLAND PCT 019-STYLE 404/405,3
WILL-:-WHEATLAND PCT 020-STYLE 406,3
WILL-:-WHEATLAND PCT 021-STYLE 407,3
WILL-:-WHEATLAND PCT 021-STYLE 408,6
WILL-:-WHEATLAND PCT 022-STYLE 409/412,6
WILL-:-WHEATLAND PCT 022-STYLE 410/411,6
WILL-:-WHEATLAND PCT 023-STYLE 413/414,6
WILL-:-WHEATLAND PCT 024-STYLE 415/416/417,6
WILL-:-WHEATLAND PCT 025-STYLE 418,6
WILL-:-WHEATLAND PCT 026-STYLE 419,6
WILL-:-WHEATLAND PCT 026-STYLE 420,6
WILL-:-WHEATLAND PCT 027-STYLE 421,6
WILL-:-WHEATLAND PCT 027-STYLE 422,15
WILL-:-WHEATLAND PCT 028-STYLE 423,6
WILL-:-WHEATLAND PCT 028-STYLE 424,9
WILL-:-WHEATLAND PCT 029-STYLE 425,6
WILL-:-WHEATLAND PCT 030-STYLE 426,6
WILL-:-WHEATLAND PCT 031-STYLE 427,6
WILL-:-WHEATLAND PCT 032-STYLE 428,6
WILL-:-WHEATLAND PCT 033-STYLE 429,6
WILL-:-WHEATLAND PCT 034-STYLE 431,6
WILL-:-WHEATLAND PCT 035-STYLE 432,8
WILL-:-WHEATLAND PCT 035-STYLE 433,6
WILL-:-WHEATLAND PCT 036-STYLE 434,9
WILL-:-WHEATLAND PCT 037-STYLE 435/436,6
WILL-:-WHEATLAND PCT 038-STYLE 437/438,15
WILL-:-WILL PCT 001-STYLE 439/440,1
WILL-:-WILL PCT 001-STYLE 441,14
WILL-:-WILMINGTON PCT 001-STYLE 442,2
WILL-:-WILMINGTON PCT 001-STYLE 443,15
WILL-:-WILMINGTON PCT 002-STYLE 444,1
WILL-:-WILMINGTON PCT 002-STYLE 445,15
WILL-:-WILMINGTON PCT 003-STYLE 446,1
WILL-:-WILTON PCT 001-STYLE 447,1
WILLIAMSON-:-BLAIRSVILLE 1,15
WILLIAMSON-:-BLAIRSVILLE 2,15
WILLIAMSON-:-BLAIRSVILLE 3,15
WILLIAMSON-:-BLAIRSVILLE 4,15
WILLIAMSON-:-BLAIRSVILLE 5,15
WILLIAMSON-:-CARTERVILLE 1,15
WILLIAMSON-:-CARTERVILLE 2,15
WILLIAMSON-:-CARTERVILLE 3,15
WILLIAMSON-:-CARTERVILLE 4,15
WILLIAMSON-:-CARTERVILLE 5,15
WILLIAMSON-:-CARTERVILLE 6,15
WILLIAMSON-:-CARTERVILLE 7,15
WILLIAMSON-:-CARTERVILLE 8,15
WILLIAMSON-:-CORINTH 1,15
WILLIAMSON-:-CRAB ORCHARD,15
WILLIAMSON-:-CREAL SPRINGS 1,15
WILLIAMSON-:-CREAL SPRINGS 2,15
WILLIAMSON-:-EAST MARION 1,15
WILLIAMSON-:-EAST MARION 2,15
WILLIAMSON-:-EAST MARION 3,15
WILLIAMSON-:-EAST MARION 4,15
WILLIAMSON-:-EAST MARION 5,15
WILLIAMSON-:-EAST MARION 6,15
WILLIAMSON-:-EAST MARION 7,15
WILLIAMSON-:-EAST MARION 8,15
WILLIAMSON-:-EAST MARION 9,15
WILLIAMSON-:-GRASSY,15
WILLIAMSON-:-HERRIN 1,15
WILLIAMSON-:-HERRIN 10,15
WILLIAMSON-:-HERRIN 11,15
WILLIAMSON-:-HERRIN 12,15
WILLIAMSON-:-HERRIN 13,15
WILLIAMSON-:-HERRIN 2,15
WILLIAMSON-:-HERRIN 3,15
WILLIAMSON-:-HERRIN 4,15
WILLIAMSON-:-HERRIN 5,15
WILLIAMSON-:-HERRIN 6,15
WILLIAMSON-:-HERRIN 7,15
WILLIAMSON-:-HERRIN 8,15
WILLIAMSON-:-HERRIN 9,15
WILLIAMSON-:-LAKE CREEK 1,15
WILLIAMSON-:-LAKE CREEK 2,15
WILLIAMSON-:-LAKE CREEK 3,15
WILLIAMSON-:-SOUTHERN 1,15
WILLIAMSON-:-SOUTHERN 2,15
WILLIAMSON-:-STONEFORT,15
WILLIAMSON-:-WEST MARION 1,15
WILLIAMSON-:-WEST MARION 10,15
WILLIAMSON-:-WEST MARION 2,15
WILLIAMSON-:-WEST MARION 3,15
WILLIAMSON-:-WEST MARION 4,15
WILLIAMSON-:-WEST MARION 5,15
WILLIAMSON-:-WEST MARION 6,15
WILLIAMSON-:-WEST MARION 7,15
WILLIAMSON-:-WEST MARION 8,15
WILLIAMSON-:-WEST MARION 9,15
WINNEBAGO-:-BURRITT 1,2
WINNEBAGO-:-CHERRY VALLEY 1,2
WINNEBAGO-:-CHERRY VALLEY 11,2
WINNEBAGO-:-CHERRY VALLEY 4,2
WINNEBAGO-:-CHERRY VALLEY 5,2
WINNEBAGO-:-CHERRY VALLEY 9,2
WINNEBAGO-:-DURAND 1,2
WINNEBAGO-:-DURAND 2,2
WINNEBAGO-:-HARLEM 10,2
WINNEBAGO-:-HARLEM 11,2
WINNEBAGO-:-HARLEM 12,2
WINNEBAGO-:-HARLEM 13,2
WINNEBAGO-:-HARLEM 14,2
WINNEBAGO-:-HARLEM 15,2
WINNEBAGO-:-HARLEM 16,2
WINNEBAGO-:-HARLEM 17,2
WINNEBAGO-:-HARLEM 18,2
WINNEBAGO-:-HARLEM 19,2
WINNEBAGO-:-HARLEM 2,2
WINNEBAGO-:-HARLEM 21,2
WINNEBAGO-:-HARLEM 22,2
WINNEBAGO-:-HARLEM 24,2
WINNEBAGO-:-HARLEM 25,2
WINNEBAGO-:-HARLEM 26,2
WINNEBAGO-:-HARLEM 27,2
WINNEBAGO-:-HARLEM 4,2
WINNEBAGO-:-HARLEM 5,2
WINNEBAGO-:-HARLEM 6,2
WINNEBAGO-:-HARLEM 7,2
WINNEBAGO-:-HARLEM 8,2
WINNEBAGO-:-HARRISON 1,2
WINNEBAGO-:-LAONA 1,2
WINNEBAGO-:-OWEN 1,2
WINNEBAGO-:-OWEN 2,2
WINNEBAGO-:-OWEN 3,2
WINNEBAGO-:-PECATONICA 2,2
WINNEBAGO-:-PECATONICA 3,2
WINNEBAGO-:-PECATONICA 4,2
WINNEBAGO-:-ROCKFORD 12,7
WINNEBAGO-:-ROCKFORD 13,2
WINNEBAGO-:-ROCKFORD 14,7
WINNEBAGO-:-ROCKFORD 26,2
WINNEBAGO-:-ROCKFORD 30,2
WINNEBAGO-:-ROCKFORD 4,7
WINNEBAGO-:-ROCKFORD 5,7
WINNEBAGO-:-ROCKFORD 54,7
WINNEBAGO-:-ROCKFORD 55,7
WINNEBAGO-:-ROCKFORD 8,2
WINNEBAGO-:-ROCKTON 1,2
WINNEBAGO-:-ROCKTON 10,2
WINNEBAGO-:-ROCKTON 11,2
WINNEBAGO-:-ROCKTON 13,2
WINNEBAGO-:-ROCKTON 2,2
WINNEBAGO-:-ROCKTON 3,2
WINNEBAGO-:-ROCKTON 5,2
WINNEBAGO-:-ROCKTON 6,2
WINNEBAGO-:-ROCKTON 8,2
WINNEBAGO-:-ROCKTON 9,2
WINNEBAGO-:-ROSCOE 1,2
WINNEBAGO-:-ROSCOE 10,2
WINNEBAGO-:-ROSCOE 11,2
WINNEBAGO-:-ROSCOE 12,2
WINNEBAGO-:-ROSCOE 14,2
WINNEBAGO-:-ROSCOE 15,2
WINNEBAGO-:-ROSCOE 2,2
WINNEBAGO-:-ROSCOE 3,2
WINNEBAGO-:-ROSCOE 4,2
WINNEBAGO-:-ROSCOE 5,2
WINNEBAGO-:-ROSCOE 6,2
WINNEBAGO-:-ROSCOE 7,2
WINNEBAGO-:-ROSCOE 8,2
WINNEBAGO-:-ROSCOE 9,2
WINNEBAGO-:-SEWARD 1,2
WINNEBAGO-:-SHIRLAND 1,2
WINNEBAGO-:-WINNEBAGO 3,2
WINNEBAGO-:-WINNEBAGO 4,2
WOODFORD-:-CAZENOVIA 1,1
WOODFORD-:-CAZENOVIA 3,1
WOODFORD-:-CLAYTON,1
WOODFORD-:-CRUGER 1,1
WOODFORD-:-CRUGER 2,1
WOODFORD-:-EL PASO 1,1
WOODFORD-:-EL PASO 2,1
WOODFORD-:-EL PASO 3,1
WOODFORD-:-GREENE,1
WOODFORD-:-KANSAS,1
WOODFORD-:-LINN,1
WOODFORD-:-METAMORA 1,1
WOODFORD-:-METAMORA 2,1
WOODFORD-:-METAMORA 3,1
WOODFORD-:-METAMORA 4,1
WOODFORD-:-MINONK 1,1
WOODFORD-:-MINONK 2,1
WOODFORD-:-MONTGOMERY 1,1
WOODFORD-:-MONTGOMERY 2,1
WOODFORD-:-OLIO 1,1
WOODFORD-:-OLIO 2,1
WOODFORD-:-OLIO 3,1
WOODFORD-:-OLIO 4,1
WOODFORD-:-PALESTINE,1
WOODFORD-:-PANOLA,1
WOODFORD-:-PARTRIDGE,1
WOODFORD-:-ROANOKE 1,1
WOODFORD-:-ROANOKE 2,1
WOODFORD-:-SPRING BAY 1,1
WOODFORD-:-SPRING BAY 2,1
WOODFORD-:-WORTH 1,1
WOODFORD-:-WORTH 3,1
WOODFORD-:-WORTH 4,1
WOODFORD-:-WORTH 5,1
WOODFORD-:-WORTH 6,1
WOODFORD-:-WORTH 7,1
WOODFORD-:-WORTH 9,1
