unit_id,district
BOONE-:-FLORA 1-(CONG-11),1
BOONE-:-FLORA 1-(CONG-16),1
BUREAU-:-ARISPIE-(CONG-14),6
BUREAU-:-ARISPIE-(CONG-16),6
BUREAU-:-PRINCETON 6-(CONG-14),6
BUREAU-:-PRINCETON 6-(CONG-16),6
BUREAU-:-SELBY 2-(CONG-14),6
BUREAU-:-SELBY 2-(CONG-16),6
CHAMPAIGN-:-HENSLEY-(CONG-13),6
CHAMPAIGN-:-HENSLEY-(CONG-15),6
CHAMPAIGN-:-RANTOUL 4-(CONG-02),6
CHAMPAIGN-:-RANTOUL 4-(CONG-15),6
CHAMPAIGN-:-SOMER-(CONG-13),6
CHAMPAIGN-:-SOMER-(CONG-15),6
CITY OF BLOOMINGTON-:-PRECINCT 10-(CONG-16),16
CITY OF BLOOMINGTON-:-PRECINCT 10-(CONG-17),16
CITY OF BLOOMINGTON-:-PRECINCT 15-(CONG-16),16
CITY OF BLOOMINGTON-:-PRECINCT 15-(CONG-17),16
CITY OF BLOOMINGTON-:-PRECINCT 17-(CONG-16),16
CITY OF BLOOMINGTON-:-PRECINCT 17-(CONG-17),16
CITY OF BLOOMINGTON-:-PRECINCT 2-(CONG-16),16
CITY OF BLOOMINGTON-:-PRECINCT 2-(CONG-17),16
CITY OF BLOOMINGTON-:-PRECINCT 52-(CONG-16),16
CITY OF BLOOMINGTON-:-PRECINCT 52-(CONG-17),16
CITY OF CHICAGO-:-WARD 01 PRECINCT 21-(CONG-05),13
CITY OF CHICAGO-:-WARD 01 PRECINCT 21-(CONG-07),13
CITY OF CHICAGO-:-WARD 02 PRECINCT 23-(CONG-05),13
CITY OF CHICAGO-:-WARD 02 PRECINCT 23-(CONG-07),13
CITY OF CHICAGO-:-WARD 03 PRECINCT 02-(CONG-01),0
CITY OF CHICAGO-:-WARD 03 PRECINCT 02-(CONG-07),0
CITY OF CHICAGO-:-WARD 03 PRECINCT 07-(CONG-01),0
CITY OF CHICAGO-:-WARD 03 PRECINCT 07-(CONG-07),0
CITY OF CHICAGO-:-WARD 03 PRECINCT 19-(CONG-01),14
CITY OF CHICAGO-:-WARD 03 PRECINCT 19-(CONG-07),14
CITY OF CHICAGO-:-WARD 03 PRECINCT 20-(CONG-01),0
CITY OF CHICAGO-:-WARD 03 PRECINCT 20-(CONG-07),0
CITY OF CHICAGO-:-WARD 03 PRECINCT 22-(CONG-01),0
CITY OF CHICAGO-:-WARD 03 PRECINCT 22-(CONG-07),0
CITY OF CHICAGO-:-WARD 04 PRECINCT 01-(CONG-01),0
CITY OF CHICAGO-:-WARD 04 PRECINCT 01-(CONG-02),0
CITY OF CHICAGO-:-WARD 04 PRECINCT 03-(CONG-01),0
CITY OF CHICAGO-:-WARD 04 PRECINCT 03-(CONG-02),0
CITY OF CHICAGO-:-WARD 04 PRECINCT 24-(CONG-01),0
CITY OF CHICAGO-:-WARD 04 PRECINCT 24-(CONG-07),0
CITY OF CHICAGO-:-WARD 05 PRECINCT 01-(CONG-01),0
CITY OF CHICAGO-:-WARD 05 PRECINCT 01-(CONG-02),0
CITY OF CHICAGO-:-WARD 05 PRECINCT 09-(CONG-01),0
CITY OF CHICAGO-:-WARD 05 PRECINCT 09-(CONG-02),0
CITY OF CHICAGO-:-WARD 05 PRECINCT 15-(CONG-01),0
CITY OF CHICAGO-:-WARD 05 PRECINCT 15-(CONG-02),0
CITY OF CHICAGO-:-WARD 07 PRECINCT 02-(CONG-01),0
CITY OF CHICAGO-:-WARD 07 PRECINCT 02-(CONG-02),0
CITY OF CHICAGO-:-WARD 07 PRECINCT 10-(CONG-01),0
CITY OF CHICAGO-:-WARD 07 PRECINCT 10-(CONG-02),0
CITY OF CHICAGO-:-WARD 07 PRECINCT 12-(CONG-01),0
CITY OF CHICAGO-:-WARD 07 PRECINCT 12-(CONG-02),0
CITY OF CHICAGO-:-WARD 07 PRECINCT 13-(CONG-01),0
CITY OF CHICAGO-:-WARD 07 PRECINCT 13-(CONG-02),0
CITY OF CHICAGO-:-WARD 07 PRECINCT 16-(CONG-01),0
CITY OF CHICAGO-:-WARD 07 PRECINCT 16-(CONG-02),0
CITY OF CHICAGO-:-WARD 07 PRECINCT 17-(CONG-01),0
CITY OF CHICAGO-:-WARD 07 PRECINCT 17-(CONG-02),0
CITY OF CHICAGO-:-WARD 09 PRECINCT 08-(CONG-01),0
CITY OF CHICAGO-:-WARD 09 PRECINCT 08-(CONG-02),0
CITY OF CHICAGO-:-WARD 14 PRECINCT 01-(CONG-04),14
CITY OF CHICAGO-:-WARD 14 PRECINCT 01-(CONG-07),14
CITY OF CHICAGO-:-WARD 15 PRECINCT 10-(CONG-04),0
CITY OF CHICAGO-:-WARD 15 PRECINCT 10-(CONG-07),0
CITY OF CHICAGO-:-WARD 16 PRECINCT 07-(CONG-04),0
CITY OF CHICAGO-:-WARD 16 PRECINCT 07-(CONG-07),0
CITY OF CHICAGO-:-WARD 16 PRECINCT 20-(CONG-01),0
CITY OF CHICAGO-:-WARD 16 PRECINCT 20-(CONG-07),0
CITY OF CHICAGO-:-WARD 16 PRECINCT 23-(CONG-04),0
CITY OF CHICAGO-:-WARD 16 PRECINCT 23-(CONG-07),0
CITY OF CHICAGO-:-WARD 17 PRECINCT 02-(CONG-01),0
CITY OF CHICAGO-:-WARD 17 PRECINCT 02-(CONG-07),0
CITY OF CHICAGO-:-WARD 17 PRECINCT 14-(CONG-01),0
CITY OF CHICAGO-:-WARD 17 PRECINCT 14-(CONG-07),0
CITY OF CHICAGO-:-WARD 18 PRECINCT 18-(CONG-01),14
CITY OF CHICAGO-:-WARD 18 PRECINCT 18-(CONG-04),14
CITY OF CHICAGO-:-WARD 19 PRECINCT 10-(CONG-01),0
CITY OF CHICAGO-:-WARD 19 PRECINCT 10-(CONG-06),0
CITY OF CHICAGO-:-WARD 19 PRECINCT 11-(CONG-01),0
CITY OF CHICAGO-:-WARD 19 PRECINCT 11-(CONG-06),0
CITY OF CHICAGO-:-WARD 19 PRECINCT 19-(CONG-01),0
CITY OF CHICAGO-:-WARD 19 PRECINCT 19-(CONG-06),0
CITY OF CHICAGO-:-WARD 19 PRECINCT 25-(CONG-01),0
CITY OF CHICAGO-:-WARD 19 PRECINCT 25-(CONG-06),0
CITY OF CHICAGO-:-WARD 19 PRECINCT 26-(CONG-01),0
CITY OF CHICAGO-:-WARD 19 PRECINCT 26-(CONG-06),0
CITY OF CHICAGO-:-WARD 19 PRECINCT 31-(CONG-01),0
CITY OF CHICAGO-:-WARD 19 PRECINCT 31-(CONG-06),0
CITY OF CHICAGO-:-WARD 19 PRECINCT 36-(CONG-01),0
CITY OF CHICAGO-:-WARD 19 PRECINCT 36-(CONG-06),0
CITY OF CHICAGO-:-WARD 20 PRECINCT 01-(CONG-04),14
CITY OF CHICAGO-:-WARD 20 PRECINCT 01-(CONG-07),14
CITY OF CHICAGO-:-WARD 20 PRECINCT 03-(CONG-04),14
CITY OF CHICAGO-:-WARD 20 PRECINCT 03-(CONG-07),14
CITY OF CHICAGO-:-WARD 20 PRECINCT 05-(CONG-04),14
CITY OF CHICAGO-:-WARD 20 PRECINCT 05-(CONG-07),0
CITY OF CHICAGO-:-WARD 20 PRECINCT 08-(CONG-01),0
CITY OF CHICAGO-:-WARD 20 PRECINCT 08-(CONG-07),0
CITY OF CHICAGO-:-WARD 20 PRECINCT 14-(CONG-01),0
CITY OF CHICAGO-:-WARD 20 PRECINCT 14-(CONG-07),0
CITY OF CHICAGO-:-WARD 22 PRECINCT 02-(CONG-04),14
CITY OF CHICAGO-:-WARD 22 PRECINCT 02-(CONG-07),0
CITY OF CHICAGO-:-WARD 24 PRECINCT 18-(CONG-04),14
CITY OF CHICAGO-:-WARD 24 PRECINCT 18-(CONG-07),0
CITY OF CHICAGO-:-WARD 25 PRECINCT 03-(CONG-04),0
CITY OF CHICAGO-:-WARD 25 PRECINCT 03-(CONG-07),14
CITY OF CHICAGO-:-WARD 25 PRECINCT 13-(CONG-04),0
CITY OF CHICAGO-:-WARD 25 PRECINCT 13-(CONG-07),14
CITY OF CHICAGO-:-WARD 26 PRECINCT 27-(CONG-03),0
CITY OF CHICAGO-:-WARD 26 PRECINCT 27-(CONG-07),0
CITY OF CHICAGO-:-WARD 27 PRECINCT 09-(CONG-05),13
CITY OF CHICAGO-:-WARD 27 PRECINCT 09-(CONG-07),13
CITY OF CHICAGO-:-WARD 27 PRECINCT 12-(CONG-05),13
CITY OF CHICAGO-:-WARD 27 PRECINCT 12-(CONG-07),13
CITY OF CHICAGO-:-WARD 27 PRECINCT 13-(CONG-05),13
CITY OF CHICAGO-:-WARD 27 PRECINCT 13-(CONG-07),13
CITY OF CHICAGO-:-WARD 27 PRECINCT 21-(CONG-05),13
CITY OF CHICAGO-:-WARD 27 PRECINCT 21-(CONG-07),13
CITY OF CHICAGO-:-WARD 28 PRECINCT 17-(CONG-04),0
CITY OF CHICAGO-:-WARD 28 PRECINCT 17-(CONG-07),0
CITY OF CHICAGO-:-WARD 29 PRECINCT 04-(CONG-03),0
CITY OF CHICAGO-:-WARD 29 PRECINCT 04-(CONG-07),0
CITY OF CHICAGO-:-WARD 29 PRECINCT 05-(CONG-03),0
CITY OF CHICAGO-:-WARD 29 PRECINCT 05-(CONG-07),0
CITY OF CHICAGO-:-WARD 30 PRECINCT 03-(CONG-03),13
CITY OF CHICAGO-:-WARD 30 PRECINCT 03-(CONG-05),13
CITY OF CHICAGO-:-WARD 30 PRECINCT 15-(CONG-03),13
CITY OF CHICAGO-:-WARD 30 PRECINCT 15-(CONG-05),13
CITY OF CHICAGO-:-WARD 30 PRECINCT 22-(CONG-03),13
CITY OF CHICAGO-:-WARD 30 PRECINCT 22-(CONG-05),13
CITY OF CHICAGO-:-WARD 30 PRECINCT 23-(CONG-03),13
CITY OF CHICAGO-:-WARD 30 PRECINCT 23-(CONG-05),13
CITY OF CHICAGO-:-WARD 32 PRECINCT 19-(CONG-03),13
CITY OF CHICAGO-:-WARD 32 PRECINCT 19-(CONG-05),13
CITY OF CHICAGO-:-WARD 33 PRECINCT 16-(CONG-03),13
CITY OF CHICAGO-:-WARD 33 PRECINCT 16-(CONG-05),13
CITY OF CHICAGO-:-WARD 35 PRECINCT 22-(CONG-03),13
CITY OF CHICAGO-:-WARD 35 PRECINCT 22-(CONG-05),13
CITY OF CHICAGO-:-WARD 37 PRECINCT 16-(CONG-03),0
CITY OF CHICAGO-:-WARD 37 PRECINCT 16-(CONG-07),0
CITY OF CHICAGO-:-WARD 38 PRECINCT 06-(CONG-03),16
CITY OF CHICAGO-:-WARD 38 PRECINCT 06-(CONG-05),16
CITY OF CHICAGO-:-WARD 38 PRECINCT 11-(CONG-03),13
CITY OF CHICAGO-:-WARD 38 PRECINCT 11-(CONG-05),13
CITY OF CHICAGO-:-WARD 38 PRECINCT 17-(CONG-03),13
CITY OF CHICAGO-:-WARD 38 PRECINCT 17-(CONG-05),13
CITY OF CHICAGO-:-WARD 38 PRECINCT 24-(CONG-03),13
CITY OF CHICAGO-:-WARD 38 PRECINCT 24-(CONG-05),13
CITY OF CHICAGO-:-WARD 39 PRECINCT 28-(CONG-03),13
CITY OF CHICAGO-:-WARD 39 PRECINCT 28-(CONG-05),13
CITY OF CHICAGO-:-WARD 40 PRECINCT 04-(CONG-05),13
CITY OF CHICAGO-:-WARD 40 PRECINCT 04-(CONG-09),13
CITY OF CHICAGO-:-WARD 40 PRECINCT 19-(CONG-05),13
CITY OF CHICAGO-:-WARD 40 PRECINCT 19-(CONG-09),13
CITY OF CHICAGO-:-WARD 40 PRECINCT 23-(CONG-03),13
CITY OF CHICAGO-:-WARD 40 PRECINCT 23-(CONG-05),13
CITY OF CHICAGO-:-WARD 41 PRECINCT 28-(CONG-05),13
CITY OF CHICAGO-:-WARD 41 PRECINCT 28-(CONG-09),13
CITY OF CHICAGO-:-WARD 42 PRECINCT 09-(CONG-05),0
CITY OF CHICAGO-:-WARD 42 PRECINCT 09-(CONG-07),0
CITY OF CHICAGO-:-WARD 42 PRECINCT 22-(CONG-05),13
CITY OF CHICAGO-:-WARD 42 PRECINCT 22-(CONG-07),13
CITY OF CHICAGO-:-WARD 43 PRECINCT 15-(CONG-05),13
CITY OF CHICAGO-:-WARD 43 PRECINCT 15-(CONG-07),13
CITY OF CHICAGO-:-WARD 45 PRECINCT 24-(CONG-03),13
CITY OF CHICAGO-:-WARD 45 PRECINCT 24-(CONG-05),13
CITY OF CHICAGO-:-WARD 45 PRECINCT 27-(CONG-03),13
CITY OF CHICAGO-:-WARD 45 PRECINCT 27-(CONG-05),13
CITY OF CHICAGO-:-WARD 45 PRECINCT 29-(CONG-03),13
CITY OF CHICAGO-:-WARD 45 PRECINCT 29-(CONG-05),13
CITY OF CHICAGO-:-WARD 46 PRECINCT 07-(CONG-05),13
CITY OF CHICAGO-:-WARD 46 PRECINCT 07-(CONG-09),13
CITY OF CHICAGO-:-WARD 46 PRECINCT 08-(CONG-05),13
CITY OF CHICAGO-:-WARD 46 PRECINCT 08-(CONG-09),13
CITY OF CHICAGO-:-WARD 46 PRECINCT 10-(CONG-05),13
CITY OF CHICAGO-:-WARD 46 PRECINCT 10-(CONG-09),13
CITY OF CHICAGO-:-WARD 47 PRECINCT 02-(CONG-05),13
CITY OF CHICAGO-:-WARD 47 PRECINCT 02-(CONG-09),13
CITY OF CHICAGO-:-WARD 47 PRECINCT 03-(CONG-05),13
CITY OF CHICAGO-:-WARD 47 PRECINCT 03-(CONG-09),13
CITY OF CHICAGO-:-WARD 47 PRECINCT 28-(CONG-03),13
CITY OF CHICAGO-:-WARD 47 PRECINCT 28-(CONG-05),13
CITY OF CHICAGO-:-WARD 50 PRECINCT 24-(CONG-05),13
CITY OF CHICAGO-:-WARD 50 PRECINCT 24-(CONG-09),13
CITY OF ROCKFORD-:-WARD 1 PRECINCT 2-(CONG-16),1
CITY OF ROCKFORD-:-WARD 1 PRECINCT 2-(CONG-17),1
CITY OF ROCKFORD-:-WARD 1 PRECINCT 5-(CONG-16),1
CITY OF ROCKFORD-:-WARD 1 PRECINCT 5-(CONG-17),1
CITY OF ROCKFORD-:-WARD 12 PRECINCT 2-(CONG-16),1
CITY OF ROCKFORD-:-WARD 12 PRECINCT 2-(CONG-17),1
CITY OF ROCKFORD-:-WARD 12 PRECINCT 5-(CONG-16),1
CITY OF ROCKFORD-:-WARD 12 PRECINCT 5-(CONG-17),1
CITY OF ROCKFORD-:-WARD 4 PRECINCT 1-(CONG-16),1
CITY OF ROCKFORD-:-WARD 4 PRECINCT 1-(CONG-17),1
CITY OF ROCKFORD-:-WARD 4 PRECINCT 4-(CONG-16),1
CITY OF ROCKFORD-:-WARD 4 PRECINCT 4-(CONG-17),1
CITY OF ROCKFORD-:-WARD 4 PRECINCT 8-(CONG-16),1
CITY OF ROCKFORD-:-WARD 4 PRECINCT 8-(CONG-17),1
CITY OF ROCKFORD-:-WARD 5 PRECINCT 3-(CONG-16),1
CITY OF ROCKFORD-:-WARD 5 PRECINCT 3-(CONG-17),1
CITY OF ROCKFORD-:-WARD 6 PRECINCT 1-(CONG-16),1
CITY OF ROCKFORD-:-WARD 6 PRECINCT 1-(CONG-17),1
CITY OF ROCKFORD-:-WARD 6 PRECINCT 3-(CONG-16),1
CITY OF ROCKFORD-:-WARD 6 PRECINCT 3-(CONG-17),1
CITY OF ROCKFORD-:-WARD 7 PRECINCT 4-(CONG-16),1
CITY OF ROCKFORD-:-WARD 7 PRECINCT 4-(CONG-17),1
CITY OF ROCKFORD-:-WARD 9 PRECINCT 3-(CONG-16),1
CITY OF ROCKFORD-:-WARD 9 PRECINCT 3-(CONG-17),1
COOK-:-7000004-(CONG-05),2
COOK-:-7000004-(CONG-08),2
COOK-:-7000008-(CONG-05),2
COOK-:-7000008-(CONG-08),2
COOK-:-7200003-(CONG-01),12
COOK-:-7200003-(CONG-02),12
COOK-:-7200007-(CONG-01),12
COOK-:-7200007-(CONG-02),12
COOK-:-7200012-(CONG-01),12
COOK-:-7200012-(CONG-02),12
COOK-:-7200021-(CONG-01),12
COOK-:-7200021-(CONG-02),12
COOK-:-7200030-(CONG-01),12
COOK-:-7200030-(CONG-06),12
COOK-:-7200045-(CONG-01),12
COOK-:-7200045-(CONG-02),12
COOK-:-7300001-(CONG-01),12
COOK-:-7300001-(CONG-02),12
COOK-:-7300002-(CONG-01),12
COOK-:-7300002-(CONG-02),12
COOK-:-7400014-(CONG-05),3
COOK-:-7400014-(CONG-08),3
COOK-:-7400016-(CONG-05),2
COOK-:-7400016-(CONG-08),3
COOK-:-7400017-(CONG-03),2
COOK-:-7400017-(CONG-08),2
COOK-:-7400023-(CONG-05),3
COOK-:-7400023-(CONG-08),2
COOK-:-7400027-(CONG-05),3
COOK-:-7400027-(CONG-08),3
COOK-:-7400044-(CONG-05),3
COOK-:-7400044-(CONG-08),3
COOK-:-7600004-(CONG-03),2
COOK-:-7600004-(CONG-08),2
COOK-:-7600015-(CONG-03),2
COOK-:-7600015-(CONG-08),2
COOK-:-7700013-(CONG-01),12
COOK-:-7700013-(CONG-11),12
COOK-:-7800026-(CONG-03),12
COOK-:-7800026-(CONG-07),12
COOK-:-7800042-(CONG-05),16
COOK-:-7800042-(CONG-08),16
COOK-:-7900010-(CONG-04),12
COOK-:-7900010-(CONG-06),12
COOK-:-7900012-(CONG-04),12
COOK-:-7900012-(CONG-06),12
COOK-:-7900026-(CONG-04),12
COOK-:-7900026-(CONG-06),12
COOK-:-7900040-(CONG-04),12
COOK-:-7900040-(CONG-06),12
COOK-:-7900043-(CONG-04),12
COOK-:-7900043-(CONG-06),12
COOK-:-7900047-(CONG-04),12
COOK-:-7900047-(CONG-06),12
COOK-:-7900050-(CONG-04),12
COOK-:-7900050-(CONG-06),12
COOK-:-8000004-(CONG-05),3
COOK-:-8000004-(CONG-08),2
COOK-:-8000012-(CONG-05),3
COOK-:-8000012-(CONG-08),2
COOK-:-8000016-(CONG-05),3
COOK-:-8000016-(CONG-08),3
COOK-:-8000017-(CONG-05),3
COOK-:-8000017-(CONG-08),3
COOK-:-8000018-(CONG-05),3
COOK-:-8000018-(CONG-08),3
COOK-:-8000020-(CONG-05),3
COOK-:-8000020-(CONG-09),3
COOK-:-8000035-(CONG-05),3
COOK-:-8000035-(CONG-08),2
COOK-:-8000069-(CONG-05),3
COOK-:-8000069-(CONG-09),3
COOK-:-8100018-(CONG-09),2
COOK-:-8100018-(CONG-10),2
COOK-:-8100027-(CONG-09),2
COOK-:-8100027-(CONG-10),2
COOK-:-8100031-(CONG-09),2
COOK-:-8100031-(CONG-10),2
COOK-:-8100032-(CONG-09),2
COOK-:-8100032-(CONG-10),2
COOK-:-8200001-(CONG-05),3
COOK-:-8200001-(CONG-09),3
COOK-:-8200026-(CONG-05),2
COOK-:-8200026-(CONG-09),2
COOK-:-8300008-(CONG-09),2
COOK-:-8300008-(CONG-10),2
COOK-:-8300033-(CONG-05),2
COOK-:-8300033-(CONG-09),2
COOK-:-8300043-(CONG-09),2
COOK-:-8300043-(CONG-10),2
COOK-:-8500030-(CONG-04),12
COOK-:-8500030-(CONG-07),12
COOK-:-8600015-(CONG-01),12
COOK-:-8600015-(CONG-06),12
COOK-:-8700002-(CONG-05),2
COOK-:-8700002-(CONG-08),2
COOK-:-8700018-(CONG-05),2
COOK-:-8700018-(CONG-08),2
COOK-:-8700027-(CONG-05),2
COOK-:-8700027-(CONG-08),2
COOK-:-8700035-(CONG-05),2
COOK-:-8700035-(CONG-08),2
COOK-:-8700038-(CONG-05),2
COOK-:-8700047-(CONG-05),2
COOK-:-8700047-(CONG-08),2
COOK-:-8700059-(CONG-05),2
COOK-:-8700059-(CONG-08),2
COOK-:-8900023-(CONG-04),12
COOK-:-8900023-(CONG-06),12
COOK-:-8900025-(CONG-04),12
COOK-:-8900025-(CONG-07),12
COOK-:-8900030-(CONG-04),12
COOK-:-8900030-(CONG-07),12
COOK-:-8900071-(CONG-04),12
COOK-:-8900071-(CONG-07),12
COOK-:-9400012-(CONG-04),12
COOK-:-9400012-(CONG-06),12
COOK-:-9500049-(CONG-01),12
COOK-:-9500049-(CONG-02),12
COOK-:-9600011-(CONG-05),3
COOK-:-9600011-(CONG-09),3
COOK-:-9600021-(CONG-05),3
COOK-:-9600021-(CONG-09),3
COOK-:-9600040-(CONG-05),3
COOK-:-9600040-(CONG-09),3
COOK-:-9600046-(CONG-05),3
COOK-:-9600046-(CONG-09),3
COOK-:-9600047-(CONG-09),3
COOK-:-9600047-(CONG-10),3
COOK-:-9600048-(CONG-09),3
COOK-:-9600048-(CONG-10),2
COOK-:-9600054-(CONG-09),3
COOK-:-9600054-(CONG-10),3
COOK-:-9600060-(CONG-05),3
COOK-:-9600060-(CONG-09),3
COOK-:-9600063-(CONG-05),3
COOK-:-9600063-(CONG-09),3
COOK-:-9600068-(CONG-05),2
COOK-:-9600068-(CONG-09),2
COOK-:-9700001-(CONG-04),12
COOK-:-9700001-(CONG-06),12
COOK-:-9700024-(CONG-01),12
COOK-:-9700024-(CONG-02),12
COOK-:-9700043-(CONG-01),12
COOK-:-9700043-(CONG-06),12
COOK-:-9700058-(CONG-04),12
COOK-:-9700058-(CONG-06),12
COOK-:-9700073-(CONG-01),12
COOK-:-9700073-(CONG-06),12
DEKALB-:-MAYFIELD 1-(CONG-14),10
DEKALB-:-MAYFIELD 1-(CONG-16),10
DEKALB-:-SYCAMORE 7-(CONG-11),16
DEKALB-:-SYCAMORE 7-(CONG-14),16
DEKALB-:-SYCAMORE 9-(CONG-11),10
DEKALB-:-SYCAMORE 9-(CONG-14),10
HENRY-:-COLONA 1-(CONG-16),1
HENRY-:-COLONA 1-(CONG-17),1
KANKAKEE-:-BOURBONNAIS 10-(CONG-01),9
KANKAKEE-:-BOURBONNAIS 10-(CONG-02),9
KANKAKEE-:-BOURBONNAIS 11-(CONG-01),9
KANKAKEE-:-BOURBONNAIS 11-(CONG-02),9
KANKAKEE-:-BOURBONNAIS 13-(CONG-01),9
KANKAKEE-:-BOURBONNAIS 13-(CONG-02),9
KANKAKEE-:-BOURBONNAIS 14-(CONG-01),9
KANKAKEE-:-BOURBONNAIS 14-(CONG-02),9
KANKAKEE-:-BOURBONNAIS 17-(CONG-01),9
KANKAKEE-:-BOURBONNAIS 17-(CONG-02),9
KANKAKEE-:-BOURBONNAIS 5-(CONG-01),9
KANKAKEE-:-BOURBONNAIS 5-(CONG-02),9
KANKAKEE-:-MANTENO 4-(CONG-01),9
KANKAKEE-:-MANTENO 4-(CONG-02),9
LAKE-:-WAUCONDA 344-(CONG-09),8
LAKE-:-WAUCONDA 344-(CONG-11),8
LAKE-:-WAUCONDA 350-(CONG-09),8
LAKE-:-WAUCONDA 350-(CONG-11),8
LASALLE-:-DEER PARK-(CONG-14),6
LASALLE-:-DEER PARK-(CONG-16),9
LASALLE-:-EDEN 1-(CONG-14),6
LASALLE-:-EDEN 1-(CONG-16),6
LASALLE-:-FALL RIVER-(CONG-14),6
LASALLE-:-FALL RIVER-(CONG-16),9
LASALLE-:-FARM RIDGE-(CONG-14),6
LASALLE-:-FARM RIDGE-(CONG-16),9
LIVINGSTON-:-ESMEN-(CONG-02),6
LIVINGSTON-:-ESMEN-(CONG-16),6
LIVINGSTON-:-PONTIAC 10-(CONG-02),6
LIVINGSTON-:-PONTIAC 10-(CONG-16),6
LIVINGSTON-:-PONTIAC 9-(CONG-02),6
LIVINGSTON-:-PONTIAC 9-(CONG-16),6
MACON-:-DECATUR 16-(CONG-13),16
MACON-:-DECATUR 16-(CONG-15),16
MACON-:-DECATUR 19-(CONG-13),16
MACON-:-DECATUR 19-(CONG-15),16
MACON-:-DECATUR 27-(CONG-13),16
MACON-:-DECATUR 27-(CONG-15),16
MACON-:-DECATUR 28-(CONG-13),16
MACON-:-DECATUR 28-(CONG-15),16
MACON-:-DECATUR 7-(CONG-13),16
MACON-:-DECATUR 7-(CONG-15),16
MACON-:-DECATUR 8-(CONG-13),16
MACON-:-DECATUR 8-(CONG-15),16
MACON-:-DECATUR 9-(CONG-13),16
MACON-:-DECATUR 9-(CONG-15),16
MACON-:-HARRISTOWN-(CONG-13),16
MACON-:-HARRISTOWN-(CONG-15),16
MACON-:-HICKORY PT. 2-(CONG-13),16
MACON-:-HICKORY PT. 2-(CONG-15),16
MACON-:-HICKORY PT. 3-(CONG-13),16
MACON-:-HICKORY PT. 3-(CONG-15),16
MACON-:-LONG CREEK 4-(CONG-13),16
MACON-:-LONG CREEK 4-(CONG-15),16
MACON-:-OAKLEY-(CONG-13),16
MACON-:-OAKLEY-(CONG-15),16
MADISON-:-ALTON 01-(CONG-13),4
MADISON-:-ALTON 01-(CONG-15),4
MADISON-:-ALTON 03-(CONG-13),4
MADISON-:-ALTON 03-(CONG-15),4
MADISON-:-ALTON 05-(CONG-13),4
MADISON-:-ALTON 05-(CONG-15),4
MADISON-:-COLLINSVILLE 01-(CONG-13),4
MADISON-:-COLLINSVILLE 01-(CONG-15),4
MADISON-:-COLLINSVILLE 20-(CONG-13),4
MADISON-:-COLLINSVILLE 20-(CONG-15),4
MADISON-:-FOSTER 02-(CONG-13),4
MADISON-:-FOSTER 02-(CONG-15),4
MADISON-:-FT. RUSSELL 07-(CONG-13),4
MADISON-:-FT. RUSSELL 07-(CONG-15),4
MADISON-:-MORO 02-(CONG-13),4
MADISON-:-MORO 02-(CONG-15),4
MCHENRY-:-GREENWOOD GRE 06-(CONG-10),8
MCHENRY-:-GREENWOOD GRE 06-(CONG-11),8
MCHENRY-:-HARTLAND HAR 01-(CONG-11),8
MCHENRY-:-HARTLAND HAR 01-(CONG-16),8
MCHENRY-:-HARTLAND HAR 02-(CONG-11),8
MCHENRY-:-HARTLAND HAR 02-(CONG-16),8
MCHENRY-:-MCHENRY MCH 07-(CONG-10),8
MCHENRY-:-MCHENRY MCH 07-(CONG-11),8
MCLEAN-:-ALLIN 01-(CONG-16),16
MCLEAN-:-ALLIN 01-(CONG-17),16
MCLEAN-:-BLOOMINGTON 01-(CONG-16),16
MCLEAN-:-BLOOMINGTON 01-(CONG-17),16
MCLEAN-:-BLOOMINGTON 02-(CONG-16),16
MCLEAN-:-BLOOMINGTON 02-(CONG-17),16
MCLEAN-:-DALE 01-(CONG-16),16
MCLEAN-:-DALE 01-(CONG-17),16
MCLEAN-:-NORMAL 31-(CONG-16),16
MCLEAN-:-NORMAL 31-(CONG-17),16
PUTNAM-:-HENNEPIN 1-(CONG-14),6
PUTNAM-:-HENNEPIN 1-(CONG-16),6
PUTNAM-:-MAGNOLIA 2-(CONG-14),6
PUTNAM-:-MAGNOLIA 2-(CONG-16),6
SANGAMON-:-CAPITAL 012-(CONG-13),5
SANGAMON-:-CAPITAL 012-(CONG-15),5
SANGAMON-:-CAPITAL 016-(CONG-13),5
SANGAMON-:-CAPITAL 016-(CONG-15),5
SANGAMON-:-CAPITAL 020-(CONG-13),5
SANGAMON-:-CAPITAL 020-(CONG-15),5
SANGAMON-:-CAPITAL 025-(CONG-13),5
SANGAMON-:-CAPITAL 025-(CONG-15),5
SANGAMON-:-CAPITAL 029-(CONG-13),5
SANGAMON-:-CAPITAL 029-(CONG-15),5
SANGAMON-:-CAPITAL 080-(CONG-13),5
SANGAMON-:-CAPITAL 080-(CONG-15),5
SANGAMON-:-CAPITAL 081-(CONG-13),5
SANGAMON-:-CAPITAL 081-(CONG-15),5
SANGAMON-:-CURRAN 001-(CONG-13),5
SANGAMON-:-CURRAN 001-(CONG-15),5
SANGAMON-:-GARDNER 004-(CONG-13),5
SANGAMON-:-GARDNER 004-(CONG-15),5
SANGAMON-:-SPRINGFIELD 001-(CONG-13),5
SANGAMON-:-SPRINGFIELD 001-(CONG-15),5
ST. CLAIR-:-BELLEVILLE 20-(CONG-12),11
ST. CLAIR-:-BELLEVILLE 20-(CONG-13),11
ST. CLAIR-:-BELLEVILLE 22-(CONG-12),11
ST. CLAIR-:-BELLEVILLE 22-(CONG-13),11
ST. CLAIR-:-CASEYVILLE 1-(CONG-12),11
ST. CLAIR-:-CASEYVILLE 1-(CONG-13),11
ST. CLAIR-:-CASEYVILLE 10-(CONG-12),11
ST. CLAIR-:-CASEYVILLE 10-(CONG-13),11
ST. CLAIR-:-CASEYVILLE 12-(CONG-12),11
ST. CLAIR-:-CASEYVILLE 12-(CONG-13),11
ST. CLAIR-:-CENTREVILLE 10-(CONG-12),11
ST. CLAIR-:-CENTREVILLE 10-(CONG-13),11
ST. CLAIR-:-CENTREVILLE 8-(CONG-12),11
ST. CLAIR-:-CENTREVILLE 8-(CONG-13),11
ST. CLAIR-:-O FALLON 2-(CONG-12),11
ST. CLAIR-:-O FALLON 2-(CONG-13),11
ST. CLAIR-:-ST CLAIR 10-(CONG-12),11
ST. CLAIR-:-ST CLAIR 10-(CONG-13),11
ST. CLAIR-:-STOOKEY 2-(CONG-12),11
ST. CLAIR-:-STOOKEY 2-(CONG-13),11
ST. CLAIR-:-STOOKEY 5-(CONG-12),11
ST. CLAIR-:-STOOKEY 5-(CONG-13),11
TAZEWELL-:-CINCINNATI 1-(CONG-16),16
TAZEWELL-:-CINCINNATI 1-(CONG-17),16
TAZEWELL-:-CINCINNATI 3-(CONG-16),16
TAZEWELL-:-CINCINNATI 3-(CONG-17),16
TAZEWELL-:-HOPEDALE 1-(CONG-16),16
TAZEWELL-:-HOPEDALE 1-(CONG-17),16
TAZEWELL-:-LT MACKINAW 1-(CONG-16),16
TAZEWELL-:-LT MACKINAW 1-(CONG-17),16
TAZEWELL-:-PEKIN 13-(CONG-16),16
TAZEWELL-:-PEKIN 13-(CONG-17),16
VERMILION-:-CATLIN 2-(CONG-02),6
VERMILION-:-CATLIN 2-(CONG-15),6
VERMILION-:-GEORGETOWN 5-(CONG-02),6
VERMILION-:-GEORGETOWN 5-(CONG-15),6
VERMILION-:-GEORGETOWN 7-(CONG-02),6
VERMILION-:-GEORGETOWN 7-(CONG-15),6
VERMILION-:-MCKENDREE-(CONG-02),6
VERMILION-:-MCKENDREE-(CONG-15),6
VERMILION-:-OAKWOOD 2-(CONG-02),6
VERMILION-:-OAKWOOD 2-(CONG-15),6
VERMILION-:-VANCE-(CONG-02),6
VERMILION-:-VANCE-(CONG-15),6
WINNEBAGO-:-CHERRY VALLEY 2-(CONG-16),1
WINNEBAGO-:-CHERRY VALLEY 2-(CONG-17),1
WINNEBAGO-:-CHERRY VALLEY 3-(CONG-16),1
WINNEBAGO-:-CHERRY VALLEY 3-(CONG-17),16
WINNEBAGO-:-CHERRY VALLEY 6-(CONG-16),1
WINNEBAGO-:-CHERRY VALLEY 6-(CONG-17),1
WINNEBAGO-:-HARLEM 1-(CONG-16),1
WINNEBAGO-:-HARLEM 1-(CONG-17),1
WINNEBAGO-:-HARLEM 23-(CONG-16),1
WINNEBAGO-:-HARLEM 23-(CONG-17),1
WINNEBAGO-:-ROCKFORD 1-(CONG-16),1
WINNEBAGO-:-ROCKFORD 1-(CONG-17),1
WINNEBAGO-:-ROCKFORD 15-(CONG-16),16
WINNEBAGO-:-ROCKFORD 15-(CONG-17),1
WINNEBAGO-:-ROCKFORD 2-(CONG-16),1
WINNEBAGO-:-ROCKFORD 2-(CONG-17),1
WINNEBAGO-:-ROCKFORD 25-(CONG-16),1
WINNEBAGO-:-ROCKFORD 25-(CONG-17),1
WINNEBAGO-:-ROCKFORD 27-(CONG-16),1
WINNEBAGO-:-ROCKFORD 27-(CONG-17),1
WINNEBAGO-:-ROCKFORD 31-(CONG-16),1
WINNEBAGO-:-ROCKFORD 31-(CONG-17),1
WINNEBAGO-:-ROCKFORD 32-(CONG-16),1
WINNEBAGO-:-ROCKFORD 32-(CONG-17),1
WINNEBAGO-:-ROCKFORD 33-(CONG-16),1
WINNEBAGO-:-ROCKFORD 33-(CONG-17),1
WINNEBAGO-:-ROCKFORD 51-(CONG-16),1
WINNEBAGO-:-ROCKFORD 51-(CONG-17),1
WINNEBAGO-:-ROCKFORD 52-(CONG-16),1
WINNEBAGO-:-ROCKFORD 52-(CONG-17),1
WINNEBAGO-:-ROCKFORD 9-(CONG-16),1
WINNEBAGO-:-ROCKFORD 9-(CONG-17),1
WINNEBAGO-:-WINNEBAGO 1-(CONG-16),1
WINNEBAGO-:-WINNEBAGO 1-(CONG-17),1
WINNEBAGO-:-WINNEBAGO 2-(CONG-16),1
WINNEBAGO-:-WINNEBAGO 2-(CONG-17),1
ADAMS-:-BEVERLY PCT 1,10
ADAMS-:-BURTON PCT 1,10
ADAMS-:-CAMP POINT PCT 1,10
ADAMS-:-CAMP POINT PCT 2,10
ADAMS-:-CLAYTON PCT 1,10
ADAMS-:-COLUMBUS PCT 1,10
ADAMS-:-CONCORD PCT 1,10
ADAMS-:-ELLINGTON PCT 1,10
ADAMS-:-ELLINGTON PCT 2,10
ADAMS-:-ELLINGTON PCT 3,10
ADAMS-:-FALL CREEK PCT 1,10
ADAMS-:-GILMER PCT 1,10
ADAMS-:-HONEY CREEK PCT 1,10
ADAMS-:-HOUSTON PCT 1,10
ADAMS-:-KEENE PCT 1,10
ADAMS-:-LIBERTY PCT 1,10
ADAMS-:-LIMA PCT 1,10
ADAMS-:-MCKEE PCT 1,10
ADAMS-:-MELROSE PCT 1,10
ADAMS-:-MELROSE PCT 2,10
ADAMS-:-MELROSE PCT 3,10
ADAMS-:-MELROSE PCT 4,10
ADAMS-:-MELROSE PCT 5,10
ADAMS-:-MELROSE PCT 6,10
ADAMS-:-MENDON PCT 1,10
ADAMS-:-MENDON PCT 2,10
ADAMS-:-NORTHEAST PCT 1,10
ADAMS-:-PAYSON PCT 1,10
ADAMS-:-PAYSON PCT 2,10
ADAMS-:-QUINCY PCT 1,10
ADAMS-:-QUINCY PCT 10,10
ADAMS-:-QUINCY PCT 11,10
ADAMS-:-QUINCY PCT 12,10
ADAMS-:-QUINCY PCT 13,10
ADAMS-:-QUINCY PCT 14,10
ADAMS-:-QUINCY PCT 15,10
ADAMS-:-QUINCY PCT 16,10
ADAMS-:-QUINCY PCT 17,10
ADAMS-:-QUINCY PCT 18,10
ADAMS-:-QUINCY PCT 19,10
ADAMS-:-QUINCY PCT 2,10
ADAMS-:-QUINCY PCT 20,10
ADAMS-:-QUINCY PCT 21,10
ADAMS-:-QUINCY PCT 22,10
ADAMS-:-QUINCY PCT 23,10
ADAMS-:-QUINCY PCT 24,10
ADAMS-:-QUINCY PCT 25,10
ADAMS-:-QUINCY PCT 26,10
ADAMS-:-QUINCY PCT 27,10
ADAMS-:-QUINCY PCT 28,10
ADAMS-:-QUINCY PCT 29,10
ADAMS-:-QUINCY PCT 3,10
ADAMS-:-QUINCY PCT 30,10
ADAMS-:-QUINCY PCT 31,10
ADAMS-:-QUINCY PCT 32,10
ADAMS-:-QUINCY PCT 33,10
ADAMS-:-QUINCY PCT 34,10
ADAMS-:-QUINCY PCT 35,10
ADAMS-:-QUINCY PCT 36,10
ADAMS-:-QUINCY PCT 37,10
ADAMS-:-QUINCY PCT 38,10
ADAMS-:-QUINCY PCT 39,10
ADAMS-:-QUINCY PCT 4,10
ADAMS-:-QUINCY PCT 40,10
ADAMS-:-QUINCY PCT 5,10
ADAMS-:-QUINCY PCT 6,10
ADAMS-:-QUINCY PCT 7,10
ADAMS-:-QUINCY PCT 8,10
ADAMS-:-QUINCY PCT 9,10
ADAMS-:-RICHFIELD PCT 1,10
ADAMS-:-RIVERSIDE PCT 1,10
ADAMS-:-RIVERSIDE PCT 2,10
ADAMS-:-RIVERSIDE PCT 3,10
ADAMS-:-URSA PCT 1,10
ALEXANDER-:-CACHE,4
ALEXANDER-:-CAIRO 1,4
ALEXANDER-:-CAIRO 2,4
ALEXANDER-:-CAIRO 3,4
ALEXANDER-:-CAIRO 4,4
ALEXANDER-:-CAIRO 5,4
ALEXANDER-:-MCCLURE,4
ALEXANDER-:-OLIVE BRANCH,4
ALEXANDER-:-SANDUSKY,4
ALEXANDER-:-TAMMS,4
ALEXANDER-:-THEBES,4
BOND-:-BURGESS 1,4
BOND-:-BURGESS 2,4
BOND-:-BURGESS 3,4
BOND-:-CENTRAL 1,4
BOND-:-CENTRAL 1-A,4
BOND-:-CENTRAL 2,4
BOND-:-CENTRAL 3,4
BOND-:-CENTRAL 4,4
BOND-:-CENTRAL 6,4
BOND-:-CENTRAL 7,4
BOND-:-LAGRANGE,4
BOND-:-MILLS,4
BOND-:-MULBERRY GROVE 1,4
BOND-:-MULBERRY GROVE 2,4
BOND-:-OLD RIPLEY,4
BOND-:-PLEASANT MOUND 1,4
BOND-:-PLEASANT MOUND 2,4
BOND-:-SHOAL CREEK 1,4
BOND-:-SHOAL CREEK 2,4
BOND-:-TAMALCO,4
BOONE-:-BELVIDERE 1,1
BOONE-:-BELVIDERE 10,10
BOONE-:-BELVIDERE 11,1
BOONE-:-BELVIDERE 12,1
BOONE-:-BELVIDERE 13,1
BOONE-:-BELVIDERE 14,1
BOONE-:-BELVIDERE 15,1
BOONE-:-BELVIDERE 16,1
BOONE-:-BELVIDERE 17,1
BOONE-:-BELVIDERE 18,1
BOONE-:-BELVIDERE 2,1
BOONE-:-BELVIDERE 3,1
BOONE-:-BELVIDERE 4,1
BOONE-:-BELVIDERE 5,1
BOONE-:-BELVIDERE 6,1
BOONE-:-BELVIDERE 7,1
BOONE-:-BELVIDERE 8,1
BOONE-:-BELVIDERE 9,1
BOONE-:-BONUS 1,1
BOONE-:-BONUS 2,10
BOONE-:-BOONE 1,1
BOONE-:-CALEDONIA 1,1
BOONE-:-CALEDONIA 2,1
BOONE-:-CALEDONIA 3,1
BOONE-:-CALEDONIA 4,1
BOONE-:-CALEDONIA 5,1
BOONE-:-FLORA 2,1
BOONE-:-FLORA 3,1
BOONE-:-LE ROY,1
BOONE-:-MANCHESTER,1
BOONE-:-POPLAR GROVE 1,1
BOONE-:-POPLAR GROVE 2,1
BOONE-:-POPLAR GROVE 3,1
BOONE-:-POPLAR GROVE 4,1
BOONE-:-POPLAR GROVE 5,1
BOONE-:-SPRING,1
BROWN-:-BUCKHORN,10
BROWN-:-COOPERSTOWN,10
BROWN-:-ELKHORN,10
BROWN-:-LEE,10
BROWN-:-MISSOURI,10
BROWN-:-MT. STERLING 1,10
BROWN-:-MT. STERLING 2,10
BROWN-:-MT. STERLING 3,10
BROWN-:-MT. STERLING 4,10
BROWN-:-MT. STERLING 5,10
BROWN-:-PEA RIDGE,10
BROWN-:-RIPLEY,10
BROWN-:-VERSAILLES 1,10
BROWN-:-VERSAILLES 2,10
BUREAU-:-BERLIN,6
BUREAU-:-BUREAU,6
BUREAU-:-CLARION,6
BUREAU-:-CONCORD 1,6
BUREAU-:-CONCORD 2,6
BUREAU-:-DOVER,6
BUREAU-:-FAIRFIELD,1
BUREAU-:-GOLD,1
BUREAU-:-GREENVILLE,1
BUREAU-:-HALL 1,6
BUREAU-:-HALL 10,6
BUREAU-:-HALL 2,6
BUREAU-:-HALL 3,6
BUREAU-:-HALL 4,6
BUREAU-:-HALL 5,6
BUREAU-:-HALL 6,6
BUREAU-:-HALL 7,6
BUREAU-:-HALL 8,6
BUREAU-:-HALL 9,6
BUREAU-:-INDIANTOWN,6
BUREAU-:-LA MOILLE 1,6
BUREAU-:-LA MOILLE 2,6
BUREAU-:-LEEPERTOWN,6
BUREAU-:-MACON,6
BUREAU-:-MANLIUS,6
BUREAU-:-MILO,6
BUREAU-:-MINERAL,6
BUREAU-:-NEPONSET,6
BUREAU-:-OHIO 1,6
BUREAU-:-OHIO 2,6
BUREAU-:-PRINCETON 1,6
BUREAU-:-PRINCETON 2,6
BUREAU-:-PRINCETON 3,6
BUREAU-:-PRINCETON 4,6
BUREAU-:-PRINCETON 5,6
BUREAU-:-PRINCETON 7,6
BUREAU-:-PRINCETON 8,6
BUREAU-:-PRINCETON 9,6
BUREAU-:-SELBY 1,6
BUREAU-:-SELBY 3,6
BUREAU-:-WALNUT 1,6
BUREAU-:-WALNUT 2,6
BUREAU-:-WESTFIELD 1,6
BUREAU-:-WESTFIELD 2,6
BUREAU-:-WHEATLAND,6
BUREAU-:-WYANET 1,6
BUREAU-:-WYANET 2,6
CALHOUN-:-BELLEVIEW-HAMBURG,10
CALHOUN-:-CRATER-CARLIN,10
CALHOUN-:-HARDIN-GILEAD,10
CALHOUN-:-POINT,10
CALHOUN-:-RICHWOODS,10
CARROLL-:-CHERRY GROVE/SHANNON 1,1
CARROLL-:-CHERRY GROVE/SHANNON 2,1
CARROLL-:-ELKHORN GROVE,1
CARROLL-:-FAIR HAVEN,1
CARROLL-:-FREEDOM,1
CARROLL-:-MT. CARROLL 1,1
CARROLL-:-MT. CARROLL 2,1
CARROLL-:-MT. CARROLL 3,1
CARROLL-:-ROCK CREEK-LIMA 1,1
CARROLL-:-ROCK CREEK-LIMA 2,1
CARROLL-:-SALEM,1
CARROLL-:-SAVANNA 1,1
CARROLL-:-SAVANNA 2,1
CARROLL-:-SAVANNA 3,1
CARROLL-:-SAVANNA 4,1
CARROLL-:-SAVANNA 5,1
CARROLL-:-SAVANNA 6,1
CARROLL-:-WASHINGTON,1
CARROLL-:-WOODLAND,1
CARROLL-:-WYSOX 1,1
CARROLL-:-WYSOX 2,1
CARROLL-:-YORK,1
CASS-:-ARENZVILLE 11-001,10
CASS-:-ASHLAND 20-002,10
CASS-:-ASHLAND 21-002,10
CASS-:-BEARDSTOWN 1-003,10
CASS-:-BEARDSTOWN 2-003,10
CASS-:-BEARDSTOWN 3-003,10
CASS-:-BEARDSTOWN 4-003,10
CASS-:-BEARDSTOWN 5-004,10
CASS-:-BEARDSTOWN 6-004,10
CASS-:-BEARDSTOWN 7-004,10
CASS-:-BEARDSTOWN 8-004,10
CASS-:-BLUFF SPRINGS 10-001,10
CASS-:-CHANDLERVILLE 18-002,10
CASS-:-HAGENER 9-004,10
CASS-:-NEWMANSVILLE 19-002,10
CASS-:-PANTHER CREEK 17-002,10
CASS-:-PHILADELPHIA 16-002,10
CASS-:-SANGAMON VALLEY 12-001,10
CASS-:-VIRGINIA 13-001,10
CASS-:-VIRGINIA 14-001,10
CASS-:-VIRGINIA 15-001,10
CHAMPAIGN-:-AYERS,6
CHAMPAIGN-:-BROWN FISHER,6
CHAMPAIGN-:-BROWN FOOSLAND,6
CHAMPAIGN-:-CHAMPAIGN 1,6
CHAMPAIGN-:-CHAMPAIGN 2,6
CHAMPAIGN-:-CHAMPAIGN 3,6
CHAMPAIGN-:-CHAMPAIGN 4,6
CHAMPAIGN-:-CHAMPAIGN 5,6
CHAMPAIGN-:-CHAMPAIGN 6,6
CHAMPAIGN-:-CITY OF CHAMPAIGN 1,6
CHAMPAIGN-:-CITY OF CHAMPAIGN 10,6
CHAMPAIGN-:-CITY OF CHAMPAIGN 11,6
CHAMPAIGN-:-CITY OF CHAMPAIGN 12,6
CHAMPAIGN-:-CITY OF CHAMPAIGN 13,6
CHAMPAIGN-:-CITY OF CHAMPAIGN 14,6
CHAMPAIGN-:-CITY OF CHAMPAIGN 15,6
CHAMPAIGN-:-CITY OF CHAMPAIGN 16,6
CHAMPAIGN-:-CITY OF CHAMPAIGN 17,6
CHAMPAIGN-:-CITY OF CHAMPAIGN 18,6
CHAMPAIGN-:-CITY OF CHAMPAIGN 19,6
CHAMPAIGN-:-CITY OF CHAMPAIGN 2,6
CHAMPAIGN-:-CITY OF CHAMPAIGN 20,6
CHAMPAIGN-:-CITY OF CHAMPAIGN 21,6
CHAMPAIGN-:-CITY OF CHAMPAIGN 22,6
CHAMPAIGN-:-CITY OF CHAMPAIGN 23,6
CHAMPAIGN-:-CITY OF CHAMPAIGN 24,6
CHAMPAIGN-:-CITY OF CHAMPAIGN 25,6
CHAMPAIGN-:-CITY OF CHAMPAIGN 26,6
CHAMPAIGN-:-CITY OF CHAMPAIGN 27,6
CHAMPAIGN-:-CITY OF CHAMPAIGN 28,6
CHAMPAIGN-:-CITY OF CHAMPAIGN 29,6
CHAMPAIGN-:-CITY OF CHAMPAIGN 3,6
CHAMPAIGN-:-CITY OF CHAMPAIGN 30,6
CHAMPAIGN-:-CITY OF CHAMPAIGN 31,6
CHAMPAIGN-:-CITY OF CHAMPAIGN 32,6
CHAMPAIGN-:-CITY OF CHAMPAIGN 33,6
CHAMPAIGN-:-CITY OF CHAMPAIGN 34,6
CHAMPAIGN-:-CITY OF CHAMPAIGN 35,6
CHAMPAIGN-:-CITY OF CHAMPAIGN 36,6
CHAMPAIGN-:-CITY OF CHAMPAIGN 37,6
CHAMPAIGN-:-CITY OF CHAMPAIGN 38,6
CHAMPAIGN-:-CITY OF CHAMPAIGN 39,6
CHAMPAIGN-:-CITY OF CHAMPAIGN 4,6
CHAMPAIGN-:-CITY OF CHAMPAIGN 5,6
CHAMPAIGN-:-CITY OF CHAMPAIGN 6,6
CHAMPAIGN-:-CITY OF CHAMPAIGN 7,6
CHAMPAIGN-:-CITY OF CHAMPAIGN 8,6
CHAMPAIGN-:-CITY OF CHAMPAIGN 9,6
CHAMPAIGN-:-COLFAX,6
CHAMPAIGN-:-COMPROMISE GIFFORD,6
CHAMPAIGN-:-COMPROMISE PENFIELD,6
CHAMPAIGN-:-CONDIT,6
CHAMPAIGN-:-CRITTENDEN,6
CHAMPAIGN-:-CUNNINGHAM 1,6
CHAMPAIGN-:-CUNNINGHAM 10,6
CHAMPAIGN-:-CUNNINGHAM 11,6
CHAMPAIGN-:-CUNNINGHAM 12,6
CHAMPAIGN-:-CUNNINGHAM 13,6
CHAMPAIGN-:-CUNNINGHAM 14,6
CHAMPAIGN-:-CUNNINGHAM 15,6
CHAMPAIGN-:-CUNNINGHAM 16,6
CHAMPAIGN-:-CUNNINGHAM 17,6
CHAMPAIGN-:-CUNNINGHAM 18,6
CHAMPAIGN-:-CUNNINGHAM 19,6
CHAMPAIGN-:-CUNNINGHAM 2,6
CHAMPAIGN-:-CUNNINGHAM 20,6
CHAMPAIGN-:-CUNNINGHAM 21,6
CHAMPAIGN-:-CUNNINGHAM 22,6
CHAMPAIGN-:-CUNNINGHAM 23,6
CHAMPAIGN-:-CUNNINGHAM 3,6
CHAMPAIGN-:-CUNNINGHAM 4,6
CHAMPAIGN-:-CUNNINGHAM 5,6
CHAMPAIGN-:-CUNNINGHAM 6,6
CHAMPAIGN-:-CUNNINGHAM 7,6
CHAMPAIGN-:-CUNNINGHAM 8,6
CHAMPAIGN-:-CUNNINGHAM 9,6
CHAMPAIGN-:-EAST BEND,6
CHAMPAIGN-:-HARWOOD,6
CHAMPAIGN-:-KERR,6
CHAMPAIGN-:-LUDLOW 1,6
CHAMPAIGN-:-LUDLOW 2,6
CHAMPAIGN-:-LUDLOW 3,6
CHAMPAIGN-:-MAHOMET 1,6
CHAMPAIGN-:-MAHOMET 2,6
CHAMPAIGN-:-MAHOMET 3,6
CHAMPAIGN-:-MAHOMET 4,6
CHAMPAIGN-:-MAHOMET 5,6
CHAMPAIGN-:-NEWCOMB,6
CHAMPAIGN-:-OGDEN 1,6
CHAMPAIGN-:-OGDEN 2,6
CHAMPAIGN-:-PESOTUM,6
CHAMPAIGN-:-PHILO,6
CHAMPAIGN-:-RANTOUL 1,6
CHAMPAIGN-:-RANTOUL 2,6
CHAMPAIGN-:-RANTOUL 3,6
CHAMPAIGN-:-RANTOUL 5,6
CHAMPAIGN-:-RANTOUL 6,6
CHAMPAIGN-:-RAYMOND,6
CHAMPAIGN-:-SADORUS IVESDALE,6
CHAMPAIGN-:-SADORUS SADORUS,6
CHAMPAIGN-:-SCOTT BONDVILLE,6
CHAMPAIGN-:-SCOTT SEYMOUR,6
CHAMPAIGN-:-SIDNEY,6
CHAMPAIGN-:-SOUTH HOMER,6
CHAMPAIGN-:-ST. JOSEPH 1,6
CHAMPAIGN-:-ST. JOSEPH 2,6
CHAMPAIGN-:-ST. JOSEPH 3,6
CHAMPAIGN-:-STANTON,6
CHAMPAIGN-:-TOLONO 1,6
CHAMPAIGN-:-TOLONO 2,6
CHAMPAIGN-:-TOLONO 3,6
CHAMPAIGN-:-URBANA 1,6
CHAMPAIGN-:-URBANA 2,6
CHAMPAIGN-:-URBANA 3,6
CHAMPAIGN-:-URBANA 4,6
CHRISTIAN-:-ASSUMPTION,16
CHRISTIAN-:-BEAR CREEK,16
CHRISTIAN-:-BUCKHART,16
CHRISTIAN-:-GREENWOOD,16
CHRISTIAN-:-JOHNSON,16
CHRISTIAN-:-KING,16
CHRISTIAN-:-LOCUST,16
CHRISTIAN-:-MAY,16
CHRISTIAN-:-MOSQUITO,16
CHRISTIAN-:-MT AUBURN,16
CHRISTIAN-:-PANA #1,16
CHRISTIAN-:-PANA #2,16
CHRISTIAN-:-PANA #3,16
CHRISTIAN-:-PANA #4,16
CHRISTIAN-:-PRAIRIETON,16
CHRISTIAN-:-RICKS,16
CHRISTIAN-:-ROSAMOND,16
CHRISTIAN-:-SOUTH FORK #1,16
CHRISTIAN-:-SOUTH FORK #2,16
CHRISTIAN-:-STONINGTON,16
CHRISTIAN-:-TAYLORVILLE #1,16
CHRISTIAN-:-TAYLORVILLE #2,16
CHRISTIAN-:-TAYLORVILLE #3,16
CHRISTIAN-:-TAYLORVILLE #4,16
CHRISTIAN-:-TAYLORVILLE #5,16
CHRISTIAN-:-TAYLORVILLE #6,16
CHRISTIAN-:-TAYLORVILLE #7,16
CHRISTIAN-:-TAYLORVILLE #8,16
CHRISTIAN-:-TAYLORVILLE #9,16
CITY OF BLOOMINGTON-:-PRECINCT 1,16
CITY OF BLOOMINGTON-:-PRECINCT 11,16
CITY OF BLOOMINGTON-:-PRECINCT 12,10
CITY OF BLOOMINGTON-:-PRECINCT 13,10
CITY OF BLOOMINGTON-:-PRECINCT 14,10
CITY OF BLOOMINGTON-:-PRECINCT 16,16
CITY OF BLOOMINGTON-:-PRECINCT 18,16
CITY OF BLOOMINGTON-:-PRECINCT 19,10
CITY OF BLOOMINGTON-:-PRECINCT 20,16
CITY OF BLOOMINGTON-:-PRECINCT 21,16
CITY OF BLOOMINGTON-:-PRECINCT 22,16
CITY OF BLOOMINGTON-:-PRECINCT 23,16
CITY OF BLOOMINGTON-:-PRECINCT 24,16
CITY OF BLOOMINGTON-:-PRECINCT 25,16
CITY OF BLOOMINGTON-:-PRECINCT 26,15
CITY OF BLOOMINGTON-:-PRECINCT 27,16
CITY OF BLOOMINGTON-:-PRECINCT 28,16
CITY OF BLOOMINGTON-:-PRECINCT 29,16
CITY OF BLOOMINGTON-:-PRECINCT 3,10
CITY OF BLOOMINGTON-:-PRECINCT 30,16
CITY OF BLOOMINGTON-:-PRECINCT 31,16
CITY OF BLOOMINGTON-:-PRECINCT 32,16
CITY OF BLOOMINGTON-:-PRECINCT 33,16
CITY OF BLOOMINGTON-:-PRECINCT 34,16
CITY OF BLOOMINGTON-:-PRECINCT 35,15
CITY OF BLOOMINGTON-:-PRECINCT 36,16
CITY OF BLOOMINGTON-:-PRECINCT 37,16
CITY OF BLOOMINGTON-:-PRECINCT 38,16
CITY OF BLOOMINGTON-:-PRECINCT 39,16
CITY OF BLOOMINGTON-:-PRECINCT 4,16
CITY OF BLOOMINGTON-:-PRECINCT 40,15
CITY OF BLOOMINGTON-:-PRECINCT 41,16
CITY OF BLOOMINGTON-:-PRECINCT 42,16
CITY OF BLOOMINGTON-:-PRECINCT 43,16
CITY OF BLOOMINGTON-:-PRECINCT 44,16
CITY OF BLOOMINGTON-:-PRECINCT 45,10
CITY OF BLOOMINGTON-:-PRECINCT 46,16
CITY OF BLOOMINGTON-:-PRECINCT 47,10
CITY OF BLOOMINGTON-:-PRECINCT 48,15
CITY OF BLOOMINGTON-:-PRECINCT 49,16
CITY OF BLOOMINGTON-:-PRECINCT 5,16
CITY OF BLOOMINGTON-:-PRECINCT 50,16
CITY OF BLOOMINGTON-:-PRECINCT 51,10
CITY OF BLOOMINGTON-:-PRECINCT 53,10
CITY OF BLOOMINGTON-:-PRECINCT 54,16
CITY OF BLOOMINGTON-:-PRECINCT 55,16
CITY OF BLOOMINGTON-:-PRECINCT 56,15
CITY OF BLOOMINGTON-:-PRECINCT 57,16
CITY OF BLOOMINGTON-:-PRECINCT 58,16
CITY OF BLOOMINGTON-:-PRECINCT 59,16
CITY OF BLOOMINGTON-:-PRECINCT 6,16
CITY OF BLOOMINGTON-:-PRECINCT 60,16
CITY OF BLOOMINGTON-:-PRECINCT 7,16
CITY OF BLOOMINGTON-:-PRECINCT 8,16
CITY OF BLOOMINGTON-:-PRECINCT 9,16
CITY OF CHICAGO-:-WARD 01 PRECINCT 01,0
CITY OF CHICAGO-:-WARD 01 PRECINCT 02,0
CITY OF CHICAGO-:-WARD 01 PRECINCT 03,0
CITY OF CHICAGO-:-WARD 01 PRECINCT 04,0
CITY OF CHICAGO-:-WARD 01 PRECINCT 05,0
CITY OF CHICAGO-:-WARD 01 PRECINCT 06,0
CITY OF CHICAGO-:-WARD 01 PRECINCT 07,0
CITY OF CHICAGO-:-WARD 01 PRECINCT 08,13
CITY OF CHICAGO-:-WARD 01 PRECINCT 09,13
CITY OF CHICAGO-:-WARD 01 PRECINCT 10,13
CITY OF CHICAGO-:-WARD 01 PRECINCT 11,0
CITY OF CHICAGO-:-WARD 01 PRECINCT 12,13
CITY OF CHICAGO-:-WARD 01 PRECINCT 13,0
CITY OF CHICAGO-:-WARD 01 PRECINCT 14,13
CITY OF CHICAGO-:-WARD 01 PRECINCT 15,13
CITY OF CHICAGO-:-WARD 01 PRECINCT 16,0
CITY OF CHICAGO-:-WARD 01 PRECINCT 17,0
CITY OF CHICAGO-:-WARD 01 PRECINCT 18,0
CITY OF CHICAGO-:-WARD 01 PRECINCT 19,13
CITY OF CHICAGO-:-WARD 01 PRECINCT 20,13
CITY OF CHICAGO-:-WARD 01 PRECINCT 22,13
CITY OF CHICAGO-:-WARD 01 PRECINCT 23,13
CITY OF CHICAGO-:-WARD 01 PRECINCT 24,13
CITY OF CHICAGO-:-WARD 01 PRECINCT 25,13
CITY OF CHICAGO-:-WARD 01 PRECINCT 26,13
CITY OF CHICAGO-:-WARD 02 PRECINCT 01,0
CITY OF CHICAGO-:-WARD 02 PRECINCT 02,0
CITY OF CHICAGO-:-WARD 02 PRECINCT 03,0
CITY OF CHICAGO-:-WARD 02 PRECINCT 04,0
CITY OF CHICAGO-:-WARD 02 PRECINCT 05,0
CITY OF CHICAGO-:-WARD 02 PRECINCT 06,0
CITY OF CHICAGO-:-WARD 02 PRECINCT 07,0
CITY OF CHICAGO-:-WARD 02 PRECINCT 08,13
CITY OF CHICAGO-:-WARD 02 PRECINCT 09,13
CITY OF CHICAGO-:-WARD 02 PRECINCT 10,13
CITY OF CHICAGO-:-WARD 02 PRECINCT 11,13
CITY OF CHICAGO-:-WARD 02 PRECINCT 12,13
CITY OF CHICAGO-:-WARD 02 PRECINCT 13,13
CITY OF CHICAGO-:-WARD 02 PRECINCT 14,13
CITY OF CHICAGO-:-WARD 02 PRECINCT 15,13
CITY OF CHICAGO-:-WARD 02 PRECINCT 16,13
CITY OF CHICAGO-:-WARD 02 PRECINCT 17,13
CITY OF CHICAGO-:-WARD 02 PRECINCT 18,13
CITY OF CHICAGO-:-WARD 02 PRECINCT 19,13
CITY OF CHICAGO-:-WARD 02 PRECINCT 20,13
CITY OF CHICAGO-:-WARD 02 PRECINCT 21,13
CITY OF CHICAGO-:-WARD 02 PRECINCT 22,13
CITY OF CHICAGO-:-WARD 02 PRECINCT 24,13
CITY OF CHICAGO-:-WARD 02 PRECINCT 25,13
CITY OF CHICAGO-:-WARD 03 PRECINCT 01,0
CITY OF CHICAGO-:-WARD 03 PRECINCT 03,0
CITY OF CHICAGO-:-WARD 03 PRECINCT 04,0
CITY OF CHICAGO-:-WARD 03 PRECINCT 05,0
CITY OF CHICAGO-:-WARD 03 PRECINCT 06,0
CITY OF CHICAGO-:-WARD 03 PRECINCT 08,0
CITY OF CHICAGO-:-WARD 03 PRECINCT 09,14
CITY OF CHICAGO-:-WARD 03 PRECINCT 10,14
CITY OF CHICAGO-:-WARD 03 PRECINCT 11,0
CITY OF CHICAGO-:-WARD 03 PRECINCT 12,0
CITY OF CHICAGO-:-WARD 03 PRECINCT 13,14
CITY OF CHICAGO-:-WARD 03 PRECINCT 14,14
CITY OF CHICAGO-:-WARD 03 PRECINCT 15,0
CITY OF CHICAGO-:-WARD 03 PRECINCT 16,14
CITY OF CHICAGO-:-WARD 03 PRECINCT 17,0
CITY OF CHICAGO-:-WARD 03 PRECINCT 18,0
CITY OF CHICAGO-:-WARD 03 PRECINCT 21,14
CITY OF CHICAGO-:-WARD 03 PRECINCT 23,0
CITY OF CHICAGO-:-WARD 03 PRECINCT 24,0
CITY OF CHICAGO-:-WARD 03 PRECINCT 25,14
CITY OF CHICAGO-:-WARD 03 PRECINCT 26,0
CITY OF CHICAGO-:-WARD 03 PRECINCT 27,14
CITY OF CHICAGO-:-WARD 04 PRECINCT 02,0
CITY OF CHICAGO-:-WARD 04 PRECINCT 04,0
CITY OF CHICAGO-:-WARD 04 PRECINCT 05,0
CITY OF CHICAGO-:-WARD 04 PRECINCT 06,0
CITY OF CHICAGO-:-WARD 04 PRECINCT 07,0
CITY OF CHICAGO-:-WARD 04 PRECINCT 08,0
CITY OF CHICAGO-:-WARD 04 PRECINCT 09,0
CITY OF CHICAGO-:-WARD 04 PRECINCT 10,0
CITY OF CHICAGO-:-WARD 04 PRECINCT 11,0
CITY OF CHICAGO-:-WARD 04 PRECINCT 12,0
CITY OF CHICAGO-:-WARD 04 PRECINCT 13,0
CITY OF CHICAGO-:-WARD 04 PRECINCT 14,0
CITY OF CHICAGO-:-WARD 04 PRECINCT 15,0
CITY OF CHICAGO-:-WARD 04 PRECINCT 16,0
CITY OF CHICAGO-:-WARD 04 PRECINCT 17,0
CITY OF CHICAGO-:-WARD 04 PRECINCT 18,0
CITY OF CHICAGO-:-WARD 04 PRECINCT 19,0
CITY OF CHICAGO-:-WARD 04 PRECINCT 20,0
CITY OF CHICAGO-:-WARD 04 PRECINCT 21,0
CITY OF CHICAGO-:-WARD 04 PRECINCT 22,0
CITY OF CHICAGO-:-WARD 04 PRECINCT 23,0
CITY OF CHICAGO-:-WARD 04 PRECINCT 25,0
CITY OF CHICAGO-:-WARD 04 PRECINCT 26,14
CITY OF CHICAGO-:-WARD 04 PRECINCT 27,0
CITY OF CHICAGO-:-WARD 04 PRECINCT 28,0
CITY OF CHICAGO-:-WARD 05 PRECINCT 02,0
CITY OF CHICAGO-:-WARD 05 PRECINCT 03,0
CITY OF CHICAGO-:-WARD 05 PRECINCT 04,0
CITY OF CHICAGO-:-WARD 05 PRECINCT 05,0
CITY OF CHICAGO-:-WARD 05 PRECINCT 06,0
CITY OF CHICAGO-:-WARD 05 PRECINCT 07,0
CITY OF CHICAGO-:-WARD 05 PRECINCT 08,0
CITY OF CHICAGO-:-WARD 05 PRECINCT 10,0
CITY OF CHICAGO-:-WARD 05 PRECINCT 11,0
CITY OF CHICAGO-:-WARD 05 PRECINCT 12,0
CITY OF CHICAGO-:-WARD 05 PRECINCT 13,0
CITY OF CHICAGO-:-WARD 05 PRECINCT 14,0
CITY OF CHICAGO-:-WARD 05 PRECINCT 16,0
CITY OF CHICAGO-:-WARD 05 PRECINCT 17,0
CITY OF CHICAGO-:-WARD 05 PRECINCT 18,0
CITY OF CHICAGO-:-WARD 05 PRECINCT 19,0
CITY OF CHICAGO-:-WARD 05 PRECINCT 20,0
CITY OF CHICAGO-:-WARD 05 PRECINCT 21,0
CITY OF CHICAGO-:-WARD 05 PRECINCT 22,0
CITY OF CHICAGO-:-WARD 05 PRECINCT 23,0
CITY OF CHICAGO-:-WARD 05 PRECINCT 24,0
CITY OF CHICAGO-:-WARD 05 PRECINCT 25,0
CITY OF CHICAGO-:-WARD 06 PRECINCT 01,0
CITY OF CHICAGO-:-WARD 06 PRECINCT 02,0
CITY OF CHICAGO-:-WARD 06 PRECINCT 03,0
CITY OF CHICAGO-:-WARD 06 PRECINCT 04,0
CITY OF CHICAGO-:-WARD 06 PRECINCT 05,0
CITY OF CHICAGO-:-WARD 06 PRECINCT 06,0
CITY OF CHICAGO-:-WARD 06 PRECINCT 07,0
CITY OF CHICAGO-:-WARD 06 PRECINCT 08,0
CITY OF CHICAGO-:-WARD 06 PRECINCT 09,0
CITY OF CHICAGO-:-WARD 06 PRECINCT 10,0
CITY OF CHICAGO-:-WARD 06 PRECINCT 11,0
CITY OF CHICAGO-:-WARD 06 PRECINCT 12,0
CITY OF CHICAGO-:-WARD 06 PRECINCT 13,0
CITY OF CHICAGO-:-WARD 06 PRECINCT 14,0
CITY OF CHICAGO-:-WARD 06 PRECINCT 15,0
CITY OF CHICAGO-:-WARD 06 PRECINCT 16,0
CITY OF CHICAGO-:-WARD 06 PRECINCT 17,0
CITY OF CHICAGO-:-WARD 06 PRECINCT 18,0
CITY OF CHICAGO-:-WARD 06 PRECINCT 19,0
CITY OF CHICAGO-:-WARD 06 PRECINCT 20,0
CITY OF CHICAGO-:-WARD 06 PRECINCT 21,0
CITY OF CHICAGO-:-WARD 06 PRECINCT 22,0
CITY OF CHICAGO-:-WARD 06 PRECINCT 23,0
CITY OF CHICAGO-:-WARD 06 PRECINCT 24,0
CITY OF CHICAGO-:-WARD 06 PRECINCT 25,0
CITY OF CHICAGO-:-WARD 06 PRECINCT 26,0
CITY OF CHICAGO-:-WARD 06 PRECINCT 27,0
CITY OF CHICAGO-:-WARD 07 PRECINCT 01,0
CITY OF CHICAGO-:-WARD 07 PRECINCT 03,0
CITY OF CHICAGO-:-WARD 07 PRECINCT 04,0
CITY OF CHICAGO-:-WARD 07 PRECINCT 05,0
CITY OF CHICAGO-:-WARD 07 PRECINCT 06,0
CITY OF CHICAGO-:-WARD 07 PRECINCT 07,0
CITY OF CHICAGO-:-WARD 07 PRECINCT 08,0
CITY OF CHICAGO-:-WARD 07 PRECINCT 09,0
CITY OF CHICAGO-:-WARD 07 PRECINCT 11,0
CITY OF CHICAGO-:-WARD 07 PRECINCT 14,0
CITY OF CHICAGO-:-WARD 07 PRECINCT 15,0
CITY OF CHICAGO-:-WARD 07 PRECINCT 18,0
CITY OF CHICAGO-:-WARD 07 PRECINCT 19,0
CITY OF CHICAGO-:-WARD 07 PRECINCT 20,0
CITY OF CHICAGO-:-WARD 07 PRECINCT 21,0
CITY OF CHICAGO-:-WARD 07 PRECINCT 22,0
CITY OF CHICAGO-:-WARD 07 PRECINCT 23,0
CITY OF CHICAGO-:-WARD 07 PRECINCT 24,0
CITY OF CHICAGO-:-WARD 07 PRECINCT 25,0
CITY OF CHICAGO-:-WARD 07 PRECINCT 26,0
CITY OF CHICAGO-:-WARD 07 PRECINCT 27,0
CITY OF CHICAGO-:-WARD 07 PRECINCT 28,0
CITY OF CHICAGO-:-WARD 07 PRECINCT 29,0
CITY OF CHICAGO-:-WARD 07 PRECINCT 30,0
CITY OF CHICAGO-:-WARD 07 PRECINCT 31,0
CITY OF CHICAGO-:-WARD 08 PRECINCT 01,0
CITY OF CHICAGO-:-WARD 08 PRECINCT 02,0
CITY OF CHICAGO-:-WARD 08 PRECINCT 03,0
CITY OF CHICAGO-:-WARD 08 PRECINCT 04,0
CITY OF CHICAGO-:-WARD 08 PRECINCT 05,0
CITY OF CHICAGO-:-WARD 08 PRECINCT 06,0
CITY OF CHICAGO-:-WARD 08 PRECINCT 07,0
CITY OF CHICAGO-:-WARD 08 PRECINCT 08,0
CITY OF CHICAGO-:-WARD 08 PRECINCT 09,0
CITY OF CHICAGO-:-WARD 08 PRECINCT 10,0
CITY OF CHICAGO-:-WARD 08 PRECINCT 11,0
CITY OF CHICAGO-:-WARD 08 PRECINCT 12,0
CITY OF CHICAGO-:-WARD 08 PRECINCT 13,0
CITY OF CHICAGO-:-WARD 08 PRECINCT 14,0
CITY OF CHICAGO-:-WARD 08 PRECINCT 15,0
CITY OF CHICAGO-:-WARD 08 PRECINCT 16,0
CITY OF CHICAGO-:-WARD 08 PRECINCT 17,0
CITY OF CHICAGO-:-WARD 08 PRECINCT 18,0
CITY OF CHICAGO-:-WARD 08 PRECINCT 19,0
CITY OF CHICAGO-:-WARD 08 PRECINCT 20,0
CITY OF CHICAGO-:-WARD 08 PRECINCT 21,0
CITY OF CHICAGO-:-WARD 08 PRECINCT 22,0
CITY OF CHICAGO-:-WARD 08 PRECINCT 23,0
CITY OF CHICAGO-:-WARD 08 PRECINCT 24,0
CITY OF CHICAGO-:-WARD 08 PRECINCT 25,0
CITY OF CHICAGO-:-WARD 08 PRECINCT 26,0
CITY OF CHICAGO-:-WARD 08 PRECINCT 27,0
CITY OF CHICAGO-:-WARD 08 PRECINCT 28,0
CITY OF CHICAGO-:-WARD 08 PRECINCT 29,0
CITY OF CHICAGO-:-WARD 08 PRECINCT 30,0
CITY OF CHICAGO-:-WARD 09 PRECINCT 01,0
CITY OF CHICAGO-:-WARD 09 PRECINCT 02,0
CITY OF CHICAGO-:-WARD 09 PRECINCT 03,0
CITY OF CHICAGO-:-WARD 09 PRECINCT 04,0
CITY OF CHICAGO-:-WARD 09 PRECINCT 05,0
CITY OF CHICAGO-:-WARD 09 PRECINCT 06,0
CITY OF CHICAGO-:-WARD 09 PRECINCT 07,0
CITY OF CHICAGO-:-WARD 09 PRECINCT 09,0
CITY OF CHICAGO-:-WARD 09 PRECINCT 10,0
CITY OF CHICAGO-:-WARD 09 PRECINCT 11,0
CITY OF CHICAGO-:-WARD 09 PRECINCT 12,0
CITY OF CHICAGO-:-WARD 09 PRECINCT 13,0
CITY OF CHICAGO-:-WARD 09 PRECINCT 14,0
CITY OF CHICAGO-:-WARD 09 PRECINCT 15,0
CITY OF CHICAGO-:-WARD 09 PRECINCT 16,0
CITY OF CHICAGO-:-WARD 09 PRECINCT 17,0
CITY OF CHICAGO-:-WARD 09 PRECINCT 18,0
CITY OF CHICAGO-:-WARD 09 PRECINCT 19,0
CITY OF CHICAGO-:-WARD 09 PRECINCT 20,0
CITY OF CHICAGO-:-WARD 09 PRECINCT 21,0
CITY OF CHICAGO-:-WARD 09 PRECINCT 22,0
CITY OF CHICAGO-:-WARD 09 PRECINCT 23,0
CITY OF CHICAGO-:-WARD 09 PRECINCT 24,0
CITY OF CHICAGO-:-WARD 09 PRECINCT 25,0
CITY OF CHICAGO-:-WARD 09 PRECINCT 26,0
CITY OF CHICAGO-:-WARD 09 PRECINCT 27,0
CITY OF CHICAGO-:-WARD 09 PRECINCT 28,0
CITY OF CHICAGO-:-WARD 09 PRECINCT 29,0
CITY OF CHICAGO-:-WARD 09 PRECINCT 30,0
CITY OF CHICAGO-:-WARD 10 PRECINCT 01,0
CITY OF CHICAGO-:-WARD 10 PRECINCT 02,0
CITY OF CHICAGO-:-WARD 10 PRECINCT 03,0
CITY OF CHICAGO-:-WARD 10 PRECINCT 04,0
CITY OF CHICAGO-:-WARD 10 PRECINCT 05,0
CITY OF CHICAGO-:-WARD 10 PRECINCT 06,0
CITY OF CHICAGO-:-WARD 10 PRECINCT 07,0
CITY OF CHICAGO-:-WARD 10 PRECINCT 08,0
CITY OF CHICAGO-:-WARD 10 PRECINCT 09,0
CITY OF CHICAGO-:-WARD 10 PRECINCT 10,0
CITY OF CHICAGO-:-WARD 10 PRECINCT 11,0
CITY OF CHICAGO-:-WARD 10 PRECINCT 12,0
CITY OF CHICAGO-:-WARD 10 PRECINCT 13,0
CITY OF CHICAGO-:-WARD 10 PRECINCT 14,0
CITY OF CHICAGO-:-WARD 10 PRECINCT 15,0
CITY OF CHICAGO-:-WARD 10 PRECINCT 16,0
CITY OF CHICAGO-:-WARD 10 PRECINCT 17,0
CITY OF CHICAGO-:-WARD 10 PRECINCT 18,0
CITY OF CHICAGO-:-WARD 10 PRECINCT 19,0
CITY OF CHICAGO-:-WARD 10 PRECINCT 20,0
CITY OF CHICAGO-:-WARD 10 PRECINCT 21,0
CITY OF CHICAGO-:-WARD 10 PRECINCT 22,0
CITY OF CHICAGO-:-WARD 10 PRECINCT 23,0
CITY OF CHICAGO-:-WARD 10 PRECINCT 24,0
CITY OF CHICAGO-:-WARD 10 PRECINCT 25,0
CITY OF CHICAGO-:-WARD 11 PRECINCT 01,14
CITY OF CHICAGO-:-WARD 11 PRECINCT 02,14
CITY OF CHICAGO-:-WARD 11 PRECINCT 03,14
CITY OF CHICAGO-:-WARD 11 PRECINCT 04,14
CITY OF CHICAGO-:-WARD 11 PRECINCT 05,14
CITY OF CHICAGO-:-WARD 11 PRECINCT 06,14
CITY OF CHICAGO-:-WARD 11 PRECINCT 07,14
CITY OF CHICAGO-:-WARD 11 PRECINCT 08,14
CITY OF CHICAGO-:-WARD 11 PRECINCT 09,14
CITY OF CHICAGO-:-WARD 11 PRECINCT 10,14
CITY OF CHICAGO-:-WARD 11 PRECINCT 11,14
CITY OF CHICAGO-:-WARD 11 PRECINCT 12,14
CITY OF CHICAGO-:-WARD 11 PRECINCT 13,14
CITY OF CHICAGO-:-WARD 11 PRECINCT 14,14
CITY OF CHICAGO-:-WARD 11 PRECINCT 15,14
CITY OF CHICAGO-:-WARD 11 PRECINCT 16,14
CITY OF CHICAGO-:-WARD 11 PRECINCT 17,14
CITY OF CHICAGO-:-WARD 11 PRECINCT 18,14
CITY OF CHICAGO-:-WARD 11 PRECINCT 19,14
CITY OF CHICAGO-:-WARD 11 PRECINCT 20,14
CITY OF CHICAGO-:-WARD 11 PRECINCT 21,14
CITY OF CHICAGO-:-WARD 11 PRECINCT 22,14
CITY OF CHICAGO-:-WARD 11 PRECINCT 23,14
CITY OF CHICAGO-:-WARD 12 PRECINCT 01,14
CITY OF CHICAGO-:-WARD 12 PRECINCT 02,14
CITY OF CHICAGO-:-WARD 12 PRECINCT 03,14
CITY OF CHICAGO-:-WARD 12 PRECINCT 04,14
CITY OF CHICAGO-:-WARD 12 PRECINCT 05,14
CITY OF CHICAGO-:-WARD 12 PRECINCT 06,14
CITY OF CHICAGO-:-WARD 12 PRECINCT 07,14
CITY OF CHICAGO-:-WARD 12 PRECINCT 08,14
CITY OF CHICAGO-:-WARD 12 PRECINCT 09,14
CITY OF CHICAGO-:-WARD 12 PRECINCT 10,14
CITY OF CHICAGO-:-WARD 12 PRECINCT 11,14
CITY OF CHICAGO-:-WARD 12 PRECINCT 12,14
CITY OF CHICAGO-:-WARD 12 PRECINCT 13,14
CITY OF CHICAGO-:-WARD 12 PRECINCT 14,14
CITY OF CHICAGO-:-WARD 12 PRECINCT 15,14
CITY OF CHICAGO-:-WARD 12 PRECINCT 16,14
CITY OF CHICAGO-:-WARD 12 PRECINCT 17,14
CITY OF CHICAGO-:-WARD 12 PRECINCT 18,14
CITY OF CHICAGO-:-WARD 12 PRECINCT 19,14
CITY OF CHICAGO-:-WARD 12 PRECINCT 20,14
CITY OF CHICAGO-:-WARD 12 PRECINCT 21,14
CITY OF CHICAGO-:-WARD 12 PRECINCT 22,14
CITY OF CHICAGO-:-WARD 13 PRECINCT 01,14
CITY OF CHICAGO-:-WARD 13 PRECINCT 02,14
CITY OF CHICAGO-:-WARD 13 PRECINCT 03,14
CITY OF CHICAGO-:-WARD 13 PRECINCT 04,14
CITY OF CHICAGO-:-WARD 13 PRECINCT 05,14
CITY OF CHICAGO-:-WARD 13 PRECINCT 06,14
CITY OF CHICAGO-:-WARD 13 PRECINCT 07,14
CITY OF CHICAGO-:-WARD 13 PRECINCT 08,14
CITY OF CHICAGO-:-WARD 13 PRECINCT 09,14
CITY OF CHICAGO-:-WARD 13 PRECINCT 10,14
CITY OF CHICAGO-:-WARD 13 PRECINCT 11,14
CITY OF CHICAGO-:-WARD 13 PRECINCT 12,14
CITY OF CHICAGO-:-WARD 13 PRECINCT 13,14
CITY OF CHICAGO-:-WARD 13 PRECINCT 14,14
CITY OF CHICAGO-:-WARD 13 PRECINCT 15,14
CITY OF CHICAGO-:-WARD 13 PRECINCT 16,14
CITY OF CHICAGO-:-WARD 13 PRECINCT 17,14
CITY OF CHICAGO-:-WARD 13 PRECINCT 18,14
CITY OF CHICAGO-:-WARD 13 PRECINCT 19,14
CITY OF CHICAGO-:-WARD 13 PRECINCT 20,14
CITY OF CHICAGO-:-WARD 13 PRECINCT 21,14
CITY OF CHICAGO-:-WARD 13 PRECINCT 22,14
CITY OF CHICAGO-:-WARD 13 PRECINCT 23,14
CITY OF CHICAGO-:-WARD 13 PRECINCT 24,14
CITY OF CHICAGO-:-WARD 13 PRECINCT 25,14
CITY OF CHICAGO-:-WARD 13 PRECINCT 26,14
CITY OF CHICAGO-:-WARD 13 PRECINCT 27,14
CITY OF CHICAGO-:-WARD 13 PRECINCT 28,14
CITY OF CHICAGO-:-WARD 13 PRECINCT 29,14
CITY OF CHICAGO-:-WARD 13 PRECINCT 30,14
CITY OF CHICAGO-:-WARD 13 PRECINCT 31,14
CITY OF CHICAGO-:-WARD 13 PRECINCT 32,14
CITY OF CHICAGO-:-WARD 13 PRECINCT 33,14
CITY OF CHICAGO-:-WARD 13 PRECINCT 34,14
CITY OF CHICAGO-:-WARD 13 PRECINCT 35,14
CITY OF CHICAGO-:-WARD 13 PRECINCT 36,14
CITY OF CHICAGO-:-WARD 13 PRECINCT 37,14
CITY OF CHICAGO-:-WARD 13 PRECINCT 38,14
CITY OF CHICAGO-:-WARD 13 PRECINCT 39,14
CITY OF CHICAGO-:-WARD 13 PRECINCT 40,14
CITY OF CHICAGO-:-WARD 14 PRECINCT 02,14
CITY OF CHICAGO-:-WARD 14 PRECINCT 03,14
CITY OF CHICAGO-:-WARD 14 PRECINCT 04,0
CITY OF CHICAGO-:-WARD 14 PRECINCT 05,14
CITY OF CHICAGO-:-WARD 14 PRECINCT 06,14
CITY OF CHICAGO-:-WARD 14 PRECINCT 07,14
CITY OF CHICAGO-:-WARD 14 PRECINCT 08,14
CITY OF CHICAGO-:-WARD 14 PRECINCT 09,14
CITY OF CHICAGO-:-WARD 14 PRECINCT 10,14
CITY OF CHICAGO-:-WARD 14 PRECINCT 11,14
CITY OF CHICAGO-:-WARD 14 PRECINCT 12,14
CITY OF CHICAGO-:-WARD 14 PRECINCT 13,14
CITY OF CHICAGO-:-WARD 14 PRECINCT 14,14
CITY OF CHICAGO-:-WARD 14 PRECINCT 15,14
CITY OF CHICAGO-:-WARD 15 PRECINCT 01,14
CITY OF CHICAGO-:-WARD 15 PRECINCT 02,14
CITY OF CHICAGO-:-WARD 15 PRECINCT 03,14
CITY OF CHICAGO-:-WARD 15 PRECINCT 04,14
CITY OF CHICAGO-:-WARD 15 PRECINCT 05,14
CITY OF CHICAGO-:-WARD 15 PRECINCT 06,14
CITY OF CHICAGO-:-WARD 15 PRECINCT 07,14
CITY OF CHICAGO-:-WARD 15 PRECINCT 08,14
CITY OF CHICAGO-:-WARD 15 PRECINCT 09,14
CITY OF CHICAGO-:-WARD 15 PRECINCT 11,14
CITY OF CHICAGO-:-WARD 15 PRECINCT 12,14
CITY OF CHICAGO-:-WARD 15 PRECINCT 13,0
CITY OF CHICAGO-:-WARD 15 PRECINCT 14,0
CITY OF CHICAGO-:-WARD 15 PRECINCT 15,14
CITY OF CHICAGO-:-WARD 15 PRECINCT 16,14
CITY OF CHICAGO-:-WARD 15 PRECINCT 17,0
CITY OF CHICAGO-:-WARD 15 PRECINCT 18,0
CITY OF CHICAGO-:-WARD 15 PRECINCT 19,0
CITY OF CHICAGO-:-WARD 15 PRECINCT 20,14
CITY OF CHICAGO-:-WARD 16 PRECINCT 01,0
CITY OF CHICAGO-:-WARD 16 PRECINCT 02,0
CITY OF CHICAGO-:-WARD 16 PRECINCT 03,0
CITY OF CHICAGO-:-WARD 16 PRECINCT 04,0
CITY OF CHICAGO-:-WARD 16 PRECINCT 05,0
CITY OF CHICAGO-:-WARD 16 PRECINCT 06,0
CITY OF CHICAGO-:-WARD 16 PRECINCT 08,0
CITY OF CHICAGO-:-WARD 16 PRECINCT 09,0
CITY OF CHICAGO-:-WARD 16 PRECINCT 10,0
CITY OF CHICAGO-:-WARD 16 PRECINCT 11,0
CITY OF CHICAGO-:-WARD 16 PRECINCT 12,0
CITY OF CHICAGO-:-WARD 16 PRECINCT 13,0
CITY OF CHICAGO-:-WARD 16 PRECINCT 14,0
CITY OF CHICAGO-:-WARD 16 PRECINCT 15,0
CITY OF CHICAGO-:-WARD 16 PRECINCT 16,0
CITY OF CHICAGO-:-WARD 16 PRECINCT 17,0
CITY OF CHICAGO-:-WARD 16 PRECINCT 18,0
CITY OF CHICAGO-:-WARD 16 PRECINCT 19,0
CITY OF CHICAGO-:-WARD 16 PRECINCT 21,0
CITY OF CHICAGO-:-WARD 16 PRECINCT 22,0
CITY OF CHICAGO-:-WARD 16 PRECINCT 24,0
CITY OF CHICAGO-:-WARD 16 PRECINCT 25,0
CITY OF CHICAGO-:-WARD 17 PRECINCT 01,14
CITY OF CHICAGO-:-WARD 17 PRECINCT 03,0
CITY OF CHICAGO-:-WARD 17 PRECINCT 04,0
CITY OF CHICAGO-:-WARD 17 PRECINCT 05,0
CITY OF CHICAGO-:-WARD 17 PRECINCT 06,0
CITY OF CHICAGO-:-WARD 17 PRECINCT 07,0
CITY OF CHICAGO-:-WARD 17 PRECINCT 08,0
CITY OF CHICAGO-:-WARD 17 PRECINCT 09,0
CITY OF CHICAGO-:-WARD 17 PRECINCT 10,0
CITY OF CHICAGO-:-WARD 17 PRECINCT 11,0
CITY OF CHICAGO-:-WARD 17 PRECINCT 12,0
CITY OF CHICAGO-:-WARD 17 PRECINCT 13,0
CITY OF CHICAGO-:-WARD 17 PRECINCT 15,0
CITY OF CHICAGO-:-WARD 17 PRECINCT 16,0
CITY OF CHICAGO-:-WARD 17 PRECINCT 17,0
CITY OF CHICAGO-:-WARD 17 PRECINCT 18,0
CITY OF CHICAGO-:-WARD 17 PRECINCT 19,0
CITY OF CHICAGO-:-WARD 17 PRECINCT 20,0
CITY OF CHICAGO-:-WARD 17 PRECINCT 21,0
CITY OF CHICAGO-:-WARD 17 PRECINCT 22,0
CITY OF CHICAGO-:-WARD 17 PRECINCT 23,0
CITY OF CHICAGO-:-WARD 17 PRECINCT 24,0
CITY OF CHICAGO-:-WARD 17 PRECINCT 25,0
CITY OF CHICAGO-:-WARD 17 PRECINCT 26,0
CITY OF CHICAGO-:-WARD 17 PRECINCT 27,0
CITY OF CHICAGO-:-WARD 17 PRECINCT 28,0
CITY OF CHICAGO-:-WARD 17 PRECINCT 29,0
CITY OF CHICAGO-:-WARD 18 PRECINCT 01,0
CITY OF CHICAGO-:-WARD 18 PRECINCT 02,0
CITY OF CHICAGO-:-WARD 18 PRECINCT 03,0
CITY OF CHICAGO-:-WARD 18 PRECINCT 04,0
CITY OF CHICAGO-:-WARD 18 PRECINCT 05,0
CITY OF CHICAGO-:-WARD 18 PRECINCT 06,0
CITY OF CHICAGO-:-WARD 18 PRECINCT 07,0
CITY OF CHICAGO-:-WARD 18 PRECINCT 08,0
CITY OF CHICAGO-:-WARD 18 PRECINCT 09,0
CITY OF CHICAGO-:-WARD 18 PRECINCT 10,0
CITY OF CHICAGO-:-WARD 18 PRECINCT 11,0
CITY OF CHICAGO-:-WARD 18 PRECINCT 12,0
CITY OF CHICAGO-:-WARD 18 PRECINCT 13,14
CITY OF CHICAGO-:-WARD 18 PRECINCT 14,0
CITY OF CHICAGO-:-WARD 18 PRECINCT 15,0
CITY OF CHICAGO-:-WARD 18 PRECINCT 16,0
CITY OF CHICAGO-:-WARD 18 PRECINCT 17,0
CITY OF CHICAGO-:-WARD 18 PRECINCT 19,14
CITY OF CHICAGO-:-WARD 18 PRECINCT 20,14
CITY OF CHICAGO-:-WARD 18 PRECINCT 21,0
CITY OF CHICAGO-:-WARD 18 PRECINCT 22,14
CITY OF CHICAGO-:-WARD 18 PRECINCT 23,14
CITY OF CHICAGO-:-WARD 18 PRECINCT 24,14
CITY OF CHICAGO-:-WARD 18 PRECINCT 25,14
CITY OF CHICAGO-:-WARD 18 PRECINCT 26,14
CITY OF CHICAGO-:-WARD 19 PRECINCT 01,0
CITY OF CHICAGO-:-WARD 19 PRECINCT 02,0
CITY OF CHICAGO-:-WARD 19 PRECINCT 03,0
CITY OF CHICAGO-:-WARD 19 PRECINCT 04,0
CITY OF CHICAGO-:-WARD 19 PRECINCT 05,0
CITY OF CHICAGO-:-WARD 19 PRECINCT 06,0
CITY OF CHICAGO-:-WARD 19 PRECINCT 07,0
CITY OF CHICAGO-:-WARD 19 PRECINCT 08,0
CITY OF CHICAGO-:-WARD 19 PRECINCT 09,0
CITY OF CHICAGO-:-WARD 19 PRECINCT 12,0
CITY OF CHICAGO-:-WARD 19 PRECINCT 13,0
CITY OF CHICAGO-:-WARD 19 PRECINCT 14,0
CITY OF CHICAGO-:-WARD 19 PRECINCT 15,0
CITY OF CHICAGO-:-WARD 19 PRECINCT 16,0
CITY OF CHICAGO-:-WARD 19 PRECINCT 17,0
CITY OF CHICAGO-:-WARD 19 PRECINCT 18,0
CITY OF CHICAGO-:-WARD 19 PRECINCT 20,0
CITY OF CHICAGO-:-WARD 19 PRECINCT 21,0
CITY OF CHICAGO-:-WARD 19 PRECINCT 22,0
CITY OF CHICAGO-:-WARD 19 PRECINCT 23,0
CITY OF CHICAGO-:-WARD 19 PRECINCT 24,0
CITY OF CHICAGO-:-WARD 19 PRECINCT 27,0
CITY OF CHICAGO-:-WARD 19 PRECINCT 28,0
CITY OF CHICAGO-:-WARD 19 PRECINCT 29,0
CITY OF CHICAGO-:-WARD 19 PRECINCT 30,0
CITY OF CHICAGO-:-WARD 19 PRECINCT 32,0
CITY OF CHICAGO-:-WARD 19 PRECINCT 33,0
CITY OF CHICAGO-:-WARD 19 PRECINCT 34,0
CITY OF CHICAGO-:-WARD 19 PRECINCT 35,0
CITY OF CHICAGO-:-WARD 20 PRECINCT 02,14
CITY OF CHICAGO-:-WARD 20 PRECINCT 04,0
CITY OF CHICAGO-:-WARD 20 PRECINCT 06,0
CITY OF CHICAGO-:-WARD 20 PRECINCT 07,0
CITY OF CHICAGO-:-WARD 20 PRECINCT 09,0
CITY OF CHICAGO-:-WARD 20 PRECINCT 10,0
CITY OF CHICAGO-:-WARD 20 PRECINCT 11,0
CITY OF CHICAGO-:-WARD 20 PRECINCT 12,0
CITY OF CHICAGO-:-WARD 20 PRECINCT 13,0
CITY OF CHICAGO-:-WARD 20 PRECINCT 15,0
CITY OF CHICAGO-:-WARD 20 PRECINCT 16,0
CITY OF CHICAGO-:-WARD 20 PRECINCT 17,0
CITY OF CHICAGO-:-WARD 20 PRECINCT 18,0
CITY OF CHICAGO-:-WARD 20 PRECINCT 19,0
CITY OF CHICAGO-:-WARD 20 PRECINCT 20,0
CITY OF CHICAGO-:-WARD 20 PRECINCT 21,0
CITY OF CHICAGO-:-WARD 20 PRECINCT 22,0
CITY OF CHICAGO-:-WARD 20 PRECINCT 23,0
CITY OF CHICAGO-:-WARD 21 PRECINCT 01,0
CITY OF CHICAGO-:-WARD 21 PRECINCT 02,0
CITY OF CHICAGO-:-WARD 21 PRECINCT 03,0
CITY OF CHICAGO-:-WARD 21 PRECINCT 04,0
CITY OF CHICAGO-:-WARD 21 PRECINCT 05,0
CITY OF CHICAGO-:-WARD 21 PRECINCT 06,0
CITY OF CHICAGO-:-WARD 21 PRECINCT 07,0
CITY OF CHICAGO-:-WARD 21 PRECINCT 08,0
CITY OF CHICAGO-:-WARD 21 PRECINCT 09,0
CITY OF CHICAGO-:-WARD 21 PRECINCT 10,0
CITY OF CHICAGO-:-WARD 21 PRECINCT 11,0
CITY OF CHICAGO-:-WARD 21 PRECINCT 12,0
CITY OF CHICAGO-:-WARD 21 PRECINCT 13,0
CITY OF CHICAGO-:-WARD 21 PRECINCT 14,0
CITY OF CHICAGO-:-WARD 21 PRECINCT 15,0
CITY OF CHICAGO-:-WARD 21 PRECINCT 16,0
CITY OF CHICAGO-:-WARD 21 PRECINCT 17,0
CITY OF CHICAGO-:-WARD 21 PRECINCT 18,0
CITY OF CHICAGO-:-WARD 21 PRECINCT 19,0
CITY OF CHICAGO-:-WARD 21 PRECINCT 20,0
CITY OF CHICAGO-:-WARD 21 PRECINCT 21,0
CITY OF CHICAGO-:-WARD 21 PRECINCT 22,0
CITY OF CHICAGO-:-WARD 21 PRECINCT 23,0
CITY OF CHICAGO-:-WARD 21 PRECINCT 24,0
CITY OF CHICAGO-:-WARD 21 PRECINCT 25,0
CITY OF CHICAGO-:-WARD 21 PRECINCT 26,0
CITY OF CHICAGO-:-WARD 21 PRECINCT 27,0
CITY OF CHICAGO-:-WARD 21 PRECINCT 28,0
CITY OF CHICAGO-:-WARD 21 PRECINCT 29,0
CITY OF CHICAGO-:-WARD 22 PRECINCT 01,0
CITY OF CHICAGO-:-WARD 22 PRECINCT 03,14
CITY OF CHICAGO-:-WARD 22 PRECINCT 04,14
CITY OF CHICAGO-:-WARD 22 PRECINCT 05,14
CITY OF CHICAGO-:-WARD 22 PRECINCT 06,14
CITY OF CHICAGO-:-WARD 22 PRECINCT 07,14
CITY OF CHICAGO-:-WARD 22 PRECINCT 08,14
CITY OF CHICAGO-:-WARD 22 PRECINCT 09,14
CITY OF CHICAGO-:-WARD 22 PRECINCT 10,14
CITY OF CHICAGO-:-WARD 22 PRECINCT 11,14
CITY OF CHICAGO-:-WARD 22 PRECINCT 12,14
CITY OF CHICAGO-:-WARD 22 PRECINCT 13,14
CITY OF CHICAGO-:-WARD 22 PRECINCT 14,14
CITY OF CHICAGO-:-WARD 22 PRECINCT 15,14
CITY OF CHICAGO-:-WARD 22 PRECINCT 16,14
CITY OF CHICAGO-:-WARD 22 PRECINCT 17,14
CITY OF CHICAGO-:-WARD 22 PRECINCT 18,14
CITY OF CHICAGO-:-WARD 22 PRECINCT 19,14
CITY OF CHICAGO-:-WARD 23 PRECINCT 01,14
CITY OF CHICAGO-:-WARD 23 PRECINCT 02,14
CITY OF CHICAGO-:-WARD 23 PRECINCT 03,14
CITY OF CHICAGO-:-WARD 23 PRECINCT 04,14
CITY OF CHICAGO-:-WARD 23 PRECINCT 05,14
CITY OF CHICAGO-:-WARD 23 PRECINCT 06,14
CITY OF CHICAGO-:-WARD 23 PRECINCT 07,14
CITY OF CHICAGO-:-WARD 23 PRECINCT 08,14
CITY OF CHICAGO-:-WARD 23 PRECINCT 09,14
CITY OF CHICAGO-:-WARD 23 PRECINCT 10,14
CITY OF CHICAGO-:-WARD 23 PRECINCT 11,14
CITY OF CHICAGO-:-WARD 23 PRECINCT 12,14
CITY OF CHICAGO-:-WARD 23 PRECINCT 13,14
CITY OF CHICAGO-:-WARD 23 PRECINCT 14,14
CITY OF CHICAGO-:-WARD 23 PRECINCT 15,14
CITY OF CHICAGO-:-WARD 23 PRECINCT 16,14
CITY OF CHICAGO-:-WARD 23 PRECINCT 17,14
CITY OF CHICAGO-:-WARD 23 PRECINCT 18,14
CITY OF CHICAGO-:-WARD 23 PRECINCT 19,14
CITY OF CHICAGO-:-WARD 23 PRECINCT 20,14
CITY OF CHICAGO-:-WARD 23 PRECINCT 21,14
CITY OF CHICAGO-:-WARD 23 PRECINCT 22,14
CITY OF CHICAGO-:-WARD 23 PRECINCT 23,14
CITY OF CHICAGO-:-WARD 23 PRECINCT 24,14
CITY OF CHICAGO-:-WARD 23 PRECINCT 25,14
CITY OF CHICAGO-:-WARD 23 PRECINCT 26,14
CITY OF CHICAGO-:-WARD 23 PRECINCT 27,14
CITY OF CHICAGO-:-WARD 23 PRECINCT 28,14
CITY OF CHICAGO-:-WARD 23 PRECINCT 29,14
CITY OF CHICAGO-:-WARD 23 PRECINCT 30,14
CITY OF CHICAGO-:-WARD 23 PRECINCT 31,14
CITY OF CHICAGO-:-WARD 23 PRECINCT 32,14
CITY OF CHICAGO-:-WARD 23 PRECINCT 33,14
CITY OF CHICAGO-:-WARD 24 PRECINCT 01,0
CITY OF CHICAGO-:-WARD 24 PRECINCT 02,0
CITY OF CHICAGO-:-WARD 24 PRECINCT 03,0
CITY OF CHICAGO-:-WARD 24 PRECINCT 04,0
CITY OF CHICAGO-:-WARD 24 PRECINCT 05,0
CITY OF CHICAGO-:-WARD 24 PRECINCT 06,0
CITY OF CHICAGO-:-WARD 24 PRECINCT 07,0
CITY OF CHICAGO-:-WARD 24 PRECINCT 08,0
CITY OF CHICAGO-:-WARD 24 PRECINCT 09,0
CITY OF CHICAGO-:-WARD 24 PRECINCT 10,0
CITY OF CHICAGO-:-WARD 24 PRECINCT 11,0
CITY OF CHICAGO-:-WARD 24 PRECINCT 12,0
CITY OF CHICAGO-:-WARD 24 PRECINCT 13,0
CITY OF CHICAGO-:-WARD 24 PRECINCT 14,0
CITY OF CHICAGO-:-WARD 24 PRECINCT 15,0
CITY OF CHICAGO-:-WARD 24 PRECINCT 16,0
CITY OF CHICAGO-:-WARD 24 PRECINCT 17,0
CITY OF CHICAGO-:-WARD 24 PRECINCT 19,14
CITY OF CHICAGO-:-WARD 24 PRECINCT 20,0
CITY OF CHICAGO-:-WARD 25 PRECINCT 01,14
CITY OF CHICAGO-:-WARD 25 PRECINCT 02,14
CITY OF CHICAGO-:-WARD 25 PRECINCT 04,14
CITY OF CHICAGO-:-WARD 25 PRECINCT 05,0
CITY OF CHICAGO-:-WARD 25 PRECINCT 06,14
CITY OF CHICAGO-:-WARD 25 PRECINCT 07,14
CITY OF CHICAGO-:-WARD 25 PRECINCT 08,14
CITY OF CHICAGO-:-WARD 25 PRECINCT 09,0
CITY OF CHICAGO-:-WARD 25 PRECINCT 10,0
CITY OF CHICAGO-:-WARD 25 PRECINCT 11,0
CITY OF CHICAGO-:-WARD 25 PRECINCT 12,0
CITY OF CHICAGO-:-WARD 25 PRECINCT 14,0
CITY OF CHICAGO-:-WARD 25 PRECINCT 15,14
CITY OF CHICAGO-:-WARD 25 PRECINCT 16,14
CITY OF CHICAGO-:-WARD 25 PRECINCT 17,14
CITY OF CHICAGO-:-WARD 26 PRECINCT 01,13
CITY OF CHICAGO-:-WARD 26 PRECINCT 02,13
CITY OF CHICAGO-:-WARD 26 PRECINCT 03,0
CITY OF CHICAGO-:-WARD 26 PRECINCT 04,13
CITY OF CHICAGO-:-WARD 26 PRECINCT 05,13
CITY OF CHICAGO-:-WARD 26 PRECINCT 06,13
CITY OF CHICAGO-:-WARD 26 PRECINCT 07,13
CITY OF CHICAGO-:-WARD 26 PRECINCT 08,13
CITY OF CHICAGO-:-WARD 26 PRECINCT 09,13
CITY OF CHICAGO-:-WARD 26 PRECINCT 10,0
CITY OF CHICAGO-:-WARD 26 PRECINCT 11,13
CITY OF CHICAGO-:-WARD 26 PRECINCT 12,13
CITY OF CHICAGO-:-WARD 26 PRECINCT 13,13
CITY OF CHICAGO-:-WARD 26 PRECINCT 14,13
CITY OF CHICAGO-:-WARD 26 PRECINCT 15,13
CITY OF CHICAGO-:-WARD 26 PRECINCT 16,0
CITY OF CHICAGO-:-WARD 26 PRECINCT 17,13
CITY OF CHICAGO-:-WARD 26 PRECINCT 18,13
CITY OF CHICAGO-:-WARD 26 PRECINCT 19,0
CITY OF CHICAGO-:-WARD 26 PRECINCT 20,0
CITY OF CHICAGO-:-WARD 26 PRECINCT 21,13
CITY OF CHICAGO-:-WARD 26 PRECINCT 22,13
CITY OF CHICAGO-:-WARD 26 PRECINCT 23,13
CITY OF CHICAGO-:-WARD 26 PRECINCT 24,13
CITY OF CHICAGO-:-WARD 26 PRECINCT 25,0
CITY OF CHICAGO-:-WARD 26 PRECINCT 26,0
CITY OF CHICAGO-:-WARD 26 PRECINCT 28,0
CITY OF CHICAGO-:-WARD 26 PRECINCT 29,13
CITY OF CHICAGO-:-WARD 26 PRECINCT 30,0
CITY OF CHICAGO-:-WARD 26 PRECINCT 31,13
CITY OF CHICAGO-:-WARD 26 PRECINCT 32,13
CITY OF CHICAGO-:-WARD 27 PRECINCT 01,13
CITY OF CHICAGO-:-WARD 27 PRECINCT 02,0
CITY OF CHICAGO-:-WARD 27 PRECINCT 03,0
CITY OF CHICAGO-:-WARD 27 PRECINCT 04,0
CITY OF CHICAGO-:-WARD 27 PRECINCT 05,0
CITY OF CHICAGO-:-WARD 27 PRECINCT 06,13
CITY OF CHICAGO-:-WARD 27 PRECINCT 07,13
CITY OF CHICAGO-:-WARD 27 PRECINCT 08,0
CITY OF CHICAGO-:-WARD 27 PRECINCT 10,0
CITY OF CHICAGO-:-WARD 27 PRECINCT 11,13
CITY OF CHICAGO-:-WARD 27 PRECINCT 14,0
CITY OF CHICAGO-:-WARD 27 PRECINCT 15,13
CITY OF CHICAGO-:-WARD 27 PRECINCT 16,0
CITY OF CHICAGO-:-WARD 27 PRECINCT 17,0
CITY OF CHICAGO-:-WARD 27 PRECINCT 18,0
CITY OF CHICAGO-:-WARD 27 PRECINCT 19,0
CITY OF CHICAGO-:-WARD 27 PRECINCT 20,13
CITY OF CHICAGO-:-WARD 27 PRECINCT 22,0
CITY OF CHICAGO-:-WARD 27 PRECINCT 23,0
CITY OF CHICAGO-:-WARD 27 PRECINCT 24,0
CITY OF CHICAGO-:-WARD 27 PRECINCT 25,0
CITY OF CHICAGO-:-WARD 27 PRECINCT 26,0
CITY OF CHICAGO-:-WARD 27 PRECINCT 27,0
CITY OF CHICAGO-:-WARD 27 PRECINCT 28,13
CITY OF CHICAGO-:-WARD 27 PRECINCT 29,13
CITY OF CHICAGO-:-WARD 28 PRECINCT 01,0
CITY OF CHICAGO-:-WARD 28 PRECINCT 02,0
CITY OF CHICAGO-:-WARD 28 PRECINCT 03,0
CITY OF CHICAGO-:-WARD 28 PRECINCT 04,0
CITY OF CHICAGO-:-WARD 28 PRECINCT 05,0
CITY OF CHICAGO-:-WARD 28 PRECINCT 06,0
CITY OF CHICAGO-:-WARD 28 PRECINCT 07,0
CITY OF CHICAGO-:-WARD 28 PRECINCT 08,0
CITY OF CHICAGO-:-WARD 28 PRECINCT 09,0
CITY OF CHICAGO-:-WARD 28 PRECINCT 10,0
CITY OF CHICAGO-:-WARD 28 PRECINCT 11,0
CITY OF CHICAGO-:-WARD 28 PRECINCT 12,14
CITY OF CHICAGO-:-WARD 28 PRECINCT 13,0
CITY OF CHICAGO-:-WARD 28 PRECINCT 14,0
CITY OF CHICAGO-:-WARD 28 PRECINCT 15,0
CITY OF CHICAGO-:-WARD 28 PRECINCT 16,0
CITY OF CHICAGO-:-WARD 28 PRECINCT 18,0
CITY OF CHICAGO-:-WARD 28 PRECINCT 19,0
CITY OF CHICAGO-:-WARD 28 PRECINCT 20,0
CITY OF CHICAGO-:-WARD 28 PRECINCT 21,0
CITY OF CHICAGO-:-WARD 28 PRECINCT 22,0
CITY OF CHICAGO-:-WARD 28 PRECINCT 23,0
CITY OF CHICAGO-:-WARD 28 PRECINCT 24,0
CITY OF CHICAGO-:-WARD 28 PRECINCT 25,0
CITY OF CHICAGO-:-WARD 28 PRECINCT 26,0
CITY OF CHICAGO-:-WARD 29 PRECINCT 01,0
CITY OF CHICAGO-:-WARD 29 PRECINCT 02,0
CITY OF CHICAGO-:-WARD 29 PRECINCT 03,0
CITY OF CHICAGO-:-WARD 29 PRECINCT 06,0
CITY OF CHICAGO-:-WARD 29 PRECINCT 07,0
CITY OF CHICAGO-:-WARD 29 PRECINCT 08,0
CITY OF CHICAGO-:-WARD 29 PRECINCT 09,0
CITY OF CHICAGO-:-WARD 29 PRECINCT 10,0
CITY OF CHICAGO-:-WARD 29 PRECINCT 11,0
CITY OF CHICAGO-:-WARD 29 PRECINCT 12,0
CITY OF CHICAGO-:-WARD 29 PRECINCT 13,0
CITY OF CHICAGO-:-WARD 29 PRECINCT 14,0
CITY OF CHICAGO-:-WARD 29 PRECINCT 15,0
CITY OF CHICAGO-:-WARD 29 PRECINCT 16,0
CITY OF CHICAGO-:-WARD 29 PRECINCT 17,0
CITY OF CHICAGO-:-WARD 29 PRECINCT 18,0
CITY OF CHICAGO-:-WARD 29 PRECINCT 19,0
CITY OF CHICAGO-:-WARD 29 PRECINCT 20,0
CITY OF CHICAGO-:-WARD 29 PRECINCT 21,0
CITY OF CHICAGO-:-WARD 29 PRECINCT 22,0
CITY OF CHICAGO-:-WARD 29 PRECINCT 23,0
CITY OF CHICAGO-:-WARD 29 PRECINCT 24,0
CITY OF CHICAGO-:-WARD 30 PRECINCT 01,13
CITY OF CHICAGO-:-WARD 30 PRECINCT 02,13
CITY OF CHICAGO-:-WARD 30 PRECINCT 04,13
CITY OF CHICAGO-:-WARD 30 PRECINCT 05,13
CITY OF CHICAGO-:-WARD 30 PRECINCT 06,13
CITY OF CHICAGO-:-WARD 30 PRECINCT 07,13
CITY OF CHICAGO-:-WARD 30 PRECINCT 08,13
CITY OF CHICAGO-:-WARD 30 PRECINCT 09,13
CITY OF CHICAGO-:-WARD 30 PRECINCT 10,13
CITY OF CHICAGO-:-WARD 30 PRECINCT 11,13
CITY OF CHICAGO-:-WARD 30 PRECINCT 12,13
CITY OF CHICAGO-:-WARD 30 PRECINCT 13,13
CITY OF CHICAGO-:-WARD 30 PRECINCT 14,13
CITY OF CHICAGO-:-WARD 30 PRECINCT 16,13
CITY OF CHICAGO-:-WARD 30 PRECINCT 17,13
CITY OF CHICAGO-:-WARD 30 PRECINCT 18,13
CITY OF CHICAGO-:-WARD 30 PRECINCT 19,13
CITY OF CHICAGO-:-WARD 30 PRECINCT 20,13
CITY OF CHICAGO-:-WARD 30 PRECINCT 21,13
CITY OF CHICAGO-:-WARD 30 PRECINCT 24,13
CITY OF CHICAGO-:-WARD 30 PRECINCT 25,13
CITY OF CHICAGO-:-WARD 30 PRECINCT 26,13
CITY OF CHICAGO-:-WARD 31 PRECINCT 01,13
CITY OF CHICAGO-:-WARD 31 PRECINCT 02,13
CITY OF CHICAGO-:-WARD 31 PRECINCT 03,13
CITY OF CHICAGO-:-WARD 31 PRECINCT 04,0
CITY OF CHICAGO-:-WARD 31 PRECINCT 05,13
CITY OF CHICAGO-:-WARD 31 PRECINCT 06,13
CITY OF CHICAGO-:-WARD 31 PRECINCT 07,13
CITY OF CHICAGO-:-WARD 31 PRECINCT 08,13
CITY OF CHICAGO-:-WARD 31 PRECINCT 09,13
CITY OF CHICAGO-:-WARD 31 PRECINCT 10,13
CITY OF CHICAGO-:-WARD 31 PRECINCT 11,13
CITY OF CHICAGO-:-WARD 31 PRECINCT 12,13
CITY OF CHICAGO-:-WARD 31 PRECINCT 13,13
CITY OF CHICAGO-:-WARD 31 PRECINCT 14,13
CITY OF CHICAGO-:-WARD 31 PRECINCT 15,13
CITY OF CHICAGO-:-WARD 31 PRECINCT 16,13
CITY OF CHICAGO-:-WARD 31 PRECINCT 17,13
CITY OF CHICAGO-:-WARD 31 PRECINCT 18,13
CITY OF CHICAGO-:-WARD 31 PRECINCT 19,13
CITY OF CHICAGO-:-WARD 31 PRECINCT 20,13
CITY OF CHICAGO-:-WARD 31 PRECINCT 21,13
CITY OF CHICAGO-:-WARD 31 PRECINCT 22,13
CITY OF CHICAGO-:-WARD 31 PRECINCT 23,13
CITY OF CHICAGO-:-WARD 32 PRECINCT 01,13
CITY OF CHICAGO-:-WARD 32 PRECINCT 02,13
CITY OF CHICAGO-:-WARD 32 PRECINCT 03,13
CITY OF CHICAGO-:-WARD 32 PRECINCT 04,13
CITY OF CHICAGO-:-WARD 32 PRECINCT 05,13
CITY OF CHICAGO-:-WARD 32 PRECINCT 06,13
CITY OF CHICAGO-:-WARD 32 PRECINCT 07,13
CITY OF CHICAGO-:-WARD 32 PRECINCT 08,13
CITY OF CHICAGO-:-WARD 32 PRECINCT 09,13
CITY OF CHICAGO-:-WARD 32 PRECINCT 10,13
CITY OF CHICAGO-:-WARD 32 PRECINCT 11,13
CITY OF CHICAGO-:-WARD 32 PRECINCT 12,13
CITY OF CHICAGO-:-WARD 32 PRECINCT 13,13
CITY OF CHICAGO-:-WARD 32 PRECINCT 14,13
CITY OF CHICAGO-:-WARD 32 PRECINCT 15,13
CITY OF CHICAGO-:-WARD 32 PRECINCT 16,13
CITY OF CHICAGO-:-WARD 32 PRECINCT 17,13
CITY OF CHICAGO-:-WARD 32 PRECINCT 18,13
CITY OF CHICAGO-:-WARD 32 PRECINCT 20,13
CITY OF CHICAGO-:-WARD 32 PRECINCT 21,0
CITY OF CHICAGO-:-WARD 32 PRECINCT 22,0
CITY OF CHICAGO-:-WARD 32 PRECINCT 23,13
CITY OF CHICAGO-:-WARD 32 PRECINCT 24,13
CITY OF CHICAGO-:-WARD 32 PRECINCT 25,13
CITY OF CHICAGO-:-WARD 32 PRECINCT 26,13
CITY OF CHICAGO-:-WARD 32 PRECINCT 27,0
CITY OF CHICAGO-:-WARD 32 PRECINCT 28,13
CITY OF CHICAGO-:-WARD 32 PRECINCT 29,13
CITY OF CHICAGO-:-WARD 32 PRECINCT 30,13
CITY OF CHICAGO-:-WARD 33 PRECINCT 01,13
CITY OF CHICAGO-:-WARD 33 PRECINCT 02,13
CITY OF CHICAGO-:-WARD 33 PRECINCT 03,13
CITY OF CHICAGO-:-WARD 33 PRECINCT 04,13
CITY OF CHICAGO-:-WARD 33 PRECINCT 05,13
CITY OF CHICAGO-:-WARD 33 PRECINCT 06,13
CITY OF CHICAGO-:-WARD 33 PRECINCT 07,13
CITY OF CHICAGO-:-WARD 33 PRECINCT 08,13
CITY OF CHICAGO-:-WARD 33 PRECINCT 09,13
CITY OF CHICAGO-:-WARD 33 PRECINCT 10,13
CITY OF CHICAGO-:-WARD 33 PRECINCT 11,13
CITY OF CHICAGO-:-WARD 33 PRECINCT 12,13
CITY OF CHICAGO-:-WARD 33 PRECINCT 13,13
CITY OF CHICAGO-:-WARD 33 PRECINCT 14,13
CITY OF CHICAGO-:-WARD 33 PRECINCT 15,13
CITY OF CHICAGO-:-WARD 33 PRECINCT 17,13
CITY OF CHICAGO-:-WARD 34 PRECINCT 01,0
CITY OF CHICAGO-:-WARD 34 PRECINCT 02,0
CITY OF CHICAGO-:-WARD 34 PRECINCT 03,0
CITY OF CHICAGO-:-WARD 34 PRECINCT 04,0
CITY OF CHICAGO-:-WARD 34 PRECINCT 05,0
CITY OF CHICAGO-:-WARD 34 PRECINCT 06,0
CITY OF CHICAGO-:-WARD 34 PRECINCT 07,0
CITY OF CHICAGO-:-WARD 34 PRECINCT 08,0
CITY OF CHICAGO-:-WARD 34 PRECINCT 09,0
CITY OF CHICAGO-:-WARD 34 PRECINCT 10,0
CITY OF CHICAGO-:-WARD 34 PRECINCT 11,0
CITY OF CHICAGO-:-WARD 34 PRECINCT 12,0
CITY OF CHICAGO-:-WARD 34 PRECINCT 13,13
CITY OF CHICAGO-:-WARD 34 PRECINCT 14,13
CITY OF CHICAGO-:-WARD 34 PRECINCT 15,0
CITY OF CHICAGO-:-WARD 34 PRECINCT 16,0
CITY OF CHICAGO-:-WARD 34 PRECINCT 17,0
CITY OF CHICAGO-:-WARD 34 PRECINCT 18,14
CITY OF CHICAGO-:-WARD 34 PRECINCT 19,0
CITY OF CHICAGO-:-WARD 34 PRECINCT 20,0
CITY OF CHICAGO-:-WARD 35 PRECINCT 01,13
CITY OF CHICAGO-:-WARD 35 PRECINCT 02,13
CITY OF CHICAGO-:-WARD 35 PRECINCT 03,0
CITY OF CHICAGO-:-WARD 35 PRECINCT 04,13
CITY OF CHICAGO-:-WARD 35 PRECINCT 05,0
CITY OF CHICAGO-:-WARD 35 PRECINCT 06,0
CITY OF CHICAGO-:-WARD 35 PRECINCT 07,0
CITY OF CHICAGO-:-WARD 35 PRECINCT 08,0
CITY OF CHICAGO-:-WARD 35 PRECINCT 09,0
CITY OF CHICAGO-:-WARD 35 PRECINCT 10,0
CITY OF CHICAGO-:-WARD 35 PRECINCT 11,0
CITY OF CHICAGO-:-WARD 35 PRECINCT 12,0
CITY OF CHICAGO-:-WARD 35 PRECINCT 13,0
CITY OF CHICAGO-:-WARD 35 PRECINCT 14,0
CITY OF CHICAGO-:-WARD 35 PRECINCT 15,13
CITY OF CHICAGO-:-WARD 35 PRECINCT 16,0
CITY OF CHICAGO-:-WARD 35 PRECINCT 17,13
CITY OF CHICAGO-:-WARD 35 PRECINCT 18,0
CITY OF CHICAGO-:-WARD 35 PRECINCT 19,13
CITY OF CHICAGO-:-WARD 35 PRECINCT 20,13
CITY OF CHICAGO-:-WARD 35 PRECINCT 21,13
CITY OF CHICAGO-:-WARD 36 PRECINCT 01,13
CITY OF CHICAGO-:-WARD 36 PRECINCT 02,13
CITY OF CHICAGO-:-WARD 36 PRECINCT 03,0
CITY OF CHICAGO-:-WARD 36 PRECINCT 04,13
CITY OF CHICAGO-:-WARD 36 PRECINCT 05,0
CITY OF CHICAGO-:-WARD 36 PRECINCT 06,0
CITY OF CHICAGO-:-WARD 36 PRECINCT 07,13
CITY OF CHICAGO-:-WARD 36 PRECINCT 08,0
CITY OF CHICAGO-:-WARD 36 PRECINCT 09,0
CITY OF CHICAGO-:-WARD 36 PRECINCT 10,13
CITY OF CHICAGO-:-WARD 36 PRECINCT 11,13
CITY OF CHICAGO-:-WARD 36 PRECINCT 12,13
CITY OF CHICAGO-:-WARD 36 PRECINCT 13,13
CITY OF CHICAGO-:-WARD 36 PRECINCT 14,13
CITY OF CHICAGO-:-WARD 36 PRECINCT 15,13
CITY OF CHICAGO-:-WARD 36 PRECINCT 16,13
CITY OF CHICAGO-:-WARD 36 PRECINCT 17,0
CITY OF CHICAGO-:-WARD 36 PRECINCT 18,13
CITY OF CHICAGO-:-WARD 36 PRECINCT 19,0
CITY OF CHICAGO-:-WARD 36 PRECINCT 20,13
CITY OF CHICAGO-:-WARD 36 PRECINCT 21,13
CITY OF CHICAGO-:-WARD 36 PRECINCT 22,13
CITY OF CHICAGO-:-WARD 36 PRECINCT 23,13
CITY OF CHICAGO-:-WARD 36 PRECINCT 24,13
CITY OF CHICAGO-:-WARD 36 PRECINCT 25,13
CITY OF CHICAGO-:-WARD 36 PRECINCT 26,13
CITY OF CHICAGO-:-WARD 36 PRECINCT 27,13
CITY OF CHICAGO-:-WARD 37 PRECINCT 01,0
CITY OF CHICAGO-:-WARD 37 PRECINCT 02,0
CITY OF CHICAGO-:-WARD 37 PRECINCT 03,0
CITY OF CHICAGO-:-WARD 37 PRECINCT 04,0
CITY OF CHICAGO-:-WARD 37 PRECINCT 05,0
CITY OF CHICAGO-:-WARD 37 PRECINCT 06,0
CITY OF CHICAGO-:-WARD 37 PRECINCT 07,0
CITY OF CHICAGO-:-WARD 37 PRECINCT 08,0
CITY OF CHICAGO-:-WARD 37 PRECINCT 09,0
CITY OF CHICAGO-:-WARD 37 PRECINCT 10,0
CITY OF CHICAGO-:-WARD 37 PRECINCT 11,0
CITY OF CHICAGO-:-WARD 37 PRECINCT 12,0
CITY OF CHICAGO-:-WARD 37 PRECINCT 13,0
CITY OF CHICAGO-:-WARD 37 PRECINCT 14,0
CITY OF CHICAGO-:-WARD 37 PRECINCT 15,0
CITY OF CHICAGO-:-WARD 37 PRECINCT 17,0
CITY OF CHICAGO-:-WARD 37 PRECINCT 18,0
CITY OF CHICAGO-:-WARD 37 PRECINCT 19,0
CITY OF CHICAGO-:-WARD 37 PRECINCT 20,0
CITY OF CHICAGO-:-WARD 37 PRECINCT 21,0
CITY OF CHICAGO-:-WARD 37 PRECINCT 22,13
CITY OF CHICAGO-:-WARD 38 PRECINCT 01,0
CITY OF CHICAGO-:-WARD 38 PRECINCT 02,0
CITY OF CHICAGO-:-WARD 38 PRECINCT 03,0
CITY OF CHICAGO-:-WARD 38 PRECINCT 04,0
CITY OF CHICAGO-:-WARD 38 PRECINCT 05,0
CITY OF CHICAGO-:-WARD 38 PRECINCT 07,0
CITY OF CHICAGO-:-WARD 38 PRECINCT 08,0
CITY OF CHICAGO-:-WARD 38 PRECINCT 09,0
CITY OF CHICAGO-:-WARD 38 PRECINCT 10,0
CITY OF CHICAGO-:-WARD 38 PRECINCT 12,0
CITY OF CHICAGO-:-WARD 38 PRECINCT 13,0
CITY OF CHICAGO-:-WARD 38 PRECINCT 14,0
CITY OF CHICAGO-:-WARD 38 PRECINCT 15,13
CITY OF CHICAGO-:-WARD 38 PRECINCT 16,13
CITY OF CHICAGO-:-WARD 38 PRECINCT 18,13
CITY OF CHICAGO-:-WARD 38 PRECINCT 19,13
CITY OF CHICAGO-:-WARD 38 PRECINCT 20,13
CITY OF CHICAGO-:-WARD 38 PRECINCT 21,13
CITY OF CHICAGO-:-WARD 38 PRECINCT 22,13
CITY OF CHICAGO-:-WARD 38 PRECINCT 23,13
CITY OF CHICAGO-:-WARD 38 PRECINCT 25,13
CITY OF CHICAGO-:-WARD 39 PRECINCT 01,13
CITY OF CHICAGO-:-WARD 39 PRECINCT 02,13
CITY OF CHICAGO-:-WARD 39 PRECINCT 03,13
CITY OF CHICAGO-:-WARD 39 PRECINCT 04,13
CITY OF CHICAGO-:-WARD 39 PRECINCT 05,13
CITY OF CHICAGO-:-WARD 39 PRECINCT 06,13
CITY OF CHICAGO-:-WARD 39 PRECINCT 07,13
CITY OF CHICAGO-:-WARD 39 PRECINCT 08,13
CITY OF CHICAGO-:-WARD 39 PRECINCT 09,13
CITY OF CHICAGO-:-WARD 39 PRECINCT 10,13
CITY OF CHICAGO-:-WARD 39 PRECINCT 11,13
CITY OF CHICAGO-:-WARD 39 PRECINCT 12,13
CITY OF CHICAGO-:-WARD 39 PRECINCT 13,13
CITY OF CHICAGO-:-WARD 39 PRECINCT 14,13
CITY OF CHICAGO-:-WARD 39 PRECINCT 15,13
CITY OF CHICAGO-:-WARD 39 PRECINCT 16,13
CITY OF CHICAGO-:-WARD 39 PRECINCT 17,13
CITY OF CHICAGO-:-WARD 39 PRECINCT 18,13
CITY OF CHICAGO-:-WARD 39 PRECINCT 19,13
CITY OF CHICAGO-:-WARD 39 PRECINCT 20,13
CITY OF CHICAGO-:-WARD 39 PRECINCT 21,13
CITY OF CHICAGO-:-WARD 39 PRECINCT 22,13
CITY OF CHICAGO-:-WARD 39 PRECINCT 23,13
CITY OF CHICAGO-:-WARD 39 PRECINCT 24,13
CITY OF CHICAGO-:-WARD 39 PRECINCT 25,13
CITY OF CHICAGO-:-WARD 39 PRECINCT 26,13
CITY OF CHICAGO-:-WARD 39 PRECINCT 27,13
CITY OF CHICAGO-:-WARD 39 PRECINCT 29,13
CITY OF CHICAGO-:-WARD 39 PRECINCT 30,13
CITY OF CHICAGO-:-WARD 39 PRECINCT 31,13
CITY OF CHICAGO-:-WARD 39 PRECINCT 32,13
CITY OF CHICAGO-:-WARD 39 PRECINCT 33,13
CITY OF CHICAGO-:-WARD 39 PRECINCT 34,13
CITY OF CHICAGO-:-WARD 39 PRECINCT 35,13
CITY OF CHICAGO-:-WARD 40 PRECINCT 01,13
CITY OF CHICAGO-:-WARD 40 PRECINCT 02,13
CITY OF CHICAGO-:-WARD 40 PRECINCT 03,13
CITY OF CHICAGO-:-WARD 40 PRECINCT 05,13
CITY OF CHICAGO-:-WARD 40 PRECINCT 06,13
CITY OF CHICAGO-:-WARD 40 PRECINCT 07,13
CITY OF CHICAGO-:-WARD 40 PRECINCT 08,13
CITY OF CHICAGO-:-WARD 40 PRECINCT 09,13
CITY OF CHICAGO-:-WARD 40 PRECINCT 10,13
CITY OF CHICAGO-:-WARD 40 PRECINCT 11,13
CITY OF CHICAGO-:-WARD 40 PRECINCT 12,13
CITY OF CHICAGO-:-WARD 40 PRECINCT 13,13
CITY OF CHICAGO-:-WARD 40 PRECINCT 14,13
CITY OF CHICAGO-:-WARD 40 PRECINCT 15,13
CITY OF CHICAGO-:-WARD 40 PRECINCT 16,13
CITY OF CHICAGO-:-WARD 40 PRECINCT 17,13
CITY OF CHICAGO-:-WARD 40 PRECINCT 18,13
CITY OF CHICAGO-:-WARD 40 PRECINCT 20,13
CITY OF CHICAGO-:-WARD 40 PRECINCT 21,13
CITY OF CHICAGO-:-WARD 40 PRECINCT 22,13
CITY OF CHICAGO-:-WARD 41 PRECINCT 01,0
CITY OF CHICAGO-:-WARD 41 PRECINCT 02,0
CITY OF CHICAGO-:-WARD 41 PRECINCT 03,0
CITY OF CHICAGO-:-WARD 41 PRECINCT 04,13
CITY OF CHICAGO-:-WARD 41 PRECINCT 05,13
CITY OF CHICAGO-:-WARD 41 PRECINCT 06,13
CITY OF CHICAGO-:-WARD 41 PRECINCT 07,13
CITY OF CHICAGO-:-WARD 41 PRECINCT 08,13
CITY OF CHICAGO-:-WARD 41 PRECINCT 09,13
CITY OF CHICAGO-:-WARD 41 PRECINCT 10,13
CITY OF CHICAGO-:-WARD 41 PRECINCT 11,13
CITY OF CHICAGO-:-WARD 41 PRECINCT 12,13
CITY OF CHICAGO-:-WARD 41 PRECINCT 13,13
CITY OF CHICAGO-:-WARD 41 PRECINCT 14,13
CITY OF CHICAGO-:-WARD 41 PRECINCT 15,13
CITY OF CHICAGO-:-WARD 41 PRECINCT 16,13
CITY OF CHICAGO-:-WARD 41 PRECINCT 17,13
CITY OF CHICAGO-:-WARD 41 PRECINCT 18,13
CITY OF CHICAGO-:-WARD 41 PRECINCT 19,13
CITY OF CHICAGO-:-WARD 41 PRECINCT 20,13
CITY OF CHICAGO-:-WARD 41 PRECINCT 21,13
CITY OF CHICAGO-:-WARD 41 PRECINCT 22,13
CITY OF CHICAGO-:-WARD 41 PRECINCT 23,13
CITY OF CHICAGO-:-WARD 41 PRECINCT 24,13
CITY OF CHICAGO-:-WARD 41 PRECINCT 25,13
CITY OF CHICAGO-:-WARD 41 PRECINCT 26,13
CITY OF CHICAGO-:-WARD 41 PRECINCT 27,13
CITY OF CHICAGO-:-WARD 41 PRECINCT 29,13
CITY OF CHICAGO-:-WARD 41 PRECINCT 30,13
CITY OF CHICAGO-:-WARD 41 PRECINCT 31,13
CITY OF CHICAGO-:-WARD 42 PRECINCT 01,0
CITY OF CHICAGO-:-WARD 42 PRECINCT 02,0
CITY OF CHICAGO-:-WARD 42 PRECINCT 03,0
CITY OF CHICAGO-:-WARD 42 PRECINCT 04,0
CITY OF CHICAGO-:-WARD 42 PRECINCT 05,0
CITY OF CHICAGO-:-WARD 42 PRECINCT 06,0
CITY OF CHICAGO-:-WARD 42 PRECINCT 07,0
CITY OF CHICAGO-:-WARD 42 PRECINCT 08,0
CITY OF CHICAGO-:-WARD 42 PRECINCT 10,0
CITY OF CHICAGO-:-WARD 42 PRECINCT 11,0
CITY OF CHICAGO-:-WARD 42 PRECINCT 12,0
CITY OF CHICAGO-:-WARD 42 PRECINCT 13,0
CITY OF CHICAGO-:-WARD 42 PRECINCT 14,0
CITY OF CHICAGO-:-WARD 42 PRECINCT 15,0
CITY OF CHICAGO-:-WARD 42 PRECINCT 16,0
CITY OF CHICAGO-:-WARD 42 PRECINCT 17,0
CITY OF CHICAGO-:-WARD 42 PRECINCT 18,13
CITY OF CHICAGO-:-WARD 42 PRECINCT 19,13
CITY OF CHICAGO-:-WARD 42 PRECINCT 20,13
CITY OF CHICAGO-:-WARD 42 PRECINCT 21,13
CITY OF CHICAGO-:-WARD 42 PRECINCT 23,13
CITY OF CHICAGO-:-WARD 42 PRECINCT 24,13
CITY OF CHICAGO-:-WARD 43 PRECINCT 01,13
CITY OF CHICAGO-:-WARD 43 PRECINCT 02,13
CITY OF CHICAGO-:-WARD 43 PRECINCT 03,13
CITY OF CHICAGO-:-WARD 43 PRECINCT 04,13
CITY OF CHICAGO-:-WARD 43 PRECINCT 05,13
CITY OF CHICAGO-:-WARD 43 PRECINCT 06,13
CITY OF CHICAGO-:-WARD 43 PRECINCT 07,13
CITY OF CHICAGO-:-WARD 43 PRECINCT 08,13
CITY OF CHICAGO-:-WARD 43 PRECINCT 09,13
CITY OF CHICAGO-:-WARD 43 PRECINCT 10,13
CITY OF CHICAGO-:-WARD 43 PRECINCT 11,13
CITY OF CHICAGO-:-WARD 43 PRECINCT 12,13
CITY OF CHICAGO-:-WARD 43 PRECINCT 13,13
CITY OF CHICAGO-:-WARD 43 PRECINCT 14,13
CITY OF CHICAGO-:-WARD 43 PRECINCT 16,13
CITY OF CHICAGO-:-WARD 43 PRECINCT 17,13
CITY OF CHICAGO-:-WARD 43 PRECINCT 18,13
CITY OF CHICAGO-:-WARD 43 PRECINCT 19,13
CITY OF CHICAGO-:-WARD 43 PRECINCT 20,13
CITY OF CHICAGO-:-WARD 43 PRECINCT 21,13
CITY OF CHICAGO-:-WARD 43 PRECINCT 22,13
CITY OF CHICAGO-:-WARD 43 PRECINCT 23,13
CITY OF CHICAGO-:-WARD 44 PRECINCT 01,13
CITY OF CHICAGO-:-WARD 44 PRECINCT 02,13
CITY OF CHICAGO-:-WARD 44 PRECINCT 03,13
CITY OF CHICAGO-:-WARD 44 PRECINCT 04,13
CITY OF CHICAGO-:-WARD 44 PRECINCT 05,13
CITY OF CHICAGO-:-WARD 44 PRECINCT 06,13
CITY OF CHICAGO-:-WARD 44 PRECINCT 07,13
CITY OF CHICAGO-:-WARD 44 PRECINCT 08,13
CITY OF CHICAGO-:-WARD 44 PRECINCT 09,13
CITY OF CHICAGO-:-WARD 44 PRECINCT 10,13
CITY OF CHICAGO-:-WARD 44 PRECINCT 11,13
CITY OF CHICAGO-:-WARD 44 PRECINCT 12,13
CITY OF CHICAGO-:-WARD 44 PRECINCT 13,13
CITY OF CHICAGO-:-WARD 44 PRECINCT 14,13
CITY OF CHICAGO-:-WARD 44 PRECINCT 15,13
CITY OF CHICAGO-:-WARD 44 PRECINCT 16,13
CITY OF CHICAGO-:-WARD 44 PRECINCT 17,13
CITY OF CHICAGO-:-WARD 44 PRECINCT 18,13
CITY OF CHICAGO-:-WARD 44 PRECINCT 19,13
CITY OF CHICAGO-:-WARD 44 PRECINCT 20,13
CITY OF CHICAGO-:-WARD 44 PRECINCT 21,13
CITY OF CHICAGO-:-WARD 45 PRECINCT 01,13
CITY OF CHICAGO-:-WARD 45 PRECINCT 02,13
CITY OF CHICAGO-:-WARD 45 PRECINCT 03,13
CITY OF CHICAGO-:-WARD 45 PRECINCT 04,13
CITY OF CHICAGO-:-WARD 45 PRECINCT 05,13
CITY OF CHICAGO-:-WARD 45 PRECINCT 06,13
CITY OF CHICAGO-:-WARD 45 PRECINCT 07,13
CITY OF CHICAGO-:-WARD 45 PRECINCT 08,13
CITY OF CHICAGO-:-WARD 45 PRECINCT 09,13
CITY OF CHICAGO-:-WARD 45 PRECINCT 10,13
CITY OF CHICAGO-:-WARD 45 PRECINCT 11,13
CITY OF CHICAGO-:-WARD 45 PRECINCT 12,13
CITY OF CHICAGO-:-WARD 45 PRECINCT 13,13
CITY OF CHICAGO-:-WARD 45 PRECINCT 14,13
CITY OF CHICAGO-:-WARD 45 PRECINCT 15,13
CITY OF CHICAGO-:-WARD 45 PRECINCT 16,13
CITY OF CHICAGO-:-WARD 45 PRECINCT 17,13
CITY OF CHICAGO-:-WARD 45 PRECINCT 18,13
CITY OF CHICAGO-:-WARD 45 PRECINCT 19,13
CITY OF CHICAGO-:-WARD 45 PRECINCT 20,13
CITY OF CHICAGO-:-WARD 45 PRECINCT 21,13
CITY OF CHICAGO-:-WARD 45 PRECINCT 22,13
CITY OF CHICAGO-:-WARD 45 PRECINCT 23,13
CITY OF CHICAGO-:-WARD 45 PRECINCT 25,13
CITY OF CHICAGO-:-WARD 45 PRECINCT 26,13
CITY OF CHICAGO-:-WARD 45 PRECINCT 28,13
CITY OF CHICAGO-:-WARD 46 PRECINCT 01,13
CITY OF CHICAGO-:-WARD 46 PRECINCT 02,13
CITY OF CHICAGO-:-WARD 46 PRECINCT 03,13
CITY OF CHICAGO-:-WARD 46 PRECINCT 04,13
CITY OF CHICAGO-:-WARD 46 PRECINCT 05,13
CITY OF CHICAGO-:-WARD 46 PRECINCT 06,13
CITY OF CHICAGO-:-WARD 46 PRECINCT 09,13
CITY OF CHICAGO-:-WARD 46 PRECINCT 11,13
CITY OF CHICAGO-:-WARD 46 PRECINCT 12,13
CITY OF CHICAGO-:-WARD 46 PRECINCT 13,13
CITY OF CHICAGO-:-WARD 46 PRECINCT 14,13
CITY OF CHICAGO-:-WARD 46 PRECINCT 15,13
CITY OF CHICAGO-:-WARD 46 PRECINCT 16,13
CITY OF CHICAGO-:-WARD 46 PRECINCT 17,13
CITY OF CHICAGO-:-WARD 46 PRECINCT 18,13
CITY OF CHICAGO-:-WARD 46 PRECINCT 19,13
CITY OF CHICAGO-:-WARD 46 PRECINCT 20,13
CITY OF CHICAGO-:-WARD 46 PRECINCT 21,13
CITY OF CHICAGO-:-WARD 46 PRECINCT 22,13
CITY OF CHICAGO-:-WARD 46 PRECINCT 23,13
CITY OF CHICAGO-:-WARD 47 PRECINCT 01,13
CITY OF CHICAGO-:-WARD 47 PRECINCT 04,13
CITY OF CHICAGO-:-WARD 47 PRECINCT 05,13
CITY OF CHICAGO-:-WARD 47 PRECINCT 06,13
CITY OF CHICAGO-:-WARD 47 PRECINCT 07,13
CITY OF CHICAGO-:-WARD 47 PRECINCT 08,13
CITY OF CHICAGO-:-WARD 47 PRECINCT 09,13
CITY OF CHICAGO-:-WARD 47 PRECINCT 10,13
CITY OF CHICAGO-:-WARD 47 PRECINCT 11,13
CITY OF CHICAGO-:-WARD 47 PRECINCT 12,13
CITY OF CHICAGO-:-WARD 47 PRECINCT 13,13
CITY OF CHICAGO-:-WARD 47 PRECINCT 14,13
CITY OF CHICAGO-:-WARD 47 PRECINCT 15,13
CITY OF CHICAGO-:-WARD 47 PRECINCT 16,13
CITY OF CHICAGO-:-WARD 47 PRECINCT 17,13
CITY OF CHICAGO-:-WARD 47 PRECINCT 18,13
CITY OF CHICAGO-:-WARD 47 PRECINCT 19,13
CITY OF CHICAGO-:-WARD 47 PRECINCT 20,13
CITY OF CHICAGO-:-WARD 47 PRECINCT 21,13
CITY OF CHICAGO-:-WARD 47 PRECINCT 22,13
CITY OF CHICAGO-:-WARD 47 PRECINCT 23,13
CITY OF CHICAGO-:-WARD 47 PRECINCT 24,13
CITY OF CHICAGO-:-WARD 47 PRECINCT 25,13
CITY OF CHICAGO-:-WARD 47 PRECINCT 26,13
CITY OF CHICAGO-:-WARD 47 PRECINCT 27,13
CITY OF CHICAGO-:-WARD 48 PRECINCT 01,13
CITY OF CHICAGO-:-WARD 48 PRECINCT 02,13
CITY OF CHICAGO-:-WARD 48 PRECINCT 03,13
CITY OF CHICAGO-:-WARD 48 PRECINCT 04,13
CITY OF CHICAGO-:-WARD 48 PRECINCT 05,13
CITY OF CHICAGO-:-WARD 48 PRECINCT 06,13
CITY OF CHICAGO-:-WARD 48 PRECINCT 07,13
CITY OF CHICAGO-:-WARD 48 PRECINCT 08,13
CITY OF CHICAGO-:-WARD 48 PRECINCT 09,13
CITY OF CHICAGO-:-WARD 48 PRECINCT 10,13
CITY OF CHICAGO-:-WARD 48 PRECINCT 11,13
CITY OF CHICAGO-:-WARD 48 PRECINCT 12,13
CITY OF CHICAGO-:-WARD 48 PRECINCT 13,13
CITY OF CHICAGO-:-WARD 48 PRECINCT 14,13
CITY OF CHICAGO-:-WARD 48 PRECINCT 15,13
CITY OF CHICAGO-:-WARD 48 PRECINCT 16,13
CITY OF CHICAGO-:-WARD 48 PRECINCT 17,13
CITY OF CHICAGO-:-WARD 48 PRECINCT 18,13
CITY OF CHICAGO-:-WARD 48 PRECINCT 19,13
CITY OF CHICAGO-:-WARD 48 PRECINCT 20,13
CITY OF CHICAGO-:-WARD 48 PRECINCT 21,13
CITY OF CHICAGO-:-WARD 48 PRECINCT 22,13
CITY OF CHICAGO-:-WARD 48 PRECINCT 23,13
CITY OF CHICAGO-:-WARD 48 PRECINCT 24,13
CITY OF CHICAGO-:-WARD 48 PRECINCT 25,13
CITY OF CHICAGO-:-WARD 48 PRECINCT 26,13
CITY OF CHICAGO-:-WARD 48 PRECINCT 27,13
CITY OF CHICAGO-:-WARD 48 PRECINCT 28,13
CITY OF CHICAGO-:-WARD 48 PRECINCT 29,13
CITY OF CHICAGO-:-WARD 48 PRECINCT 30,13
CITY OF CHICAGO-:-WARD 48 PRECINCT 31,13
CITY OF CHICAGO-:-WARD 48 PRECINCT 32,13
CITY OF CHICAGO-:-WARD 48 PRECINCT 33,13
CITY OF CHICAGO-:-WARD 48 PRECINCT 34,13
CITY OF CHICAGO-:-WARD 48 PRECINCT 35,13
CITY OF CHICAGO-:-WARD 49 PRECINCT 01,13
CITY OF CHICAGO-:-WARD 49 PRECINCT 02,13
CITY OF CHICAGO-:-WARD 49 PRECINCT 03,13
CITY OF CHICAGO-:-WARD 49 PRECINCT 04,13
CITY OF CHICAGO-:-WARD 49 PRECINCT 05,13
CITY OF CHICAGO-:-WARD 49 PRECINCT 06,13
CITY OF CHICAGO-:-WARD 49 PRECINCT 07,13
CITY OF CHICAGO-:-WARD 49 PRECINCT 08,13
CITY OF CHICAGO-:-WARD 49 PRECINCT 09,13
CITY OF CHICAGO-:-WARD 49 PRECINCT 10,13
CITY OF CHICAGO-:-WARD 49 PRECINCT 11,13
CITY OF CHICAGO-:-WARD 49 PRECINCT 12,13
CITY OF CHICAGO-:-WARD 49 PRECINCT 13,13
CITY OF CHICAGO-:-WARD 49 PRECINCT 14,13
CITY OF CHICAGO-:-WARD 49 PRECINCT 15,13
CITY OF CHICAGO-:-WARD 49 PRECINCT 16,13
CITY OF CHICAGO-:-WARD 49 PRECINCT 17,13
CITY OF CHICAGO-:-WARD 50 PRECINCT 01,13
CITY OF CHICAGO-:-WARD 50 PRECINCT 02,13
CITY OF CHICAGO-:-WARD 50 PRECINCT 03,13
CITY OF CHICAGO-:-WARD 50 PRECINCT 04,13
CITY OF CHICAGO-:-WARD 50 PRECINCT 05,13
CITY OF CHICAGO-:-WARD 50 PRECINCT 06,13
CITY OF CHICAGO-:-WARD 50 PRECINCT 07,13
CITY OF CHICAGO-:-WARD 50 PRECINCT 08,13
CITY OF CHICAGO-:-WARD 50 PRECINCT 09,13
CITY OF CHICAGO-:-WARD 50 PRECINCT 10,13
CITY OF CHICAGO-:-WARD 50 PRECINCT 11,13
CITY OF CHICAGO-:-WARD 50 PRECINCT 12,13
CITY OF CHICAGO-:-WARD 50 PRECINCT 13,13
CITY OF CHICAGO-:-WARD 50 PRECINCT 14,13
CITY OF CHICAGO-:-WARD 50 PRECINCT 15,13
CITY OF CHICAGO-:-WARD 50 PRECINCT 16,13
CITY OF CHICAGO-:-WARD 50 PRECINCT 17,13
CITY OF CHICAGO-:-WARD 50 PRECINCT 18,13
CITY OF CHICAGO-:-WARD 50 PRECINCT 19,13
CITY OF CHICAGO-:-WARD 50 PRECINCT 20,13
CITY OF CHICAGO-:-WARD 50 PRECINCT 21,13
CITY OF CHICAGO-:-WARD 50 PRECINCT 22,13
CITY OF CHICAGO-:-WARD 50 PRECINCT 23,13
CITY OF CHICAGO-:-WARD 50 PRECINCT 25,13
CITY OF CHICAGO-:-WARD 50 PRECINCT 26,13
CITY OF CHICAGO-:-WARD 50 PRECINCT 27,13
CITY OF CHICAGO-:-WARD 50 PRECINCT 28,13
CITY OF DANVILLE-:-PRECINCT 1,6
CITY OF DANVILLE-:-PRECINCT 10,6
CITY OF DANVILLE-:-PRECINCT 11,6
CITY OF DANVILLE-:-PRECINCT 12,6
CITY OF DANVILLE-:-PRECINCT 13,6
CITY OF DANVILLE-:-PRECINCT 14,6
CITY OF DANVILLE-:-PRECINCT 15,6
CITY OF DANVILLE-:-PRECINCT 16,6
CITY OF DANVILLE-:-PRECINCT 17,6
CITY OF DANVILLE-:-PRECINCT 18,6
CITY OF DANVILLE-:-PRECINCT 19,6
CITY OF DANVILLE-:-PRECINCT 2,6
CITY OF DANVILLE-:-PRECINCT 20,6
CITY OF DANVILLE-:-PRECINCT 21,6
CITY OF DANVILLE-:-PRECINCT 22,6
CITY OF DANVILLE-:-PRECINCT 3,6
CITY OF DANVILLE-:-PRECINCT 4,6
CITY OF DANVILLE-:-PRECINCT 5,6
CITY OF DANVILLE-:-PRECINCT 6,6
CITY OF DANVILLE-:-PRECINCT 7,6
CITY OF DANVILLE-:-PRECINCT 8,6
CITY OF DANVILLE-:-PRECINCT 9,6
CITY OF EAST ST. LOUIS-:-PRECINCT 1,10
CITY OF EAST ST. LOUIS-:-PRECINCT 10,10
CITY OF EAST ST. LOUIS-:-PRECINCT 11,10
CITY OF EAST ST. LOUIS-:-PRECINCT 12,10
CITY OF EAST ST. LOUIS-:-PRECINCT 13,10
CITY OF EAST ST. LOUIS-:-PRECINCT 2,10
CITY OF EAST ST. LOUIS-:-PRECINCT 3,10
CITY OF EAST ST. LOUIS-:-PRECINCT 4,10
CITY OF EAST ST. LOUIS-:-PRECINCT 5,10
CITY OF EAST ST. LOUIS-:-PRECINCT 6,10
CITY OF EAST ST. LOUIS-:-PRECINCT 7,10
CITY OF EAST ST. LOUIS-:-PRECINCT 8,10
CITY OF EAST ST. LOUIS-:-PRECINCT 9,10
CITY OF GALESBURG-:-PRECINCT 1,1
CITY OF GALESBURG-:-PRECINCT 10,1
CITY OF GALESBURG-:-PRECINCT 11,1
CITY OF GALESBURG-:-PRECINCT 12,1
CITY OF GALESBURG-:-PRECINCT 13,1
CITY OF GALESBURG-:-PRECINCT 14,1
CITY OF GALESBURG-:-PRECINCT 15,1
CITY OF GALESBURG-:-PRECINCT 16,1
CITY OF GALESBURG-:-PRECINCT 17,1
CITY OF GALESBURG-:-PRECINCT 18,1
CITY OF GALESBURG-:-PRECINCT 19,1
CITY OF GALESBURG-:-PRECINCT 2,1
CITY OF GALESBURG-:-PRECINCT 20,1
CITY OF GALESBURG-:-PRECINCT 3,1
CITY OF GALESBURG-:-PRECINCT 4,1
CITY OF GALESBURG-:-PRECINCT 5,1
CITY OF GALESBURG-:-PRECINCT 6,1
CITY OF GALESBURG-:-PRECINCT 7,1
CITY OF GALESBURG-:-PRECINCT 8,1
CITY OF GALESBURG-:-PRECINCT 9,1
CITY OF ROCKFORD-:-WARD 1 PRECINCT 1,1
CITY OF ROCKFORD-:-WARD 1 PRECINCT 3,1
CITY OF ROCKFORD-:-WARD 1 PRECINCT 4,1
CITY OF ROCKFORD-:-WARD 1 PRECINCT 6,1
CITY OF ROCKFORD-:-WARD 1 PRECINCT 7,1
CITY OF ROCKFORD-:-WARD 1 PRECINCT 8,1
CITY OF ROCKFORD-:-WARD 10 PRECINCT 1,1
CITY OF ROCKFORD-:-WARD 10 PRECINCT 2,1
CITY OF ROCKFORD-:-WARD 10 PRECINCT 3,1
CITY OF ROCKFORD-:-WARD 10 PRECINCT 4,1
CITY OF ROCKFORD-:-WARD 10 PRECINCT 5,1
CITY OF ROCKFORD-:-WARD 10 PRECINCT 6,1
CITY OF ROCKFORD-:-WARD 10 PRECINCT 7,1
CITY OF ROCKFORD-:-WARD 11 PRECINCT 1,1
CITY OF ROCKFORD-:-WARD 11 PRECINCT 2,1
CITY OF ROCKFORD-:-WARD 11 PRECINCT 3,1
CITY OF ROCKFORD-:-WARD 11 PRECINCT 4,1
CITY OF ROCKFORD-:-WARD 12 PRECINCT 1,1
CITY OF ROCKFORD-:-WARD 12 PRECINCT 3,1
CITY OF ROCKFORD-:-WARD 12 PRECINCT 4,1
CITY OF ROCKFORD-:-WARD 12 PRECINCT 6,1
CITY OF ROCKFORD-:-WARD 12 PRECINCT 7,1
CITY OF ROCKFORD-:-WARD 13 PRECINCT 1,1
CITY OF ROCKFORD-:-WARD 13 PRECINCT 2,1
CITY OF ROCKFORD-:-WARD 13 PRECINCT 3,1
CITY OF ROCKFORD-:-WARD 13 PRECINCT 4,1
CITY OF ROCKFORD-:-WARD 13 PRECINCT 5,1
CITY OF ROCKFORD-:-WARD 14 PRECINCT 1,1
CITY OF ROCKFORD-:-WARD 14 PRECINCT 2,1
CITY OF ROCKFORD-:-WARD 14 PRECINCT 3,1
CITY OF ROCKFORD-:-WARD 14 PRECINCT 4,1
CITY OF ROCKFORD-:-WARD 14 PRECINCT 5,1
CITY OF ROCKFORD-:-WARD 14 PRECINCT 6,1
CITY OF ROCKFORD-:-WARD 2 PRECINCT 1,1
CITY OF ROCKFORD-:-WARD 2 PRECINCT 2,1
CITY OF ROCKFORD-:-WARD 2 PRECINCT 3,1
CITY OF ROCKFORD-:-WARD 2 PRECINCT 4,1
CITY OF ROCKFORD-:-WARD 2 PRECINCT 5,1
CITY OF ROCKFORD-:-WARD 2 PRECINCT 6,1
CITY OF ROCKFORD-:-WARD 3 PRECINCT 1,1
CITY OF ROCKFORD-:-WARD 3 PRECINCT 2,1
CITY OF ROCKFORD-:-WARD 3 PRECINCT 3,1
CITY OF ROCKFORD-:-WARD 3 PRECINCT 4,1
CITY OF ROCKFORD-:-WARD 3 PRECINCT 5,1
CITY OF ROCKFORD-:-WARD 3 PRECINCT 6,1
CITY OF ROCKFORD-:-WARD 3 PRECINCT 7,1
CITY OF ROCKFORD-:-WARD 4 PRECINCT 2,1
CITY OF ROCKFORD-:-WARD 4 PRECINCT 3,1
CITY OF ROCKFORD-:-WARD 4 PRECINCT 5,1
CITY OF ROCKFORD-:-WARD 4 PRECINCT 6,1
CITY OF ROCKFORD-:-WARD 4 PRECINCT 7,1
CITY OF ROCKFORD-:-WARD 5 PRECINCT 1,1
CITY OF ROCKFORD-:-WARD 5 PRECINCT 2,1
CITY OF ROCKFORD-:-WARD 5 PRECINCT 4,1
CITY OF ROCKFORD-:-WARD 5 PRECINCT 5,1
CITY OF ROCKFORD-:-WARD 6 PRECINCT 2,1
CITY OF ROCKFORD-:-WARD 6 PRECINCT 4,1
CITY OF ROCKFORD-:-WARD 6 PRECINCT 5,1
CITY OF ROCKFORD-:-WARD 7 PRECINCT 1,1
CITY OF ROCKFORD-:-WARD 7 PRECINCT 2,1
CITY OF ROCKFORD-:-WARD 7 PRECINCT 3,1
CITY OF ROCKFORD-:-WARD 7 PRECINCT 5,1
CITY OF ROCKFORD-:-WARD 7 PRECINCT 6,1
CITY OF ROCKFORD-:-WARD 8 PRECINCT 1,1
CITY OF ROCKFORD-:-WARD 8 PRECINCT 2,1
CITY OF ROCKFORD-:-WARD 8 PRECINCT 3,1
CITY OF ROCKFORD-:-WARD 8 PRECINCT 4,1
CITY OF ROCKFORD-:-WARD 8 PRECINCT 5,1
CITY OF ROCKFORD-:-WARD 8 PRECINCT 6,1
CITY OF ROCKFORD-:-WARD 9 PRECINCT 1,1
CITY OF ROCKFORD-:-WARD 9 PRECINCT 2,1
CITY OF ROCKFORD-:-WARD 9 PRECINCT 4,1
CITY OF ROCKFORD-:-WARD 9 PRECINCT 5,1
CITY OF ROCKFORD-:-WARD 9 PRECINCT 6,1
CLARK-:-ANDERSON,15
CLARK-:-AUBURN,15
CLARK-:-CASEY 1,15
CLARK-:-CASEY 2,15
CLARK-:-CASEY 3,15
CLARK-:-CASEY 4,15
CLARK-:-DARWIN,15
CLARK-:-DOLSON,15
CLARK-:-DOUGLAS,15
CLARK-:-JOHNSON,15
CLARK-:-MARSHALL 1,15
CLARK-:-MARSHALL 2,15
CLARK-:-MARSHALL 3,15
CLARK-:-MARSHALL 4,15
CLARK-:-MARTINSVILLE 1,15
CLARK-:-MARTINSVILLE 2,15
CLARK-:-MELROSE,15
CLARK-:-ORANGE,15
CLARK-:-PARKER,15
CLARK-:-WABASH 1,15
CLARK-:-WABASH 2,15
CLARK-:-WESTFIELD,15
CLARK-:-YORK,15
CLAY-:-BIBLE GROVE,15
CLAY-:-BLAIR,4
CLAY-:-CLAY CITY,4
CLAY-:-HARTER 1,4
CLAY-:-HARTER 3,4
CLAY-:-HARTER 4,4
CLAY-:-HARTER 5,4
CLAY-:-HARTER 6,4
CLAY-:-HARTER 7,4
CLAY-:-HOOSIER,4
CLAY-:-LARKINSBURG,4
CLAY-:-LOUISVILLE 1,4
CLAY-:-LOUISVILLE 2,4
CLAY-:-OSKALOOSA,4
CLAY-:-PIXLEY,15
CLAY-:-SONGER,4
CLAY-:-STANFORD,4
CLAY-:-XENIA,4
CLINTON-:-BREESE 1,4
CLINTON-:-BREESE 2,4
CLINTON-:-BREESE 3,4
CLINTON-:-BREESE 4,4
CLINTON-:-BROOKSIDE 1,4
CLINTON-:-BROOKSIDE 2,4
CLINTON-:-BROOKSIDE 3,4
CLINTON-:-CARLYLE 1,4
CLINTON-:-CARLYLE 2,4
CLINTON-:-CARLYLE 3,4
CLINTON-:-CARLYLE 4,4
CLINTON-:-CLEMENT,4
CLINTON-:-EAST FORK,4
CLINTON-:-GERMANTOWN 1,4
CLINTON-:-GERMANTOWN 2,4
CLINTON-:-IRISHTOWN,4
CLINTON-:-LAKE,4
CLINTON-:-LOOKINGGLASS 1,4
CLINTON-:-LOOKINGGLASS 2,4
CLINTON-:-LOOKINGGLASS 3,4
CLINTON-:-LOOKINGGLASS 4,4
CLINTON-:-LOOKINGGLASS 5,4
CLINTON-:-LOOKINGGLASS 6,4
CLINTON-:-MERIDIAN,4
CLINTON-:-SANTA FE,4
CLINTON-:-ST ROSE,4
CLINTON-:-SUGAR CREEK 1,4
CLINTON-:-SUGAR CREEK 2,4
CLINTON-:-SUGAR CREEK 3,4
CLINTON-:-SUGAR CREEK 4,4
CLINTON-:-SUGAR CREEK 5,4
CLINTON-:-WADE 1,4
CLINTON-:-WADE 2,4
CLINTON-:-WHEATFIELD,4
COLES-:-ASHMORE 1,5
COLES-:-CHARLESTON 1,3
COLES-:-CHARLESTON 10,3
COLES-:-CHARLESTON 11,3
COLES-:-CHARLESTON 12,3
COLES-:-CHARLESTON 13,15
COLES-:-CHARLESTON 14,3
COLES-:-CHARLESTON 15,3
COLES-:-CHARLESTON 16,3
COLES-:-CHARLESTON 17,3
COLES-:-CHARLESTON 18,3
COLES-:-CHARLESTON 19,3
COLES-:-CHARLESTON 2,3
COLES-:-CHARLESTON 3,5
COLES-:-CHARLESTON 4,3
COLES-:-CHARLESTON 5,15
COLES-:-CHARLESTON 6,3
COLES-:-CHARLESTON 8,3
COLES-:-EAST OAKLAND 1,5
COLES-:-HUMBOLDT 1,3
COLES-:-HUTTON 1,5
COLES-:-LAFAYETTE 1,3
COLES-:-LAFAYETTE 2,3
COLES-:-LAFAYETTE 3,3
COLES-:-LAFAYETTE 4,3
COLES-:-MATTOON 10,3
COLES-:-MATTOON 12,3
COLES-:-MATTOON 13,3
COLES-:-MATTOON 16,3
COLES-:-MATTOON 17,3
COLES-:-MATTOON 18,3
COLES-:-MATTOON 19,3
COLES-:-MATTOON 21,3
COLES-:-MATTOON 22,3
COLES-:-MATTOON 3,3
COLES-:-MATTOON 4,15
COLES-:-MATTOON 5,3
COLES-:-MATTOON 6,3
COLES-:-MATTOON 8,3
COLES-:-MORGAN 1,5
COLES-:-NORTH OKAW 1,3
COLES-:-PARADISE 1,3
COLES-:-PLEASANT GROVE 1,3
COLES-:-SEVEN HICKORY 1,3
COOK-:-7000001,2
COOK-:-7000002,2
COOK-:-7000003,2
COOK-:-7000005,2
COOK-:-7000006,2
COOK-:-7000007,2
COOK-:-7000009,2
COOK-:-7000010,5
COOK-:-7000011,2
COOK-:-7100001,12
COOK-:-7100002,12
COOK-:-7100003,12
COOK-:-7100004,12
COOK-:-7100005,12
COOK-:-7100006,12
COOK-:-7100007,12
COOK-:-7100008,12
COOK-:-7100009,12
COOK-:-7100010,12
COOK-:-7100011,12
COOK-:-7100012,12
COOK-:-7100013,12
COOK-:-7100014,12
COOK-:-7100015,12
COOK-:-7100016,12
COOK-:-7100017,12
COOK-:-7100018,12
COOK-:-7100019,12
COOK-:-7100020,12
COOK-:-7100021,12
COOK-:-7100022,12
COOK-:-7100023,12
COOK-:-7100024,12
COOK-:-7100025,12
COOK-:-7100026,12
COOK-:-7100027,12
COOK-:-7100028,12
COOK-:-7100029,12
COOK-:-7100030,12
COOK-:-7100031,12
COOK-:-7100032,12
COOK-:-7100033,12
COOK-:-7100034,12
COOK-:-7100035,12
COOK-:-7100036,12
COOK-:-7100037,12
COOK-:-7100038,12
COOK-:-7100039,12
COOK-:-7100040,12
COOK-:-7100041,12
COOK-:-7100042,12
COOK-:-7100043,12
COOK-:-7100044,12
COOK-:-7100045,12
COOK-:-7100046,12
COOK-:-7100047,12
COOK-:-7100048,12
COOK-:-7100049,12
COOK-:-7100050,12
COOK-:-7100051,12
COOK-:-7100052,12
COOK-:-7100053,12
COOK-:-7100054,12
COOK-:-7200001,12
COOK-:-7200002,12
COOK-:-7200004,12
COOK-:-7200005,12
COOK-:-7200006,12
COOK-:-7200008,12
COOK-:-7200009,12
COOK-:-7200010,12
COOK-:-7200011,12
COOK-:-7200013,12
COOK-:-7200014,12
COOK-:-7200015,12
COOK-:-7200016,12
COOK-:-7200017,12
COOK-:-7200018,12
COOK-:-7200019,12
COOK-:-7200020,12
COOK-:-7200022,12
COOK-:-7200023,12
COOK-:-7200024,12
COOK-:-7200025,12
COOK-:-7200026,12
COOK-:-7200027,12
COOK-:-7200028,12
COOK-:-7200029,12
COOK-:-7200031,12
COOK-:-7200032,12
COOK-:-7200033,12
COOK-:-7200034,12
COOK-:-7200035,12
COOK-:-7200036,12
COOK-:-7200037,12
COOK-:-7200038,12
COOK-:-7200039,12
COOK-:-7200040,12
COOK-:-7200041,12
COOK-:-7200042,12
COOK-:-7200043,12
COOK-:-7200044,12
COOK-:-7200046,12
COOK-:-7200047,12
COOK-:-7200048,12
COOK-:-7200049,12
COOK-:-7200050,12
COOK-:-7200051,12
COOK-:-7200052,12
COOK-:-7200053,12
COOK-:-7200054,12
COOK-:-7200055,12
COOK-:-7200056,12
COOK-:-7200057,12
COOK-:-7200058,12
COOK-:-7200059,12
COOK-:-7200060,12
COOK-:-7200061,12
COOK-:-7200062,12
COOK-:-7200063,12
COOK-:-7200064,12
COOK-:-7200065,12
COOK-:-7200066,12
COOK-:-7300003,12
COOK-:-7300004,12
COOK-:-7300005,12
COOK-:-7300006,12
COOK-:-7300007,12
COOK-:-7300008,12
COOK-:-7300009,12
COOK-:-7300010,12
COOK-:-7300011,12
COOK-:-7400001,2
COOK-:-7400002,2
COOK-:-7400003,2
COOK-:-7400004,2
COOK-:-7400005,3
COOK-:-7400006,3
COOK-:-7400007,2
COOK-:-7400008,2
COOK-:-7400009,2
COOK-:-7400010,3
COOK-:-7400011,3
COOK-:-7400012,2
COOK-:-7400013,2
COOK-:-7400015,3
COOK-:-7400018,2
COOK-:-7400019,3
COOK-:-7400020,2
COOK-:-7400021,2
COOK-:-7400022,2
COOK-:-7400024,3
COOK-:-7400025,3
COOK-:-7400026,3
COOK-:-7400028,2
COOK-:-7400029,2
COOK-:-7400030,3
COOK-:-7400031,3
COOK-:-7400032,3
COOK-:-7400033,3
COOK-:-7400034,2
COOK-:-7400035,3
COOK-:-7400036,2
COOK-:-7400037,3
COOK-:-7400038,2
COOK-:-7400039,3
COOK-:-7400040,2
COOK-:-7400041,3
COOK-:-7400042,2
COOK-:-7400043,2
COOK-:-7400045,2
COOK-:-7501001,16
COOK-:-7501002,2
COOK-:-7501003,2
COOK-:-7501004,2
COOK-:-7502001,2
COOK-:-7502002,2
COOK-:-7502003,2
COOK-:-7502004,2
COOK-:-7502005,2
COOK-:-7503001,2
COOK-:-7503002,2
COOK-:-7503003,2
COOK-:-7503004,2
COOK-:-7503005,2
COOK-:-7504001,2
COOK-:-7504002,2
COOK-:-7504003,2
COOK-:-7504004,2
COOK-:-7504005,2
COOK-:-7504006,2
COOK-:-7504007,2
COOK-:-7505001,2
COOK-:-7505002,2
COOK-:-7505003,2
COOK-:-7506001,2
COOK-:-7506002,2
COOK-:-7506003,2
COOK-:-7506004,2
COOK-:-7506005,2
COOK-:-7506006,2
COOK-:-7507001,2
COOK-:-7507002,2
COOK-:-7507003,2
COOK-:-7507004,2
COOK-:-7507005,2
COOK-:-7508001,2
COOK-:-7508002,2
COOK-:-7508003,2
COOK-:-7508004,2
COOK-:-7508005,2
COOK-:-7509001,2
COOK-:-7509002,2
COOK-:-7509003,2
COOK-:-7509004,2
COOK-:-7509005,2
COOK-:-7600001,2
COOK-:-7600002,2
COOK-:-7600003,2
COOK-:-7600005,2
COOK-:-7600006,2
COOK-:-7600007,2
COOK-:-7600008,2
COOK-:-7600009,2
COOK-:-7600010,2
COOK-:-7600011,2
COOK-:-7600012,2
COOK-:-7600013,2
COOK-:-7600014,2
COOK-:-7600016,2
COOK-:-7600017,2
COOK-:-7600018,2
COOK-:-7600019,2
COOK-:-7600020,2
COOK-:-7600021,2
COOK-:-7600022,2
COOK-:-7600023,2
COOK-:-7600024,2
COOK-:-7600025,2
COOK-:-7600026,2
COOK-:-7600027,2
COOK-:-7600028,2
COOK-:-7600029,2
COOK-:-7600030,2
COOK-:-7600031,2
COOK-:-7600032,2
COOK-:-7600033,2
COOK-:-7600034,2
COOK-:-7600035,2
COOK-:-7600036,2
COOK-:-7600037,2
COOK-:-7600038,2
COOK-:-7600039,2
COOK-:-7600040,2
COOK-:-7600041,2
COOK-:-7600042,2
COOK-:-7600043,2
COOK-:-7700001,12
COOK-:-7700002,12
COOK-:-7700003,12
COOK-:-7700004,12
COOK-:-7700005,12
COOK-:-7700006,12
COOK-:-7700007,12
COOK-:-7700008,12
COOK-:-7700009,12
COOK-:-7700010,12
COOK-:-7700011,12
COOK-:-7700012,12
COOK-:-7700014,12
COOK-:-7800001,12
COOK-:-7800002,12
COOK-:-7800003,12
COOK-:-7800004,12
COOK-:-7800005,12
COOK-:-7800006,12
COOK-:-7800007,12
COOK-:-7800008,12
COOK-:-7800009,12
COOK-:-7800010,12
COOK-:-7800011,12
COOK-:-7800012,3
COOK-:-7800013,12
COOK-:-7800014,12
COOK-:-7800015,12
COOK-:-7800016,12
COOK-:-7800017,12
COOK-:-7800018,12
COOK-:-7800019,12
COOK-:-7800020,12
COOK-:-7800021,12
COOK-:-7800022,12
COOK-:-7800023,3
COOK-:-7800024,12
COOK-:-7800025,12
COOK-:-7800027,12
COOK-:-7800028,12
COOK-:-7800029,12
COOK-:-7800030,12
COOK-:-7800031,12
COOK-:-7800032,12
COOK-:-7800033,12
COOK-:-7800034,12
COOK-:-7800035,12
COOK-:-7800036,12
COOK-:-7800037,12
COOK-:-7800038,3
COOK-:-7800039,12
COOK-:-7800040,12
COOK-:-7800041,12
COOK-:-7800043,12
COOK-:-7800044,12
COOK-:-7800045,12
COOK-:-7800046,12
COOK-:-7800047,12
COOK-:-7800048,12
COOK-:-7800049,12
COOK-:-7800050,12
COOK-:-7900001,12
COOK-:-7900002,12
COOK-:-7900003,12
COOK-:-7900004,12
COOK-:-7900005,12
COOK-:-7900006,12
COOK-:-7900007,12
COOK-:-7900008,12
COOK-:-7900009,12
COOK-:-7900011,12
COOK-:-7900013,12
COOK-:-7900014,12
COOK-:-7900015,12
COOK-:-7900016,12
COOK-:-7900017,12
COOK-:-7900018,12
COOK-:-7900019,12
COOK-:-7900020,12
COOK-:-7900021,12
COOK-:-7900022,12
COOK-:-7900023,12
COOK-:-7900024,12
COOK-:-7900025,12
COOK-:-7900027,12
COOK-:-7900028,12
COOK-:-7900029,12
COOK-:-7900030,12
COOK-:-7900031,12
COOK-:-7900032,12
COOK-:-7900033,12
COOK-:-7900034,12
COOK-:-7900035,12
COOK-:-7900036,12
COOK-:-7900037,12
COOK-:-7900038,12
COOK-:-7900039,12
COOK-:-7900041,12
COOK-:-7900042,12
COOK-:-7900044,12
COOK-:-7900045,12
COOK-:-7900046,12
COOK-:-7900048,12
COOK-:-7900049,12
COOK-:-7900051,12
COOK-:-7900052,12
COOK-:-7900053,12
COOK-:-7900054,12
COOK-:-7900055,12
COOK-:-7900056,12
COOK-:-7900057,12
COOK-:-7900058,12
COOK-:-7900059,12
COOK-:-7900060,12
COOK-:-7900061,12
COOK-:-7900062,12
COOK-:-7900063,12
COOK-:-7900064,12
COOK-:-7900065,12
COOK-:-7900066,12
COOK-:-7900067,12
COOK-:-7900068,12
COOK-:-7900069,12
COOK-:-8000001,3
COOK-:-8000002,3
COOK-:-8000003,2
COOK-:-8000005,3
COOK-:-8000006,2
COOK-:-8000007,3
COOK-:-8000008,3
COOK-:-8000009,2
COOK-:-8000010,2
COOK-:-8000011,3
COOK-:-8000013,2
COOK-:-8000014,2
COOK-:-8000015,3
COOK-:-8000019,3
COOK-:-8000021,3
COOK-:-8000022,3
COOK-:-8000023,3
COOK-:-8000024,3
COOK-:-8000025,3
COOK-:-8000026,2
COOK-:-8000027,3
COOK-:-8000028,3
COOK-:-8000029,3
COOK-:-8000030,3
COOK-:-8000031,3
COOK-:-8000032,3
COOK-:-8000033,3
COOK-:-8000034,2
COOK-:-8000036,3
COOK-:-8000037,3
COOK-:-8000038,3
COOK-:-8000039,3
COOK-:-8000040,3
COOK-:-8000041,3
COOK-:-8000042,3
COOK-:-8000043,3
COOK-:-8000044,2
COOK-:-8000045,3
COOK-:-8000046,3
COOK-:-8000047,3
COOK-:-8000048,3
COOK-:-8000049,2
COOK-:-8000050,3
COOK-:-8000051,3
COOK-:-8000052,2
COOK-:-8000053,3
COOK-:-8000054,3
COOK-:-8000055,3
COOK-:-8000056,3
COOK-:-8000057,3
COOK-:-8000058,3
COOK-:-8000059,3
COOK-:-8000060,3
COOK-:-8000061,3
COOK-:-8000062,2
COOK-:-8000063,2
COOK-:-8000064,3
COOK-:-8000065,3
COOK-:-8000066,3
COOK-:-8000067,3
COOK-:-8000068,2
COOK-:-8000070,3
COOK-:-8000071,2
COOK-:-8000072,3
COOK-:-8000073,3
COOK-:-8000074,2
COOK-:-8000075,3
COOK-:-8000076,3
COOK-:-8000077,3
COOK-:-8000078,3
COOK-:-8000079,2
COOK-:-8000080,3
COOK-:-8000081,3
COOK-:-8000082,3
COOK-:-8000083,3
COOK-:-8100001,2
COOK-:-8100002,2
COOK-:-8100003,2
COOK-:-8100004,2
COOK-:-8100005,2
COOK-:-8100006,2
COOK-:-8100007,2
COOK-:-8100008,2
COOK-:-8100009,2
COOK-:-8100010,2
COOK-:-8100011,2
COOK-:-8100012,2
COOK-:-8100013,2
COOK-:-8100014,2
COOK-:-8100015,2
COOK-:-8100016,2
COOK-:-8100017,2
COOK-:-8100019,2
COOK-:-8100020,2
COOK-:-8100021,2
COOK-:-8100022,2
COOK-:-8100023,2
COOK-:-8100024,2
COOK-:-8100025,2
COOK-:-8100026,2
COOK-:-8100028,2
COOK-:-8100029,2
COOK-:-8100030,2
COOK-:-8100033,2
COOK-:-8100034,2
COOK-:-8100035,2
COOK-:-8100036,2
COOK-:-8100037,2
COOK-:-8100038,2
COOK-:-8100039,2
COOK-:-8200002,3
COOK-:-8200003,2
COOK-:-8200004,2
COOK-:-8200005,2
COOK-:-8200006,2
COOK-:-8200007,2
COOK-:-8200008,2
COOK-:-8200009,3
COOK-:-8200010,2
COOK-:-8200011,2
COOK-:-8200012,2
COOK-:-8200013,3
COOK-:-8200014,2
COOK-:-8200015,2
COOK-:-8200016,2
COOK-:-8200017,2
COOK-:-8200018,2
COOK-:-8200019,2
COOK-:-8200020,2
COOK-:-8200021,2
COOK-:-8200022,2
COOK-:-8200023,2
COOK-:-8200024,2
COOK-:-8200025,2
COOK-:-8200027,2
COOK-:-8200028,2
COOK-:-8200029,2
COOK-:-8200030,2
COOK-:-8200031,2
COOK-:-8200032,2
COOK-:-8200033,2
COOK-:-8200034,2
COOK-:-8200035,2
COOK-:-8200036,2
COOK-:-8200037,2
COOK-:-8200038,2
COOK-:-8200039,2
COOK-:-8200040,2
COOK-:-8200041,2
COOK-:-8200042,2
COOK-:-8200043,3
COOK-:-8200044,2
COOK-:-8200045,2
COOK-:-8200046,2
COOK-:-8200047,2
COOK-:-8200048,2
COOK-:-8200049,2
COOK-:-8200050,2
COOK-:-8200051,2
COOK-:-8200052,2
COOK-:-8200053,2
COOK-:-8200054,2
COOK-:-8200055,2
COOK-:-8200056,2
COOK-:-8200057,2
COOK-:-8200058,2
COOK-:-8200059,2
COOK-:-8200060,2
COOK-:-8200061,2
COOK-:-8200062,2
COOK-:-8300001,3
COOK-:-8300002,2
COOK-:-8300003,2
COOK-:-8300004,2
COOK-:-8300005,2
COOK-:-8300006,2
COOK-:-8300007,2
COOK-:-8300009,2
COOK-:-8300010,2
COOK-:-8300011,2
COOK-:-8300012,2
COOK-:-8300013,2
COOK-:-8300014,2
COOK-:-8300015,2
COOK-:-8300016,2
COOK-:-8300017,2
COOK-:-8300018,2
COOK-:-8300019,2
COOK-:-8300020,2
COOK-:-8300021,2
COOK-:-8300022,2
COOK-:-8300023,2
COOK-:-8300024,2
COOK-:-8300025,2
COOK-:-8300026,2
COOK-:-8300027,2
COOK-:-8300028,2
COOK-:-8300029,2
COOK-:-8300030,2
COOK-:-8300031,2
COOK-:-8300032,2
COOK-:-8300034,2
COOK-:-8300035,2
COOK-:-8300036,2
COOK-:-8300037,2
COOK-:-8300038,2
COOK-:-8300039,2
COOK-:-8300040,2
COOK-:-8300041,2
COOK-:-8300042,2
COOK-:-8300044,2
COOK-:-8300045,2
COOK-:-8300046,2
COOK-:-8300047,2
COOK-:-8300048,2
COOK-:-8300049,2
COOK-:-8300050,2
COOK-:-8300051,2
COOK-:-8300052,2
COOK-:-8300053,2
COOK-:-8300054,2
COOK-:-8300055,2
COOK-:-8300056,2
COOK-:-8300057,2
COOK-:-8300058,2
COOK-:-8400001,15
COOK-:-8400002,5
COOK-:-8400003,3
COOK-:-8400004,5
COOK-:-8400005,15
COOK-:-8400006,5
COOK-:-8400007,5
COOK-:-8400008,5
COOK-:-8400009,5
COOK-:-8400010,14
COOK-:-8400011,3
COOK-:-8400012,15
COOK-:-8400013,15
COOK-:-8400014,3
COOK-:-8500001,12
COOK-:-8500002,12
COOK-:-8500003,12
COOK-:-8500004,12
COOK-:-8500005,12
COOK-:-8500006,12
COOK-:-8500007,12
COOK-:-8500008,12
COOK-:-8500009,12
COOK-:-8500010,12
COOK-:-8500011,12
COOK-:-8500012,12
COOK-:-8500013,12
COOK-:-8500014,12
COOK-:-8500015,12
COOK-:-8500016,12
COOK-:-8500017,12
COOK-:-8500018,12
COOK-:-8500019,12
COOK-:-8500020,12
COOK-:-8500021,12
COOK-:-8500022,12
COOK-:-8500023,12
COOK-:-8500024,12
COOK-:-8500025,12
COOK-:-8500026,12
COOK-:-8500027,12
COOK-:-8500028,12
COOK-:-8500029,12
COOK-:-8500031,12
COOK-:-8500032,12
COOK-:-8600001,12
COOK-:-8600002,12
COOK-:-8600003,12
COOK-:-8600004,12
COOK-:-8600005,12
COOK-:-8600006,12
COOK-:-8600007,12
COOK-:-8600008,12
COOK-:-8600009,12
COOK-:-8600010,12
COOK-:-8600011,12
COOK-:-8600012,12
COOK-:-8600013,12
COOK-:-8600014,12
COOK-:-8600016,12
COOK-:-8600017,12
COOK-:-8600018,12
COOK-:-8600019,12
COOK-:-8600020,12
COOK-:-8600021,12
COOK-:-8600022,12
COOK-:-8600023,12
COOK-:-8600024,12
COOK-:-8600025,12
COOK-:-8600026,12
COOK-:-8600027,12
COOK-:-8600028,12
COOK-:-8600029,12
COOK-:-8600030,12
COOK-:-8600031,12
COOK-:-8600032,12
COOK-:-8600033,12
COOK-:-8600034,12
COOK-:-8600035,12
COOK-:-8600036,12
COOK-:-8600037,12
COOK-:-8600038,12
COOK-:-8600039,12
COOK-:-8600040,12
COOK-:-8600041,12
COOK-:-8600042,12
COOK-:-8600043,12
COOK-:-8600044,12
COOK-:-8600045,12
COOK-:-8600046,12
COOK-:-8600047,12
COOK-:-8600048,12
COOK-:-8600049,12
COOK-:-8600050,12
COOK-:-8600051,12
COOK-:-8600052,12
COOK-:-8600053,12
COOK-:-8600054,12
COOK-:-8600055,12
COOK-:-8600056,12
COOK-:-8600057,12
COOK-:-8600058,12
COOK-:-8600059,12
COOK-:-8600060,12
COOK-:-8600061,12
COOK-:-8600062,12
COOK-:-8700001,2
COOK-:-8700003,2
COOK-:-8700004,2
COOK-:-8700005,2
COOK-:-8700006,2
COOK-:-8700007,2
COOK-:-8700008,2
COOK-:-8700009,2
COOK-:-8700010,2
COOK-:-8700011,2
COOK-:-8700012,2
COOK-:-8700013,2
COOK-:-8700014,2
COOK-:-8700015,2
COOK-:-8700016,2
COOK-:-8700017,2
COOK-:-8700019,2
COOK-:-8700020,2
COOK-:-8700021,2
COOK-:-8700022,2
COOK-:-8700023,2
COOK-:-8700024,2
COOK-:-8700025,2
COOK-:-8700026,2
COOK-:-8700028,2
COOK-:-8700029,2
COOK-:-8700030,2
COOK-:-8700031,2
COOK-:-8700032,2
COOK-:-8700033,2
COOK-:-8700034,2
COOK-:-8700036,2
COOK-:-8700037,2
COOK-:-8700039,2
COOK-:-8700040,2
COOK-:-8700041,2
COOK-:-8700042,2
COOK-:-8700043,2
COOK-:-8700044,2
COOK-:-8700045,2
COOK-:-8700046,2
COOK-:-8700048,2
COOK-:-8700049,2
COOK-:-8700050,2
COOK-:-8700051,2
COOK-:-8700052,2
COOK-:-8700053,2
COOK-:-8700054,2
COOK-:-8700055,2
COOK-:-8700056,2
COOK-:-8700057,2
COOK-:-8700058,2
COOK-:-8700060,2
COOK-:-8700061,2
COOK-:-8700062,2
COOK-:-8700063,2
COOK-:-8700064,2
COOK-:-8700065,2
COOK-:-8800001,12
COOK-:-8800002,12
COOK-:-8800003,12
COOK-:-8800004,12
COOK-:-8800005,12
COOK-:-8800006,12
COOK-:-8800007,12
COOK-:-8800008,12
COOK-:-8800009,12
COOK-:-8800010,12
COOK-:-8800011,12
COOK-:-8800012,12
COOK-:-8800013,12
COOK-:-8800014,12
COOK-:-8800015,12
COOK-:-8800016,12
COOK-:-8800017,12
COOK-:-8800018,12
COOK-:-8800019,12
COOK-:-8800020,12
COOK-:-8800021,12
COOK-:-8800022,12
COOK-:-8800023,12
COOK-:-8800024,12
COOK-:-8800025,12
COOK-:-8800026,12
COOK-:-8800027,12
COOK-:-8800028,12
COOK-:-8800029,12
COOK-:-8800030,12
COOK-:-8800031,12
COOK-:-8800032,12
COOK-:-8800033,12
COOK-:-8800034,12
COOK-:-8800035,12
COOK-:-8900001,12
COOK-:-8900002,12
COOK-:-8900003,12
COOK-:-8900004,12
COOK-:-8900005,12
COOK-:-8900006,12
COOK-:-8900007,12
COOK-:-8900008,12
COOK-:-8900009,12
COOK-:-8900010,12
COOK-:-8900011,12
COOK-:-8900012,12
COOK-:-8900013,12
COOK-:-8900014,12
COOK-:-8900015,12
COOK-:-8900016,12
COOK-:-8900017,12
COOK-:-8900018,12
COOK-:-8900019,12
COOK-:-8900020,12
COOK-:-8900021,12
COOK-:-8900022,12
COOK-:-8900024,12
COOK-:-8900026,12
COOK-:-8900027,12
COOK-:-8900028,12
COOK-:-8900029,12
COOK-:-8900031,12
COOK-:-8900032,12
COOK-:-8900033,12
COOK-:-8900034,12
COOK-:-8900035,12
COOK-:-8900036,12
COOK-:-8900037,12
COOK-:-8900038,12
COOK-:-8900039,12
COOK-:-8900040,12
COOK-:-8900041,12
COOK-:-8900042,12
COOK-:-8900043,12
COOK-:-8900044,12
COOK-:-8900045,12
COOK-:-8900046,12
COOK-:-8900047,12
COOK-:-8900048,12
COOK-:-8900049,12
COOK-:-8900050,12
COOK-:-8900051,12
COOK-:-8900052,12
COOK-:-8900053,12
COOK-:-8900054,12
COOK-:-8900055,12
COOK-:-8900056,12
COOK-:-8900057,12
COOK-:-8900058,12
COOK-:-8900059,12
COOK-:-8900060,12
COOK-:-8900061,12
COOK-:-8900062,12
COOK-:-8900063,12
COOK-:-8900064,12
COOK-:-8900065,12
COOK-:-8900066,12
COOK-:-8900067,12
COOK-:-8900068,12
COOK-:-8900069,12
COOK-:-8900070,12
COOK-:-8900072,12
COOK-:-8900073,12
COOK-:-8900074,12
COOK-:-8900075,12
COOK-:-8900076,12
COOK-:-8900077,12
COOK-:-8900078,12
COOK-:-8900079,12
COOK-:-8900080,12
COOK-:-8900081,12
COOK-:-8900082,12
COOK-:-8900083,12
COOK-:-8900084,12
COOK-:-8900085,12
COOK-:-8900086,12
COOK-:-8900087,12
COOK-:-8900088,12
COOK-:-8900089,12
COOK-:-9000001,12
COOK-:-9000002,12
COOK-:-9000003,12
COOK-:-9000004,12
COOK-:-9000005,12
COOK-:-9000006,12
COOK-:-9000007,12
COOK-:-9000008,12
COOK-:-9000009,12
COOK-:-9000010,12
COOK-:-9000011,12
COOK-:-9000012,12
COOK-:-9000013,12
COOK-:-9000014,12
COOK-:-9000015,12
COOK-:-9000016,12
COOK-:-9000017,12
COOK-:-9000018,12
COOK-:-9000019,12
COOK-:-9000020,12
COOK-:-9000021,12
COOK-:-9000022,12
COOK-:-9000023,12
COOK-:-9000024,12
COOK-:-9000025,12
COOK-:-9000026,12
COOK-:-9000027,12
COOK-:-9000028,12
COOK-:-9000029,12
COOK-:-9000030,12
COOK-:-9000031,12
COOK-:-9000032,12
COOK-:-9000033,12
COOK-:-9000034,12
COOK-:-9000035,12
COOK-:-9000036,12
COOK-:-9000037,12
COOK-:-9000038,12
COOK-:-9000039,12
COOK-:-9000040,12
COOK-:-9000041,12
COOK-:-9000042,12
COOK-:-9000043,12
COOK-:-9000044,12
COOK-:-9000045,12
COOK-:-9000046,12
COOK-:-9000047,12
COOK-:-9100001,12
COOK-:-9100002,12
COOK-:-9100003,12
COOK-:-9100004,12
COOK-:-9100005,12
COOK-:-9100006,12
COOK-:-9100007,12
COOK-:-9200001,12
COOK-:-9200002,12
COOK-:-9200003,12
COOK-:-9200004,12
COOK-:-9200005,12
COOK-:-9200006,12
COOK-:-9200007,12
COOK-:-9200008,12
COOK-:-9200009,12
COOK-:-9200010,12
COOK-:-9200011,12
COOK-:-9200012,12
COOK-:-9300001,2
COOK-:-9300002,2
COOK-:-9300003,2
COOK-:-9300004,2
COOK-:-9300005,2
COOK-:-9300006,2
COOK-:-9300007,2
COOK-:-9300008,2
COOK-:-9300009,2
COOK-:-9300010,2
COOK-:-9300011,2
COOK-:-9300012,2
COOK-:-9300013,2
COOK-:-9300014,2
COOK-:-9300015,2
COOK-:-9300016,2
COOK-:-9300017,2
COOK-:-9300018,2
COOK-:-9300019,2
COOK-:-9300020,2
COOK-:-9300021,2
COOK-:-9300022,2
COOK-:-9300023,2
COOK-:-9300024,2
COOK-:-9300025,2
COOK-:-9300026,2
COOK-:-9300027,2
COOK-:-9300028,2
COOK-:-9300029,2
COOK-:-9300030,2
COOK-:-9300031,2
COOK-:-9300032,2
COOK-:-9300033,2
COOK-:-9300034,2
COOK-:-9300035,2
COOK-:-9300036,2
COOK-:-9300037,2
COOK-:-9300038,2
COOK-:-9300039,2
COOK-:-9300040,2
COOK-:-9300041,2
COOK-:-9300042,2
COOK-:-9300043,2
COOK-:-9300044,2
COOK-:-9300045,2
COOK-:-9300046,2
COOK-:-9300047,2
COOK-:-9300048,2
COOK-:-9300049,2
COOK-:-9300050,2
COOK-:-9300051,2
COOK-:-9300052,2
COOK-:-9300053,2
COOK-:-9300054,2
COOK-:-9300055,2
COOK-:-9300056,2
COOK-:-9300057,2
COOK-:-9300058,2
COOK-:-9300059,2
COOK-:-9300060,2
COOK-:-9300061,2
COOK-:-9300062,2
COOK-:-9300063,2
COOK-:-9300064,2
COOK-:-9300065,2
COOK-:-9300066,2
COOK-:-9300067,2
COOK-:-9300068,2
COOK-:-9300069,2
COOK-:-9400001,12
COOK-:-9400002,12
COOK-:-9400003,12
COOK-:-9400004,12
COOK-:-9400005,12
COOK-:-9400006,12
COOK-:-9400007,12
COOK-:-9400008,12
COOK-:-9400009,12
COOK-:-9400010,12
COOK-:-9400011,12
COOK-:-9400013,12
COOK-:-9400014,12
COOK-:-9400015,12
COOK-:-9400016,12
COOK-:-9400017,12
COOK-:-9400018,12
COOK-:-9400019,12
COOK-:-9400020,12
COOK-:-9500001,12
COOK-:-9500002,12
COOK-:-9500003,12
COOK-:-9500004,12
COOK-:-9500005,12
COOK-:-9500006,12
COOK-:-9500007,12
COOK-:-9500008,12
COOK-:-9500009,12
COOK-:-9500010,12
COOK-:-9500011,12
COOK-:-9500012,12
COOK-:-9500013,12
COOK-:-9500014,12
COOK-:-9500015,12
COOK-:-9500016,12
COOK-:-9500017,12
COOK-:-9500018,12
COOK-:-9500019,12
COOK-:-9500020,12
COOK-:-9500021,12
COOK-:-9500022,12
COOK-:-9500023,12
COOK-:-9500024,12
COOK-:-9500025,12
COOK-:-9500026,12
COOK-:-9500027,12
COOK-:-9500028,12
COOK-:-9500029,12
COOK-:-9500030,12
COOK-:-9500031,12
COOK-:-9500032,12
COOK-:-9500033,12
COOK-:-9500034,12
COOK-:-9500035,12
COOK-:-9500036,12
COOK-:-9500037,12
COOK-:-9500038,12
COOK-:-9500039,12
COOK-:-9500040,12
COOK-:-9500041,12
COOK-:-9500042,12
COOK-:-9500043,12
COOK-:-9500044,12
COOK-:-9500045,12
COOK-:-9500046,12
COOK-:-9500047,12
COOK-:-9500048,12
COOK-:-9500050,12
COOK-:-9500051,12
COOK-:-9500052,12
COOK-:-9500053,12
COOK-:-9500054,12
COOK-:-9500055,12
COOK-:-9500056,12
COOK-:-9500057,12
COOK-:-9500058,12
COOK-:-9500059,12
COOK-:-9500060,12
COOK-:-9500061,12
COOK-:-9500062,12
COOK-:-9500063,12
COOK-:-9500064,12
COOK-:-9500065,12
COOK-:-9500066,12
COOK-:-9500067,12
COOK-:-9500068,12
COOK-:-9500069,12
COOK-:-9500070,12
COOK-:-9500071,12
COOK-:-9500072,12
COOK-:-9500073,12
COOK-:-9500074,12
COOK-:-9500075,12
COOK-:-9500076,12
COOK-:-9500077,12
COOK-:-9500078,12
COOK-:-9500079,12
COOK-:-9500080,12
COOK-:-9500081,12
COOK-:-9500082,12
COOK-:-9500083,12
COOK-:-9500084,12
COOK-:-9500085,12
COOK-:-9500086,12
COOK-:-9500087,12
COOK-:-9500088,12
COOK-:-9500089,12
COOK-:-9500090,12
COOK-:-9500091,12
COOK-:-9500092,12
COOK-:-9500093,12
COOK-:-9500094,12
COOK-:-9500095,12
COOK-:-9500096,12
COOK-:-9500097,12
COOK-:-9500098,12
COOK-:-9500099,12
COOK-:-9500100,12
COOK-:-9500101,12
COOK-:-9500102,12
COOK-:-9500103,12
COOK-:-9500104,12
COOK-:-9600001,2
COOK-:-9600002,3
COOK-:-9600003,2
COOK-:-9600004,2
COOK-:-9600005,2
COOK-:-9600006,3
COOK-:-9600007,2
COOK-:-9600008,3
COOK-:-9600009,2
COOK-:-9600010,2
COOK-:-9600012,3
COOK-:-9600013,2
COOK-:-9600014,2
COOK-:-9600015,2
COOK-:-9600016,3
COOK-:-9600017,3
COOK-:-9600018,2
COOK-:-9600019,2
COOK-:-9600020,2
COOK-:-9600022,2
COOK-:-9600023,3
COOK-:-9600024,3
COOK-:-9600025,2
COOK-:-9600026,2
COOK-:-9600027,2
COOK-:-9600028,3
COOK-:-9600029,3
COOK-:-9600030,3
COOK-:-9600031,2
COOK-:-9600032,2
COOK-:-9600033,2
COOK-:-9600034,3
COOK-:-9600035,3
COOK-:-9600036,2
COOK-:-9600037,2
COOK-:-9600038,3
COOK-:-9600039,2
COOK-:-9600041,2
COOK-:-9600042,3
COOK-:-9600043,3
COOK-:-9600044,3
COOK-:-9600045,2
COOK-:-9600049,2
COOK-:-9600050,2
COOK-:-9600051,3
COOK-:-9600052,2
COOK-:-9600053,3
COOK-:-9600055,2
COOK-:-9600056,3
COOK-:-9600057,2
COOK-:-9600058,3
COOK-:-9600059,2
COOK-:-9600061,3
COOK-:-9600062,2
COOK-:-9600064,2
COOK-:-9600065,3
COOK-:-9600066,2
COOK-:-9600067,3
COOK-:-9600069,2
COOK-:-9600070,2
COOK-:-9600071,2
COOK-:-9600072,2
COOK-:-9600073,2
COOK-:-9600074,2
COOK-:-9600075,3
COOK-:-9600076,3
COOK-:-9600077,3
COOK-:-9600078,2
COOK-:-9600079,2
COOK-:-9600080,3
COOK-:-9600081,2
COOK-:-9700002,12
COOK-:-9700003,12
COOK-:-9700004,12
COOK-:-9700005,12
COOK-:-9700006,12
COOK-:-9700007,12
COOK-:-9700008,12
COOK-:-9700009,12
COOK-:-9700010,12
COOK-:-9700011,12
COOK-:-9700012,12
COOK-:-9700013,12
COOK-:-9700014,12
COOK-:-9700015,12
COOK-:-9700016,12
COOK-:-9700017,12
COOK-:-9700018,12
COOK-:-9700019,12
COOK-:-9700020,12
COOK-:-9700021,12
COOK-:-9700022,12
COOK-:-9700023,12
COOK-:-9700025,12
COOK-:-9700026,12
COOK-:-9700027,12
COOK-:-9700028,12
COOK-:-9700029,12
COOK-:-9700030,12
COOK-:-9700031,12
COOK-:-9700032,12
COOK-:-9700033,12
COOK-:-9700034,12
COOK-:-9700035,12
COOK-:-9700036,12
COOK-:-9700037,12
COOK-:-9700038,12
COOK-:-9700039,12
COOK-:-9700040,12
COOK-:-9700041,12
COOK-:-9700042,12
COOK-:-9700044,12
COOK-:-9700045,12
COOK-:-9700046,12
COOK-:-9700047,12
COOK-:-9700048,12
COOK-:-9700049,12
COOK-:-9700050,12
COOK-:-9700051,12
COOK-:-9700052,12
COOK-:-9700053,12
COOK-:-9700054,12
COOK-:-9700055,12
COOK-:-9700056,12
COOK-:-9700057,12
COOK-:-9700059,12
COOK-:-9700060,12
COOK-:-9700061,12
COOK-:-9700062,12
COOK-:-9700063,12
COOK-:-9700064,12
COOK-:-9700065,12
COOK-:-9700066,12
COOK-:-9700067,12
COOK-:-9700068,12
COOK-:-9700069,12
COOK-:-9700070,12
COOK-:-9700071,12
COOK-:-9700072,12
COOK-:-9700074,12
COOK-:-9700075,12
COOK-:-9700076,12
COOK-:-9700077,12
COOK-:-9700078,12
COOK-:-9700079,12
COOK-:-9700080,12
COOK-:-9700081,12
COOK-:-9700082,12
COOK-:-9800001,12
COOK-:-9800002,12
COOK-:-9800003,12
COOK-:-9800004,12
COOK-:-9800005,12
COOK-:-9800006,12
COOK-:-9800007,12
COOK-:-9800008,12
COOK-:-9800009,12
COOK-:-9800010,12
COOK-:-9800011,12
COOK-:-9800012,12
COOK-:-9800013,12
COOK-:-9800014,12
COOK-:-9800015,12
COOK-:-9800016,12
COOK-:-9800017,12
COOK-:-9800018,12
COOK-:-9800019,12
COOK-:-9800020,12
COOK-:-9800021,12
COOK-:-9800022,12
COOK-:-9800023,12
COOK-:-9800024,12
COOK-:-9800025,12
COOK-:-9800026,12
COOK-:-9800027,12
COOK-:-9800028,12
COOK-:-9800029,12
COOK-:-9800030,12
COOK-:-9800031,12
COOK-:-9901001,12
COOK-:-9901002,12
COOK-:-9901003,12
COOK-:-9901004,12
COOK-:-9902001,12
COOK-:-9902002,12
COOK-:-9902003,12
COOK-:-9902004,12
COOK-:-9903001,12
COOK-:-9903002,12
COOK-:-9903003,12
COOK-:-9903004,12
COOK-:-9904001,12
COOK-:-9904002,12
COOK-:-9904003,12
COOK-:-9904004,12
COOK-:-9905001,12
COOK-:-9905002,12
COOK-:-9905003,12
COOK-:-9906001,12
COOK-:-9906002,12
COOK-:-9906003,12
COOK-:-9906004,12
COOK-:-9907001,12
COOK-:-9907002,12
COOK-:-9907003,12
COOK-:-9907004,12
COOK-:-9908001,12
COOK-:-9908002,12
COOK-:-9908003,12
CRAWFORD-:-HONEY CREEK 1,15
CRAWFORD-:-HONEY CREEK 2,15
CRAWFORD-:-HUTSONVILLE 1,15
CRAWFORD-:-HUTSONVILLE 2,15
CRAWFORD-:-LAMOTTE 1,15
CRAWFORD-:-LAMOTTE 2,15
CRAWFORD-:-LICKING,15
CRAWFORD-:-MARTIN,15
CRAWFORD-:-MONTGOMERY,15
CRAWFORD-:-OBLONG 1,15
CRAWFORD-:-OBLONG 2,15
CRAWFORD-:-OBLONG 3,15
CRAWFORD-:-PRAIRIE 1,15
CRAWFORD-:-PRAIRIE 2,15
CRAWFORD-:-ROBINSON 1,15
CRAWFORD-:-ROBINSON 2,15
CRAWFORD-:-ROBINSON 3,15
CRAWFORD-:-ROBINSON 4,15
CRAWFORD-:-ROBINSON 5,15
CRAWFORD-:-ROBINSON 6,15
CRAWFORD-:-ROBINSON 7,15
CRAWFORD-:-ROBINSON 8,15
CRAWFORD-:-ROBINSON 9,15
CRAWFORD-:-SOUTHWEST,15
CUMBERLAND-:-COTTONWOOD-2,15
CUMBERLAND-:-CROOKED CREEK-1,15
CUMBERLAND-:-GREENUP 1-1,15
CUMBERLAND-:-GREENUP 2-1,15
CUMBERLAND-:-GREENUP 3-1,15
CUMBERLAND-:-NEOGA 1-2,15
CUMBERLAND-:-NEOGA 1-3,15
CUMBERLAND-:-NEOGA 2-2,15
CUMBERLAND-:-NEOGA 2-3,15
CUMBERLAND-:-SPRING POINT-3,15
CUMBERLAND-:-SPRING POINT-4,15
CUMBERLAND-:-SUMPTER 1-2,15
CUMBERLAND-:-SUMPTER 2-2,15
CUMBERLAND-:-UNION-1,15
CUMBERLAND-:-WOODBURY-2,15
DEKALB-:-AFTON 1,10
DEKALB-:-CLINTON 1,10
DEKALB-:-CORTLAND 1,10
DEKALB-:-CORTLAND 2,14
DEKALB-:-CORTLAND 3,14
DEKALB-:-CORTLAND 4,10
DEKALB-:-CORTLAND 5,3
DEKALB-:-CORTLAND 6,3
DEKALB-:-CORTLAND 7,3
DEKALB-:-CORTLAND 8,16
DEKALB-:-CORTLAND 9,3
DEKALB-:-DEKALB 1,5
DEKALB-:-DEKALB 10,5
DEKALB-:-DEKALB 11,5
DEKALB-:-DEKALB 12,5
DEKALB-:-DEKALB 13,10
DEKALB-:-DEKALB 14,10
DEKALB-:-DEKALB 15,5
DEKALB-:-DEKALB 16,10
DEKALB-:-DEKALB 17,10
DEKALB-:-DEKALB 18,5
DEKALB-:-DEKALB 19,10
DEKALB-:-DEKALB 2,10
DEKALB-:-DEKALB 20,10
DEKALB-:-DEKALB 21,5
DEKALB-:-DEKALB 22,10
DEKALB-:-DEKALB 23,5
DEKALB-:-DEKALB 24,5
DEKALB-:-DEKALB 3,10
DEKALB-:-DEKALB 4,5
DEKALB-:-DEKALB 5,5
DEKALB-:-DEKALB 6,5
DEKALB-:-DEKALB 7,3
DEKALB-:-DEKALB 8,5
DEKALB-:-DEKALB 9,3
DEKALB-:-FRANKLIN 1,3
DEKALB-:-FRANKLIN 2,3
DEKALB-:-GENOA 1,14
DEKALB-:-GENOA 2,15
DEKALB-:-GENOA 3,3
DEKALB-:-KINGSTON 1,3
DEKALB-:-KINGSTON 2,3
DEKALB-:-MALTA 1,10
DEKALB-:-MILAN 1,10
DEKALB-:-PAW PAW 1,10
DEKALB-:-PIERCE 1,10
DEKALB-:-SANDWICH 1,15
DEKALB-:-SANDWICH 2,15
DEKALB-:-SANDWICH 3,15
DEKALB-:-SANDWICH 4,15
DEKALB-:-SANDWICH 5,15
DEKALB-:-SHABBONA 1,10
DEKALB-:-SOMONAUK 1,15
DEKALB-:-SOUTH GROVE 1,3
DEKALB-:-SQUAW GROVE 1,10
DEKALB-:-SQUAW GROVE 2,10
DEKALB-:-SYCAMORE 1,14
DEKALB-:-SYCAMORE 10,10
DEKALB-:-SYCAMORE 11,10
DEKALB-:-SYCAMORE 2,14
DEKALB-:-SYCAMORE 3,10
DEKALB-:-SYCAMORE 4,3
DEKALB-:-SYCAMORE 5,14
DEKALB-:-SYCAMORE 6,14
DEKALB-:-SYCAMORE 8,14
DEKALB-:-VICTOR 1,10
DEWITT-:-BARNETT,16
DEWITT-:-CLINTONIA 1,16
DEWITT-:-CLINTONIA 2,16
DEWITT-:-CLINTONIA 3,16
DEWITT-:-CLINTONIA 4,16
DEWITT-:-CLINTONIA 5,16
DEWITT-:-CLINTONIA 6,16
DEWITT-:-CLINTONIA 7,16
DEWITT-:-CLINTONIA 8,16
DEWITT-:-CLINTONIA 9,16
DEWITT-:-CREEK,16
DEWITT-:-DEWITT,16
DEWITT-:-HARP,16
DEWITT-:-NIXON,16
DEWITT-:-RUTLEDGE,16
DEWITT-:-SANTA ANNA 1,16
DEWITT-:-SANTA ANNA 2,16
DEWITT-:-SANTA ANNA 3,16
DEWITT-:-TEXAS,16
DEWITT-:-TUNBRIDGE,16
DEWITT-:-WAPELLA,16
DEWITT-:-WAYNESVILLE,16
DEWITT-:-WILSON,16
DOUGLAS-:-ARCOLA 1,6
DOUGLAS-:-ARCOLA 2,6
DOUGLAS-:-ARCOLA 3,6
DOUGLAS-:-BOURBON 1,6
DOUGLAS-:-BOURBON 2,6
DOUGLAS-:-BOWDRE,6
DOUGLAS-:-CAMARGO 1,6
DOUGLAS-:-CAMARGO 2,6
DOUGLAS-:-CAMARGO 3,6
DOUGLAS-:-GARRETT,6
DOUGLAS-:-MURDOCK,6
DOUGLAS-:-NEWMAN,6
DOUGLAS-:-SARGENT,6
DOUGLAS-:-TUSCOLA 1,6
DOUGLAS-:-TUSCOLA 2,6
DOUGLAS-:-TUSCOLA 3,6
DOUGLAS-:-TUSCOLA 4,6
DUPAGE-:-ADDISON 001-0152,3
DUPAGE-:-ADDISON 002-0153,3
DUPAGE-:-ADDISON 003-0154,3
DUPAGE-:-ADDISON 004-0155,7
DUPAGE-:-ADDISON 005-0156,7
DUPAGE-:-ADDISON 006-0157,7
DUPAGE-:-ADDISON 007-0158,7
DUPAGE-:-ADDISON 008-0159,7
DUPAGE-:-ADDISON 009-0160,7
DUPAGE-:-ADDISON 010-0161,7
DUPAGE-:-ADDISON 011-0162,7
DUPAGE-:-ADDISON 012-0163/0164,7
DUPAGE-:-ADDISON 013-0165,7
DUPAGE-:-ADDISON 014-0166,7
DUPAGE-:-ADDISON 015-0167,7
DUPAGE-:-ADDISON 016-0168,7
DUPAGE-:-ADDISON 017-0169,7
DUPAGE-:-ADDISON 018-0170,7
DUPAGE-:-ADDISON 019-0171,7
DUPAGE-:-ADDISON 020-0172,7
DUPAGE-:-ADDISON 021-0173,7
DUPAGE-:-ADDISON 022-0174/0175,7
DUPAGE-:-ADDISON 023-0176,7
DUPAGE-:-ADDISON 024-0177,7
DUPAGE-:-ADDISON 025-0178,7
DUPAGE-:-ADDISON 026-0179,7
DUPAGE-:-ADDISON 027-0180,7
DUPAGE-:-ADDISON 028-0181,7
DUPAGE-:-ADDISON 029-0182,7
DUPAGE-:-ADDISON 030-0183,7
DUPAGE-:-ADDISON 031-0184,7
DUPAGE-:-ADDISON 032-0185,7
DUPAGE-:-ADDISON 033-0186/0187,7
DUPAGE-:-ADDISON 034-0188,7
DUPAGE-:-ADDISON 035-0189,7
DUPAGE-:-ADDISON 036-0190,7
DUPAGE-:-ADDISON 037-0191/0192,7
DUPAGE-:-ADDISON 038-0193,7
DUPAGE-:-ADDISON 039-0194,7
DUPAGE-:-ADDISON 040-0195,7
DUPAGE-:-ADDISON 041-0196,7
DUPAGE-:-ADDISON 042-0197,7
DUPAGE-:-ADDISON 043-0198,7
DUPAGE-:-ADDISON 044-0199/0200,7
DUPAGE-:-ADDISON 045-0201,7
DUPAGE-:-ADDISON 046-0202,7
DUPAGE-:-ADDISON 047-0203/0204,7
DUPAGE-:-ADDISON 048-0205,7
DUPAGE-:-ADDISON 049-0207,7
DUPAGE-:-ADDISON 050-0208,7
DUPAGE-:-ADDISON 051-0209,7
DUPAGE-:-ADDISON 052-0210,7
DUPAGE-:-ADDISON 053-0211,7
DUPAGE-:-BLOOMINGDALE 001-0046,7
DUPAGE-:-BLOOMINGDALE 002-0047/0048,7
DUPAGE-:-BLOOMINGDALE 003-0050,7
DUPAGE-:-BLOOMINGDALE 004-0051,7
DUPAGE-:-BLOOMINGDALE 005-0052,7
DUPAGE-:-BLOOMINGDALE 006-0053/0054,7
DUPAGE-:-BLOOMINGDALE 007-0055,7
DUPAGE-:-BLOOMINGDALE 008-0056,7
DUPAGE-:-BLOOMINGDALE 009-0057/0058,7
DUPAGE-:-BLOOMINGDALE 010-0059,7
DUPAGE-:-BLOOMINGDALE 011-0060,7
DUPAGE-:-BLOOMINGDALE 012-0061/0062,7
DUPAGE-:-BLOOMINGDALE 013-0063,7
DUPAGE-:-BLOOMINGDALE 014-0064,7
DUPAGE-:-BLOOMINGDALE 015-0065/0066,7
DUPAGE-:-BLOOMINGDALE 016-0067/0068,7
DUPAGE-:-BLOOMINGDALE 017-0069/0070,7
DUPAGE-:-BLOOMINGDALE 018-0071/0072/0073,7
DUPAGE-:-BLOOMINGDALE 019-0074/0075/0076/0077,7
DUPAGE-:-BLOOMINGDALE 020-0078/0079,7
DUPAGE-:-BLOOMINGDALE 021-0080,7
DUPAGE-:-BLOOMINGDALE 022-0081,7
DUPAGE-:-BLOOMINGDALE 023-0083/0084/0085,7
DUPAGE-:-BLOOMINGDALE 024-0086,7
DUPAGE-:-BLOOMINGDALE 025-0087,7
DUPAGE-:-BLOOMINGDALE 026-0088/0089,7
DUPAGE-:-BLOOMINGDALE 027-0090,7
DUPAGE-:-BLOOMINGDALE 028-0091,7
DUPAGE-:-BLOOMINGDALE 029-0092,7
DUPAGE-:-BLOOMINGDALE 030-0093,7
DUPAGE-:-BLOOMINGDALE 031-0094,7
DUPAGE-:-BLOOMINGDALE 032-0095/0096,7
DUPAGE-:-BLOOMINGDALE 033-0097,7
DUPAGE-:-BLOOMINGDALE 034-0098,7
DUPAGE-:-BLOOMINGDALE 035-0099,7
DUPAGE-:-BLOOMINGDALE 036-0101,7
DUPAGE-:-BLOOMINGDALE 037-0102/0103,7
DUPAGE-:-BLOOMINGDALE 038-0104/0105/0106/0107,7
DUPAGE-:-BLOOMINGDALE 039-0108/0109,7
DUPAGE-:-BLOOMINGDALE 040-0110/0112,7
DUPAGE-:-BLOOMINGDALE 041-0113/0114,7
DUPAGE-:-BLOOMINGDALE 042-0115,7
DUPAGE-:-BLOOMINGDALE 043-0116,7
DUPAGE-:-BLOOMINGDALE 044-0117,7
DUPAGE-:-BLOOMINGDALE 045-0118,7
DUPAGE-:-BLOOMINGDALE 045-0119,7
DUPAGE-:-BLOOMINGDALE 046-0120,7
DUPAGE-:-BLOOMINGDALE 047-0121,7
DUPAGE-:-BLOOMINGDALE 048-0122,7
DUPAGE-:-BLOOMINGDALE 049-0123/0124,7
DUPAGE-:-BLOOMINGDALE 050-0125/0126,7
DUPAGE-:-BLOOMINGDALE 051-0127,7
DUPAGE-:-BLOOMINGDALE 052-0128,7
DUPAGE-:-BLOOMINGDALE 053-0129,7
DUPAGE-:-BLOOMINGDALE 054-0130/0131,7
DUPAGE-:-BLOOMINGDALE 055-0132,7
DUPAGE-:-BLOOMINGDALE 056-0133,7
DUPAGE-:-BLOOMINGDALE 057-0134,7
DUPAGE-:-BLOOMINGDALE 058-0135,7
DUPAGE-:-BLOOMINGDALE 059-0136,7
DUPAGE-:-BLOOMINGDALE 060-0137,7
DUPAGE-:-BLOOMINGDALE 061-0138,7
DUPAGE-:-BLOOMINGDALE 062-0139,7
DUPAGE-:-BLOOMINGDALE 063-0140,7
DUPAGE-:-BLOOMINGDALE 064-0141,7
DUPAGE-:-BLOOMINGDALE 065-0142,7
DUPAGE-:-BLOOMINGDALE 066-0143,7
DUPAGE-:-BLOOMINGDALE 067-0144,7
DUPAGE-:-BLOOMINGDALE 068-0145/0146,7
DUPAGE-:-BLOOMINGDALE 069-0147,7
DUPAGE-:-BLOOMINGDALE 070-0148,7
DUPAGE-:-BLOOMINGDALE 071-0150,7
DUPAGE-:-BLOOMINGDALE 072-0151,7
DUPAGE-:-DOWNERS GROVE 001-0691,7
DUPAGE-:-DOWNERS GROVE 002-0692,7
DUPAGE-:-DOWNERS GROVE 003-0693/0694,7
DUPAGE-:-DOWNERS GROVE 004-0695/0696/0697,7
DUPAGE-:-DOWNERS GROVE 005-0698,7
DUPAGE-:-DOWNERS GROVE 006-0699/0700/0701,7
DUPAGE-:-DOWNERS GROVE 007-0702,7
DUPAGE-:-DOWNERS GROVE 008-0703,7
DUPAGE-:-DOWNERS GROVE 009-0704,7
DUPAGE-:-DOWNERS GROVE 010-0705/0706,7
DUPAGE-:-DOWNERS GROVE 011-0707,7
DUPAGE-:-DOWNERS GROVE 012-0708,7
DUPAGE-:-DOWNERS GROVE 013-0710,7
DUPAGE-:-DOWNERS GROVE 014-0712,7
DUPAGE-:-DOWNERS GROVE 015-0714/0715/0716/0717,7
DUPAGE-:-DOWNERS GROVE 016-0718/0719/0720,7
DUPAGE-:-DOWNERS GROVE 017-0721,7
DUPAGE-:-DOWNERS GROVE 018-0723/0724/0725/0726,7
DUPAGE-:-DOWNERS GROVE 019-0727,7
DUPAGE-:-DOWNERS GROVE 020-0728/0729,7
DUPAGE-:-DOWNERS GROVE 021-0730/0731,7
DUPAGE-:-DOWNERS GROVE 022-0732,7
DUPAGE-:-DOWNERS GROVE 023-0733,7
DUPAGE-:-DOWNERS GROVE 024-0734/0735,7
DUPAGE-:-DOWNERS GROVE 025-0736,7
DUPAGE-:-DOWNERS GROVE 026-0737,7
DUPAGE-:-DOWNERS GROVE 027-0738,7
DUPAGE-:-DOWNERS GROVE 028-0739,7
DUPAGE-:-DOWNERS GROVE 029-0740,7
DUPAGE-:-DOWNERS GROVE 030-0741,7
DUPAGE-:-DOWNERS GROVE 031-0742,3
DUPAGE-:-DOWNERS GROVE 032-0743,7
DUPAGE-:-DOWNERS GROVE 033-0744,7
DUPAGE-:-DOWNERS GROVE 034-0745,7
DUPAGE-:-DOWNERS GROVE 035-0746,7
DUPAGE-:-DOWNERS GROVE 036-0747/0748,7
DUPAGE-:-DOWNERS GROVE 037-0749,7
DUPAGE-:-DOWNERS GROVE 038-0750,7
DUPAGE-:-DOWNERS GROVE 039-0751/0752,7
DUPAGE-:-DOWNERS GROVE 040-0753,7
DUPAGE-:-DOWNERS GROVE 041-0754,7
DUPAGE-:-DOWNERS GROVE 042-0755,7
DUPAGE-:-DOWNERS GROVE 043-0756,7
DUPAGE-:-DOWNERS GROVE 044-0757/0758,7
DUPAGE-:-DOWNERS GROVE 045-0759,7
DUPAGE-:-DOWNERS GROVE 046-0760/0761,7
DUPAGE-:-DOWNERS GROVE 047-0762/0763,7
DUPAGE-:-DOWNERS GROVE 048-0764,7
DUPAGE-:-DOWNERS GROVE 049-0765,7
DUPAGE-:-DOWNERS GROVE 050-0766,7
DUPAGE-:-DOWNERS GROVE 051-0767,7
DUPAGE-:-DOWNERS GROVE 052-0768,7
DUPAGE-:-DOWNERS GROVE 053-0769,7
DUPAGE-:-DOWNERS GROVE 054-0770,7
DUPAGE-:-DOWNERS GROVE 055-0771/0772,7
DUPAGE-:-DOWNERS GROVE 056-0773,7
DUPAGE-:-DOWNERS GROVE 057-0774,7
DUPAGE-:-DOWNERS GROVE 058-0775,7
DUPAGE-:-DOWNERS GROVE 059-0776,7
DUPAGE-:-DOWNERS GROVE 060-0777,7
DUPAGE-:-DOWNERS GROVE 061-0778,7
DUPAGE-:-DOWNERS GROVE 062-0779,7
DUPAGE-:-DOWNERS GROVE 063-0780,7
DUPAGE-:-DOWNERS GROVE 064-0781,10
DUPAGE-:-DOWNERS GROVE 065-0782/0783,7
DUPAGE-:-DOWNERS GROVE 066-0784,7
DUPAGE-:-DOWNERS GROVE 067-0785,3
DUPAGE-:-DOWNERS GROVE 068-0786,10
DUPAGE-:-DOWNERS GROVE 069-0787/0788,7
DUPAGE-:-DOWNERS GROVE 070-0789,7
DUPAGE-:-DOWNERS GROVE 071-0790,7
DUPAGE-:-DOWNERS GROVE 072-0791/0792,7
DUPAGE-:-DOWNERS GROVE 073-0793,7
DUPAGE-:-DOWNERS GROVE 074-0794,7
DUPAGE-:-DOWNERS GROVE 075-0795,7
DUPAGE-:-DOWNERS GROVE 076-0796,7
DUPAGE-:-DOWNERS GROVE 077-0797/0798,7
DUPAGE-:-DOWNERS GROVE 078-0799,7
DUPAGE-:-DOWNERS GROVE 079-0800,5
DUPAGE-:-DOWNERS GROVE 080-0801/0802/0803,7
DUPAGE-:-DOWNERS GROVE 081-0804,7
DUPAGE-:-DOWNERS GROVE 082-0805,7
DUPAGE-:-DOWNERS GROVE 083-0806,7
DUPAGE-:-DOWNERS GROVE 084-0807,7
DUPAGE-:-DOWNERS GROVE 085-0808,7
DUPAGE-:-DOWNERS GROVE 085-0809/0810,7
DUPAGE-:-DOWNERS GROVE 086-0811,7
DUPAGE-:-DOWNERS GROVE 087-0812,7
DUPAGE-:-DOWNERS GROVE 088-0813,7
DUPAGE-:-DOWNERS GROVE 089-0814,7
DUPAGE-:-DOWNERS GROVE 090-0815,7
DUPAGE-:-DOWNERS GROVE 091-0816,7
DUPAGE-:-DOWNERS GROVE 092-0817,7
DUPAGE-:-DOWNERS GROVE 093-0818,7
DUPAGE-:-DOWNERS GROVE 094-0819/0820,7
DUPAGE-:-DOWNERS GROVE 095-0821,7
DUPAGE-:-DOWNERS GROVE 096-0822,7
DUPAGE-:-DOWNERS GROVE 097-0823,7
DUPAGE-:-DOWNERS GROVE 098-0824/0825,7
DUPAGE-:-DOWNERS GROVE 099-0826,7
DUPAGE-:-DOWNERS GROVE 100-0827,7
DUPAGE-:-DOWNERS GROVE 101-0828,7
DUPAGE-:-DOWNERS GROVE 102-0829,7
DUPAGE-:-DOWNERS GROVE 103-0830,7
DUPAGE-:-LISLE 001-0583/0584,7
DUPAGE-:-LISLE 002-0585,7
DUPAGE-:-LISLE 003-0586/0587/0589/0590,7
DUPAGE-:-LISLE 004-0591,7
DUPAGE-:-LISLE 005-0592/0593/0594,7
DUPAGE-:-LISLE 006-0595,7
DUPAGE-:-LISLE 007-0596,7
DUPAGE-:-LISLE 008-0597,7
DUPAGE-:-LISLE 009-0598/0599,7
DUPAGE-:-LISLE 010-0600/0601,7
DUPAGE-:-LISLE 011-0602,7
DUPAGE-:-LISLE 012-0603,7
DUPAGE-:-LISLE 013-0604,7
DUPAGE-:-LISLE 014-0605,7
DUPAGE-:-LISLE 015-0606,7
DUPAGE-:-LISLE 015-0607,7
DUPAGE-:-LISLE 016-0608,7
DUPAGE-:-LISLE 017-0609,7
DUPAGE-:-LISLE 018-0610,7
DUPAGE-:-LISLE 018-0611,7
DUPAGE-:-LISLE 019-0612/0613,7
DUPAGE-:-LISLE 020-0614,7
DUPAGE-:-LISLE 021-0615,7
DUPAGE-:-LISLE 022-0616,7
DUPAGE-:-LISLE 023-0617,7
DUPAGE-:-LISLE 024-0618,7
DUPAGE-:-LISLE 025-0619/0620,7
DUPAGE-:-LISLE 026-0621,7
DUPAGE-:-LISLE 027-0622,7
DUPAGE-:-LISLE 028-0623,7
DUPAGE-:-LISLE 029-0624,7
DUPAGE-:-LISLE 030-0625,7
DUPAGE-:-LISLE 031-0626,7
DUPAGE-:-LISLE 032-0627,7
DUPAGE-:-LISLE 033-0628/0629,7
DUPAGE-:-LISLE 034-0630/0631,7
DUPAGE-:-LISLE 035-0632,3
DUPAGE-:-LISLE 036-0633,7
DUPAGE-:-LISLE 037-0634,7
DUPAGE-:-LISLE 038-0635/0636,7
DUPAGE-:-LISLE 039-0637/0638,7
DUPAGE-:-LISLE 040-0639/0640,7
DUPAGE-:-LISLE 041-0641/0642/0643,7
DUPAGE-:-LISLE 042-0644/0645,7
DUPAGE-:-LISLE 043-0646,7
DUPAGE-:-LISLE 044-0647,7
DUPAGE-:-LISLE 045-0648,7
DUPAGE-:-LISLE 046-0649,7
DUPAGE-:-LISLE 047-0651,7
DUPAGE-:-LISLE 048-0652,7
DUPAGE-:-LISLE 049-0653/0654,7
DUPAGE-:-LISLE 050-0655,7
DUPAGE-:-LISLE 051-0656,7
DUPAGE-:-LISLE 052-0657,7
DUPAGE-:-LISLE 053-0658,7
DUPAGE-:-LISLE 054-0659,7
DUPAGE-:-LISLE 055-0660/0661,7
DUPAGE-:-LISLE 056-0662,7
DUPAGE-:-LISLE 057-0663/0664/0665,10
DUPAGE-:-LISLE 058-0666/0667,10
DUPAGE-:-LISLE 059-0668,7
DUPAGE-:-LISLE 060-0669,7
DUPAGE-:-LISLE 061-0670,11
DUPAGE-:-LISLE 062-0671/0672,7
DUPAGE-:-LISLE 063-0673,7
DUPAGE-:-LISLE 064-0674,10
DUPAGE-:-LISLE 065-0675,10
DUPAGE-:-LISLE 066-0676,7
DUPAGE-:-LISLE 067-0677,7
DUPAGE-:-LISLE 068-0678,7
DUPAGE-:-LISLE 069-0679,7
DUPAGE-:-LISLE 070-0680,7
DUPAGE-:-LISLE 071-0681,7
DUPAGE-:-LISLE 072-0682,7
DUPAGE-:-LISLE 073-0683/0684,7
DUPAGE-:-LISLE 074-0685,7
DUPAGE-:-LISLE 075-0686,3
DUPAGE-:-LISLE 076-0687/0688,7
DUPAGE-:-LISLE 077-0689/0690,7
DUPAGE-:-MILTON 001-0263/0264,7
DUPAGE-:-MILTON 002-0265/0266/0267/0268,11
DUPAGE-:-MILTON 003-0269/0270,7
DUPAGE-:-MILTON 004-0271/0272/0273,7
DUPAGE-:-MILTON 005-0275,7
DUPAGE-:-MILTON 006-0276/0277,7
DUPAGE-:-MILTON 007-0278/0279/0280,7
DUPAGE-:-MILTON 008-0282/0283/0284,7
DUPAGE-:-MILTON 009-0285/0286,7
DUPAGE-:-MILTON 010-0287,7
DUPAGE-:-MILTON 011-0288,7
DUPAGE-:-MILTON 012-0289/0290,7
DUPAGE-:-MILTON 013-0291/0292/0293,14
DUPAGE-:-MILTON 014-0294/0295,7
DUPAGE-:-MILTON 015-0296/0297/0298,7
DUPAGE-:-MILTON 016-0299,7
DUPAGE-:-MILTON 017-0300/0301/0302,7
DUPAGE-:-MILTON 018-0303/0304,7
DUPAGE-:-MILTON 019-0305,7
DUPAGE-:-MILTON 020-0306,7
DUPAGE-:-MILTON 021-0307,7
DUPAGE-:-MILTON 022-0308/0309,7
DUPAGE-:-MILTON 023-0310/0311,7
DUPAGE-:-MILTON 024-0312,7
DUPAGE-:-MILTON 025-0313,7
DUPAGE-:-MILTON 026-0314,7
DUPAGE-:-MILTON 027-0315,7
DUPAGE-:-MILTON 028-0316/0317,7
DUPAGE-:-MILTON 029-0318/0319,7
DUPAGE-:-MILTON 030-0320,7
DUPAGE-:-MILTON 031-0321,7
DUPAGE-:-MILTON 031-0322,7
DUPAGE-:-MILTON 032-0323/0324,7
DUPAGE-:-MILTON 033-0325,7
DUPAGE-:-MILTON 034-0326,7
DUPAGE-:-MILTON 035-0327,7
DUPAGE-:-MILTON 036-0328,7
DUPAGE-:-MILTON 037-0329,7
DUPAGE-:-MILTON 038-0330/0331,7
DUPAGE-:-MILTON 039-0332,7
DUPAGE-:-MILTON 040-0333,7
DUPAGE-:-MILTON 041-0334,7
DUPAGE-:-MILTON 042-0335,7
DUPAGE-:-MILTON 043-0336,7
DUPAGE-:-MILTON 044-0337,7
DUPAGE-:-MILTON 045-0338,7
DUPAGE-:-MILTON 046-0339,7
DUPAGE-:-MILTON 047-0340/0341,7
DUPAGE-:-MILTON 048-0342,7
DUPAGE-:-MILTON 049-0343,7
DUPAGE-:-MILTON 050-0344,7
DUPAGE-:-MILTON 051-0345/0346,7
DUPAGE-:-MILTON 052-0347,7
DUPAGE-:-MILTON 053-0348/0349,7
DUPAGE-:-MILTON 054-0350,7
DUPAGE-:-MILTON 055-0351,7
DUPAGE-:-MILTON 056-0352,7
DUPAGE-:-MILTON 057-0353,7
DUPAGE-:-MILTON 058-0354/0355,7
DUPAGE-:-MILTON 059-0356/0357,7
DUPAGE-:-MILTON 060-0358/0359,7
DUPAGE-:-MILTON 061-0360,7
DUPAGE-:-MILTON 062-0361,7
DUPAGE-:-MILTON 062-0362,7
DUPAGE-:-MILTON 063-0363,7
DUPAGE-:-MILTON 064-0364,7
DUPAGE-:-MILTON 065-0365/0366,7
DUPAGE-:-MILTON 066-0368,7
DUPAGE-:-MILTON 067-0369,7
DUPAGE-:-MILTON 068-0370/0371,7
DUPAGE-:-MILTON 069-0372/0373,7
DUPAGE-:-MILTON 070-0374,7
DUPAGE-:-MILTON 071-0375/0376,7
DUPAGE-:-MILTON 072-0377/0378,7
DUPAGE-:-MILTON 073-0379/0380/0381,7
DUPAGE-:-MILTON 074-0382,7
DUPAGE-:-MILTON 075-0383,7
DUPAGE-:-MILTON 076-0384,7
DUPAGE-:-MILTON 077-0385/0386,7
DUPAGE-:-MILTON 078-0387/0388,7
DUPAGE-:-MILTON 079-0389/0390,7
DUPAGE-:-MILTON 080-0391,7
DUPAGE-:-MILTON 081-0392,7
DUPAGE-:-NAPERVILLE 001-0509,7
DUPAGE-:-NAPERVILLE 002-0510/0511,7
DUPAGE-:-NAPERVILLE 003-0512/0513/0514,7
DUPAGE-:-NAPERVILLE 004-0515/0517,7
DUPAGE-:-NAPERVILLE 005-0519,7
DUPAGE-:-NAPERVILLE 006-0520/0521,7
DUPAGE-:-NAPERVILLE 007-0522,10
DUPAGE-:-NAPERVILLE 008-0523,7
DUPAGE-:-NAPERVILLE 009-0524,7
DUPAGE-:-NAPERVILLE 010-0525/0526,7
DUPAGE-:-NAPERVILLE 011-0527/0528,7
DUPAGE-:-NAPERVILLE 012-0529,3
DUPAGE-:-NAPERVILLE 013-0530/0531,7
DUPAGE-:-NAPERVILLE 014-0532/0533,7
DUPAGE-:-NAPERVILLE 015-0534,7
DUPAGE-:-NAPERVILLE 016-0535,7
DUPAGE-:-NAPERVILLE 017-0536/0537,7
DUPAGE-:-NAPERVILLE 018-0538/0539,7
DUPAGE-:-NAPERVILLE 019-0540,7
DUPAGE-:-NAPERVILLE 020-0541,7
DUPAGE-:-NAPERVILLE 021-0542,7
DUPAGE-:-NAPERVILLE 022-0543,7
DUPAGE-:-NAPERVILLE 023-0544/0545,7
DUPAGE-:-NAPERVILLE 024-0546,7
DUPAGE-:-NAPERVILLE 025-0547,7
DUPAGE-:-NAPERVILLE 026-0548,7
DUPAGE-:-NAPERVILLE 027-0549,7
DUPAGE-:-NAPERVILLE 028-0550,7
DUPAGE-:-NAPERVILLE 029-0551,7
DUPAGE-:-NAPERVILLE 030-0552,7
DUPAGE-:-NAPERVILLE 031-0553/0554,7
DUPAGE-:-NAPERVILLE 032-0555,7
DUPAGE-:-NAPERVILLE 033-0556,7
DUPAGE-:-NAPERVILLE 034-0557,7
DUPAGE-:-NAPERVILLE 035-0558,7
DUPAGE-:-NAPERVILLE 036-0559,7
DUPAGE-:-NAPERVILLE 037-0560,7
DUPAGE-:-NAPERVILLE 038-0561,7
DUPAGE-:-NAPERVILLE 039-0562,7
DUPAGE-:-NAPERVILLE 040-0563,7
DUPAGE-:-NAPERVILLE 041-0564,7
DUPAGE-:-NAPERVILLE 042-0565,7
DUPAGE-:-NAPERVILLE 043-0566,7
DUPAGE-:-NAPERVILLE 044-0567,7
DUPAGE-:-NAPERVILLE 045-0568,7
DUPAGE-:-NAPERVILLE 046-0570,7
DUPAGE-:-NAPERVILLE 047-0571,7
DUPAGE-:-NAPERVILLE 048-0572,7
DUPAGE-:-NAPERVILLE 049-0573,7
DUPAGE-:-NAPERVILLE 050-0574,10
DUPAGE-:-NAPERVILLE 051-0575,7
DUPAGE-:-NAPERVILLE 052-0576,3
DUPAGE-:-NAPERVILLE 053-0577,7
DUPAGE-:-NAPERVILLE 054-0578,7
DUPAGE-:-NAPERVILLE 055-0579,7
DUPAGE-:-NAPERVILLE 056-0580,7
DUPAGE-:-NAPERVILLE 057-0581,7
DUPAGE-:-NAPERVILLE 058-0582,7
DUPAGE-:-WAYNE 001-0001,7
DUPAGE-:-WAYNE 002-0002,7
DUPAGE-:-WAYNE 003-0003,7
DUPAGE-:-WAYNE 004-0004,7
DUPAGE-:-WAYNE 005-0005,7
DUPAGE-:-WAYNE 006-0006,7
DUPAGE-:-WAYNE 007-0007,7
DUPAGE-:-WAYNE 008-0008,7
DUPAGE-:-WAYNE 009-0009,7
DUPAGE-:-WAYNE 010-0010,7
DUPAGE-:-WAYNE 011-0011,7
DUPAGE-:-WAYNE 012-0012,7
DUPAGE-:-WAYNE 013-0013,7
DUPAGE-:-WAYNE 014-0014,7
DUPAGE-:-WAYNE 015-0015,7
DUPAGE-:-WAYNE 016-0016,7
DUPAGE-:-WAYNE 017-0017,7
DUPAGE-:-WAYNE 018-0018,7
DUPAGE-:-WAYNE 019-0019,7
DUPAGE-:-WAYNE 020-0020,7
DUPAGE-:-WAYNE 021-0021,7
DUPAGE-:-WAYNE 022-0022,7
DUPAGE-:-WAYNE 023-0023,7
DUPAGE-:-WAYNE 024-0024,7
DUPAGE-:-WAYNE 025-0025,7
DUPAGE-:-WAYNE 026-0026,7
DUPAGE-:-WAYNE 027-0027,7
DUPAGE-:-WAYNE 028-0028,7
DUPAGE-:-WAYNE 029-0029,7
DUPAGE-:-WAYNE 030-0030,7
DUPAGE-:-WAYNE 031-0031,7
DUPAGE-:-WAYNE 032-0032,7
DUPAGE-:-WAYNE 033-0033,7
DUPAGE-:-WAYNE 034-0034,7
DUPAGE-:-WAYNE 035-0035,7
DUPAGE-:-WAYNE 036-0036,7
DUPAGE-:-WAYNE 037-0037,7
DUPAGE-:-WAYNE 038-0038,7
DUPAGE-:-WAYNE 038-0039,7
DUPAGE-:-WAYNE 039-0040,7
DUPAGE-:-WAYNE 040-0041/0042,7
DUPAGE-:-WAYNE 041-0043,7
DUPAGE-:-WAYNE 042-0044,7
DUPAGE-:-WAYNE 043-0045,7
DUPAGE-:-WINFIELD 001-0212,7
DUPAGE-:-WINFIELD 002-0213/0214,7
DUPAGE-:-WINFIELD 003-0215/0216/0217/0218,7
DUPAGE-:-WINFIELD 004-0219/0220/0221,7
DUPAGE-:-WINFIELD 005-0222,7
DUPAGE-:-WINFIELD 006-0223/0224,7
DUPAGE-:-WINFIELD 006-0225,7
DUPAGE-:-WINFIELD 007-0226/0227,7
DUPAGE-:-WINFIELD 008-0228/0229,7
DUPAGE-:-WINFIELD 009-0230,7
DUPAGE-:-WINFIELD 010-0231,7
DUPAGE-:-WINFIELD 011-0232/0233,7
DUPAGE-:-WINFIELD 012-0234/0235,7
DUPAGE-:-WINFIELD 013-0236/0237,7
DUPAGE-:-WINFIELD 014-0238/0239,7
DUPAGE-:-WINFIELD 015-0240,7
DUPAGE-:-WINFIELD 016-0241/0242/0243,7
DUPAGE-:-WINFIELD 017-0244,7
DUPAGE-:-WINFIELD 018-0245/0246/0247,7
DUPAGE-:-WINFIELD 019-0248/0249/0250/0251,7
DUPAGE-:-WINFIELD 020-0252,7
DUPAGE-:-WINFIELD 021-0253,7
DUPAGE-:-WINFIELD 022-0254,7
DUPAGE-:-WINFIELD 023-0255,7
DUPAGE-:-WINFIELD 023-0257,7
DUPAGE-:-WINFIELD 024-0258/0259,7
DUPAGE-:-WINFIELD 025-0260,7
DUPAGE-:-WINFIELD 026-0261,7
DUPAGE-:-WINFIELD 027-0262,7
DUPAGE-:-YORK 001-0394/0395,7
DUPAGE-:-YORK 002-0396,7
DUPAGE-:-YORK 003-0397,7
DUPAGE-:-YORK 004-0398,7
DUPAGE-:-YORK 005-0399,7
DUPAGE-:-YORK 006-0400,7
DUPAGE-:-YORK 007-0401,7
DUPAGE-:-YORK 008-0403/0404,7
DUPAGE-:-YORK 009-0406,7
DUPAGE-:-YORK 010-0407,7
DUPAGE-:-YORK 011-0408,7
DUPAGE-:-YORK 012-0409,7
DUPAGE-:-YORK 013-0410,7
DUPAGE-:-YORK 014-0411,7
DUPAGE-:-YORK 015-0412,7
DUPAGE-:-YORK 016-0413/0414,7
DUPAGE-:-YORK 017-0415/0416,7
DUPAGE-:-YORK 018-0417,7
DUPAGE-:-YORK 019-0418,7
DUPAGE-:-YORK 020-0419,7
DUPAGE-:-YORK 021-0420,7
DUPAGE-:-YORK 022-0421,7
DUPAGE-:-YORK 023-0422,7
DUPAGE-:-YORK 024-0423,7
DUPAGE-:-YORK 025-0424,7
DUPAGE-:-YORK 026-0425,7
DUPAGE-:-YORK 027-0426,7
DUPAGE-:-YORK 028-0427,7
DUPAGE-:-YORK 029-0428/0429,7
DUPAGE-:-YORK 030-0430,7
DUPAGE-:-YORK 031-0431,7
DUPAGE-:-YORK 032-0432,7
DUPAGE-:-YORK 033-0433,7
DUPAGE-:-YORK 034-0434,7
DUPAGE-:-YORK 035-0435,7
DUPAGE-:-YORK 036-0436,7
DUPAGE-:-YORK 037-0437,7
DUPAGE-:-YORK 038-0438,7
DUPAGE-:-YORK 039-0439,7
DUPAGE-:-YORK 040-0440,7
DUPAGE-:-YORK 041-0442,7
DUPAGE-:-YORK 042-0443,7
DUPAGE-:-YORK 043-0444,7
DUPAGE-:-YORK 044-0445,7
DUPAGE-:-YORK 045-0446,7
DUPAGE-:-YORK 046-0447,7
DUPAGE-:-YORK 047-0448,7
DUPAGE-:-YORK 048-0449,7
DUPAGE-:-YORK 049-0450,7
DUPAGE-:-YORK 050-0451,7
DUPAGE-:-YORK 051-0452,7
DUPAGE-:-YORK 052-0453,7
DUPAGE-:-YORK 053-0454,7
DUPAGE-:-YORK 054-0455,7
DUPAGE-:-YORK 055-0456/0457/0458,7
DUPAGE-:-YORK 056-0459,7
DUPAGE-:-YORK 057-0460/0461,7
DUPAGE-:-YORK 058-0462/0463,7
DUPAGE-:-YORK 059-0464/0465,7
DUPAGE-:-YORK 060-0466,7
DUPAGE-:-YORK 061-0467,7
DUPAGE-:-YORK 062-0468,7
DUPAGE-:-YORK 063-0469/0470,7
DUPAGE-:-YORK 064-0471/0472,7
DUPAGE-:-YORK 065-0473,7
DUPAGE-:-YORK 066-0474,7
DUPAGE-:-YORK 067-0475,7
DUPAGE-:-YORK 068-0476/0477/0478,7
DUPAGE-:-YORK 069-0479,7
DUPAGE-:-YORK 070-0480/0481,7
DUPAGE-:-YORK 071-0483/0484,7
DUPAGE-:-YORK 072-0485,7
DUPAGE-:-YORK 073-0486/0487,7
DUPAGE-:-YORK 074-0488/0489/0490,7
DUPAGE-:-YORK 075-0491,7
DUPAGE-:-YORK 076-0492/0493,7
DUPAGE-:-YORK 077-0494/0495,7
DUPAGE-:-YORK 078-0496,7
DUPAGE-:-YORK 079-0497/0498,7
DUPAGE-:-YORK 080-0499/0500,7
DUPAGE-:-YORK 081-0501/0502,7
DUPAGE-:-YORK 082-0503,7
DUPAGE-:-YORK 083-0504,7
DUPAGE-:-YORK 084-0505/0506,7
DUPAGE-:-YORK 085-0507,7
DUPAGE-:-YORK 086-0508,7
EDGAR-:-BROUILLETTS CREEK,6
EDGAR-:-BUCK,6
EDGAR-:-EDGAR,6
EDGAR-:-ELBRIDGE,15
EDGAR-:-EMBARRASS,6
EDGAR-:-GRANDVIEW,15
EDGAR-:-HUNTER,6
EDGAR-:-KANSAS,15
EDGAR-:-PARIS 1,6
EDGAR-:-PARIS 10,6
EDGAR-:-PARIS 11,6
EDGAR-:-PARIS 12,6
EDGAR-:-PARIS 14,6
EDGAR-:-PARIS 15,6
EDGAR-:-PARIS 2,6
EDGAR-:-PARIS 3,6
EDGAR-:-PARIS 4,6
EDGAR-:-PARIS 5,6
EDGAR-:-PARIS 6,6
EDGAR-:-PARIS 7,6
EDGAR-:-PARIS 8,6
EDGAR-:-PARIS 9,6
EDGAR-:-PRAIRIE,6
EDGAR-:-ROSS 1,6
EDGAR-:-ROSS 2,6
EDGAR-:-SHILOH,6
EDGAR-:-STRATTON,6
EDGAR-:-SYMMES 1,6
EDGAR-:-SYMMES 2,15
EDGAR-:-YOUNG AMERICA 1,6
EDGAR-:-YOUNG AMERICA 2,6
EDWARDS-:-ALBION 1,4
EDWARDS-:-ALBION 2,4
EDWARDS-:-ALBION 3,4
EDWARDS-:-BONE GAP,4
EDWARDS-:-BROWNS,4
EDWARDS-:-DIXON,4
EDWARDS-:-ELLERY,4
EDWARDS-:-FRENCH CREEK,4
EDWARDS-:-SALEM 1,4
EDWARDS-:-SALEM 2,4
EDWARDS-:-SHELBY 1,4
EDWARDS-:-SHELBY 2,4
EFFINGHAM-:-BANNER,15
EFFINGHAM-:-BISHOP,15
EFFINGHAM-:-DOUGLAS 1,15
EFFINGHAM-:-DOUGLAS 10,15
EFFINGHAM-:-DOUGLAS 11,15
EFFINGHAM-:-DOUGLAS 12,15
EFFINGHAM-:-DOUGLAS 13,15
EFFINGHAM-:-DOUGLAS 14,15
EFFINGHAM-:-DOUGLAS 2,15
EFFINGHAM-:-DOUGLAS 3,15
EFFINGHAM-:-DOUGLAS 4,15
EFFINGHAM-:-DOUGLAS 5,15
EFFINGHAM-:-DOUGLAS 6,15
EFFINGHAM-:-DOUGLAS 7,15
EFFINGHAM-:-DOUGLAS 8,15
EFFINGHAM-:-DOUGLAS 9,15
EFFINGHAM-:-JACKSON,15
EFFINGHAM-:-LIBERTY,15
EFFINGHAM-:-LUCAS,15
EFFINGHAM-:-MASON,15
EFFINGHAM-:-MOCCASIN,15
EFFINGHAM-:-MOUND 1,15
EFFINGHAM-:-MOUND 2,15
EFFINGHAM-:-MOUND 3,15
EFFINGHAM-:-ST. FRANCIS,15
EFFINGHAM-:-SUMMIT 1,15
EFFINGHAM-:-SUMMIT 2,15
EFFINGHAM-:-SUMMIT 3,15
EFFINGHAM-:-SUMMIT 4,15
EFFINGHAM-:-SUMMIT 5,15
EFFINGHAM-:-TEUTOPOLIS 1,15
EFFINGHAM-:-TEUTOPOLIS 2,15
EFFINGHAM-:-TEUTOPOLIS 3,15
EFFINGHAM-:-UNION,15
EFFINGHAM-:-WATSON 1,15
EFFINGHAM-:-WATSON 2,15
EFFINGHAM-:-WATSON 3,15
EFFINGHAM-:-WEST,15
FAYETTE-:-AVENA,15
FAYETTE-:-BEAR GROVE,4
FAYETTE-:-BOWLING GREEN,15
FAYETTE-:-CARSON,15
FAYETTE-:-KASKASKIA,4
FAYETTE-:-LACLEDE,4
FAYETTE-:-LONE GROVE,4
FAYETTE-:-LOUDON,15
FAYETTE-:-NORTH HURRICANE,16
FAYETTE-:-OTEGO,4
FAYETTE-:-POPE,4
FAYETTE-:-RAMSEY,15
FAYETTE-:-SEFTON,15
FAYETTE-:-SEMINARY,4
FAYETTE-:-SHAFTER,4
FAYETTE-:-SHARON,4
FAYETTE-:-SOUTH HURRICANE,4
FAYETTE-:-VANDALIA 1,4
FAYETTE-:-VANDALIA 2,4
FAYETTE-:-VANDALIA 3,4
FAYETTE-:-VANDALIA 4,4
FAYETTE-:-VANDALIA 5,4
FAYETTE-:-VANDALIA 6,4
FAYETTE-:-VANDALIA 7,4
FAYETTE-:-VANDALIA 8,4
FAYETTE-:-VANDALIA 9,4
FAYETTE-:-WHEATLAND,4
FAYETTE-:-WILBERTON,4
FORD-:-BRENTON,6
FORD-:-BUTTON,6
FORD-:-DIX,6
FORD-:-DRUMMER 1,6
FORD-:-DRUMMER 2,6
FORD-:-DRUMMER 3,6
FORD-:-DRUMMER 4,6
FORD-:-DRUMMER 5,6
FORD-:-LYMAN,6
FORD-:-MONA,6
FORD-:-PATTON 1,6
FORD-:-PATTON 2,6
FORD-:-PATTON 3,6
FORD-:-PATTON 4,6
FORD-:-PATTON 5,6
FORD-:-PATTON 6,6
FORD-:-PATTON 7,6
FORD-:-PEACH ORCHARD,6
FORD-:-PELLA,6
FORD-:-ROGERS,6
FORD-:-SULLIVANT,6
FORD-:-WALL,6
FRANKLIN-:-BARREN,4
FRANKLIN-:-BENTON 1,4
FRANKLIN-:-BENTON 2,4
FRANKLIN-:-BENTON 3,4
FRANKLIN-:-BENTON 4,4
FRANKLIN-:-BENTON 5,4
FRANKLIN-:-BENTON 6,4
FRANKLIN-:-BENTON 7,4
FRANKLIN-:-BROWNING 1,4
FRANKLIN-:-BROWNING 2,4
FRANKLIN-:-BROWNING 3,4
FRANKLIN-:-CAVE,4
FRANKLIN-:-DENNING 1,4
FRANKLIN-:-DENNING 2,4
FRANKLIN-:-DENNING 3,4
FRANKLIN-:-DENNING 4,4
FRANKLIN-:-DENNING 5,4
FRANKLIN-:-EASTERN,4
FRANKLIN-:-EWING 1,4
FRANKLIN-:-EWING 2,4
FRANKLIN-:-FRANKFORT 1,4
FRANKLIN-:-FRANKFORT 2,4
FRANKLIN-:-FRANKFORT 3,4
FRANKLIN-:-FRANKFORT 4,4
FRANKLIN-:-GOODE 1,4
FRANKLIN-:-GOODE 2,4
FRANKLIN-:-NORTHERN,4
FRANKLIN-:-SIX MILE 1,4
FRANKLIN-:-SIX MILE 2,4
FRANKLIN-:-SIX MILE 3,4
FRANKLIN-:-TYRONE 1,4
FRANKLIN-:-TYRONE 2,4
FRANKLIN-:-TYRONE 3,4
FRANKLIN-:-TYRONE 4,4
FRANKLIN-:-TYRONE 5,4
FULTON-:-ASTORIA-42,11
FULTON-:-ASTORIA-43,11
FULTON-:-BANNER-31,16
FULTON-:-BERNADOTTE-33,11
FULTON-:-BUCKHEART-30,16
FULTON-:-CANTON  1-10,16
FULTON-:-CANTON  2-11,16
FULTON-:-CANTON  3-12,16
FULTON-:-CANTON  4-13,16
FULTON-:-CANTON  5-14,16
FULTON-:-CANTON  6-15,16
FULTON-:-CANTON  7-16,16
FULTON-:-CANTON  8-17,16
FULTON-:-CANTON  9-18,16
FULTON-:-CANTON 10-19,16
FULTON-:-CANTON 11-20,16
FULTON-:-CANTON 12-21,16
FULTON-:-CANTON 13-22,16
FULTON-:-CANTON 14-23,16
FULTON-:-CANTON 15-24,16
FULTON-:-CANTON 16-25,16
FULTON-:-CASS-28,11
FULTON-:-DEERFIELD-8,11
FULTON-:-ELLISVILLE-2,11
FULTON-:-FAIRVIEW-4,11
FULTON-:-FARMERS-32,11
FULTON-:-FARMINGTON 1-5,16
FULTON-:-FARMINGTON 2-6,16
FULTON-:-HARRIS-27,11
FULTON-:-ISABEL-40,11
FULTON-:-JOSHUA-9,16
FULTON-:-KERTON-45,11
FULTON-:-LEE TWP-7,11
FULTON-:-LEWISTOWN 1-34,11
FULTON-:-LEWISTOWN 2-35,11
FULTON-:-LEWISTOWN 3-36,11
FULTON-:-LIVERPOOL-37,11
FULTON-:-ORION-26,16
FULTON-:-PLEASANT-39,11
FULTON-:-PUTMAN-29,11
FULTON-:-UNION-1,11
FULTON-:-VERMONT-38,11
FULTON-:-WATERFORD-41,11
FULTON-:-WOODLAND-44,11
FULTON-:-YOUNG HICKORY-3,11
GALLATIN-:-ASBURY 1,4
GALLATIN-:-BOWLESVILLE 1,4
GALLATIN-:-EAGLE CREEK 1,4
GALLATIN-:-EQUALITY 1,4
GALLATIN-:-GOLD HILL 1,4
GALLATIN-:-GOLD HILL 2,4
GALLATIN-:-NEW HAVEN 1,4
GALLATIN-:-NORTH FORK 1,4
GALLATIN-:-OMAHA 1,4
GALLATIN-:-RIDGWAY 1,4
GALLATIN-:-SHAWNEE 1,4
GREENE-:-ATHENSVILLE 1-1,4
GREENE-:-BLUFFDALE 1-1,10
GREENE-:-CARROLLTON 1-1,10
GREENE-:-CARROLLTON 2-1,10
GREENE-:-CARROLLTON 3-1,10
GREENE-:-KANE 1-1,4
GREENE-:-KANE 2-1,10
GREENE-:-LINDER 1-1,10
GREENE-:-PATTERSON 1-1,10
GREENE-:-ROCKBRIDGE 1-1,4
GREENE-:-ROCKBRIDGE 2-1,10
GREENE-:-ROCKBRIDGE 3-1,4
GREENE-:-ROODHOUSE 1-1,4
GREENE-:-ROODHOUSE 2-1,4
GREENE-:-ROODHOUSE 3-1,4
GREENE-:-RUBICON 1-1,4
GREENE-:-WALKERVILLE 1-1,10
GREENE-:-WHITE HALL 1-1,4
GREENE-:-WHITE HALL 2-1,4
GREENE-:-WHITE HALL 3-1,4
GREENE-:-WOODVILLE 1-1,10
GREENE-:-WRIGHTS 2-1,4
GRUNDY-:-AUX SABLE 01-001,9
GRUNDY-:-AUX SABLE 02-002,9
GRUNDY-:-AUX SABLE 02-003,9
GRUNDY-:-AUX SABLE 03-004,9
GRUNDY-:-AUX SABLE 04-005,9
GRUNDY-:-AUX SABLE 05-006,9
GRUNDY-:-AUX SABLE 05-007,9
GRUNDY-:-AUX SABLE 06-008,9
GRUNDY-:-AUX SABLE 07-009,9
GRUNDY-:-AUX SABLE 07-010,9
GRUNDY-:-BRACEVILLE 01-011,9
GRUNDY-:-BRACEVILLE 02-12/13,9
GRUNDY-:-BRACEVILLE 02-14/15,9
GRUNDY-:-BRACEVILLE 03-016,9
GRUNDY-:-BRACEVILLE 04-017,9
GRUNDY-:-ERIENNA 01-018,9
GRUNDY-:-ERIENNA 02-019,9
GRUNDY-:-FELIX 01-021,9
GRUNDY-:-FELIX 02-022,9
GRUNDY-:-FELIX 03-023,9
GRUNDY-:-FELIX 04-024,9
GRUNDY-:-GARFIELD 01-025,9
GRUNDY-:-GOODFARM 01-026,9
GRUNDY-:-GOOSE LAKE 01-027,9
GRUNDY-:-GOOSE LAKE 02-028,9
GRUNDY-:-GREENFIELD 01-029,9
GRUNDY-:-GREENFIELD 01-030,9
GRUNDY-:-HIGHLAND 01-031,9
GRUNDY-:-MAINE 01-32/33,9
GRUNDY-:-MAZON 01-034,9
GRUNDY-:-MORRIS 01-035,9
GRUNDY-:-MORRIS 02-036,9
GRUNDY-:-MORRIS 03-037,9
GRUNDY-:-MORRIS 04-038,9
GRUNDY-:-MORRIS 05-039,9
GRUNDY-:-NETTLE CREEK 01-040,9
GRUNDY-:-NORMAN 01-041,9
GRUNDY-:-SARATOGA 01-042,9
GRUNDY-:-SARATOGA 02-043,9
GRUNDY-:-SARATOGA 02-044,9
GRUNDY-:-SARATOGA 03-045,9
GRUNDY-:-SARATOGA 04-046,9
GRUNDY-:-SARATOGA 05-047,9
GRUNDY-:-VIENNA 01-048,9
GRUNDY-:-WAUPONSEE 01-049,9
GRUNDY-:-WAUPONSEE 02-050,9
HAMILTON-:-BEAVER CREEK,4
HAMILTON-:-CROOK,4
HAMILTON-:-CROUCH,4
HAMILTON-:-DAHLGREN 1,4
HAMILTON-:-DAHLGREN 2,4
HAMILTON-:-FLANNIGAN,4
HAMILTON-:-KNIGHTS PRAIRIE,4
HAMILTON-:-MAYBERRY,4
HAMILTON-:-MCLEANSBORO 1,4
HAMILTON-:-MCLEANSBORO 2,4
HAMILTON-:-MCLEANSBORO 3,4
HAMILTON-:-MCLEANSBORO 4,4
HAMILTON-:-SOUTH CROUCH,4
HAMILTON-:-SOUTH FLANNIGAN,4
HAMILTON-:-SOUTH TWIGG,4
HAMILTON-:-TWIGG,4
HANCOCK-:-APPANOOSE,10
HANCOCK-:-AUGUSTA,10
HANCOCK-:-BEAR CREEK,10
HANCOCK-:-CARTHAGE 1,10
HANCOCK-:-CARTHAGE 2,10
HANCOCK-:-CARTHAGE 3,10
HANCOCK-:-CARTHAGE 4,10
HANCOCK-:-CHILI,10
HANCOCK-:-DALLAS CITY,10
HANCOCK-:-DURHAM,10
HANCOCK-:-FOUNTAIN GREEN,10
HANCOCK-:-HANCOCK,10
HANCOCK-:-HARMONY,10
HANCOCK-:-LAHARPE 1,1
HANCOCK-:-LAHARPE 2,10
HANCOCK-:-MONTEBELLO 1,10
HANCOCK-:-MONTEBELLO 2,10
HANCOCK-:-MONTEBELLO 3,10
HANCOCK-:-MONTEBELLO 4,10
HANCOCK-:-NAUVOO,10
HANCOCK-:-PILOT GROVE,10
HANCOCK-:-PONTOOSUC,10
HANCOCK-:-PRAIRIE,10
HANCOCK-:-ROCK CREEK,10
HANCOCK-:-ROCKY RUN-WILCOX,10
HANCOCK-:-SONORA,10
HANCOCK-:-ST ALBANS,10
HANCOCK-:-ST MARYS,10
HANCOCK-:-WALKER,10
HANCOCK-:-WARSAW 1,10
HANCOCK-:-WARSAW 2,10
HANCOCK-:-WARSAW 3,10
HANCOCK-:-WYTHE,10
HARDIN-:-CAVE IN ROCK,4
HARDIN-:-MCFARLAN,4
HARDIN-:-MONROE,4
HARDIN-:-ROCK,4
HARDIN-:-ROSICLARE,4
HARDIN-:-STONE CHURCH,4
HENDERSON-:-BALD BLUFF,1
HENDERSON-:-BIGGSVILLE,1
HENDERSON-:-CARMAN,1
HENDERSON-:-GLADSTONE 1,1
HENDERSON-:-GLADSTONE 2,1
HENDERSON-:-LOMAX,1
HENDERSON-:-MEDIA,1
HENDERSON-:-OQUAWKA 1,1
HENDERSON-:-OQUAWKA 2,1
HENDERSON-:-RARITAN,1
HENDERSON-:-ROZETTA,1
HENDERSON-:-STRONGHURST,1
HENDERSON-:-TERRE HAUTE,1
HENRY-:-ALBA,1
HENRY-:-ANDOVER,1
HENRY-:-ANNAWAN,1
HENRY-:-ATKINSON,1
HENRY-:-BURNS,1
HENRY-:-CAMBRIDGE 1,1
HENRY-:-CAMBRIDGE 2,1
HENRY-:-CLOVER,1
HENRY-:-COLONA 2,1
HENRY-:-COLONA 3,1
HENRY-:-COLONA 4,1
HENRY-:-COLONA 5,1
HENRY-:-CORNWALL,1
HENRY-:-EDFORD,1
HENRY-:-GALVA 1,1
HENRY-:-GALVA 2,1
HENRY-:-GALVA 3,1
HENRY-:-GENESEO 1,1
HENRY-:-GENESEO 2,1
HENRY-:-GENESEO 3,1
HENRY-:-GENESEO 4,1
HENRY-:-GENESEO 5,1
HENRY-:-GENESEO 6,1
HENRY-:-HANNA 1,1
HENRY-:-HANNA 2,1
HENRY-:-KEWANEE 1,1
HENRY-:-KEWANEE 10,1
HENRY-:-KEWANEE 11,1
HENRY-:-KEWANEE 2,1
HENRY-:-KEWANEE 3,1
HENRY-:-KEWANEE 4,1
HENRY-:-KEWANEE 5,1
HENRY-:-KEWANEE 6,1
HENRY-:-KEWANEE 7,1
HENRY-:-KEWANEE 8,1
HENRY-:-KEWANEE 9,1
HENRY-:-LORAINE,1
HENRY-:-LYNN,1
HENRY-:-MUNSON,1
HENRY-:-OSCO,1
HENRY-:-OXFORD,1
HENRY-:-PHENIX,1
HENRY-:-WELLER,1
HENRY-:-WESTERN 1,1
HENRY-:-WESTERN 2,1
HENRY-:-WESTERN 3,1
HENRY-:-WETHERSFIELD 1,1
HENRY-:-WETHERSFIELD 2,1
HENRY-:-WETHERSFIELD 3,1
HENRY-:-WETHERSFIELD 4,1
HENRY-:-YORKTOWN,1
IROQUOIS-:-ARTESIA-1,6
IROQUOIS-:-ASH GROVE-2,6
IROQUOIS-:-ASHKUM 1-3,6
IROQUOIS-:-ASHKUM 2-3,6
IROQUOIS-:-BEAVER-3,6
IROQUOIS-:-BEAVERVILLE-3,6
IROQUOIS-:-BELMONT 1-4,6
IROQUOIS-:-BELMONT 2-4,6
IROQUOIS-:-BELMONT 3-4,6
IROQUOIS-:-CHEBANSE 1-3,6
IROQUOIS-:-CHEBANSE 2-3,6
IROQUOIS-:-CONCORD-4/5,6
IROQUOIS-:-CRESCENT-1,6
IROQUOIS-:-DANFORTH-1,6
IROQUOIS-:-DOUGLAS 1-1,6
IROQUOIS-:-DOUGLAS 2-1,6
IROQUOIS-:-FOUNTAIN CREEK-2,6
IROQUOIS-:-IROQUOIS-1,6
IROQUOIS-:-LODA-2,6
IROQUOIS-:-LOVEJOY-2,6
IROQUOIS-:-MARTINTON-3,6
IROQUOIS-:-MIDDLEPORT 1-4,6
IROQUOIS-:-MIDDLEPORT 2-4,6
IROQUOIS-:-MIDDLEPORT 3-4/5,6
IROQUOIS-:-MIDDLEPORT 4-4,6
IROQUOIS-:-MILFORD 1-2,6
IROQUOIS-:-MILFORD 2-2,6
IROQUOIS-:-MILKS GROVE-3,6
IROQUOIS-:-ONARGA 1-1,6
IROQUOIS-:-ONARGA 2-1,6
IROQUOIS-:-PAPINEAU-3,6
IROQUOIS-:-PIGEON GROVE-2,6
IROQUOIS-:-PRAIRIE GREEN-2,6
IROQUOIS-:-RIDGELAND-1,6
IROQUOIS-:-SHELDON 1-2,6
IROQUOIS-:-SHELDON 2-2,6
IROQUOIS-:-STOCKLAND-2,6
JACKSON-:-BRADLEY - AVA-4,4
JACKSON-:-BRADLEY - CAMPBELL HILL-4,4
JACKSON-:-CARBONDALE 1-8,4
JACKSON-:-CARBONDALE 10-12,4
JACKSON-:-CARBONDALE 11-13,4
JACKSON-:-CARBONDALE 12-13,4
JACKSON-:-CARBONDALE 13-13,4
JACKSON-:-CARBONDALE 14-12,4
JACKSON-:-CARBONDALE 15-12,4
JACKSON-:-CARBONDALE 16-12,4
JACKSON-:-CARBONDALE 18-10,4
JACKSON-:-CARBONDALE 19-10,4
JACKSON-:-CARBONDALE 2-10,4
JACKSON-:-CARBONDALE 20-10,4
JACKSON-:-CARBONDALE 21-10/13,4
JACKSON-:-CARBONDALE 24-12/13,4
JACKSON-:-CARBONDALE 25-13,4
JACKSON-:-CARBONDALE 26-13,4
JACKSON-:-CARBONDALE 4-8,4
JACKSON-:-CARBONDALE 5-8,4
JACKSON-:-CARBONDALE 6-8,4
JACKSON-:-CARBONDALE 7-11,4
JACKSON-:-CARBONDALE 8-11,4
JACKSON-:-CARBONDALE 9-8,4
JACKSON-:-DEGOGNIA-4,4
JACKSON-:-DESOTO 1-8/9,4
JACKSON-:-DESOTO 2-8/9,4
JACKSON-:-ELK 1-1,4
JACKSON-:-ELK 3-1,4
JACKSON-:-FOUNTAIN BLUFF-4,4
JACKSON-:-GRAND TOWER-15,4
JACKSON-:-KINKAID-4,4
JACKSON-:-LEVAN-5/6,4
JACKSON-:-MAKANDA 1-12,4
JACKSON-:-MAKANDA 2-12,4
JACKSON-:-MAKANDA 3-10,4
JACKSON-:-MAKANDA 4-12,4
JACKSON-:-MURPHYSBORO 1-11,4
JACKSON-:-MURPHYSBORO 1-14,4
JACKSON-:-MURPHYSBORO 10-11,4
JACKSON-:-MURPHYSBORO 12-4,4
JACKSON-:-MURPHYSBORO 2-14,4
JACKSON-:-MURPHYSBORO 3-11,4
JACKSON-:-MURPHYSBORO 3-14,4
JACKSON-:-MURPHYSBORO 4-11/12,4
JACKSON-:-MURPHYSBORO 5-14,4
JACKSON-:-MURPHYSBORO 6-4,4
JACKSON-:-MURPHYSBORO 7-14,4
JACKSON-:-MURPHYSBORO 8-4,4
JACKSON-:-MURPHYSBORO 9-4,4
JACKSON-:-ORA-3/4,4
JACKSON-:-POMONA-15,4
JACKSON-:-SAND RIDGE-6,4
JACKSON-:-SOMERSET 1-6/7,4
JACKSON-:-SOMERSET 2-6,4
JACKSON-:-SOMERSET 3-6,4
JACKSON-:-SOMERSET 4-6/7,4
JACKSON-:-VERGENNES-2,4
JASPER-:-CROOKED CREEK-1,15
JASPER-:-FOX-3,15
JASPER-:-GRANDVILLE-1,15
JASPER-:-GROVE-2,15
JASPER-:-HUNT CITY-1,15
JASPER-:-NORTH MUDDY-2,15
JASPER-:-SMALLWOOD-3,15
JASPER-:-SOUTH MUDDY-2,15
JASPER-:-STE. MARIE 1-3,15
JASPER-:-STE. MARIE 2-1,15
JASPER-:-WADE 1-1,15
JASPER-:-WADE 2-2,15
JASPER-:-WADE 3-2,15
JASPER-:-WADE 4-3,15
JASPER-:-WILLOW HILL-1,15
JEFFERSON-:-BALD HILL,4
JEFFERSON-:-BLISSVILLE,4
JEFFERSON-:-CASNER,4
JEFFERSON-:-DODDS 1,4
JEFFERSON-:-DODDS 2,4
JEFFERSON-:-ELK PRAIRIE,4
JEFFERSON-:-FARRINGTON,4
JEFFERSON-:-FIELD,4
JEFFERSON-:-GRAND PRAIRIE,4
JEFFERSON-:-MCCLELLAN,4
JEFFERSON-:-MOORES PRAIRIE,4
JEFFERSON-:-MT VERNON 1,4
JEFFERSON-:-MT VERNON 10,4
JEFFERSON-:-MT VERNON 2,4
JEFFERSON-:-MT VERNON 3,4
JEFFERSON-:-MT VERNON 4,4
JEFFERSON-:-MT VERNON 5,4
JEFFERSON-:-MT VERNON 6,4
JEFFERSON-:-MT VERNON 7,4
JEFFERSON-:-MT VERNON 8,4
JEFFERSON-:-MT VERNON 9,4
JEFFERSON-:-PENDLETON,4
JEFFERSON-:-ROME 1,4
JEFFERSON-:-ROME 2,4
JEFFERSON-:-SHILOH 1,4
JEFFERSON-:-SHILOH 2,4
JEFFERSON-:-SHILOH 3,4
JEFFERSON-:-SHILOH 4,4
JEFFERSON-:-SHILOH 5,4
JEFFERSON-:-SPRING GARDEN 1,4
JEFFERSON-:-SPRING GARDEN 2,4
JEFFERSON-:-WEBBER 1,4
JEFFERSON-:-WEBBER 2,4
JERSEY-:-ELSAH 1,4
JERSEY-:-ELSAH 2,4
JERSEY-:-ENGLISH,4
JERSEY-:-FIDELITY,4
JERSEY-:-JERSEY 1,4
JERSEY-:-JERSEY 2,4
JERSEY-:-JERSEY 3,4
JERSEY-:-JERSEY 4,4
JERSEY-:-JERSEY 5,4
JERSEY-:-JERSEY 6,4
JERSEY-:-JERSEY 7,4
JERSEY-:-JERSEY 8,4
JERSEY-:-MISSISSIPPI 1,10
JERSEY-:-MISSISSIPPI 2,4
JERSEY-:-OTTER CREEK,4
JERSEY-:-PIASA 1,11
JERSEY-:-PIASA 2,11
JERSEY-:-PIASA 3,11
JERSEY-:-QUARRY,4
JERSEY-:-RICHWOOD,4
JERSEY-:-ROSEDALE,4
JERSEY-:-RUYLE,4
JODAVIESS-:-APPLE RIVER,1
JODAVIESS-:-BERREMAN,1
JODAVIESS-:-COUNCIL HILL,1
JODAVIESS-:-DERINDA,1
JODAVIESS-:-DUNLEITH 1,1
JODAVIESS-:-DUNLEITH 2,1
JODAVIESS-:-DUNLEITH 3,1
JODAVIESS-:-EAST GALENA,1
JODAVIESS-:-ELIZABETH,1
JODAVIESS-:-GUILFORD,1
JODAVIESS-:-HANOVER,1
JODAVIESS-:-MENOMINEE,1
JODAVIESS-:-NORA,1
JODAVIESS-:-PLEASANT VALLEY,1
JODAVIESS-:-RAWLINS,1
JODAVIESS-:-RICE,1
JODAVIESS-:-RUSH,1
JODAVIESS-:-SCALES MOUND,1
JODAVIESS-:-STOCKTON 1,1
JODAVIESS-:-STOCKTON 2,1
JODAVIESS-:-THOMPSON,1
JODAVIESS-:-VINEGAR HILL,1
JODAVIESS-:-WARDS GROVE,1
JODAVIESS-:-WARREN,1
JODAVIESS-:-WEST GALENA 1,1
JODAVIESS-:-WEST GALENA 2,1
JODAVIESS-:-WEST GALENA 3,1
JODAVIESS-:-WOODBINE,1
JOHNSON-:-BELKNAP-1,4
JOHNSON-:-BLOOMFIELD-1,4
JOHNSON-:-BURNSIDE-1,4
JOHNSON-:-CACHE-1,4
JOHNSON-:-ELVIRA-1,4
JOHNSON-:-GOREVILLE 1-1,4
JOHNSON-:-GOREVILLE 2-1,4
JOHNSON-:-GRANTSBURG-1,4
JOHNSON-:-LAKE 1-1,4
JOHNSON-:-LAKE 2-1,4
JOHNSON-:-OZARK-1,4
JOHNSON-:-SIMPSON-1,4
JOHNSON-:-TUNNEL HILL-1,4
JOHNSON-:-VIENNA 1-1,4
JOHNSON-:-VIENNA 2-1,4
JOHNSON-:-VIENNA 3-1,4
KANE-:-AU0001-1/2,8
KANE-:-AU0002-3/4,8
KANE-:-AU0003-5,8
KANE-:-AU0004-6,8
KANE-:-AU0005-7,8
KANE-:-AU0006-8,8
KANE-:-AU0007-9,8
KANE-:-AU0008-10,8
KANE-:-AU0009-11,8
KANE-:-AU0009-12,8
KANE-:-AU0010-13,8
KANE-:-AU0010-14,8
KANE-:-AU0011-15,8
KANE-:-AU0012-16,8
KANE-:-AU0013-17,8
KANE-:-AU0014-18,8
KANE-:-AU0015-19,8
KANE-:-AU0016-20,8
KANE-:-AU0017-21,8
KANE-:-AU0018-22,8
KANE-:-AU0019-23,8
KANE-:-AU0020-24,8
KANE-:-AU0021-25,8
KANE-:-AU0021-26,8
KANE-:-AU0022-27,8
KANE-:-AU0023-28,8
KANE-:-AU0024-29,8
KANE-:-AU0025-30,8
KANE-:-AU0026-31,8
KANE-:-AU0027-32,8
KANE-:-AU0028-33,8
KANE-:-AU0029-34,8
KANE-:-AU0030-35,8
KANE-:-AU0031-36,8
KANE-:-AU0032-37,8
KANE-:-AU0033-38,8
KANE-:-AU0034-39,8
KANE-:-AU0035-40,8
KANE-:-AU0036-41,8
KANE-:-AU0037-42,8
KANE-:-AU0038-43,8
KANE-:-AU0039-44,8
KANE-:-AU0040-45,8
KANE-:-AU0041-46,8
KANE-:-AU0042-47,8
KANE-:-AU0043-48,8
KANE-:-AU0044-49,8
KANE-:-AU0045-50/51,8
KANE-:-AU0046-52,8
KANE-:-AU0047-53,8
KANE-:-AU0048-54,8
KANE-:-AU0049-55,8
KANE-:-AU0050-56,8
KANE-:-AU0050-57,8
KANE-:-AU0051-58,8
KANE-:-AU0052-59,8
KANE-:-AU0053-60,8
KANE-:-AU0054-61,8
KANE-:-AU0055-62,8
KANE-:-AU0056-63,8
KANE-:-AU0057-64,8
KANE-:-AU0058-65,8
KANE-:-AU0059-66,8
KANE-:-AU0060-67,8
KANE-:-AU0061-68,8
KANE-:-BA0001-69,8
KANE-:-BA0002-70,8
KANE-:-BA0003-71,8
KANE-:-BA0004-72,8
KANE-:-BA0005-73/74,8
KANE-:-BA0006-75,8
KANE-:-BA0007-76,8
KANE-:-BA0008-77,8
KANE-:-BA0009-78,8
KANE-:-BA0010-79,8
KANE-:-BA0011-80,8
KANE-:-BA0012-81,8
KANE-:-BA0013-82,8
KANE-:-BA0014-83,8
KANE-:-BA0015-84,8
KANE-:-BA0016-85,8
KANE-:-BA0017-86,8
KANE-:-BA0018-87/88,8
KANE-:-BA0019-89,8
KANE-:-BA0020-90,8
KANE-:-BA0021-91,8
KANE-:-BA0022-92,8
KANE-:-BB0001-93,8
KANE-:-BB0002-94/95,8
KANE-:-BB0003-97,8
KANE-:-BB0004-98,8
KANE-:-BB0005-99,8
KANE-:-BB0006-100,8
KANE-:-BB0007-101,8
KANE-:-BB0008-103,8
KANE-:-BB0009-104,8
KANE-:-BB0010-105,8
KANE-:-BB0011-106/107,8
KANE-:-BR0001-108,8
KANE-:-BR0002-109,8
KANE-:-BU0001-110/111/112,8
KANE-:-CA0001-114,8
KANE-:-CA0002-115/116,8
KANE-:-CA0003-117/118,8
KANE-:-CA0004-119,8
KANE-:-CA0005-121/122,8
KANE-:-CA0006-123,8
KANE-:-CA0007-124,8
KANE-:-CA0008-125,8
KANE-:-CA0009-127,8
KANE-:-CA0010-128/129,8
KANE-:-CA0011-130/131,8
KANE-:-CA0012-132/133,8
KANE-:-DU0001-134,8
KANE-:-DU0002-135,8
KANE-:-DU0003-136,8
KANE-:-DU0004-137,8
KANE-:-DU0005-138,8
KANE-:-DU0006-139,8
KANE-:-DU0007-141,8
KANE-:-DU0008-142,8
KANE-:-DU0009-143,8
KANE-:-DU0009-144,8
KANE-:-DU0010-145,8
KANE-:-DU0011-146,8
KANE-:-DU0012-147,8
KANE-:-DU0013-148,8
KANE-:-DU0014-149/150,8
KANE-:-DU0015-151,8
KANE-:-DU0016-152,8
KANE-:-DU0016-153,8
KANE-:-DU0017-154,8
KANE-:-DU0018-155,8
KANE-:-DU0019-156,8
KANE-:-DU0020-157,8
KANE-:-DU0021-158,8
KANE-:-DU0022-159,8
KANE-:-DU0023-160,8
KANE-:-DU0024-161,8
KANE-:-DU0025-162,8
KANE-:-DU0026-163,8
KANE-:-DU0027-164,8
KANE-:-DU0028-165,8
KANE-:-DU0029-166,8
KANE-:-DU0030-167,8
KANE-:-DU0031-168,8
KANE-:-DU0032-169,8
KANE-:-DU0033-170,8
KANE-:-DU0034-171,8
KANE-:-DU0035-172,8
KANE-:-EL0001-173,8
KANE-:-EL0002-174,8
KANE-:-EL0003-175,8
KANE-:-EL0004-176,8
KANE-:-EL0005-177,8
KANE-:-EL0006-178,8
KANE-:-EL0007-179,8
KANE-:-EL0008-180,8
KANE-:-EL0009-181,8
KANE-:-EL0010-182,8
KANE-:-EL0010-183,8
KANE-:-EL0011-184,8
KANE-:-EL0012-185,8
KANE-:-EL0013-186,8
KANE-:-EL0014-187,8
KANE-:-EL0015-188/189/190,8
KANE-:-EL0016-191,8
KANE-:-EL0017-192,8
KANE-:-EL0018-193,8
KANE-:-EL0019-194,8
KANE-:-EL0020-195,8
KANE-:-EL0021-196,8
KANE-:-EL0022-197/198/199,8
KANE-:-EL0023-200/201,8
KANE-:-EL0024-202/203/204,8
KANE-:-EL0025-205,8
KANE-:-EL0026-206,8
KANE-:-EL0027-207,8
KANE-:-EL0028-208,8
KANE-:-EL0029-209,8
KANE-:-EL0030-210/211,8
KANE-:-EL0031-212,8
KANE-:-EL0032-214,8
KANE-:-EL0033-215,8
KANE-:-EL0033-216,8
KANE-:-EL0034-217,8
KANE-:-EL0035-218,8
KANE-:-EL0036-219,8
KANE-:-EL0037-220,8
KANE-:-EL0037-221,8
KANE-:-EL0038-222,8
KANE-:-EL0039-223,8
KANE-:-EL0040-224/225/226,8
KANE-:-EL0041-227/228,8
KANE-:-EL0042-229,8
KANE-:-EL0043-230/231,8
KANE-:-EL0044-232,8
KANE-:-EL0045-233/234,8
KANE-:-EL0046-235,8
KANE-:-EL0047-236,8
KANE-:-EL0048-237,8
KANE-:-EL0049-238,8
KANE-:-EL0050-239/240,8
KANE-:-EL0051-241,8
KANE-:-EL0052-242,8
KANE-:-EL0052-243,8
KANE-:-GE0001-244,8
KANE-:-GE0002-245,8
KANE-:-GE0003-246,8
KANE-:-GE0004-247,8
KANE-:-GE0005-248,8
KANE-:-GE0006-249,8
KANE-:-GE0007-250,8
KANE-:-GE0008-251,8
KANE-:-GE0009-252,8
KANE-:-GE0010-253,8
KANE-:-GE0010-254,8
KANE-:-GE0010-255,8
KANE-:-GE0011-256,8
KANE-:-GE0012-257,8
KANE-:-GE0013-258/259,8
KANE-:-GE0014-260,8
KANE-:-GE0015-261,8
KANE-:-GE0016-262/263,8
KANE-:-GE0017-264,8
KANE-:-GE0018-265,8
KANE-:-GE0019-266/267,8
KANE-:-GE0020-268,8
KANE-:-HA0001-269/270/271,8
KANE-:-HA0002-272,8
KANE-:-HA0003-274,8
KANE-:-HA0004-275,8
KANE-:-HA0005-276,8
KANE-:-KA0001-277,8
KANE-:-PL0001-278,8
KANE-:-PL0002-280/281/282/283,8
KANE-:-PL0003-284/285,8
KANE-:-PL0004-286/287/288,8
KANE-:-PL0005-289/290,8
KANE-:-PL0006-291,8
KANE-:-RU0001-292/293,8
KANE-:-RU0002-294/295/296/297/298,8
KANE-:-RU0003-299/300,8
KANE-:-RU0004-301,8
KANE-:-RU0005-302,8
KANE-:-RU0006-304,8
KANE-:-RU0007-305/306,8
KANE-:-RU0008-307,8
KANE-:-RU0009-308/309,8
KANE-:-RU0009-310,8
KANE-:-RU0010-311,8
KANE-:-RU0011-312,8
KANE-:-RU0012-313,8
KANE-:-RU0013-314,8
KANE-:-RU0013-315,8
KANE-:-RU0014-316,8
KANE-:-SC0001-317,8
KANE-:-SC0002-318,8
KANE-:-SC0003-319,8
KANE-:-SC0004-320/321,8
KANE-:-SC0005-322,8
KANE-:-SC0006-323,8
KANE-:-SC0007-324,8
KANE-:-SC0008-325/326,8
KANE-:-SC0009-327,8
KANE-:-SC0010-328,8
KANE-:-SC0011-329,8
KANE-:-SC0012-330,8
KANE-:-SC0013-331,8
KANE-:-SC0013-332,8
KANE-:-SC0014-333,8
KANE-:-SC0015-334,8
KANE-:-SC0016-335,8
KANE-:-SC0017-336/337,8
KANE-:-SC0018-338,8
KANE-:-SC0018-339,8
KANE-:-SC0019-340,8
KANE-:-SC0020-341,8
KANE-:-SC0021-342,8
KANE-:-SC0022-344,8
KANE-:-SC0023-345,8
KANE-:-SC0024-346,8
KANE-:-SC0025-347/348,8
KANE-:-SC0026-349,8
KANE-:-SC0027-350,8
KANE-:-SC0028-351,8
KANE-:-SC0029-352,8
KANE-:-SC0030-353,8
KANE-:-SC0031-354,8
KANE-:-SC0032-355,8
KANE-:-SC0033-356,8
KANE-:-SC0034-357,8
KANE-:-SG0001-358,8
KANE-:-SG0002-359,8
KANE-:-SG0003-360,8
KANE-:-SG0004-361,8
KANE-:-SG0005-362,8
KANE-:-SG0006-363/364,8
KANE-:-SG0007-365,8
KANE-:-SG0008-366,8
KANE-:-SG0009-367,8
KANE-:-SG0010-368,8
KANE-:-SG0011-369,8
KANE-:-SG0012-370,8
KANE-:-SG0013-371,8
KANE-:-SG0014-372,8
KANE-:-VI0001-373,8
KANE-:-VI0002-374/375/376,8
KANKAKEE-:-AROMA 1,9
KANKAKEE-:-AROMA 2,9
KANKAKEE-:-AROMA 3,9
KANKAKEE-:-BOURBONNAIS 1,9
KANKAKEE-:-BOURBONNAIS 12,9
KANKAKEE-:-BOURBONNAIS 15,9
KANKAKEE-:-BOURBONNAIS 16,9
KANKAKEE-:-BOURBONNAIS 18,9
KANKAKEE-:-BOURBONNAIS 19,9
KANKAKEE-:-BOURBONNAIS 2,9
KANKAKEE-:-BOURBONNAIS 3,9
KANKAKEE-:-BOURBONNAIS 4,9
KANKAKEE-:-BOURBONNAIS 6,9
KANKAKEE-:-BOURBONNAIS 7,9
KANKAKEE-:-BOURBONNAIS 8,9
KANKAKEE-:-BOURBONNAIS 9,9
KANKAKEE-:-ESSEX,9
KANKAKEE-:-GANEER 1,9
KANKAKEE-:-GANEER 2,9
KANKAKEE-:-GANEER 3,9
KANKAKEE-:-KANKAKEE 1,9
KANKAKEE-:-KANKAKEE 2,9
KANKAKEE-:-KANKAKEE 3,9
KANKAKEE-:-KANKAKEE 4,9
KANKAKEE-:-KANKAKEE 5,9
KANKAKEE-:-KANKAKEE 6,9
KANKAKEE-:-KANKAKEE 7,9
KANKAKEE-:-KANKAKEE 8,9
KANKAKEE-:-KANKAKEE 9,9
KANKAKEE-:-LIMESTONE 1,9
KANKAKEE-:-LIMESTONE 2,9
KANKAKEE-:-LIMESTONE 3,9
KANKAKEE-:-LIMESTONE 4,9
KANKAKEE-:-MANTENO 1,9
KANKAKEE-:-MANTENO 2,9
KANKAKEE-:-MANTENO 3,9
KANKAKEE-:-MANTENO 5,9
KANKAKEE-:-MANTENO 6,9
KANKAKEE-:-MOMENCE 1,9
KANKAKEE-:-MOMENCE 2,9
KANKAKEE-:-NORTON,9
KANKAKEE-:-OTTO 1,9
KANKAKEE-:-OTTO 2,9
KANKAKEE-:-PEMBROKE 1,9
KANKAKEE-:-PEMBROKE 2,9
KANKAKEE-:-PILOT,9
KANKAKEE-:-ROCKVILLE,9
KANKAKEE-:-SALINA,9
KANKAKEE-:-ST. ANNE,9
KANKAKEE-:-SUMNER,9
KANKAKEE-:-YELLOWHEAD 1,9
KANKAKEE-:-YELLOWHEAD 2,9
KENDALL-:-BIG GROVE 1,6
KENDALL-:-BRISTOL 1,6
KENDALL-:-BRISTOL 10,6
KENDALL-:-BRISTOL 11,6
KENDALL-:-BRISTOL 12,6
KENDALL-:-BRISTOL 13,6
KENDALL-:-BRISTOL 14,6
KENDALL-:-BRISTOL 15,6
KENDALL-:-BRISTOL 16,6
KENDALL-:-BRISTOL 17,6
KENDALL-:-BRISTOL 18,6
KENDALL-:-BRISTOL 2,6
KENDALL-:-BRISTOL 3,6
KENDALL-:-BRISTOL 4,6
KENDALL-:-BRISTOL 5,6
KENDALL-:-BRISTOL 6,6
KENDALL-:-BRISTOL 7,6
KENDALL-:-BRISTOL 8,6
KENDALL-:-BRISTOL 9,6
KENDALL-:-FOX 1,6
KENDALL-:-FOX 2,6
KENDALL-:-KENDALL 1,6
KENDALL-:-KENDALL 2,6
KENDALL-:-KENDALL 3,6
KENDALL-:-KENDALL 4,9
KENDALL-:-KENDALL 5,6
KENDALL-:-KENDALL 6,6
KENDALL-:-LISBON 1,9
KENDALL-:-LITTLE ROCK 1,6
KENDALL-:-LITTLE ROCK 2,6
KENDALL-:-LITTLE ROCK 3,6
KENDALL-:-LITTLE ROCK 4,6
KENDALL-:-LITTLE ROCK 5,6
KENDALL-:-LITTLE ROCK 6,6
KENDALL-:-LITTLE ROCK 7,6
KENDALL-:-LITTLE ROCK 8,6
KENDALL-:-NA AU SAY 1,6
KENDALL-:-NA AU SAY 2,6
KENDALL-:-NA AU SAY 3,6
KENDALL-:-NA AU SAY 4,6
KENDALL-:-NA AU SAY 5,6
KENDALL-:-NA AU SAY 6,6
KENDALL-:-OSWEGO 1,6
KENDALL-:-OSWEGO 10,6
KENDALL-:-OSWEGO 11,6
KENDALL-:-OSWEGO 12,6
KENDALL-:-OSWEGO 13,6
KENDALL-:-OSWEGO 14,6
KENDALL-:-OSWEGO 15,6
KENDALL-:-OSWEGO 16,6
KENDALL-:-OSWEGO 17,6
KENDALL-:-OSWEGO 18,6
KENDALL-:-OSWEGO 19,6
KENDALL-:-OSWEGO 2,6
KENDALL-:-OSWEGO 20,6
KENDALL-:-OSWEGO 21,6
KENDALL-:-OSWEGO 22,6
KENDALL-:-OSWEGO 23,6
KENDALL-:-OSWEGO 24,6
KENDALL-:-OSWEGO 25,6
KENDALL-:-OSWEGO 26,6
KENDALL-:-OSWEGO 27,6
KENDALL-:-OSWEGO 28,6
KENDALL-:-OSWEGO 29,6
KENDALL-:-OSWEGO 3,6
KENDALL-:-OSWEGO 30,6
KENDALL-:-OSWEGO 31,6
KENDALL-:-OSWEGO 32,6
KENDALL-:-OSWEGO 33,6
KENDALL-:-OSWEGO 4,6
KENDALL-:-OSWEGO 5,6
KENDALL-:-OSWEGO 6,6
KENDALL-:-OSWEGO 7,6
KENDALL-:-OSWEGO 8,6
KENDALL-:-OSWEGO 9,6
KENDALL-:-SEWARD 1,9
KENDALL-:-SEWARD 2,9
KENDALL-:-SEWARD 3,6
KNOX-:-CEDAR FIRST,1
KNOX-:-CEDAR FOURTH,1
KNOX-:-CEDAR SECOND,1
KNOX-:-CEDAR THIRD,1
KNOX-:-CHESTNUT,1
KNOX-:-COPLEY,1
KNOX-:-ELBA,1
KNOX-:-GALESBURG,1
KNOX-:-HAW CREEK,1
KNOX-:-HENDERSON,1
KNOX-:-INDIAN POINT,1
KNOX-:-KNOX FIFTH,1
KNOX-:-KNOX FIRST,1
KNOX-:-KNOX FOURTH,1
KNOX-:-KNOX SECOND,1
KNOX-:-KNOX SIX,1
KNOX-:-KNOX THIRD,1
KNOX-:-LYNN,1
KNOX-:-MAQUON,1
KNOX-:-ONTARIO,1
KNOX-:-ORANGE,1
KNOX-:-PERSIFER,1
KNOX-:-RIO TWP,1
KNOX-:-SALEM,1
KNOX-:-SPARTA,1
KNOX-:-TRURO,1
KNOX-:-VICTORIA,1
KNOX-:-WALNUT GROVE,1
LAKE-:-ANTIOCH 1,8
LAKE-:-ANTIOCH 10,8
LAKE-:-ANTIOCH 11,8
LAKE-:-ANTIOCH 12,8
LAKE-:-ANTIOCH 13,8
LAKE-:-ANTIOCH 14,8
LAKE-:-ANTIOCH 15,8
LAKE-:-ANTIOCH 16,8
LAKE-:-ANTIOCH 17,8
LAKE-:-ANTIOCH 18,8
LAKE-:-ANTIOCH 19,8
LAKE-:-ANTIOCH 2,8
LAKE-:-ANTIOCH 3,8
LAKE-:-ANTIOCH 4,8
LAKE-:-ANTIOCH 5,8
LAKE-:-ANTIOCH 6,8
LAKE-:-ANTIOCH 7,8
LAKE-:-ANTIOCH 8,8
LAKE-:-ANTIOCH 9,8
LAKE-:-AVON 20,8
LAKE-:-AVON 21,8
LAKE-:-AVON 22,8
LAKE-:-AVON 23,8
LAKE-:-AVON 24,8
LAKE-:-AVON 25,8
LAKE-:-AVON 26,8
LAKE-:-AVON 27,8
LAKE-:-AVON 28,8
LAKE-:-AVON 29,8
LAKE-:-AVON 30,8
LAKE-:-AVON 31,8
LAKE-:-AVON 32,8
LAKE-:-AVON 33,8
LAKE-:-AVON 34,8
LAKE-:-AVON 35,8
LAKE-:-AVON 36,8
LAKE-:-AVON 37,8
LAKE-:-AVON 38,8
LAKE-:-AVON 39,8
LAKE-:-AVON 40,8
LAKE-:-AVON 41,8
LAKE-:-AVON 42,8
LAKE-:-AVON 43,8
LAKE-:-AVON 44,8
LAKE-:-AVON 45,8
LAKE-:-AVON 46,8
LAKE-:-AVON 47,8
LAKE-:-AVON 48,8
LAKE-:-AVON 49,8
LAKE-:-AVON 50,8
LAKE-:-AVON 51,8
LAKE-:-AVON 52,8
LAKE-:-BENTON 53,8
LAKE-:-BENTON 54,8
LAKE-:-BENTON 55,8
LAKE-:-BENTON 56,8
LAKE-:-BENTON 57,8
LAKE-:-BENTON 58,8
LAKE-:-BENTON 59,8
LAKE-:-BENTON 60,8
LAKE-:-BENTON 61,8
LAKE-:-BENTON 62,8
LAKE-:-BENTON 63,8
LAKE-:-BENTON 64,8
LAKE-:-BENTON 65,8
LAKE-:-CUBA 66,8
LAKE-:-CUBA 67,8
LAKE-:-CUBA 68,8
LAKE-:-CUBA 69,8
LAKE-:-CUBA 70,8
LAKE-:-CUBA 71,8
LAKE-:-CUBA 72,8
LAKE-:-CUBA 73,8
LAKE-:-CUBA 74,8
LAKE-:-CUBA 75,8
LAKE-:-CUBA 76,8
LAKE-:-CUBA 77,8
LAKE-:-CUBA 78,8
LAKE-:-ELA 100,8
LAKE-:-ELA 101,8
LAKE-:-ELA 102,8
LAKE-:-ELA 103,8
LAKE-:-ELA 104,8
LAKE-:-ELA 105,8
LAKE-:-ELA 106,8
LAKE-:-ELA 107,8
LAKE-:-ELA 79,8
LAKE-:-ELA 80,8
LAKE-:-ELA 81,8
LAKE-:-ELA 82,8
LAKE-:-ELA 83,8
LAKE-:-ELA 84,8
LAKE-:-ELA 85,8
LAKE-:-ELA 86,8
LAKE-:-ELA 87,8
LAKE-:-ELA 88,8
LAKE-:-ELA 89,8
LAKE-:-ELA 90,8
LAKE-:-ELA 91,8
LAKE-:-ELA 92,8
LAKE-:-ELA 93,8
LAKE-:-ELA 94,8
LAKE-:-ELA 95,8
LAKE-:-ELA 96,8
LAKE-:-ELA 97,8
LAKE-:-ELA 98,8
LAKE-:-ELA 99,8
LAKE-:-FREMONT 108,8
LAKE-:-FREMONT 109,8
LAKE-:-FREMONT 110,8
LAKE-:-FREMONT 111,8
LAKE-:-FREMONT 112,8
LAKE-:-FREMONT 113,8
LAKE-:-FREMONT 114,8
LAKE-:-FREMONT 115,8
LAKE-:-FREMONT 116,8
LAKE-:-FREMONT 117,8
LAKE-:-FREMONT 118,8
LAKE-:-FREMONT 119,8
LAKE-:-FREMONT 120,8
LAKE-:-FREMONT 121,8
LAKE-:-FREMONT 122,8
LAKE-:-FREMONT 123,8
LAKE-:-FREMONT 124,8
LAKE-:-FREMONT 125,8
LAKE-:-FREMONT 126,8
LAKE-:-FREMONT 127,8
LAKE-:-FREMONT 128,8
LAKE-:-FREMONT 129,8
LAKE-:-GRANT 130,8
LAKE-:-GRANT 131,8
LAKE-:-GRANT 132,8
LAKE-:-GRANT 133,8
LAKE-:-GRANT 134,8
LAKE-:-GRANT 135,8
LAKE-:-GRANT 136,8
LAKE-:-GRANT 137,8
LAKE-:-GRANT 138,8
LAKE-:-GRANT 139,8
LAKE-:-GRANT 140,8
LAKE-:-GRANT 141,8
LAKE-:-GRANT 142,8
LAKE-:-GRANT 143,8
LAKE-:-GRANT 144,8
LAKE-:-GRANT 145,8
LAKE-:-GRANT 146,8
LAKE-:-GRANT 147,8
LAKE-:-LAKE VILLA 148,8
LAKE-:-LAKE VILLA 149,8
LAKE-:-LAKE VILLA 150,8
LAKE-:-LAKE VILLA 151,8
LAKE-:-LAKE VILLA 152,8
LAKE-:-LAKE VILLA 153,8
LAKE-:-LAKE VILLA 154,8
LAKE-:-LAKE VILLA 155,8
LAKE-:-LAKE VILLA 156,8
LAKE-:-LAKE VILLA 157,8
LAKE-:-LAKE VILLA 158,8
LAKE-:-LAKE VILLA 159,8
LAKE-:-LAKE VILLA 160,8
LAKE-:-LAKE VILLA 161,8
LAKE-:-LAKE VILLA 162,8
LAKE-:-LAKE VILLA 163,8
LAKE-:-LAKE VILLA 164,8
LAKE-:-LAKE VILLA 165,8
LAKE-:-LAKE VILLA 166,8
LAKE-:-LAKE VILLA 167,8
LAKE-:-LAKE VILLA 168,8
LAKE-:-LAKE VILLA 169,8
LAKE-:-LAKE VILLA 170,8
LAKE-:-LAKE VILLA 171,8
LAKE-:-LAKE VILLA 172,8
LAKE-:-LAKE VILLA 173,8
LAKE-:-LIBERTYVILLE 174,8
LAKE-:-LIBERTYVILLE 175,8
LAKE-:-LIBERTYVILLE 176,8
LAKE-:-LIBERTYVILLE 177,8
LAKE-:-LIBERTYVILLE 178,8
LAKE-:-LIBERTYVILLE 179,8
LAKE-:-LIBERTYVILLE 180,8
LAKE-:-LIBERTYVILLE 181,8
LAKE-:-LIBERTYVILLE 182,8
LAKE-:-LIBERTYVILLE 183,8
LAKE-:-LIBERTYVILLE 184,8
LAKE-:-LIBERTYVILLE 185,8
LAKE-:-LIBERTYVILLE 186,8
LAKE-:-LIBERTYVILLE 187,8
LAKE-:-LIBERTYVILLE 188,8
LAKE-:-LIBERTYVILLE 189,8
LAKE-:-LIBERTYVILLE 190,8
LAKE-:-LIBERTYVILLE 191,8
LAKE-:-LIBERTYVILLE 192,8
LAKE-:-LIBERTYVILLE 193,8
LAKE-:-LIBERTYVILLE 194,8
LAKE-:-LIBERTYVILLE 195,8
LAKE-:-LIBERTYVILLE 196,8
LAKE-:-LIBERTYVILLE 197,8
LAKE-:-LIBERTYVILLE 198,8
LAKE-:-LIBERTYVILLE 199,8
LAKE-:-LIBERTYVILLE 200,8
LAKE-:-LIBERTYVILLE 201,8
LAKE-:-LIBERTYVILLE 202,8
LAKE-:-LIBERTYVILLE 203,8
LAKE-:-LIBERTYVILLE 204,8
LAKE-:-LIBERTYVILLE 205,8
LAKE-:-LIBERTYVILLE 206,8
LAKE-:-LIBERTYVILLE 207,8
LAKE-:-LIBERTYVILLE 208,8
LAKE-:-LIBERTYVILLE 209,8
LAKE-:-MORAINE 210,8
LAKE-:-MORAINE 211,8
LAKE-:-MORAINE 212,8
LAKE-:-MORAINE 213,8
LAKE-:-MORAINE 214,8
LAKE-:-MORAINE 215,8
LAKE-:-MORAINE 216,8
LAKE-:-MORAINE 217,8
LAKE-:-MORAINE 218,8
LAKE-:-MORAINE 219,8
LAKE-:-MORAINE 220,8
LAKE-:-MORAINE 221,8
LAKE-:-MORAINE 222,8
LAKE-:-MORAINE 223,8
LAKE-:-MORAINE 224,8
LAKE-:-MORAINE 225,8
LAKE-:-MORAINE 226,8
LAKE-:-MORAINE 227,8
LAKE-:-MORAINE 228,8
LAKE-:-MORAINE 229,8
LAKE-:-MORAINE 230,8
LAKE-:-MORAINE 231,8
LAKE-:-MORAINE 232,8
LAKE-:-NEWPORT 233,8
LAKE-:-NEWPORT 234,8
LAKE-:-NEWPORT 235,8
LAKE-:-NEWPORT 236,8
LAKE-:-NEWPORT 237,8
LAKE-:-SHIELDS 238,8
LAKE-:-SHIELDS 239,8
LAKE-:-SHIELDS 240,8
LAKE-:-SHIELDS 241,8
LAKE-:-SHIELDS 242,8
LAKE-:-SHIELDS 243,8
LAKE-:-SHIELDS 244,8
LAKE-:-SHIELDS 245,8
LAKE-:-SHIELDS 246,8
LAKE-:-SHIELDS 247,8
LAKE-:-SHIELDS 248,8
LAKE-:-SHIELDS 249,8
LAKE-:-SHIELDS 250,8
LAKE-:-SHIELDS 251,8
LAKE-:-SHIELDS 252,8
LAKE-:-SHIELDS 253,8
LAKE-:-SHIELDS 254,8
LAKE-:-SHIELDS 255,8
LAKE-:-VERNON 256,8
LAKE-:-VERNON 257,8
LAKE-:-VERNON 258,8
LAKE-:-VERNON 259,8
LAKE-:-VERNON 260,8
LAKE-:-VERNON 261,8
LAKE-:-VERNON 262,8
LAKE-:-VERNON 263,8
LAKE-:-VERNON 264,8
LAKE-:-VERNON 265,8
LAKE-:-VERNON 266,8
LAKE-:-VERNON 267,8
LAKE-:-VERNON 268,8
LAKE-:-VERNON 269,8
LAKE-:-VERNON 270,8
LAKE-:-VERNON 271,8
LAKE-:-VERNON 272,8
LAKE-:-VERNON 273,8
LAKE-:-VERNON 274,8
LAKE-:-VERNON 275,8
LAKE-:-VERNON 276,8
LAKE-:-VERNON 277,8
LAKE-:-VERNON 278,8
LAKE-:-VERNON 279,8
LAKE-:-VERNON 280,8
LAKE-:-VERNON 281,8
LAKE-:-VERNON 282,8
LAKE-:-VERNON 283,8
LAKE-:-VERNON 284,8
LAKE-:-VERNON 285,8
LAKE-:-VERNON 286,8
LAKE-:-VERNON 287,8
LAKE-:-VERNON 288,8
LAKE-:-VERNON 289,8
LAKE-:-VERNON 290,8
LAKE-:-VERNON 291,8
LAKE-:-VERNON 292,8
LAKE-:-VERNON 293,8
LAKE-:-VERNON 294,8
LAKE-:-VERNON 295,8
LAKE-:-VERNON 296,8
LAKE-:-VERNON 297,8
LAKE-:-VERNON 298,8
LAKE-:-WARREN 299,8
LAKE-:-WARREN 300,8
LAKE-:-WARREN 301,8
LAKE-:-WARREN 302,8
LAKE-:-WARREN 303,8
LAKE-:-WARREN 304,8
LAKE-:-WARREN 305,8
LAKE-:-WARREN 306,8
LAKE-:-WARREN 307,8
LAKE-:-WARREN 308,8
LAKE-:-WARREN 309,8
LAKE-:-WARREN 310,8
LAKE-:-WARREN 311,8
LAKE-:-WARREN 312,8
LAKE-:-WARREN 313,8
LAKE-:-WARREN 314,8
LAKE-:-WARREN 315,8
LAKE-:-WARREN 316,8
LAKE-:-WARREN 317,8
LAKE-:-WARREN 318,8
LAKE-:-WARREN 319,8
LAKE-:-WARREN 320,8
LAKE-:-WARREN 321,8
LAKE-:-WARREN 322,8
LAKE-:-WARREN 323,8
LAKE-:-WARREN 324,8
LAKE-:-WARREN 325,8
LAKE-:-WARREN 326,8
LAKE-:-WARREN 327,8
LAKE-:-WARREN 328,8
LAKE-:-WARREN 329,8
LAKE-:-WARREN 330,8
LAKE-:-WARREN 331,8
LAKE-:-WARREN 332,8
LAKE-:-WARREN 333,8
LAKE-:-WARREN 334,8
LAKE-:-WARREN 335,8
LAKE-:-WARREN 336,8
LAKE-:-WARREN 337,8
LAKE-:-WARREN 338,8
LAKE-:-WAUCONDA 339,8
LAKE-:-WAUCONDA 340,8
LAKE-:-WAUCONDA 341,8
LAKE-:-WAUCONDA 342,8
LAKE-:-WAUCONDA 343,8
LAKE-:-WAUCONDA 345,8
LAKE-:-WAUCONDA 346,8
LAKE-:-WAUCONDA 347,8
LAKE-:-WAUCONDA 348,8
LAKE-:-WAUCONDA 349,8
LAKE-:-WAUCONDA 351,8
LAKE-:-WAUCONDA 352,8
LAKE-:-WAUCONDA 353,8
LAKE-:-WAUCONDA 354,8
LAKE-:-WAUKEGAN 355,8
LAKE-:-WAUKEGAN 356,8
LAKE-:-WAUKEGAN 357,8
LAKE-:-WAUKEGAN 358,8
LAKE-:-WAUKEGAN 359,8
LAKE-:-WAUKEGAN 360,8
LAKE-:-WAUKEGAN 361,8
LAKE-:-WAUKEGAN 362,8
LAKE-:-WAUKEGAN 363,8
LAKE-:-WAUKEGAN 364,8
LAKE-:-WAUKEGAN 365,8
LAKE-:-WAUKEGAN 366,8
LAKE-:-WAUKEGAN 367,8
LAKE-:-WAUKEGAN 368,8
LAKE-:-WAUKEGAN 369,8
LAKE-:-WAUKEGAN 370,8
LAKE-:-WAUKEGAN 371,8
LAKE-:-WAUKEGAN 372,8
LAKE-:-WAUKEGAN 373,8
LAKE-:-WAUKEGAN 374,8
LAKE-:-WAUKEGAN 375,8
LAKE-:-WAUKEGAN 376,8
LAKE-:-WAUKEGAN 377,8
LAKE-:-WAUKEGAN 378,8
LAKE-:-WAUKEGAN 379,8
LAKE-:-WAUKEGAN 380,8
LAKE-:-WAUKEGAN 381,8
LAKE-:-WAUKEGAN 382,8
LAKE-:-WAUKEGAN 383,8
LAKE-:-WAUKEGAN 384,8
LAKE-:-WAUKEGAN 385,8
LAKE-:-WAUKEGAN 386,8
LAKE-:-WAUKEGAN 387,8
LAKE-:-WAUKEGAN 388,8
LAKE-:-WAUKEGAN 389,8
LAKE-:-WAUKEGAN 390,8
LAKE-:-WAUKEGAN 391,8
LAKE-:-WAUKEGAN 392,8
LAKE-:-WAUKEGAN 393,8
LAKE-:-WEST DEERFIELD 394,8
LAKE-:-WEST DEERFIELD 395,8
LAKE-:-WEST DEERFIELD 396,8
LAKE-:-WEST DEERFIELD 397,8
LAKE-:-WEST DEERFIELD 398,8
LAKE-:-WEST DEERFIELD 399,8
LAKE-:-WEST DEERFIELD 400,8
LAKE-:-WEST DEERFIELD 401,8
LAKE-:-WEST DEERFIELD 402,8
LAKE-:-WEST DEERFIELD 403,8
LAKE-:-WEST DEERFIELD 404,8
LAKE-:-WEST DEERFIELD 405,8
LAKE-:-WEST DEERFIELD 406,8
LAKE-:-WEST DEERFIELD 407,8
LAKE-:-WEST DEERFIELD 408,8
LAKE-:-WEST DEERFIELD 409,8
LAKE-:-WEST DEERFIELD 410,8
LAKE-:-WEST DEERFIELD 411,8
LAKE-:-WEST DEERFIELD 412,8
LAKE-:-WEST DEERFIELD 413,8
LAKE-:-WEST DEERFIELD 414,8
LAKE-:-WEST DEERFIELD 415,8
LAKE-:-WEST DEERFIELD 416,8
LAKE-:-WEST DEERFIELD 417,8
LAKE-:-WEST DEERFIELD 418,8
LAKE-:-ZION 419,8
LAKE-:-ZION 420,8
LAKE-:-ZION 421,8
LAKE-:-ZION 422,8
LAKE-:-ZION 423,8
LAKE-:-ZION 424,8
LAKE-:-ZION 425,8
LAKE-:-ZION 426,8
LAKE-:-ZION 427,8
LAKE-:-ZION 428,8
LAKE-:-ZION 429,8
LAKE-:-ZION 430,8
LAKE-:-ZION 431,8
LASALLE-:-ADAMS 1,6
LASALLE-:-ADAMS 2,6
LASALLE-:-ALLEN,9
LASALLE-:-BROOKFIELD,9
LASALLE-:-BRUCE 1,9
LASALLE-:-BRUCE 10,9
LASALLE-:-BRUCE 11,9
LASALLE-:-BRUCE 12,9
LASALLE-:-BRUCE 2,9
LASALLE-:-BRUCE 3,9
LASALLE-:-BRUCE 4,9
LASALLE-:-BRUCE 5,9
LASALLE-:-BRUCE 6,9
LASALLE-:-BRUCE 7,9
LASALLE-:-BRUCE 8,9
LASALLE-:-BRUCE 9,9
LASALLE-:-DAYTON 1,6
LASALLE-:-DAYTON 2,6
LASALLE-:-DIMMICK,6
LASALLE-:-EAGLE 1,9
LASALLE-:-EAGLE 2,9
LASALLE-:-EAGLE 3,9
LASALLE-:-EARL 1,6
LASALLE-:-EARL 2,6
LASALLE-:-EDEN 2,6
LASALLE-:-FREEDOM,6
LASALLE-:-GRAND RAPIDS,9
LASALLE-:-GROVELAND,9
LASALLE-:-HOPE,6
LASALLE-:-LASALLE 1,6
LASALLE-:-LASALLE 10,6
LASALLE-:-LASALLE 11,6
LASALLE-:-LASALLE 12,6
LASALLE-:-LASALLE 13,6
LASALLE-:-LASALLE 14,6
LASALLE-:-LASALLE 2,6
LASALLE-:-LASALLE 3,6
LASALLE-:-LASALLE 4,6
LASALLE-:-LASALLE 5,6
LASALLE-:-LASALLE 6,6
LASALLE-:-LASALLE 7,6
LASALLE-:-LASALLE 8,6
LASALLE-:-LASALLE 9,6
LASALLE-:-MANLIUS 1,6
LASALLE-:-MANLIUS 2,6
LASALLE-:-MANLIUS 3,6
LASALLE-:-MANLIUS 4,6
LASALLE-:-MANLIUS 5,6
LASALLE-:-MENDOTA 1,6
LASALLE-:-MENDOTA 2,6
LASALLE-:-MENDOTA 3,6
LASALLE-:-MENDOTA 4,6
LASALLE-:-MENDOTA 5,6
LASALLE-:-MENDOTA 6,6
LASALLE-:-MENDOTA 7,6
LASALLE-:-MERIDEN,6
LASALLE-:-MILLER,6
LASALLE-:-MISSION 1,6
LASALLE-:-MISSION 2,6
LASALLE-:-NORTHVILLE 1,6
LASALLE-:-NORTHVILLE 2,6
LASALLE-:-NORTHVILLE 3,6
LASALLE-:-NORTHVILLE 4,6
LASALLE-:-NORTHVILLE 5,6
LASALLE-:-NORTHVILLE 6,6
LASALLE-:-NORTHVILLE 7,6
LASALLE-:-OPHIR,6
LASALLE-:-OSAGE,6
LASALLE-:-OTTAWA 1,6
LASALLE-:-OTTAWA 10,6
LASALLE-:-OTTAWA 11,6
LASALLE-:-OTTAWA 12,6
LASALLE-:-OTTAWA 13,6
LASALLE-:-OTTAWA 2,6
LASALLE-:-OTTAWA 3,6
LASALLE-:-OTTAWA 4,6
LASALLE-:-OTTAWA 5,6
LASALLE-:-OTTAWA 6,6
LASALLE-:-OTTAWA 7,6
LASALLE-:-OTTAWA 8,6
LASALLE-:-OTTAWA 9,6
LASALLE-:-OTTER CREEK 1,6
LASALLE-:-OTTER CREEK 2,6
LASALLE-:-OTTER CREEK 3,6
LASALLE-:-PERU 1,6
LASALLE-:-PERU 10,6
LASALLE-:-PERU 11,6
LASALLE-:-PERU 2,6
LASALLE-:-PERU 3,6
LASALLE-:-PERU 4,6
LASALLE-:-PERU 5,6
LASALLE-:-PERU 6,6
LASALLE-:-PERU 7,6
LASALLE-:-PERU 8,6
LASALLE-:-PERU 9,6
LASALLE-:-RICHLAND,6
LASALLE-:-RUTLAND 1,6
LASALLE-:-RUTLAND 2,6
LASALLE-:-RUTLAND 3,6
LASALLE-:-SERENA,6
LASALLE-:-SO. OTTAWA 1,6
LASALLE-:-SO. OTTAWA 2,6
LASALLE-:-SO. OTTAWA 3,6
LASALLE-:-SO. OTTAWA 4,6
LASALLE-:-SO. OTTAWA 5,6
LASALLE-:-SO. OTTAWA 6,6
LASALLE-:-SO. OTTAWA 7,6
LASALLE-:-SO. OTTAWA 8,6
LASALLE-:-TROY GROVE 1,6
LASALLE-:-TROY GROVE 2,6
LASALLE-:-UTICA 1,6
LASALLE-:-UTICA 2,6
LASALLE-:-VERMILLION,6
LASALLE-:-WALLACE,6
LASALLE-:-WALTHAM,6
LAWRENCE-:-ALLISON 1,15
LAWRENCE-:-BOND 3,15
LAWRENCE-:-BRIDGEPORT 4,15
LAWRENCE-:-BRIDGEPORT 6,15
LAWRENCE-:-CHRISTY 8,15
LAWRENCE-:-DENISON 10,15
LAWRENCE-:-DENISON 12,15
LAWRENCE-:-LAWRENCE 13,15
LAWRENCE-:-LAWRENCE 15,15
LAWRENCE-:-LAWRENCE 16,15
LAWRENCE-:-LAWRENCE 17,15
LAWRENCE-:-LAWRENCE 18,15
LAWRENCE-:-LAWRENCE 20,15
LAWRENCE-:-LAWRENCE 22,15
LAWRENCE-:-LUKIN 24,15
LAWRENCE-:-PETTY 25,15
LAWRENCE-:-RUSSELL 27,15
LEE-:-ALTO,6
LEE-:-AMBOY 1,6
LEE-:-AMBOY 2,6
LEE-:-AMBOY 3,6
LEE-:-ASHTON 1,6
LEE-:-ASHTON 2,6
LEE-:-BRADFORD,6
LEE-:-BROOKLYN 1,6
LEE-:-BROOKLYN 2,6
LEE-:-DIXON 1,1
LEE-:-DIXON 10,1
LEE-:-DIXON 11,1
LEE-:-DIXON 12,1
LEE-:-DIXON 13,1
LEE-:-DIXON 14,1
LEE-:-DIXON 15,1
LEE-:-DIXON 16,1
LEE-:-DIXON 17,1
LEE-:-DIXON 2,1
LEE-:-DIXON 3,1
LEE-:-DIXON 4,1
LEE-:-DIXON 5,1
LEE-:-DIXON 6,1
LEE-:-DIXON 7,1
LEE-:-DIXON 8,1
LEE-:-DIXON 9,1
LEE-:-EAST GROVE,6
LEE-:-FRANKLIN GROVE 1,6
LEE-:-FRANKLIN GROVE 2,6
LEE-:-HAMILTON,1
LEE-:-HARMON,1
LEE-:-LEE CENTER,6
LEE-:-MARION,6
LEE-:-MAY,6
LEE-:-NACHUSA,6
LEE-:-NELSON,1
LEE-:-PALMYRA 1,1
LEE-:-PALMYRA 2,1
LEE-:-PALMYRA 3,1
LEE-:-REYNOLDS,6
LEE-:-SOUTH DIXON,1
LEE-:-SUBLETTE,6
LEE-:-VIOLA,6
LEE-:-WILLOW CREEK,6
LEE-:-WYOMING 1,6
LEE-:-WYOMING 2,6
LIVINGSTON-:-AMITY,6
LIVINGSTON-:-AVOCA,6
LIVINGSTON-:-BELLE PRAIRIE,6
LIVINGSTON-:-BROUGHTON,6
LIVINGSTON-:-CHARLOTTE,6
LIVINGSTON-:-CHATSWORTH 1,6
LIVINGSTON-:-DWIGHT 1,6
LIVINGSTON-:-DWIGHT 2,6
LIVINGSTON-:-DWIGHT 3,6
LIVINGSTON-:-DWIGHT 4,6
LIVINGSTON-:-EPPARDS POINT,6
LIVINGSTON-:-FAYETTE,6
LIVINGSTON-:-FORREST 1,6
LIVINGSTON-:-GERMANVILLE,6
LIVINGSTON-:-INDIAN GRV 1,6
LIVINGSTON-:-INDIAN GRV 2,6
LIVINGSTON-:-INDIAN GRV 3,6
LIVINGSTON-:-INDIAN GRV 4,6
LIVINGSTON-:-LONG POINT,6
LIVINGSTON-:-NEBRASKA 1,6
LIVINGSTON-:-NEVADA,6
LIVINGSTON-:-NEWTOWN,6
LIVINGSTON-:-ODELL 1,6
LIVINGSTON-:-OWEGO,6
LIVINGSTON-:-PIKE,9
LIVINGSTON-:-PLEASANT RIDGE,6
LIVINGSTON-:-PONTIAC 1,6
LIVINGSTON-:-PONTIAC 2,6
LIVINGSTON-:-PONTIAC 3,6
LIVINGSTON-:-PONTIAC 4,6
LIVINGSTON-:-PONTIAC 5,6
LIVINGSTON-:-PONTIAC 6,6
LIVINGSTON-:-PONTIAC 7,6
LIVINGSTON-:-PONTIAC 8,6
LIVINGSTON-:-READING 1,9
LIVINGSTON-:-READING 2,9
LIVINGSTON-:-ROOKS CREEK,9
LIVINGSTON-:-ROUND GROVE,6
LIVINGSTON-:-SAUNEMIN,6
LIVINGSTON-:-SULLIVAN,6
LIVINGSTON-:-SUNBURY,9
LIVINGSTON-:-UNION,6
LIVINGSTON-:-WALDO,9
LOGAN-:-AETNA,16
LOGAN-:-ATLANTA,16
LOGAN-:-BROADWELL,16
LOGAN-:-CHESTER,16
LOGAN-:-CORWIN,16
LOGAN-:-EAST LINCOLN 1,16
LOGAN-:-EAST LINCOLN 2,16
LOGAN-:-EAST LINCOLN 3,16
LOGAN-:-EAST LINCOLN 4,16
LOGAN-:-EAST LINCOLN 5,16
LOGAN-:-EAST LINCOLN 6,16
LOGAN-:-ELKHART,16
LOGAN-:-EMINENCE,16
LOGAN-:-HURLBUT,16
LOGAN-:-LAKE FORK/LAENNA,16
LOGAN-:-MT. PULASKI 1,16
LOGAN-:-MT. PULASKI 2,16
LOGAN-:-ORAN,16
LOGAN-:-ORVIL 1,16
LOGAN-:-ORVIL 2,16
LOGAN-:-PRAIRIE CREEK,16
LOGAN-:-SHERIDAN,16
LOGAN-:-WEST LINCOLN 1,16
LOGAN-:-WEST LINCOLN 2,16
LOGAN-:-WEST LINCOLN 3,16
LOGAN-:-WEST LINCOLN 4,16
LOGAN-:-WEST LINCOLN 5,16
LOGAN-:-WEST LINCOLN 6,16
LOGAN-:-WEST LINCOLN 7,16
MACON-:-AUSTIN,16
MACON-:-BLUE MOUND,16
MACON-:-DECATUR 1,16
MACON-:-DECATUR 10,16
MACON-:-DECATUR 11,16
MACON-:-DECATUR 12,16
MACON-:-DECATUR 13,16
MACON-:-DECATUR 14,16
MACON-:-DECATUR 15,16
MACON-:-DECATUR 17,16
MACON-:-DECATUR 18,16
MACON-:-DECATUR 2,16
MACON-:-DECATUR 20,16
MACON-:-DECATUR 21,16
MACON-:-DECATUR 22,16
MACON-:-DECATUR 23,16
MACON-:-DECATUR 24,16
MACON-:-DECATUR 25,16
MACON-:-DECATUR 26,16
MACON-:-DECATUR 3,16
MACON-:-DECATUR 4,16
MACON-:-DECATUR 5,16
MACON-:-DECATUR 6,16
MACON-:-FRIENDS CREEK,16
MACON-:-HICKORY PT. 1,16
MACON-:-HICKORY PT. 10,16
MACON-:-HICKORY PT. 11,16
MACON-:-HICKORY PT. 4,16
MACON-:-HICKORY PT. 5,16
MACON-:-HICKORY PT. 6,16
MACON-:-HICKORY PT. 7,16
MACON-:-HICKORY PT. 8,16
MACON-:-HICKORY PT. 9,16
MACON-:-ILLINI,16
MACON-:-LONG CREEK 1,16
MACON-:-LONG CREEK 2,16
MACON-:-LONG CREEK 3,16
MACON-:-LONG CREEK 5,16
MACON-:-LONG CREEK 6,16
MACON-:-LONG CREEK 7,16
MACON-:-MAROA,16
MACON-:-MT. ZION 1,16
MACON-:-MT. ZION 2,16
MACON-:-MT. ZION 3,16
MACON-:-NIANTIC,16
MACON-:-PLEASANT VIEW,16
MACON-:-SOUTH MACON,16
MACON-:-SOUTH WHEATLAND 1,16
MACON-:-SOUTH WHEATLAND 2,16
MACON-:-SOUTH WHEATLAND 3,16
MACON-:-WHITMORE 1,16
MACON-:-WHITMORE 2,16
MACOUPIN-:-BARR,4
MACOUPIN-:-BIRD,4
MACOUPIN-:-BRIGHTON 1,4
MACOUPIN-:-BRIGHTON 2,4
MACOUPIN-:-BRIGHTON 3,4
MACOUPIN-:-BRUSHY MOUND,4
MACOUPIN-:-BUNKER HILL 1,4
MACOUPIN-:-BUNKER HILL 2,4
MACOUPIN-:-BUNKER HILL 3,4
MACOUPIN-:-CAHOKIA 1,4
MACOUPIN-:-CAHOKIA 2,4
MACOUPIN-:-CARLINVILLE 1,4
MACOUPIN-:-CARLINVILLE 2,4
MACOUPIN-:-CARLINVILLE 3,4
MACOUPIN-:-CARLINVILLE 4,4
MACOUPIN-:-CARLINVILLE 5,4
MACOUPIN-:-CHESTERFIELD,4
MACOUPIN-:-DORCHESTER,4
MACOUPIN-:-GILLESPIE 1,4
MACOUPIN-:-GILLESPIE 2,4
MACOUPIN-:-GILLESPIE 3,4
MACOUPIN-:-GIRARD 1,4
MACOUPIN-:-GIRARD 2,4
MACOUPIN-:-HILYARD,4
MACOUPIN-:-HONEY POINT,4
MACOUPIN-:-MT. OLIVE 1,4
MACOUPIN-:-MT. OLIVE 2,4
MACOUPIN-:-MT. OLIVE 3,4
MACOUPIN-:-MT. OLIVE 4,4
MACOUPIN-:-NILWOOD,4
MACOUPIN-:-NORTH OTTER,4
MACOUPIN-:-NORTH PALMYRA,4
MACOUPIN-:-POLK,4
MACOUPIN-:-SCOTTVILLE,4
MACOUPIN-:-SHAWS POINT,4
MACOUPIN-:-SHIPMAN,4
MACOUPIN-:-SOUTH OTTER,4
MACOUPIN-:-SOUTH PALMYRA,4
MACOUPIN-:-STAUNTON 1,4
MACOUPIN-:-STAUNTON 2,4
MACOUPIN-:-STAUNTON 3,4
MACOUPIN-:-STAUNTON 4,4
MACOUPIN-:-VIRDEN 1,4
MACOUPIN-:-VIRDEN 2,4
MACOUPIN-:-WESTERN MOUND,4
MADISON-:-ALHAMBRA 01,4
MADISON-:-ALTON 02,4
MADISON-:-ALTON 04,4
MADISON-:-ALTON 06,4
MADISON-:-ALTON 07,4
MADISON-:-ALTON 08,4
MADISON-:-ALTON 09,4
MADISON-:-ALTON 10,4
MADISON-:-ALTON 11,4
MADISON-:-ALTON 12,4
MADISON-:-ALTON 13,4
MADISON-:-ALTON 14,4
MADISON-:-ALTON 15,4
MADISON-:-ALTON 16,4
MADISON-:-ALTON 17,4
MADISON-:-CHOUTEAU 01,4
MADISON-:-CHOUTEAU 02,4
MADISON-:-CHOUTEAU 03,4
MADISON-:-CHOUTEAU 04,4
MADISON-:-CHOUTEAU 05,4
MADISON-:-CHOUTEAU 06,4
MADISON-:-COLLINSVILLE 02,4
MADISON-:-COLLINSVILLE 03,4
MADISON-:-COLLINSVILLE 04,4
MADISON-:-COLLINSVILLE 05,4
MADISON-:-COLLINSVILLE 06,4
MADISON-:-COLLINSVILLE 07,4
MADISON-:-COLLINSVILLE 08,4
MADISON-:-COLLINSVILLE 09,4
MADISON-:-COLLINSVILLE 10,4
MADISON-:-COLLINSVILLE 11,4
MADISON-:-COLLINSVILLE 12,4
MADISON-:-COLLINSVILLE 13,4
MADISON-:-COLLINSVILLE 14,4
MADISON-:-COLLINSVILLE 15,4
MADISON-:-COLLINSVILLE 16,4
MADISON-:-COLLINSVILLE 17,4
MADISON-:-COLLINSVILLE 18,4
MADISON-:-COLLINSVILLE 19,4
MADISON-:-COLLINSVILLE 21,4
MADISON-:-COLLINSVILLE 22,4
MADISON-:-COLLINSVILLE 23,4
MADISON-:-COLLINSVILLE 24,4
MADISON-:-COLLINSVILLE 25,4
MADISON-:-EDWARDSVILLE 01,4
MADISON-:-EDWARDSVILLE 02,4
MADISON-:-EDWARDSVILLE 03,4
MADISON-:-EDWARDSVILLE 04,4
MADISON-:-EDWARDSVILLE 05,4
MADISON-:-EDWARDSVILLE 06,4
MADISON-:-EDWARDSVILLE 07,4
MADISON-:-EDWARDSVILLE 08,4
MADISON-:-EDWARDSVILLE 09,4
MADISON-:-EDWARDSVILLE 10,4
MADISON-:-EDWARDSVILLE 11,4
MADISON-:-EDWARDSVILLE 12,4
MADISON-:-EDWARDSVILLE 13,4
MADISON-:-EDWARDSVILLE 14,4
MADISON-:-EDWARDSVILLE 15,4
MADISON-:-EDWARDSVILLE 16,4
MADISON-:-EDWARDSVILLE 17,4
MADISON-:-EDWARDSVILLE 18,4
MADISON-:-EDWARDSVILLE 19,4
MADISON-:-EDWARDSVILLE 20,4
MADISON-:-EDWARDSVILLE 21,4
MADISON-:-EDWARDSVILLE 22,4
MADISON-:-EDWARDSVILLE 23,4
MADISON-:-EDWARDSVILLE 24,4
MADISON-:-EDWARDSVILLE 25,4
MADISON-:-EDWARDSVILLE 26,4
MADISON-:-FOSTER 01,4
MADISON-:-FOSTER 03,4
MADISON-:-FOSTER 04,4
MADISON-:-FT. RUSSELL 01,4
MADISON-:-FT. RUSSELL 02,4
MADISON-:-FT. RUSSELL 03,4
MADISON-:-FT. RUSSELL 04,4
MADISON-:-FT. RUSSELL 05,4
MADISON-:-FT. RUSSELL 06,4
MADISON-:-GODFREY 01,4
MADISON-:-GODFREY 02,4
MADISON-:-GODFREY 03,4
MADISON-:-GODFREY 04,4
MADISON-:-GODFREY 05,4
MADISON-:-GODFREY 06,4
MADISON-:-GODFREY 07,4
MADISON-:-GODFREY 08,4
MADISON-:-GODFREY 09,4
MADISON-:-GODFREY 10,4
MADISON-:-GODFREY 11,4
MADISON-:-GODFREY 12,4
MADISON-:-GODFREY 13,4
MADISON-:-GODFREY 14,4
MADISON-:-GRANITE CITY 01,4
MADISON-:-GRANITE CITY 02,4
MADISON-:-GRANITE CITY 03,4
MADISON-:-GRANITE CITY 04,4
MADISON-:-GRANITE CITY 05,4
MADISON-:-GRANITE CITY 06,4
MADISON-:-GRANITE CITY 07,4
MADISON-:-GRANITE CITY 08,4
MADISON-:-GRANITE CITY 09,4
MADISON-:-GRANITE CITY 10,4
MADISON-:-GRANITE CITY 11,4
MADISON-:-GRANITE CITY 12,4
MADISON-:-GRANITE CITY 13,4
MADISON-:-GRANITE CITY 14,4
MADISON-:-GRANITE CITY 15,4
MADISON-:-GRANITE CITY 16,4
MADISON-:-GRANITE CITY 17,4
MADISON-:-HAMEL 01,4
MADISON-:-HAMEL 02,4
MADISON-:-HELVETIA 01,4
MADISON-:-HELVETIA 02,4
MADISON-:-HELVETIA 03,4
MADISON-:-HELVETIA 04,4
MADISON-:-HELVETIA 05,4
MADISON-:-HELVETIA 06,4
MADISON-:-JARVIS 01,4
MADISON-:-JARVIS 02,4
MADISON-:-JARVIS 03,4
MADISON-:-JARVIS 04,4
MADISON-:-JARVIS 05,4
MADISON-:-JARVIS 06,4
MADISON-:-JARVIS 07,4
MADISON-:-JARVIS 08,4
MADISON-:-JARVIS 09,4
MADISON-:-JARVIS 10,4
MADISON-:-JARVIS 11,4
MADISON-:-JARVIS 12,4
MADISON-:-LEEF 01,4
MADISON-:-MARINE 01,4
MADISON-:-MARINE 02,4
MADISON-:-MORO 01,4
MADISON-:-MORO 03,4
MADISON-:-NAMEOKI 01,4
MADISON-:-NAMEOKI 02,4
MADISON-:-NAMEOKI 03,4
MADISON-:-NAMEOKI 04,4
MADISON-:-NAMEOKI 05,4
MADISON-:-NAMEOKI 06,4
MADISON-:-NAMEOKI 07,4
MADISON-:-NAMEOKI 08,4
MADISON-:-NEW DOUGLAS 01,4
MADISON-:-OLIVE 01,4
MADISON-:-OLIVE 02,4
MADISON-:-OMPHGHENT 01,4
MADISON-:-OMPHGHENT 02,4
MADISON-:-PIN OAK 01,4
MADISON-:-PIN OAK 02,4
MADISON-:-PIN OAK 03,4
MADISON-:-SALINE 01,4
MADISON-:-SALINE 02,4
MADISON-:-SALINE 03,4
MADISON-:-SALINE 04,4
MADISON-:-SALINE 05,4
MADISON-:-ST. JACOB 01,4
MADISON-:-ST. JACOB 02,4
MADISON-:-VENICE 01,4
MADISON-:-VENICE 02,4
MADISON-:-VENICE 03,4
MADISON-:-VENICE 04,4
MADISON-:-WOOD RIVER 01,4
MADISON-:-WOOD RIVER 02,4
MADISON-:-WOOD RIVER 03,4
MADISON-:-WOOD RIVER 04,4
MADISON-:-WOOD RIVER 05,4
MADISON-:-WOOD RIVER 06,4
MADISON-:-WOOD RIVER 07,4
MADISON-:-WOOD RIVER 08,4
MADISON-:-WOOD RIVER 09,4
MADISON-:-WOOD RIVER 10,4
MADISON-:-WOOD RIVER 11,4
MADISON-:-WOOD RIVER 12,4
MADISON-:-WOOD RIVER 13,4
MADISON-:-WOOD RIVER 14,4
MADISON-:-WOOD RIVER 15,4
MADISON-:-WOOD RIVER 16,4
MADISON-:-WOOD RIVER 17,4
MADISON-:-WOOD RIVER 18,4
MADISON-:-WOOD RIVER 19,4
MADISON-:-WOOD RIVER 20,4
MADISON-:-WOOD RIVER 21,4
MARION-:-ALMA,4
MARION-:-CARRIGAN,4
MARION-:-CENTRALIA 1,4
MARION-:-CENTRALIA 11,4
MARION-:-CENTRALIA 12,4
MARION-:-CENTRALIA 13,4
MARION-:-CENTRALIA 14,4
MARION-:-CENTRALIA 15,4
MARION-:-CENTRALIA 17,4
MARION-:-CENTRALIA 3,4
MARION-:-CENTRALIA 4,4
MARION-:-CENTRALIA 5,4
MARION-:-CENTRALIA 6,4
MARION-:-CENTRALIA 7,4
MARION-:-CENTRALIA 9,4
MARION-:-FOSTER,4
MARION-:-HAINES,4
MARION-:-IUKA,4
MARION-:-KINMUNDY,4
MARION-:-MEACHAM,4
MARION-:-ODIN,4
MARION-:-OMEGA,4
MARION-:-PATOKA,4
MARION-:-RACCOON,4
MARION-:-ROMINE,4
MARION-:-SALEM 1,4
MARION-:-SALEM 2,4
MARION-:-SALEM 4,4
MARION-:-SALEM 5,4
MARION-:-SALEM 6,4
MARION-:-SALEM 7,4
MARION-:-SALEM 8,4
MARION-:-SALEM 9,4
MARION-:-SANDOVAL 1,4
MARION-:-SANDOVAL 3,4
MARION-:-STEVENSON,4
MARION-:-TONTI,4
MARSHALL-:-BELL PLAIN,6
MARSHALL-:-BENNINGTON,6
MARSHALL-:-EVANS,6
MARSHALL-:-HENRY 1,6
MARSHALL-:-HENRY 2,6
MARSHALL-:-HOPEWELL,6
MARSHALL-:-LA PRAIRIE,6
MARSHALL-:-LACON 1,6
MARSHALL-:-LACON 2,6
MARSHALL-:-RICHLAND,6
MARSHALL-:-ROBERTS,6
MARSHALL-:-SARATOGA,6
MARSHALL-:-STEUBEN,6
MARSHALL-:-WHITEFIELD,6
MASON-:-ALLENS GROVE,16
MASON-:-BATH 1,10
MASON-:-CRANE CREEK,10
MASON-:-FOREST CITY,16
MASON-:-HAVANA 1,10
MASON-:-HAVANA 2,10
MASON-:-HAVANA 3,10
MASON-:-HAVANA 4,10
MASON-:-HAVANA 5,10
MASON-:-HAVANA 6,10
MASON-:-KILBOURNE,10
MASON-:-LYNCHBURG,10
MASON-:-MANITO 1,16
MASON-:-MANITO 2,16
MASON-:-MASON CITY 1,16
MASON-:-MASON CITY 2,16
MASON-:-MASON CITY 3,16
MASON-:-PENNSYLVANIA,16
MASON-:-QUIVER,10
MASON-:-SALT CREEK,16
MASON-:-SHERMAN,10
MASSAC-:-ADKINS-17COMB,4
MASSAC-:-BENTON-10,4
MASSAC-:-EAST BROOKLYN-7COMB,4
MASSAC-:-FRANKLIN-15,4
MASSAC-:-GEORGE'S CREEK-11,4
MASSAC-:-GRANT-14,4
MASSAC-:-HILLERMAN-13COMB,4
MASSAC-:-JACKSON-8,4
MASSAC-:-JEFFERSON-16COMB,4
MASSAC-:-LINCOLN-5,4
MASSAC-:-LOGAN-12,4
MASSAC-:-METROPOLIS 1-1,4
MASSAC-:-METROPOLIS 2-2,4
MASSAC-:-METROPOLIS 3-3,4
MASSAC-:-METROPOLIS 4-4,4
MASSAC-:-WASHINGTON-9,4
MASSAC-:-WEST BROOKLYN-6COMB,4
MCDONOUGH-:-BETHEL-1/2,10
MCDONOUGH-:-BLANDINSVILLE-3/4,10
MCDONOUGH-:-BUSHNELL 1-5,10
MCDONOUGH-:-BUSHNELL 2-6,10
MCDONOUGH-:-CHALMERS-7/8,10
MCDONOUGH-:-COLCHESTER-9,10
MCDONOUGH-:-ELDORADO-10,10
MCDONOUGH-:-EMMET-11/12,10
MCDONOUGH-:-EMMET-13,10
MCDONOUGH-:-HIRE-14,10
MCDONOUGH-:-INDUSTRY-15,10
MCDONOUGH-:-LAMOINE-16/17,10
MCDONOUGH-:-MACOMB CITY 1-18,10
MCDONOUGH-:-MACOMB CITY 1-19,10
MCDONOUGH-:-MACOMB CITY 2-20,10
MCDONOUGH-:-MACOMB CITY 2-21,10
MCDONOUGH-:-MACOMB CITY 3-22,10
MCDONOUGH-:-MACOMB CITY 3-23,10
MCDONOUGH-:-MACOMB CITY 4-24,10
MCDONOUGH-:-MACOMB CITY 5-25,10
MCDONOUGH-:-MACOMB CITY 5-26,10
MCDONOUGH-:-MACOMB CITY 6-27,10
MCDONOUGH-:-MACOMB CITY 7-28,10
MCDONOUGH-:-MACOMB CITY 7-29,10
MCDONOUGH-:-MACOMB CITY 7-30,10
MCDONOUGH-:-MACOMB CITY 8-31,10
MCDONOUGH-:-MACOMB TOWNSHIP-32/33,10
MCDONOUGH-:-MOUND-34,10
MCDONOUGH-:-MOUND-35,10
MCDONOUGH-:-NEW SALEM-36,10
MCDONOUGH-:-PRAIRIE CITY-37,10
MCDONOUGH-:-SCIOTA-38/39,10
MCDONOUGH-:-SCOTLAND-40,10
MCDONOUGH-:-SCOTLAND-41,10
MCDONOUGH-:-TENNESSEE-43,10
MCDONOUGH-:-WALNUT GROVE-44/45,10
MCHENRY-:-ALDEN ALD 01,8
MCHENRY-:-ALGONQUIN ALG 01,8
MCHENRY-:-ALGONQUIN ALG 02,8
MCHENRY-:-ALGONQUIN ALG 03,8
MCHENRY-:-ALGONQUIN ALG 04,8
MCHENRY-:-ALGONQUIN ALG 05,8
MCHENRY-:-ALGONQUIN ALG 06,8
MCHENRY-:-ALGONQUIN ALG 07,8
MCHENRY-:-ALGONQUIN ALG 08,8
MCHENRY-:-ALGONQUIN ALG 09,8
MCHENRY-:-ALGONQUIN ALG 10,8
MCHENRY-:-ALGONQUIN ALG 11,8
MCHENRY-:-ALGONQUIN ALG 12,8
MCHENRY-:-ALGONQUIN ALG 13,8
MCHENRY-:-ALGONQUIN ALG 14,8
MCHENRY-:-ALGONQUIN ALG 15,8
MCHENRY-:-ALGONQUIN ALG 16,8
MCHENRY-:-ALGONQUIN ALG 17,8
MCHENRY-:-ALGONQUIN ALG 18,8
MCHENRY-:-ALGONQUIN ALG 19,8
MCHENRY-:-ALGONQUIN ALG 20,8
MCHENRY-:-ALGONQUIN ALG 21,8
MCHENRY-:-ALGONQUIN ALG 22,8
MCHENRY-:-ALGONQUIN ALG 23,8
MCHENRY-:-ALGONQUIN ALG 24,8
MCHENRY-:-ALGONQUIN ALG 25,8
MCHENRY-:-ALGONQUIN ALG 26,8
MCHENRY-:-ALGONQUIN ALG 27,8
MCHENRY-:-ALGONQUIN ALG 28,8
MCHENRY-:-ALGONQUIN ALG 29,8
MCHENRY-:-ALGONQUIN ALG 30,8
MCHENRY-:-ALGONQUIN ALG 31,8
MCHENRY-:-ALGONQUIN ALG 32,8
MCHENRY-:-ALGONQUIN ALG 33,8
MCHENRY-:-ALGONQUIN ALG 34,8
MCHENRY-:-ALGONQUIN ALG 35,8
MCHENRY-:-ALGONQUIN ALG 36,8
MCHENRY-:-ALGONQUIN ALG 37,8
MCHENRY-:-ALGONQUIN ALG 38,8
MCHENRY-:-ALGONQUIN ALG 39,8
MCHENRY-:-ALGONQUIN ALG 40,8
MCHENRY-:-ALGONQUIN ALG 41,8
MCHENRY-:-ALGONQUIN ALG 42,8
MCHENRY-:-ALGONQUIN ALG 43,8
MCHENRY-:-ALGONQUIN ALG 44,8
MCHENRY-:-ALGONQUIN ALG 45,8
MCHENRY-:-ALGONQUIN ALG 46,8
MCHENRY-:-ALGONQUIN ALG 47,8
MCHENRY-:-ALGONQUIN ALG 48,8
MCHENRY-:-ALGONQUIN ALG 49,8
MCHENRY-:-ALGONQUIN ALG 50,8
MCHENRY-:-ALGONQUIN ALG 51,8
MCHENRY-:-ALGONQUIN ALG 52,8
MCHENRY-:-ALGONQUIN ALG 53,8
MCHENRY-:-ALGONQUIN ALG 54,8
MCHENRY-:-ALGONQUIN ALG 55,8
MCHENRY-:-ALGONQUIN ALG 56,8
MCHENRY-:-ALGONQUIN ALG 57,8
MCHENRY-:-ALGONQUIN ALG 58,8
MCHENRY-:-ALGONQUIN ALG 59,8
MCHENRY-:-ALGONQUIN ALG 60,8
MCHENRY-:-ALGONQUIN ALG 61,8
MCHENRY-:-ALGONQUIN ALG 62,8
MCHENRY-:-ALGONQUIN ALG 63,8
MCHENRY-:-BURTON BUR 01,8
MCHENRY-:-BURTON BUR 02,8
MCHENRY-:-BURTON BUR 03,8
MCHENRY-:-BURTON BUR 04,8
MCHENRY-:-CHEMUNG CHE 01,8
MCHENRY-:-CHEMUNG CHE 02,8
MCHENRY-:-CHEMUNG CHE 03,8
MCHENRY-:-CHEMUNG CHE 04,8
MCHENRY-:-CHEMUNG CHE 05,8
MCHENRY-:-CORAL COR 01,8
MCHENRY-:-CORAL COR 02,8
MCHENRY-:-CORAL COR 03,8
MCHENRY-:-DORR DOR 01,8
MCHENRY-:-DORR DOR 02,8
MCHENRY-:-DORR DOR 03,8
MCHENRY-:-DORR DOR 04,8
MCHENRY-:-DORR DOR 05,8
MCHENRY-:-DORR DOR 06,8
MCHENRY-:-DORR DOR 07,8
MCHENRY-:-DORR DOR 08,8
MCHENRY-:-DORR DOR 09,8
MCHENRY-:-DORR DOR 10,8
MCHENRY-:-DORR DOR 11,8
MCHENRY-:-DORR DOR 12,8
MCHENRY-:-DORR DOR 13,8
MCHENRY-:-DORR DOR 14,8
MCHENRY-:-DUNHAM DUN 01,8
MCHENRY-:-DUNHAM DUN 02,8
MCHENRY-:-GRAFTON GRA 01,8
MCHENRY-:-GRAFTON GRA 02,8
MCHENRY-:-GRAFTON GRA 03,8
MCHENRY-:-GRAFTON GRA 04,8
MCHENRY-:-GRAFTON GRA 05,8
MCHENRY-:-GRAFTON GRA 06,8
MCHENRY-:-GRAFTON GRA 07,8
MCHENRY-:-GRAFTON GRA 08,8
MCHENRY-:-GRAFTON GRA 09,8
MCHENRY-:-GRAFTON GRA 10,8
MCHENRY-:-GRAFTON GRA 11,8
MCHENRY-:-GRAFTON GRA 12,8
MCHENRY-:-GRAFTON GRA 13,8
MCHENRY-:-GRAFTON GRA 14,8
MCHENRY-:-GRAFTON GRA 15,8
MCHENRY-:-GRAFTON GRA 16,8
MCHENRY-:-GRAFTON GRA 17,8
MCHENRY-:-GRAFTON GRA 18,8
MCHENRY-:-GRAFTON GRA 19,8
MCHENRY-:-GRAFTON GRA 20,8
MCHENRY-:-GRAFTON GRA 21,8
MCHENRY-:-GRAFTON GRA 22,8
MCHENRY-:-GRAFTON GRA 23,8
MCHENRY-:-GRAFTON GRA 24,8
MCHENRY-:-GRAFTON GRA 25,8
MCHENRY-:-GRAFTON GRA 26,8
MCHENRY-:-GRAFTON GRA 27,8
MCHENRY-:-GRAFTON GRA 28,8
MCHENRY-:-GRAFTON GRA 29,8
MCHENRY-:-GRAFTON GRA 30,8
MCHENRY-:-GRAFTON GRA 31,8
MCHENRY-:-GRAFTON GRA 32,3
MCHENRY-:-GRAFTON GRA 33,8
MCHENRY-:-GRAFTON GRA 34,8
MCHENRY-:-GRAFTON GRA 35,8
MCHENRY-:-GRAFTON GRA 36,8
MCHENRY-:-GRAFTON GRA 37,8
MCHENRY-:-GRAFTON GRA 38,8
MCHENRY-:-GREENWOOD GRE 01,8
MCHENRY-:-GREENWOOD GRE 02,8
MCHENRY-:-GREENWOOD GRE 03,8
MCHENRY-:-GREENWOOD GRE 04,8
MCHENRY-:-GREENWOOD GRE 05,8
MCHENRY-:-GREENWOOD GRE 07,8
MCHENRY-:-GREENWOOD GRE 08,8
MCHENRY-:-GREENWOOD GRE 09,8
MCHENRY-:-GREENWOOD GRE 10,8
MCHENRY-:-HEBRON HEB 01,8
MCHENRY-:-HEBRON HEB 02,8
MCHENRY-:-MARENGO MAR 01,8
MCHENRY-:-MARENGO MAR 02,8
MCHENRY-:-MARENGO MAR 03,8
MCHENRY-:-MARENGO MAR 04,8
MCHENRY-:-MARENGO MAR 05,8
MCHENRY-:-MCHENRY MCH 01,8
MCHENRY-:-MCHENRY MCH 02,8
MCHENRY-:-MCHENRY MCH 03,8
MCHENRY-:-MCHENRY MCH 04,8
MCHENRY-:-MCHENRY MCH 05,8
MCHENRY-:-MCHENRY MCH 06,8
MCHENRY-:-MCHENRY MCH 08,8
MCHENRY-:-MCHENRY MCH 09,8
MCHENRY-:-MCHENRY MCH 10,8
MCHENRY-:-MCHENRY MCH 11,8
MCHENRY-:-MCHENRY MCH 12,8
MCHENRY-:-MCHENRY MCH 13,8
MCHENRY-:-MCHENRY MCH 14,8
MCHENRY-:-MCHENRY MCH 15,8
MCHENRY-:-MCHENRY MCH 16,8
MCHENRY-:-MCHENRY MCH 17,8
MCHENRY-:-MCHENRY MCH 18,8
MCHENRY-:-MCHENRY MCH 19,8
MCHENRY-:-MCHENRY MCH 20,8
MCHENRY-:-MCHENRY MCH 21,8
MCHENRY-:-MCHENRY MCH 22,8
MCHENRY-:-MCHENRY MCH 23,8
MCHENRY-:-MCHENRY MCH 24,8
MCHENRY-:-MCHENRY MCH 25,8
MCHENRY-:-MCHENRY MCH 26,8
MCHENRY-:-MCHENRY MCH 27,8
MCHENRY-:-MCHENRY MCH 28,8
MCHENRY-:-MCHENRY MCH 29,8
MCHENRY-:-MCHENRY MCH 30,8
MCHENRY-:-MCHENRY MCH 31,8
MCHENRY-:-MCHENRY MCH 32,8
MCHENRY-:-MCHENRY MCH 33,8
MCHENRY-:-MCHENRY MCH 34,8
MCHENRY-:-NUNDA NUN 01,8
MCHENRY-:-NUNDA NUN 02,8
MCHENRY-:-NUNDA NUN 03,8
MCHENRY-:-NUNDA NUN 04,8
MCHENRY-:-NUNDA NUN 05,8
MCHENRY-:-NUNDA NUN 06,8
MCHENRY-:-NUNDA NUN 07,8
MCHENRY-:-NUNDA NUN 08,8
MCHENRY-:-NUNDA NUN 09,8
MCHENRY-:-NUNDA NUN 10,8
MCHENRY-:-NUNDA NUN 11,8
MCHENRY-:-NUNDA NUN 12,8
MCHENRY-:-NUNDA NUN 13,8
MCHENRY-:-NUNDA NUN 14,8
MCHENRY-:-NUNDA NUN 15,8
MCHENRY-:-NUNDA NUN 16,8
MCHENRY-:-NUNDA NUN 17,8
MCHENRY-:-NUNDA NUN 18,8
MCHENRY-:-NUNDA NUN 19,8
MCHENRY-:-NUNDA NUN 20,8
MCHENRY-:-NUNDA NUN 21,8
MCHENRY-:-NUNDA NUN 22,8
MCHENRY-:-NUNDA NUN 23,8
MCHENRY-:-NUNDA NUN 24,8
MCHENRY-:-NUNDA NUN 25,8
MCHENRY-:-NUNDA NUN 26,8
MCHENRY-:-NUNDA NUN 27,8
MCHENRY-:-NUNDA NUN 28,8
MCHENRY-:-NUNDA NUN 29,8
MCHENRY-:-RICHMOND RIC 01,8
MCHENRY-:-RICHMOND RIC 02,8
MCHENRY-:-RICHMOND RIC 03,8
MCHENRY-:-RICHMOND RIC 04,8
MCHENRY-:-RICHMOND RIC 05,8
MCHENRY-:-RICHMOND RIC 06,8
MCHENRY-:-RILEY RIL 01,8
MCHENRY-:-RILEY RIL 02,8
MCHENRY-:-SENECA SEN 01,8
MCHENRY-:-SENECA SEN 02,8
MCHENRY-:-SENECA SEN 03,8
MCLEAN-:-ANCHOR 01,16
MCLEAN-:-ARROWSMITH 01,16
MCLEAN-:-BELLFLOWER 01,16
MCLEAN-:-BLOOMINGTON 03,16
MCLEAN-:-BLUE MOUND 01,16
MCLEAN-:-CHENEY'S GROVE 01,16
MCLEAN-:-CHENOA 01,16
MCLEAN-:-CHENOA 02,16
MCLEAN-:-CROPSEY 01,16
MCLEAN-:-DANVERS 01,16
MCLEAN-:-DANVERS 02,11
MCLEAN-:-DAWSON 01,16
MCLEAN-:-DOWNS 01,16
MCLEAN-:-DRY GROVE 01,16
MCLEAN-:-DRY GROVE 02,16
MCLEAN-:-EMPIRE 01,16
MCLEAN-:-EMPIRE 02,16
MCLEAN-:-EMPIRE 03,16
MCLEAN-:-FUNKS GROVE 01,16
MCLEAN-:-GRIDLEY 01,16
MCLEAN-:-GRIDLEY 02,16
MCLEAN-:-HUDSON 01,16
MCLEAN-:-HUDSON 02,16
MCLEAN-:-LAWNDALE 01,16
MCLEAN-:-LEXINGTON 01,16
MCLEAN-:-LEXINGTON 02,16
MCLEAN-:-MARTIN 01,16
MCLEAN-:-MONEY CREEK 01,16
MCLEAN-:-MT. HOPE 01,16
MCLEAN-:-NORMAL 01,16
MCLEAN-:-NORMAL 02,16
MCLEAN-:-NORMAL 03,16
MCLEAN-:-NORMAL 04,16
MCLEAN-:-NORMAL 05,16
MCLEAN-:-NORMAL 06,16
MCLEAN-:-NORMAL 07,16
MCLEAN-:-NORMAL 08,16
MCLEAN-:-NORMAL 09,16
MCLEAN-:-NORMAL 10,16
MCLEAN-:-NORMAL 11,16
MCLEAN-:-NORMAL 12,16
MCLEAN-:-NORMAL 13,16
MCLEAN-:-NORMAL 14,16
MCLEAN-:-NORMAL 15,16
MCLEAN-:-NORMAL 16,16
MCLEAN-:-NORMAL 17,16
MCLEAN-:-NORMAL 18,16
MCLEAN-:-NORMAL 19,16
MCLEAN-:-NORMAL 20,16
MCLEAN-:-NORMAL 21,16
MCLEAN-:-NORMAL 22,16
MCLEAN-:-NORMAL 23,16
MCLEAN-:-NORMAL 24,16
MCLEAN-:-NORMAL 25,16
MCLEAN-:-NORMAL 26,16
MCLEAN-:-NORMAL 27,16
MCLEAN-:-NORMAL 28,5
MCLEAN-:-NORMAL 29,16
MCLEAN-:-NORMAL 30,16
MCLEAN-:-NORMAL 32,16
MCLEAN-:-NORMAL 33,16
MCLEAN-:-NORMAL 34,16
MCLEAN-:-NORMAL 35,16
MCLEAN-:-NORMAL 36,16
MCLEAN-:-OLD TOWN 01,16
MCLEAN-:-OLD TOWN 02,16
MCLEAN-:-OLD TOWN 03,16
MCLEAN-:-RANDOLPH 01,16
MCLEAN-:-RANDOLPH 02,16
MCLEAN-:-RANDOLPH 03,16
MCLEAN-:-RANDOLPH 04,16
MCLEAN-:-TOWANDA 01,16
MCLEAN-:-TOWANDA 02,16
MCLEAN-:-WEST 01,16
MCLEAN-:-WHITE OAK 01,16
MCLEAN-:-YATES 01,16
MENARD-:-EAST MENARD,16
MENARD-:-EAST PETERSBURG,16
MENARD-:-GREENVIEW,16
MENARD-:-INDIAN CREEK,16
MENARD-:-NORTH ATHENS-CITY,16
MENARD-:-NORTH ATHENS-RURAL,16
MENARD-:-NORTH PETERSBURG,16
MENARD-:-NORTHWEST MENARD,10
MENARD-:-ROCK CREEK,16
MENARD-:-SOUTH ATHENS-CITY,16
MENARD-:-SOUTH ATHENS-RURAL,16
MENARD-:-SOUTH PETERSBURG,16
MENARD-:-SOUTHWEST MENARD,10
MENARD-:-WEST PETERSBURG,16
MERCER-:-ABINGTON,1
MERCER-:-DUNCAN,1
MERCER-:-ELIZA,1
MERCER-:-GREENE 1,1
MERCER-:-GREENE 2,1
MERCER-:-KEITHSBURG,1
MERCER-:-MERCER 1,1
MERCER-:-MERCER 2,1
MERCER-:-MERCER 3,1
MERCER-:-MERCER 4,1
MERCER-:-MERCER 5,1
MERCER-:-MERCER 6,1
MERCER-:-MILLERSBURG,1
MERCER-:-NEW BOSTON,1
MERCER-:-NORTH HENDERSON,1
MERCER-:-OHIO GROVE,1
MERCER-:-PERRYTON,1
MERCER-:-PREEMPTION 1,1
MERCER-:-PREEMPTION 2,1
MERCER-:-RICHLAND GROVE 1,1
MERCER-:-RICHLAND GROVE 2,1
MERCER-:-RICHLAND GROVE 3,1
MERCER-:-RIVOLI,1
MERCER-:-SUEZ,1
MONROE-:-PRECINCT 1,4
MONROE-:-PRECINCT 10,4
MONROE-:-PRECINCT 11,4
MONROE-:-PRECINCT 12,4
MONROE-:-PRECINCT 13,4
MONROE-:-PRECINCT 14,4
MONROE-:-PRECINCT 15,4
MONROE-:-PRECINCT 16,4
MONROE-:-PRECINCT 17,4
MONROE-:-PRECINCT 18,4
MONROE-:-PRECINCT 19,4
MONROE-:-PRECINCT 2,4
MONROE-:-PRECINCT 20,4
MONROE-:-PRECINCT 21,4
MONROE-:-PRECINCT 22,4
MONROE-:-PRECINCT 23,4
MONROE-:-PRECINCT 24,4
MONROE-:-PRECINCT 25,4
MONROE-:-PRECINCT 3,4
MONROE-:-PRECINCT 4,4
MONROE-:-PRECINCT 5,4
MONROE-:-PRECINCT 6,4
MONROE-:-PRECINCT 7,4
MONROE-:-PRECINCT 8,4
MONROE-:-PRECINCT 9,4
MONTGOMERY-:-AUDUBON,16
MONTGOMERY-:-BOIS D'ARC,4
MONTGOMERY-:-BUTLER GROVE,16
MONTGOMERY-:-EAST FORK 1,4
MONTGOMERY-:-EAST FORK 2,4
MONTGOMERY-:-EAST FORK 3,4
MONTGOMERY-:-FILLMORE CONS,4
MONTGOMERY-:-GRISHAM 1,4
MONTGOMERY-:-GRISHAM 2,4
MONTGOMERY-:-HARVEL,16
MONTGOMERY-:-HILLSBORO 1,16
MONTGOMERY-:-HILLSBORO 2,4
MONTGOMERY-:-HILLSBORO 3,4
MONTGOMERY-:-HILLSBORO 4,4
MONTGOMERY-:-HILLSBORO 5,4
MONTGOMERY-:-HILLSBORO 6,4
MONTGOMERY-:-IRVING,16
MONTGOMERY-:-NOKOMIS 1,16
MONTGOMERY-:-NOKOMIS 2,16
MONTGOMERY-:-NOKOMIS 3,16
MONTGOMERY-:-NOKOMIS 4,16
MONTGOMERY-:-NORTH LITCHFIELD 1,16
MONTGOMERY-:-NORTH LITCHFIELD 2,16
MONTGOMERY-:-NORTH LITCHFIELD 3,16
MONTGOMERY-:-NORTH LITCHFIELD 4,4
MONTGOMERY-:-NORTH LITCHFIELD 5,16
MONTGOMERY-:-NORTH LITCHFIELD 6,16
MONTGOMERY-:-PITMAN,4
MONTGOMERY-:-RAYMOND,16
MONTGOMERY-:-ROUNTREE,16
MONTGOMERY-:-SOUTH LITCHFIELD 1,4
MONTGOMERY-:-SOUTH LITCHFIELD 2,16
MONTGOMERY-:-SOUTH LITCHFIELD 3,4
MONTGOMERY-:-SOUTH LITCHFIELD 4,4
MONTGOMERY-:-WALSHVILLE,4
MONTGOMERY-:-WITT 1,16
MONTGOMERY-:-WITT 2,16
MONTGOMERY-:-ZANESVILLE,4
MORGAN-:-ALEX-PRENT-SINC-1/2,10
MORGAN-:-ARCADIA-1,10
MORGAN-:-CHAPIN-CONCORD-1,10
MORGAN-:-FRANKLIN-3/4,11
MORGAN-:-JACKSONVILLE 01-1,10
MORGAN-:-JACKSONVILLE 02-1,11
MORGAN-:-JACKSONVILLE 03-1,10
MORGAN-:-JACKSONVILLE 04-1,11
MORGAN-:-JACKSONVILLE 05-1,10
MORGAN-:-JACKSONVILLE 06-1,11
MORGAN-:-JACKSONVILLE 07-1,3
MORGAN-:-JACKSONVILLE 08-1,11
MORGAN-:-JACKSONVILLE 09-1,10
MORGAN-:-JACKSONVILLE 10-1,3
MORGAN-:-JACKSONVILLE 11-1,10
MORGAN-:-JACKSONVILLE 12-1,11
MORGAN-:-LITERBERRY-1,10
MORGAN-:-LYNNVL-MARKM-1,10
MORGAN-:-LYNNVL-MARKM-3,10
MORGAN-:-MEREDOSIA-3,14
MORGAN-:-MURRVL-NORTNVL-3/4,3
MORGAN-:-PISGAH-1/2/6,10
MORGAN-:-S JACKSONVILLE 1-1,14
MORGAN-:-S JACKSONVILLE 2-1,14
MORGAN-:-S JACKSONVILLE 3-1,14
MORGAN-:-WAVERLY 01-3,4
MORGAN-:-WAVERLY 02-3/4,4
MORGAN-:-WOODSON-3/5,10
MOULTRIE-:-DORA #1,6
MOULTRIE-:-EAST NELSON #1,6
MOULTRIE-:-JONATHAN CREEK #1,6
MOULTRIE-:-LOVINGTON #1,6
MOULTRIE-:-LOVINGTON #2,6
MOULTRIE-:-LOWE #1,6
MOULTRIE-:-MARROWBONE #1,6
MOULTRIE-:-MARROWBONE #2,6
MOULTRIE-:-SULLIVAN #1,6
MOULTRIE-:-SULLIVAN #2,6
MOULTRIE-:-SULLIVAN #3,6
MOULTRIE-:-SULLIVAN #4,6
MOULTRIE-:-SULLIVAN #5,6
MOULTRIE-:-SULLIVAN #6,6
MOULTRIE-:-SULLIVAN #7,6
MOULTRIE-:-WHITLEY #1,6
OGLE-:-BROOKVILLE,1
OGLE-:-BUFFALO 1,1
OGLE-:-BUFFALO 2,1
OGLE-:-BUFFALO 3,1
OGLE-:-BYRON 1,1
OGLE-:-BYRON 2,1
OGLE-:-BYRON 3,1
OGLE-:-BYRON 4,1
OGLE-:-DEMENT,14
OGLE-:-EAGLE POINT,1
OGLE-:-FLAGG 1,14
OGLE-:-FLAGG 10,15
OGLE-:-FLAGG 11,1
OGLE-:-FLAGG 2,15
OGLE-:-FLAGG 3,14
OGLE-:-FLAGG 4,1
OGLE-:-FLAGG 5,1
OGLE-:-FLAGG 6,14
OGLE-:-FLAGG 7,14
OGLE-:-FLAGG 8,1
OGLE-:-FLAGG 9,15
OGLE-:-FORRESTON 1,1
OGLE-:-FORRESTON 2,1
OGLE-:-GRAND DETOUR,1
OGLE-:-LAFAYETTE,1
OGLE-:-LEAF RIVER,1
OGLE-:-LINCOLN,1
OGLE-:-LYNNVILLE,1
OGLE-:-MARION 1,1
OGLE-:-MARION 2,1
OGLE-:-MARION 3,1
OGLE-:-MARYLAND,1
OGLE-:-MONROE,1
OGLE-:-MT. MORRIS 1,1
OGLE-:-MT. MORRIS 2,1
OGLE-:-MT. MORRIS 3,15
OGLE-:-MT. MORRIS 4,11
OGLE-:-OREGON-NASHUA 1,1
OGLE-:-OREGON-NASHUA 2,15
OGLE-:-OREGON-NASHUA 3,11
OGLE-:-OREGON-NASHUA 4,1
OGLE-:-OREGON-NASHUA 5,14
OGLE-:-OREGON-NASHUA 6,1
OGLE-:-PINE CREEK,1
OGLE-:-PINE ROCK,1
OGLE-:-ROCKVALE 1,1
OGLE-:-ROCKVALE 2,1
OGLE-:-SCOTT,1
OGLE-:-TAYLOR,1
OGLE-:-WHITE ROCK,1
OGLE-:-WOOSUNG,1
PEORIA-:-AK01 - 1,6
PEORIA-:-BR01 - 2,1
PEORIA-:-CH01 - 3,6
PEORIA-:-CH02 - 4,6
PEORIA-:-CH03 - 5,6
PEORIA-:-CH04 - 6,6
PEORIA-:-CH05 - 7,6
PEORIA-:-CH06 - 8,6
PEORIA-:-EL01 - 9,1
PEORIA-:-EL02 - 10,1
PEORIA-:-EL03 - 11,1
PEORIA-:-HA01 - 12/13,6
PEORIA-:-HO01 - 14,1
PEORIA-:-HO02 - 15,1
PEORIA-:-JU01 - 16,6
PEORIA-:-JU02 - 17/18,1
PEORIA-:-KI01 - 19,1
PEORIA-:-KI01 - 20/22,1
PEORIA-:-KI01 - 21/23,1
PEORIA-:-KI02 - 24,1
PEORIA-:-LI01 - 25,1
PEORIA-:-LI01 - 26,1
PEORIA-:-LI02 - 27/28,1
PEORIA-:-LI02 - 29,1
PEORIA-:-LI02 - 30,1
PEORIA-:-LI03 - 31/32,1
PEORIA-:-LI04 - 33,1
PEORIA-:-LI05 - 34,1
PEORIA-:-LI06 - 35,1
PEORIA-:-LI06 - 36/37,1
PEORIA-:-LI07 - 38,1
PEORIA-:-LI07 - 39/40,1
PEORIA-:-LI08 - 41,1
PEORIA-:-LI09 - 42,1
PEORIA-:-LI10 - 43/44,1
PEORIA-:-LI11 - 45/46,1
PEORIA-:-LI11 - 47/48,1
PEORIA-:-LO01 - 49,1
PEORIA-:-LO02 - 50,1
PEORIA-:-ME01 - 51,6
PEORIA-:-ME01 - 52,1
PEORIA-:-ME02 - 53/54/55,6
PEORIA-:-ME03 - 56/57,1
PEORIA-:-ME04 - 58,1
PEORIA-:-MI01 - 59/60,1
PEORIA-:-PE01 - 61,1
PEORIA-:-PE02 - 62,1
PEORIA-:-PE03 - 63/64,1
PEORIA-:-PE04 - 65,1
PEORIA-:-PE05 - 66,1
PEORIA-:-PE06 - 67,1
PEORIA-:-PE07 - 68,1
PEORIA-:-PE08 - 69/70,1
PEORIA-:-PE09 - 71,1
PEORIA-:-PE10 - 72,1
PEORIA-:-PE11 - 73/74,1
PEORIA-:-PE12 - 75,1
PEORIA-:-PE13 - 76/77,1
PEORIA-:-PE14 - 78,1
PEORIA-:-PE15 - 79,1
PEORIA-:-PE16 - 80,1
PEORIA-:-PE17 - 81,1
PEORIA-:-PE18 - 82,1
PEORIA-:-PE19 - 83,1
PEORIA-:-PE20 - 84,1
PEORIA-:-PE21 - 85,1
PEORIA-:-PE22 - 87,1
PEORIA-:-PE23 - 88,1
PEORIA-:-PE24 - 89,1
PEORIA-:-PE25 - 90/91,1
PEORIA-:-PE26 - 92/93,1
PEORIA-:-PE27 - 94,1
PEORIA-:-PE28 - 95/96/97,1
PEORIA-:-PE29 - 98/99,1
PEORIA-:-PE30 - 100,1
PEORIA-:-PE31 - 101,1
PEORIA-:-PE32 - 102,1
PEORIA-:-PE33 - 103,1
PEORIA-:-PE34 - 104/105,1
PEORIA-:-PE35 - 106,1
PEORIA-:-PE36 - 107,1
PEORIA-:-PE37 - 108,1
PEORIA-:-PE38 - 109,1
PEORIA-:-PE39 - 110,1
PEORIA-:-PE40 - 111,1
PEORIA-:-PE41 - 112,1
PEORIA-:-PE42 - 113/114,1
PEORIA-:-PE43 - 115/116,1
PEORIA-:-PE44 - 117,1
PEORIA-:-PE44 - 118,1
PEORIA-:-PE45 - 119/120,1
PEORIA-:-PE46 - 121,1
PEORIA-:-PE47 - 122/123/127,1
PEORIA-:-PE47 - 124/126,1
PEORIA-:-PE48 - 128/129,1
PEORIA-:-PE49 - 130/131/133/134,1
PEORIA-:-PE49 - 132,1
PEORIA-:-PE50 - 135/136,1
PEORIA-:-PE51 - 137/138/139/141,1
PEORIA-:-PE52 - 142/143,1
PEORIA-:-PE53 - 144,1
PEORIA-:-PE54 - 145/147,1
PEORIA-:-PE54 - 146,1
PEORIA-:-PE55 - 148,1
PEORIA-:-PE56 - 149,1
PEORIA-:-PE57 - 150,1
PEORIA-:-PE57 - 151,1
PEORIA-:-PE58 - 152,1
PEORIA-:-PE58 - 153,1
PEORIA-:-PE59 - 154,1
PEORIA-:-PE60 - 155,1
PEORIA-:-PE61 - 156,6
PEORIA-:-PE62 - 157,6
PEORIA-:-PE63 - 158/159,6
PEORIA-:-PE64 - 160,6
PEORIA-:-PE65 - 161/162,1
PEORIA-:-PE65 - 163,1
PEORIA-:-PR01 - 164,1
PEORIA-:-PR01 - 165,1
PEORIA-:-RA01 - 166,1
PEORIA-:-RA01 - 167,1
PEORIA-:-RA02 - 168,6
PEORIA-:-RA02 - 169/170,1
PEORIA-:-RA02 - 171,1
PEORIA-:-RI01 - 172,1
PEORIA-:-RI01 - 173,1
PEORIA-:-RI02 - 174,1
PEORIA-:-RI03 - 175,1
PEORIA-:-RI03 - 176,1
PEORIA-:-RI04 - 177,1
PEORIA-:-RO01 - 178,1
PEORIA-:-RO01 - 179,1
PEORIA-:-TI01 - 180/181,1
PEORIA-:-TI02 - 182,3
PEORIA-:-TR01 - 183,1
PEORIA-:-TR01 - 184,1
PEORIA-:-WP01 - 185,1
PEORIA-:-WP02 - 186,1
PEORIA-:-WP03 - 187,1
PEORIA-:-WP04 - 188,1
PERRY-:-BEAUCOUP-001,4
PERRY-:-CUTLER-001,4
PERRY-:-DUQUOIN 1-001,4
PERRY-:-DUQUOIN 10-001,4
PERRY-:-DUQUOIN 11-001,4
PERRY-:-DUQUOIN 12-001,4
PERRY-:-DUQUOIN 2-001,4
PERRY-:-DUQUOIN 3-001,4
PERRY-:-DUQUOIN 4-001,4
PERRY-:-DUQUOIN 5-001,4
PERRY-:-DUQUOIN 6-001,4
PERRY-:-DUQUOIN 7-001,4
PERRY-:-DUQUOIN 8-001,4
PERRY-:-DUQUOIN 9-001,4
PERRY-:-PINCKNEYVILLE 1-001,4
PERRY-:-PINCKNEYVILLE 2-001,4
PERRY-:-PINCKNEYVILLE 3-001,4
PERRY-:-PINCKNEYVILLE 4-001,4
PERRY-:-PINCKNEYVILLE 5-001,4
PERRY-:-PINCKNEYVILLE 6-001,4
PERRY-:-PINCKNEYVILLE 7-001,4
PERRY-:-PINCKNEYVILLE 8-001,4
PERRY-:-SUNFIELD-001,4
PERRY-:-SWANWICK-001,4
PERRY-:-TAMAROA 1-001,4
PERRY-:-TAMAROA 2-001,4
PERRY-:-WILLISVILLE-001,4
PIATT-:-BEMENT 1,6
PIATT-:-BEMENT 2,6
PIATT-:-BLUE RIDGE,6
PIATT-:-CERRO GORDO 1,6
PIATT-:-CERRO GORDO 2,6
PIATT-:-CERRO GORDO 4,6
PIATT-:-GOOSE CREEK,6
PIATT-:-MONTICELLO 1,6
PIATT-:-MONTICELLO 2,6
PIATT-:-MONTICELLO 3,6
PIATT-:-MONTICELLO 4,6
PIATT-:-SANGAMON 1,6
PIATT-:-SANGAMON 2,6
PIATT-:-UNITY 1,6
PIATT-:-UNITY 2,6
PIATT-:-WILLOW BRANCH,6
PIKE-:-ATLAS 1,10
PIKE-:-BARRY 1,10
PIKE-:-BARRY 2,10
PIKE-:-CHAMBERSBURG 1,10
PIKE-:-CINCINNATI,10
PIKE-:-DERRY 1,10
PIKE-:-DETROIT 1,10
PIKE-:-FAIRMOUNT 1,10
PIKE-:-FLINT 1,10
PIKE-:-GRIGGSVILLE 1,10
PIKE-:-GRIGGSVILLE 2,10
PIKE-:-HADLEY 1,10
PIKE-:-HARDIN 1,10
PIKE-:-KINDERHOOK 1,10
PIKE-:-KINDERHOOK 2,10
PIKE-:-LEVEE 1,10
PIKE-:-MARTINSBURG 1,10
PIKE-:-MONTEZUMA 1,10
PIKE-:-NEW SALEM 1,10
PIKE-:-NEW SALEM 2,10
PIKE-:-NEWBURG 1,10
PIKE-:-PEARL 1,10
PIKE-:-PERRY 1,10
PIKE-:-PITTSFIELD 1,10
PIKE-:-PITTSFIELD 2,10
PIKE-:-PITTSFIELD 3,10
PIKE-:-PITTSFIELD 4,10
PIKE-:-PLEASANT HILL 1,10
PIKE-:-PLEASANT VALE 1,10
PIKE-:-ROSS 1,10
PIKE-:-SPRING CREEK 1,10
POPE-:-EDDYVILLE 6,4
POPE-:-GOLCONDA 1,4
POPE-:-GOLCONDA 2,4
POPE-:-GOLCONDA 3,4
POPE-:-JEFFERSON 4,4
POPE-:-WEBSTER 5,4
PULASKI-:-GRAND CHAIN,4
PULASKI-:-KARNAK,4
PULASKI-:-MOUND CITY,4
PULASKI-:-MOUNDS 1,4
PULASKI-:-MOUNDS 2,4
PULASKI-:-MOUNDS 3,4
PULASKI-:-OLMSTED,4
PULASKI-:-PERKS-WETAUG,4
PULASKI-:-PULASKI,4
PULASKI-:-ULLIN,4
PULASKI-:-VILLA RIDGE-AMERICA,4
PUTNAM-:-GRANVILLE 1,6
PUTNAM-:-GRANVILLE 2,6
PUTNAM-:-GRANVILLE 3,6
PUTNAM-:-GRANVILLE 4,6
PUTNAM-:-MAGNOLIA 1,6
PUTNAM-:-SENACHWINE 1,6
RANDOLPH-:-BALDWIN,4
RANDOLPH-:-BREMEN,4
RANDOLPH-:-CENTRAL,4
RANDOLPH-:-CHESTER 1,4
RANDOLPH-:-CHESTER 2,4
RANDOLPH-:-CHESTER 3,4
RANDOLPH-:-CHESTER 4,4
RANDOLPH-:-CHESTER 5,4
RANDOLPH-:-CHESTER 6,4
RANDOLPH-:-CHESTER 7,4
RANDOLPH-:-COULTERVILLE 1,4
RANDOLPH-:-COULTERVILLE 2,4
RANDOLPH-:-ELLIS GROVE,4
RANDOLPH-:-EVANSVILLE,4
RANDOLPH-:-KASKASKIA,4
RANDOLPH-:-PALESTINE,4
RANDOLPH-:-PERCY,4
RANDOLPH-:-PRAIRIE DU ROCHER,4
RANDOLPH-:-RED BUD 1,4
RANDOLPH-:-RED BUD 2,4
RANDOLPH-:-RED BUD 3,4
RANDOLPH-:-RED BUD 4,4
RANDOLPH-:-RED BUD 5,4
RANDOLPH-:-ROCKWOOD,4
RANDOLPH-:-RUMA,4
RANDOLPH-:-SPARTA 1,4
RANDOLPH-:-SPARTA 2,4
RANDOLPH-:-SPARTA 3,4
RANDOLPH-:-SPARTA 4,4
RANDOLPH-:-SPARTA 5,4
RANDOLPH-:-SPARTA 6,4
RANDOLPH-:-STEELEVILLE 1,4
RANDOLPH-:-STEELEVILLE 2,4
RANDOLPH-:-STEELEVILLE 3,4
RANDOLPH-:-TILDEN,4
RANDOLPH-:-WALSH,4
RANDOLPH-:-WINE HILL,4
RICHLAND-:-BONPAS-3,4
RICHLAND-:-CLAREMONT-3,15
RICHLAND-:-DECKER-2,4
RICHLAND-:-DENVER-2,15
RICHLAND-:-GERMAN-1,15
RICHLAND-:-MADISON 1-3,4
RICHLAND-:-MADISON 2-3,4
RICHLAND-:-NOBLE 1-2,4
RICHLAND-:-NOBLE 2-2,4
RICHLAND-:-OLNEY 1-4,15
RICHLAND-:-OLNEY 10-1,4
RICHLAND-:-OLNEY 11-1,15
RICHLAND-:-OLNEY 2-1,4
RICHLAND-:-OLNEY 3-1,4
RICHLAND-:-OLNEY 4-1,4
RICHLAND-:-OLNEY 5-1,15
RICHLAND-:-OLNEY 6-1,4
RICHLAND-:-OLNEY 7-4,15
RICHLAND-:-OLNEY 9-1,15
RICHLAND-:-PRESTON 1-1,15
RICHLAND-:-PRESTON 2-1,15
ROCK ISLAND-:-ANDALUSIA,1
ROCK ISLAND-:-BLACKHAWK 1,1
ROCK ISLAND-:-BLACKHAWK 2,1
ROCK ISLAND-:-BLACKHAWK 3,1
ROCK ISLAND-:-BLACKHAWK 4,1
ROCK ISLAND-:-BLACKHAWK 5,1
ROCK ISLAND-:-BLACKHAWK 6,1
ROCK ISLAND-:-BLACKHAWK 7,1
ROCK ISLAND-:-BOWLING 1,1
ROCK ISLAND-:-BOWLING 2,1
ROCK ISLAND-:-BUFFALO PRAIRIE,1
ROCK ISLAND-:-CANOE CREEK,1
ROCK ISLAND-:-COAL VALLEY 1,1
ROCK ISLAND-:-COAL VALLEY 2,1
ROCK ISLAND-:-COAL VALLEY 3,1
ROCK ISLAND-:-COE,1
ROCK ISLAND-:-CORDOVA,1
ROCK ISLAND-:-DRURY,1
ROCK ISLAND-:-EDGINGTON 1,1
ROCK ISLAND-:-EDGINGTON 2,1
ROCK ISLAND-:-HAMPTON 1,1
ROCK ISLAND-:-HAMPTON 10,1
ROCK ISLAND-:-HAMPTON 11,1
ROCK ISLAND-:-HAMPTON 12,1
ROCK ISLAND-:-HAMPTON 13,1
ROCK ISLAND-:-HAMPTON 14,1
ROCK ISLAND-:-HAMPTON 15,1
ROCK ISLAND-:-HAMPTON 16,1
ROCK ISLAND-:-HAMPTON 17,1
ROCK ISLAND-:-HAMPTON 2,1
ROCK ISLAND-:-HAMPTON 3,1
ROCK ISLAND-:-HAMPTON 4,1
ROCK ISLAND-:-HAMPTON 5,1
ROCK ISLAND-:-HAMPTON 6,1
ROCK ISLAND-:-HAMPTON 7,1
ROCK ISLAND-:-HAMPTON 8,1
ROCK ISLAND-:-HAMPTON 9,1
ROCK ISLAND-:-MOLINE 1,1
ROCK ISLAND-:-MOLINE 10,1
ROCK ISLAND-:-MOLINE 11,1
ROCK ISLAND-:-MOLINE 12,1
ROCK ISLAND-:-MOLINE 13,1
ROCK ISLAND-:-MOLINE 14,1
ROCK ISLAND-:-MOLINE 15,1
ROCK ISLAND-:-MOLINE 16,1
ROCK ISLAND-:-MOLINE 17,1
ROCK ISLAND-:-MOLINE 18,1
ROCK ISLAND-:-MOLINE 19,1
ROCK ISLAND-:-MOLINE 2,1
ROCK ISLAND-:-MOLINE 20,1
ROCK ISLAND-:-MOLINE 3,1
ROCK ISLAND-:-MOLINE 4,1
ROCK ISLAND-:-MOLINE 5,1
ROCK ISLAND-:-MOLINE 6,1
ROCK ISLAND-:-MOLINE 7,1
ROCK ISLAND-:-MOLINE 8,1
ROCK ISLAND-:-MOLINE 9,1
ROCK ISLAND-:-PORT BYRON,1
ROCK ISLAND-:-ROCK ISLAND 1,1
ROCK ISLAND-:-ROCK ISLAND 10,1
ROCK ISLAND-:-ROCK ISLAND 11,1
ROCK ISLAND-:-ROCK ISLAND 12,1
ROCK ISLAND-:-ROCK ISLAND 13,1
ROCK ISLAND-:-ROCK ISLAND 14,1
ROCK ISLAND-:-ROCK ISLAND 15,1
ROCK ISLAND-:-ROCK ISLAND 2,1
ROCK ISLAND-:-ROCK ISLAND 3,1
ROCK ISLAND-:-ROCK ISLAND 4,1
ROCK ISLAND-:-ROCK ISLAND 5,1
ROCK ISLAND-:-ROCK ISLAND 6,1
ROCK ISLAND-:-ROCK ISLAND 7,1
ROCK ISLAND-:-ROCK ISLAND 8,1
ROCK ISLAND-:-ROCK ISLAND 9,1
ROCK ISLAND-:-RURAL,1
ROCK ISLAND-:-SO MOLINE 1,1
ROCK ISLAND-:-SO MOLINE 10,1
ROCK ISLAND-:-SO MOLINE 11,1
ROCK ISLAND-:-SO MOLINE 12,1
ROCK ISLAND-:-SO MOLINE 13,1
ROCK ISLAND-:-SO MOLINE 14,1
ROCK ISLAND-:-SO MOLINE 15,1
ROCK ISLAND-:-SO MOLINE 16,1
ROCK ISLAND-:-SO MOLINE 17,1
ROCK ISLAND-:-SO MOLINE 18,1
ROCK ISLAND-:-SO MOLINE 19,1
ROCK ISLAND-:-SO MOLINE 2,1
ROCK ISLAND-:-SO MOLINE 20,1
ROCK ISLAND-:-SO MOLINE 21,1
ROCK ISLAND-:-SO MOLINE 22,1
ROCK ISLAND-:-SO MOLINE 23,1
ROCK ISLAND-:-SO MOLINE 24,1
ROCK ISLAND-:-SO MOLINE 25,1
ROCK ISLAND-:-SO MOLINE 26,1
ROCK ISLAND-:-SO MOLINE 27,1
ROCK ISLAND-:-SO MOLINE 28,1
ROCK ISLAND-:-SO MOLINE 29,1
ROCK ISLAND-:-SO MOLINE 3,1
ROCK ISLAND-:-SO MOLINE 4,1
ROCK ISLAND-:-SO MOLINE 5,1
ROCK ISLAND-:-SO MOLINE 6,1
ROCK ISLAND-:-SO MOLINE 7,1
ROCK ISLAND-:-SO MOLINE 8,1
ROCK ISLAND-:-SO MOLINE 9,1
ROCK ISLAND-:-SO ROCK ISLAND 1,1
ROCK ISLAND-:-SO ROCK ISLAND 10,1
ROCK ISLAND-:-SO ROCK ISLAND 11,1
ROCK ISLAND-:-SO ROCK ISLAND 12,1
ROCK ISLAND-:-SO ROCK ISLAND 13,1
ROCK ISLAND-:-SO ROCK ISLAND 14,1
ROCK ISLAND-:-SO ROCK ISLAND 15,1
ROCK ISLAND-:-SO ROCK ISLAND 16,1
ROCK ISLAND-:-SO ROCK ISLAND 2,1
ROCK ISLAND-:-SO ROCK ISLAND 3,1
ROCK ISLAND-:-SO ROCK ISLAND 4,1
ROCK ISLAND-:-SO ROCK ISLAND 5,1
ROCK ISLAND-:-SO ROCK ISLAND 6,1
ROCK ISLAND-:-SO ROCK ISLAND 7,1
ROCK ISLAND-:-SO ROCK ISLAND 8,1
ROCK ISLAND-:-SO ROCK ISLAND 9,1
ROCK ISLAND-:-ZUMA,1
SALINE-:-BRUSHY,4
SALINE-:-CARRIER MILLS #1,4
SALINE-:-CARRIER MILLS #2,4
SALINE-:-COTTAGE,4
SALINE-:-EAST ELDORADO #1,4
SALINE-:-EAST ELDORADO #2,4
SALINE-:-EAST ELDORADO #3,4
SALINE-:-EAST ELDORADO #4,4
SALINE-:-EAST ELDORADO #5,4
SALINE-:-EAST ELDORADO #6,4
SALINE-:-GALATIA,4
SALINE-:-HARRISBURG # 1,4
SALINE-:-HARRISBURG # 2,4
SALINE-:-HARRISBURG # 3,4
SALINE-:-HARRISBURG # 4,4
SALINE-:-HARRISBURG # 5,4
SALINE-:-HARRISBURG # 6,4
SALINE-:-HARRISBURG # 7,4
SALINE-:-HARRISBURG # 8,4
SALINE-:-HARRISBURG # 9,4
SALINE-:-HARRISBURG #10,4
SALINE-:-INDEPENDENCE,4
SALINE-:-LONG BRANCH,4
SALINE-:-MOUNTAIN,4
SALINE-:-RALEIGH,4
SALINE-:-RECTOR,4
SALINE-:-STONEFORT,4
SALINE-:-TATE,4
SANGAMON-:-AUBURN 001,5
SANGAMON-:-AUBURN 002,5
SANGAMON-:-AUBURN 003,5
SANGAMON-:-AUBURN 004,5
SANGAMON-:-AUBURN 005,5
SANGAMON-:-BALL 001,5
SANGAMON-:-BALL 002,5
SANGAMON-:-BALL 003,5
SANGAMON-:-BALL 004,5
SANGAMON-:-BALL 005,5
SANGAMON-:-BUFFALO HART,5
SANGAMON-:-CAPITAL 001,5
SANGAMON-:-CAPITAL 002,5
SANGAMON-:-CAPITAL 003,5
SANGAMON-:-CAPITAL 004,5
SANGAMON-:-CAPITAL 005,5
SANGAMON-:-CAPITAL 006,5
SANGAMON-:-CAPITAL 007,5
SANGAMON-:-CAPITAL 008,5
SANGAMON-:-CAPITAL 009,5
SANGAMON-:-CAPITAL 010,5
SANGAMON-:-CAPITAL 011,5
SANGAMON-:-CAPITAL 013,5
SANGAMON-:-CAPITAL 014,5
SANGAMON-:-CAPITAL 015,5
SANGAMON-:-CAPITAL 017,5
SANGAMON-:-CAPITAL 018,5
SANGAMON-:-CAPITAL 019,5
SANGAMON-:-CAPITAL 021,5
SANGAMON-:-CAPITAL 022,5
SANGAMON-:-CAPITAL 023,5
SANGAMON-:-CAPITAL 024,5
SANGAMON-:-CAPITAL 026,5
SANGAMON-:-CAPITAL 027,5
SANGAMON-:-CAPITAL 028,5
SANGAMON-:-CAPITAL 030,5
SANGAMON-:-CAPITAL 031,5
SANGAMON-:-CAPITAL 032,5
SANGAMON-:-CAPITAL 033,15
SANGAMON-:-CAPITAL 034,5
SANGAMON-:-CAPITAL 035,5
SANGAMON-:-CAPITAL 036,5
SANGAMON-:-CAPITAL 037,5
SANGAMON-:-CAPITAL 038,5
SANGAMON-:-CAPITAL 039,5
SANGAMON-:-CAPITAL 040,5
SANGAMON-:-CAPITAL 041,5
SANGAMON-:-CAPITAL 042,5
SANGAMON-:-CAPITAL 043,5
SANGAMON-:-CAPITAL 044,5
SANGAMON-:-CAPITAL 045,5
SANGAMON-:-CAPITAL 046,5
SANGAMON-:-CAPITAL 047,5
SANGAMON-:-CAPITAL 048,5
SANGAMON-:-CAPITAL 049,5
SANGAMON-:-CAPITAL 050,5
SANGAMON-:-CAPITAL 051,5
SANGAMON-:-CAPITAL 052,5
SANGAMON-:-CAPITAL 053,5
SANGAMON-:-CAPITAL 054,5
SANGAMON-:-CAPITAL 055,5
SANGAMON-:-CAPITAL 056,5
SANGAMON-:-CAPITAL 057,5
SANGAMON-:-CAPITAL 058,5
SANGAMON-:-CAPITAL 059,5
SANGAMON-:-CAPITAL 060,5
SANGAMON-:-CAPITAL 061,5
SANGAMON-:-CAPITAL 062,5
SANGAMON-:-CAPITAL 063,5
SANGAMON-:-CAPITAL 064,5
SANGAMON-:-CAPITAL 065,5
SANGAMON-:-CAPITAL 066,5
SANGAMON-:-CAPITAL 067,5
SANGAMON-:-CAPITAL 068,5
SANGAMON-:-CAPITAL 069,5
SANGAMON-:-CAPITAL 070,5
SANGAMON-:-CAPITAL 071,5
SANGAMON-:-CAPITAL 072,5
SANGAMON-:-CAPITAL 073,5
SANGAMON-:-CAPITAL 074,5
SANGAMON-:-CAPITAL 075,5
SANGAMON-:-CAPITAL 076,5
SANGAMON-:-CAPITAL 077,5
SANGAMON-:-CAPITAL 078,5
SANGAMON-:-CAPITAL 079,5
SANGAMON-:-CAPITAL 082,5
SANGAMON-:-CAPITAL 083,5
SANGAMON-:-CAPITAL 084,5
SANGAMON-:-CAPITAL 085,5
SANGAMON-:-CAPITAL 086,5
SANGAMON-:-CAPITAL 087,5
SANGAMON-:-CAPITAL 088,5
SANGAMON-:-CAPITAL 089,5
SANGAMON-:-CAPITAL 090,5
SANGAMON-:-CAPITAL 091,5
SANGAMON-:-CAPITAL 092,5
SANGAMON-:-CAPITAL 093,5
SANGAMON-:-CARTWRIGHT,5
SANGAMON-:-CHATHAM 001,5
SANGAMON-:-CHATHAM 002,5
SANGAMON-:-CHATHAM 003,5
SANGAMON-:-CHATHAM 004,5
SANGAMON-:-CHATHAM 005,5
SANGAMON-:-CLEARLAKE 001,5
SANGAMON-:-CLEARLAKE 002,5
SANGAMON-:-CLEARLAKE 003,5
SANGAMON-:-CLEARLAKE 004,5
SANGAMON-:-CLEARLAKE 005,5
SANGAMON-:-CLEARLAKE 006,5
SANGAMON-:-CLEARLAKE 007,5
SANGAMON-:-COOPER,5
SANGAMON-:-COTTON HILL,5
SANGAMON-:-CURRAN 002,5
SANGAMON-:-DIVERNON 001,5
SANGAMON-:-DIVERNON 002,5
SANGAMON-:-FANCY CREEK 001,5
SANGAMON-:-FANCY CREEK 002,5
SANGAMON-:-FANCY CREEK 003,5
SANGAMON-:-FANCY CREEK 004,5
SANGAMON-:-FANCY CREEK 005,5
SANGAMON-:-GARDNER 001,5
SANGAMON-:-GARDNER 002,5
SANGAMON-:-GARDNER 003,5
SANGAMON-:-ILLIOPOLIS,5
SANGAMON-:-ISLAND GROVE,5
SANGAMON-:-LANESVILLE,5
SANGAMON-:-LOAMI,5
SANGAMON-:-MAXWELL,5
SANGAMON-:-MECHANICSBURG 001,5
SANGAMON-:-MECHANICSBURG 002,5
SANGAMON-:-MECHANICSBURG 003,5
SANGAMON-:-NEW BERLIN,5
SANGAMON-:-PAWNEE 001,5
SANGAMON-:-PAWNEE 002,5
SANGAMON-:-PAWNEE 003,5
SANGAMON-:-ROCHESTER 001,5
SANGAMON-:-ROCHESTER 002,5
SANGAMON-:-ROCHESTER 003,5
SANGAMON-:-ROCHESTER 004,5
SANGAMON-:-SPRINGFIELD 002,5
SANGAMON-:-SPRINGFIELD 003,5
SANGAMON-:-SPRINGFIELD 004,5
SANGAMON-:-SPRINGFIELD 005,5
SANGAMON-:-TALKINGTON,5
SANGAMON-:-WILLIAMS 001,5
SANGAMON-:-WILLIAMS 002,5
SANGAMON-:-WILLIAMS 003,5
SANGAMON-:-WOODSIDE 001,5
SANGAMON-:-WOODSIDE 002,5
SANGAMON-:-WOODSIDE 003,5
SANGAMON-:-WOODSIDE 004,5
SANGAMON-:-WOODSIDE 005,5
SANGAMON-:-WOODSIDE 006,5
SANGAMON-:-WOODSIDE 007,5
SANGAMON-:-WOODSIDE 008,5
SANGAMON-:-WOODSIDE 009,5
SCHUYLER-:-BAINBRIDGE-2,10
SCHUYLER-:-BIRMINGHAM-1,10
SCHUYLER-:-BROOKLYN-1,10
SCHUYLER-:-BROWNING-2,10
SCHUYLER-:-BUENAVISTA 1-2,10
SCHUYLER-:-BUENAVISTA 2-2,10
SCHUYLER-:-CAMDEN-1,10
SCHUYLER-:-FREDERICK-2,10
SCHUYLER-:-HICKORY-1,10
SCHUYLER-:-HUNTSVILLE-1,10
SCHUYLER-:-LITTLETON-1,10
SCHUYLER-:-OAKLAND-1,10
SCHUYLER-:-RUSHVILLE 1-2,10
SCHUYLER-:-RUSHVILLE 2-2,10
SCHUYLER-:-RUSHVILLE 3-2,10
SCHUYLER-:-RUSHVILLE 4-2,10
SCHUYLER-:-WOODSTOCK-2,10
SCOTT-:-ALSEY-1,10
SCOTT-:-BLOOMFIELD-1,10
SCOTT-:-EXETER-BLUFFS-1,10
SCOTT-:-GLASGOW-1,10
SCOTT-:-MANCHESTER-1,10
SCOTT-:-MERRITT-1,10
SCOTT-:-NAPLES-BLUFFS-1,10
SCOTT-:-WINCHESTER I-1,10
SCOTT-:-WINCHESTER II-1,10
SCOTT-:-WINCHESTER III-1,10
SHELBY-:-ASH GROVE,15
SHELBY-:-BIG SPRING,15
SHELBY-:-CLARKSBURG,15
SHELBY-:-COLD SPRING,15
SHELBY-:-DRY POINT,15
SHELBY-:-FLAT BRANCH,16
SHELBY-:-HERRICK,15
SHELBY-:-HOLLAND,15
SHELBY-:-LAKEWOOD,15
SHELBY-:-MOWEAQUA 1,16
SHELBY-:-MOWEAQUA 2,16
SHELBY-:-OCONEE,16
SHELBY-:-OKAW,16
SHELBY-:-PENN,16
SHELBY-:-PICKAWAY,16
SHELBY-:-PRAIRIE,15
SHELBY-:-RICHLAND,15
SHELBY-:-RIDGE,16
SHELBY-:-ROSE 1,15
SHELBY-:-ROSE 2,16
SHELBY-:-RURAL,16
SHELBY-:-SHELBYVILLE 1,15
SHELBY-:-SHELBYVILLE 2,15
SHELBY-:-SHELBYVILLE 3,15
SHELBY-:-SHELBYVILLE 4,15
SHELBY-:-SHELBYVILLE 5,15
SHELBY-:-SHELBYVILLE 6,16
SHELBY-:-SHELBYVILLE 7,16
SHELBY-:-SIGEL,15
SHELBY-:-TODDS POINT,16
SHELBY-:-TOWER HILL,16
SHELBY-:-WINDSOR 1,15
SHELBY-:-WINDSOR 2,15
ST. CLAIR-:-BELLEVILLE 1,11
ST. CLAIR-:-BELLEVILLE 10,11
ST. CLAIR-:-BELLEVILLE 11,11
ST. CLAIR-:-BELLEVILLE 12,11
ST. CLAIR-:-BELLEVILLE 13,11
ST. CLAIR-:-BELLEVILLE 14,11
ST. CLAIR-:-BELLEVILLE 15,11
ST. CLAIR-:-BELLEVILLE 16,11
ST. CLAIR-:-BELLEVILLE 17,11
ST. CLAIR-:-BELLEVILLE 18,11
ST. CLAIR-:-BELLEVILLE 19,11
ST. CLAIR-:-BELLEVILLE 2,11
ST. CLAIR-:-BELLEVILLE 21,11
ST. CLAIR-:-BELLEVILLE 23,11
ST. CLAIR-:-BELLEVILLE 24,11
ST. CLAIR-:-BELLEVILLE 25,11
ST. CLAIR-:-BELLEVILLE 3,11
ST. CLAIR-:-BELLEVILLE 4,11
ST. CLAIR-:-BELLEVILLE 5,11
ST. CLAIR-:-BELLEVILLE 6,11
ST. CLAIR-:-BELLEVILLE 7,11
ST. CLAIR-:-BELLEVILLE 8,11
ST. CLAIR-:-BELLEVILLE 9,11
ST. CLAIR-:-CANTEEN 1,11
ST. CLAIR-:-CANTEEN 2,11
ST. CLAIR-:-CANTEEN 3,11
ST. CLAIR-:-CANTEEN 4,11
ST. CLAIR-:-CANTEEN 5,11
ST. CLAIR-:-CASEYVILLE 11,11
ST. CLAIR-:-CASEYVILLE 13,11
ST. CLAIR-:-CASEYVILLE 14,11
ST. CLAIR-:-CASEYVILLE 15,11
ST. CLAIR-:-CASEYVILLE 16,11
ST. CLAIR-:-CASEYVILLE 17,11
ST. CLAIR-:-CASEYVILLE 18,11
ST. CLAIR-:-CASEYVILLE 19,11
ST. CLAIR-:-CASEYVILLE 2,11
ST. CLAIR-:-CASEYVILLE 20,11
ST. CLAIR-:-CASEYVILLE 21,11
ST. CLAIR-:-CASEYVILLE 22,11
ST. CLAIR-:-CASEYVILLE 3,11
ST. CLAIR-:-CASEYVILLE 4,11
ST. CLAIR-:-CASEYVILLE 5,11
ST. CLAIR-:-CASEYVILLE 6,11
ST. CLAIR-:-CASEYVILLE 7,11
ST. CLAIR-:-CASEYVILLE 8,11
ST. CLAIR-:-CASEYVILLE 9,11
ST. CLAIR-:-CENTREVILLE 1,11
ST. CLAIR-:-CENTREVILLE 2,11
ST. CLAIR-:-CENTREVILLE 3,11
ST. CLAIR-:-CENTREVILLE 4,11
ST. CLAIR-:-CENTREVILLE 5,11
ST. CLAIR-:-CENTREVILLE 6,11
ST. CLAIR-:-CENTREVILLE 7,11
ST. CLAIR-:-CENTREVILLE 9,11
ST. CLAIR-:-ENGELMANN 1,11
ST. CLAIR-:-FAYETTEVILLE 1,11
ST. CLAIR-:-FAYETTEVILLE 2,11
ST. CLAIR-:-FREEBURG 1,11
ST. CLAIR-:-FREEBURG 2,11
ST. CLAIR-:-FREEBURG 3,11
ST. CLAIR-:-LEBANON 1,11
ST. CLAIR-:-LEBANON 2,11
ST. CLAIR-:-LEBANON 3,11
ST. CLAIR-:-LENZBURG 1,11
ST. CLAIR-:-MARISSA 1,11
ST. CLAIR-:-MASCOUTAH 1,11
ST. CLAIR-:-MASCOUTAH 2,11
ST. CLAIR-:-MASCOUTAH 3,11
ST. CLAIR-:-MASCOUTAH 4,11
ST. CLAIR-:-MILLSTADT 1,11
ST. CLAIR-:-MILLSTADT 2,11
ST. CLAIR-:-MILLSTADT 3,11
ST. CLAIR-:-MILLSTADT 4,11
ST. CLAIR-:-MILLSTADT 5,11
ST. CLAIR-:-NEW ATHENS 1,11
ST. CLAIR-:-NEW ATHENS 2,11
ST. CLAIR-:-O FALLON 1,11
ST. CLAIR-:-O FALLON 10,11
ST. CLAIR-:-O FALLON 11,11
ST. CLAIR-:-O FALLON 12,11
ST. CLAIR-:-O FALLON 13,11
ST. CLAIR-:-O FALLON 14,11
ST. CLAIR-:-O FALLON 15,11
ST. CLAIR-:-O FALLON 16,11
ST. CLAIR-:-O FALLON 17,11
ST. CLAIR-:-O FALLON 18,11
ST. CLAIR-:-O FALLON 3,11
ST. CLAIR-:-O FALLON 4,11
ST. CLAIR-:-O FALLON 5,11
ST. CLAIR-:-O FALLON 6,11
ST. CLAIR-:-O FALLON 7,11
ST. CLAIR-:-O FALLON 8,11
ST. CLAIR-:-O FALLON 9,11
ST. CLAIR-:-PRAIRIE DU LONG 1,11
ST. CLAIR-:-PRAIRIE DU LONG 2,11
ST. CLAIR-:-SHILOH VALLEY 1,11
ST. CLAIR-:-SHILOH VALLEY 2,11
ST. CLAIR-:-SHILOH VALLEY 3,11
ST. CLAIR-:-SHILOH VALLEY 4,11
ST. CLAIR-:-SHILOH VALLEY 5,11
ST. CLAIR-:-SMITHTON 1,11
ST. CLAIR-:-SMITHTON 2,11
ST. CLAIR-:-SMITHTON 3,11
ST. CLAIR-:-ST CLAIR 1,11
ST. CLAIR-:-ST CLAIR 11,11
ST. CLAIR-:-ST CLAIR 12,11
ST. CLAIR-:-ST CLAIR 13,11
ST. CLAIR-:-ST CLAIR 14,11
ST. CLAIR-:-ST CLAIR 15,11
ST. CLAIR-:-ST CLAIR 16,11
ST. CLAIR-:-ST CLAIR 17,11
ST. CLAIR-:-ST CLAIR 18,11
ST. CLAIR-:-ST CLAIR 19,11
ST. CLAIR-:-ST CLAIR 2,11
ST. CLAIR-:-ST CLAIR 20,11
ST. CLAIR-:-ST CLAIR 21,11
ST. CLAIR-:-ST CLAIR 22,11
ST. CLAIR-:-ST CLAIR 23,11
ST. CLAIR-:-ST CLAIR 24,11
ST. CLAIR-:-ST CLAIR 3,11
ST. CLAIR-:-ST CLAIR 4,11
ST. CLAIR-:-ST CLAIR 5,11
ST. CLAIR-:-ST CLAIR 6,11
ST. CLAIR-:-ST CLAIR 7,11
ST. CLAIR-:-ST CLAIR 8,11
ST. CLAIR-:-ST CLAIR 9,11
ST. CLAIR-:-STITES 1,11
ST. CLAIR-:-STOOKEY 1,11
ST. CLAIR-:-STOOKEY 3,11
ST. CLAIR-:-STOOKEY 4,11
ST. CLAIR-:-STOOKEY 6,11
ST. CLAIR-:-STOOKEY 7,11
ST. CLAIR-:-SUGAR LOAF 1,11
ST. CLAIR-:-SUGAR LOAF 2,11
ST. CLAIR-:-SUGAR LOAF 3,11
ST. CLAIR-:-SUGAR LOAF 4,11
ST. CLAIR-:-SUGAR LOAF 5,11
STARK-:-EAST TOULON,1
STARK-:-ELMIRA,1
STARK-:-ESSEX,1
STARK-:-GOSHEN,1
STARK-:-OSCEOLA,6
STARK-:-PENN,6
STARK-:-VALLEY,6
STARK-:-WEST JERSEY,1
STARK-:-WEST TOULON,1
STEPHENSON-:-BUCKEYE,1
STEPHENSON-:-DAKOTA,1
STEPHENSON-:-ERIN,1
STEPHENSON-:-FLORENCE,1
STEPHENSON-:-FREEPORT 1,1
STEPHENSON-:-FREEPORT 10,1
STEPHENSON-:-FREEPORT 11,1
STEPHENSON-:-FREEPORT 12,1
STEPHENSON-:-FREEPORT 13,1
STEPHENSON-:-FREEPORT 14,1
STEPHENSON-:-FREEPORT 15,1
STEPHENSON-:-FREEPORT 16,1
STEPHENSON-:-FREEPORT 2,1
STEPHENSON-:-FREEPORT 3,1
STEPHENSON-:-FREEPORT 4,1
STEPHENSON-:-FREEPORT 5,1
STEPHENSON-:-FREEPORT 6,1
STEPHENSON-:-FREEPORT 7,1
STEPHENSON-:-FREEPORT 8,1
STEPHENSON-:-FREEPORT 9,11
STEPHENSON-:-HARLEM 1,1
STEPHENSON-:-HARLEM 2,1
STEPHENSON-:-JEFFERSON,1
STEPHENSON-:-KENT,1
STEPHENSON-:-LANCASTER,1
STEPHENSON-:-LORAN,1
STEPHENSON-:-ONECO,1
STEPHENSON-:-RIDOTT,1
STEPHENSON-:-ROCK GROVE,1
STEPHENSON-:-ROCK RUN 1,1
STEPHENSON-:-ROCK RUN 2,1
STEPHENSON-:-SILVER CREEK,1
STEPHENSON-:-WADDAMS,1
STEPHENSON-:-WEST POINT 1,1
STEPHENSON-:-WEST POINT 2,1
STEPHENSON-:-WINSLOW,1
TAZEWELL-:-BOYNTON,16
TAZEWELL-:-CINCINNATI 2,16
TAZEWELL-:-CINCINNATI 4,16
TAZEWELL-:-CINCINNATI 5,16
TAZEWELL-:-DEER CREEK,9
TAZEWELL-:-DELAVAN 1,16
TAZEWELL-:-DILLON,16
TAZEWELL-:-ELM GROVE 1,16
TAZEWELL-:-ELM GROVE 2,16
TAZEWELL-:-FONDULAC 1,9
TAZEWELL-:-FONDULAC 2,16
TAZEWELL-:-FONDULAC 3,9
TAZEWELL-:-FONDULAC 4,9
TAZEWELL-:-FONDULAC 5,9
TAZEWELL-:-FONDULAC 6,9
TAZEWELL-:-FONDULAC 7,16
TAZEWELL-:-GROVELAND 1,16
TAZEWELL-:-GROVELAND 10,16
TAZEWELL-:-GROVELAND 11,9
TAZEWELL-:-GROVELAND 12,16
TAZEWELL-:-GROVELAND 2,16
TAZEWELL-:-GROVELAND 3,9
TAZEWELL-:-GROVELAND 4,16
TAZEWELL-:-GROVELAND 5,16
TAZEWELL-:-GROVELAND 6,16
TAZEWELL-:-GROVELAND 7,16
TAZEWELL-:-GROVELAND 8,16
TAZEWELL-:-GROVELAND 9,16
TAZEWELL-:-HITTLE,16
TAZEWELL-:-MACKINAW 1,9
TAZEWELL-:-MACKINAW 2,16
TAZEWELL-:-MACKINAW 3,9
TAZEWELL-:-MALONE,16
TAZEWELL-:-MORTON 1,9
TAZEWELL-:-MORTON 10,9
TAZEWELL-:-MORTON 11,9
TAZEWELL-:-MORTON 2,9
TAZEWELL-:-MORTON 3,9
TAZEWELL-:-MORTON 4,9
TAZEWELL-:-MORTON 5,16
TAZEWELL-:-MORTON 6,16
TAZEWELL-:-MORTON 7,9
TAZEWELL-:-MORTON 8,9
TAZEWELL-:-MORTON 9,9
TAZEWELL-:-PEKIN 1,16
TAZEWELL-:-PEKIN 10,16
TAZEWELL-:-PEKIN 11,16
TAZEWELL-:-PEKIN 12,16
TAZEWELL-:-PEKIN 14,16
TAZEWELL-:-PEKIN 15,16
TAZEWELL-:-PEKIN 16,16
TAZEWELL-:-PEKIN 2,16
TAZEWELL-:-PEKIN 3,16
TAZEWELL-:-PEKIN 4,16
TAZEWELL-:-PEKIN 5,16
TAZEWELL-:-PEKIN 6,16
TAZEWELL-:-PEKIN 7,16
TAZEWELL-:-PEKIN 8,16
TAZEWELL-:-PEKIN 9,16
TAZEWELL-:-SAND PRAIRIE 1,16
TAZEWELL-:-SPRINGLAKE 1,16
TAZEWELL-:-TREMONT 1,16
TAZEWELL-:-TREMONT 2,9
TAZEWELL-:-WASHINGTON 1,9
TAZEWELL-:-WASHINGTON 10,9
TAZEWELL-:-WASHINGTON 11,9
TAZEWELL-:-WASHINGTON 12,9
TAZEWELL-:-WASHINGTON 13,9
TAZEWELL-:-WASHINGTON 14,9
TAZEWELL-:-WASHINGTON 2,9
TAZEWELL-:-WASHINGTON 3,9
TAZEWELL-:-WASHINGTON 4,9
TAZEWELL-:-WASHINGTON 5,9
TAZEWELL-:-WASHINGTON 6,9
TAZEWELL-:-WASHINGTON 7,9
TAZEWELL-:-WASHINGTON 8,9
TAZEWELL-:-WASHINGTON 9,9
UNION-:-ALTO PASS,4
UNION-:-ANNA 1,4
UNION-:-ANNA 2,4
UNION-:-ANNA 3,4
UNION-:-ANNA 4,4
UNION-:-ANNA 5,4
UNION-:-ANNA 6,4
UNION-:-ANNA 7,4
UNION-:-BALCOM,4
UNION-:-COBDEN 1,4
UNION-:-COBDEN 2,4
UNION-:-DONGOLA 1,4
UNION-:-DONGOLA 2,4
UNION-:-JONESBORO 1,4
UNION-:-JONESBORO 2,4
UNION-:-JONESBORO 3,4
UNION-:-LICK CREEK,4
UNION-:-MILL CREEK,4
UNION-:-STOKES,4
UNION-:-UNION,4
VERMILION-:-BLOUNT 1,6
VERMILION-:-BLOUNT 2,6
VERMILION-:-BUTLER,6
VERMILION-:-CARROLL,6
VERMILION-:-CATLIN 1,6
VERMILION-:-CATLIN 3,6
VERMILION-:-DANVILLE 1,6
VERMILION-:-DANVILLE 13,6
VERMILION-:-DANVILLE 2,6
VERMILION-:-DANVILLE 3,6
VERMILION-:-DANVILLE 5,6
VERMILION-:-DANVILLE 6,6
VERMILION-:-DANVILLE 7,6
VERMILION-:-DANVILLE 8,6
VERMILION-:-ELWOOD,6
VERMILION-:-GEORGETOWN 1,6
VERMILION-:-GEORGETOWN 3,6
VERMILION-:-GRANT 1,6
VERMILION-:-GRANT 2,6
VERMILION-:-GRANT 4,6
VERMILION-:-JAMAICA,6
VERMILION-:-LOVE,6
VERMILION-:-MIDDLEFORK,6
VERMILION-:-NEWELL 1,6
VERMILION-:-NEWELL 2,6
VERMILION-:-NEWELL 3,6
VERMILION-:-OAKWOOD 1,6
VERMILION-:-OAKWOOD 5,6
VERMILION-:-PILOT,6
VERMILION-:-ROSS,6
VERMILION-:-SIDELL,6
VERMILION-:-SOUTH ROSS,6
WABASH-:-BELLMONT,4
WABASH-:-COFFEE,4
WABASH-:-COMPTON,4
WABASH-:-FRIENDSVILLE,15
WABASH-:-LANCASTER,4
WABASH-:-LICK PRAIRIE,4
WABASH-:-MT. CARMEL 1,4
WABASH-:-MT. CARMEL 2,4
WABASH-:-MT. CARMEL 3,4
WABASH-:-MT. CARMEL 4,4
WABASH-:-MT. CARMEL 5,4
WABASH-:-MT. CARMEL 6,4
WABASH-:-MT. CARMEL 7,4
WABASH-:-MT. CARMEL 8,4
WABASH-:-MT. CARMEL 9,4
WABASH-:-WABASH,15
WARREN-:-BERWICK 1-1,1
WARREN-:-COLDBROOK 1-2,1
WARREN-:-ELLISON 1-6,1
WARREN-:-FLOYD 1-1,1
WARREN-:-GREENBUSH 1-1,1
WARREN-:-HALE 1-7,1
WARREN-:-KELLY 1-2,1
WARREN-:-LENOX 1-1,1
WARREN-:-MONMOUTH  1-3,1
WARREN-:-MONMOUTH  2-4,1
WARREN-:-MONMOUTH  3-3,1
WARREN-:-MONMOUTH  4-3,1
WARREN-:-MONMOUTH  5-4,1
WARREN-:-MONMOUTH  6-3,1
WARREN-:-MONMOUTH  7-4,1
WARREN-:-MONMOUTH  8-5,1
WARREN-:-MONMOUTH  9-4,1
WARREN-:-MONMOUTH 10-4,1
WARREN-:-MONMOUTH 11-3,1
WARREN-:-MONMOUTH 12-2/5,1
WARREN-:-POINT PLEASANT 1-6,1
WARREN-:-ROSEVILLE 1-1,1
WARREN-:-ROSEVILLE 2-1,1
WARREN-:-SPRING GROVE-ALEXIS 1-2,1
WARREN-:-SPRING GROVE-GERLAW 2-2,1
WARREN-:-SUMNER 1-7/8,1
WARREN-:-SWAN 1-1,1
WARREN-:-TOMPKINS 1-6,1
WASHINGTON-:-ASHLEY-001,4
WASHINGTON-:-BEAUCOUP-001,4
WASHINGTON-:-BOLO-002,4
WASHINGTON-:-COVINGTON-003,4
WASHINGTON-:-DUBOIS-004,4
WASHINGTON-:-DUBOIS-005,4
WASHINGTON-:-HOYLETON-001,4
WASHINGTON-:-IRVINGTON-001,4
WASHINGTON-:-JOHANNISBURG-3/9,4
WASHINGTON-:-LIVELY GROVE-6/10,4
WASHINGTON-:-NASHVILLE 1-007,4
WASHINGTON-:-NASHVILLE 3-007,4
WASHINGTON-:-NASHVILLE 4-007,4
WASHINGTON-:-OAKDALE-006,4
WASHINGTON-:-OKAWVILLE 1-003,4
WASHINGTON-:-OKAWVILLE 2-003,4
WASHINGTON-:-PILOT KNOB-002,4
WASHINGTON-:-PLUM HILL-003,4
WASHINGTON-:-RICHVIEW-001,4
WASHINGTON-:-VENEDY-3/9,4
WAYNE-:-ARRINGTON,4
WAYNE-:-BARNHILL,4
WAYNE-:-BEDFORD,4
WAYNE-:-BERRY,4
WAYNE-:-BIG MOUND 1,4
WAYNE-:-BIG MOUND 2,4
WAYNE-:-ELM RIVER,4
WAYNE-:-FAIRFIELD 1,4
WAYNE-:-FAIRFIELD 2,4
WAYNE-:-FOUR MILE,4
WAYNE-:-GARDEN HILL,4
WAYNE-:-GOLDENGATE,4
WAYNE-:-GROVER,4
WAYNE-:-HICKORY HILL,4
WAYNE-:-INDIAN PRAIRIE,4
WAYNE-:-JASPER 1,4
WAYNE-:-JASPER 2,4
WAYNE-:-KEITH,4
WAYNE-:-LAMARD 1,4
WAYNE-:-LAMARD 2,4
WAYNE-:-MASSILON,4
WAYNE-:-MERRIAM,4
WAYNE-:-MT. ERIE,4
WAYNE-:-ORCHARD,4
WAYNE-:-OREL,4
WAYNE-:-RIDER,4
WAYNE-:-ZIF,4
WHITE-:-BURNT PRAIRIE 10-1,4
WHITE-:-CARMI 12-1,4
WHITE-:-CARMI 13-2,4
WHITE-:-CARMI 14-1,4
WHITE-:-CARMI 16-1,4
WHITE-:-CARMI 18-4,4
WHITE-:-CARMI 19-4,4
WHITE-:-CARMI 20-4,4
WHITE-:-CARMI 20-5,4
WHITE-:-EMMA 30-3,4
WHITE-:-ENFIELD 4-2,4
WHITE-:-GRAY 24-2,4
WHITE-:-HAWTHORNE 28-2,4
WHITE-:-HAWTHORNE 28-3,4
WHITE-:-HERALDS PRAIRIE 22-3,4
WHITE-:-INDIAN CREEK 6-3,4
WHITE-:-INDIAN CREEK 8-3,4
WHITE-:-MILL SHOALS 1-1,4
WHITE-:-MILL SHOALS 2-2,4
WHITE-:-PHILLIPS 26-2,4
WHITESIDE-:-ALBANY 1,1
WHITESIDE-:-CLYDE 1,1
WHITESIDE-:-COLOMA 1,1
WHITESIDE-:-COLOMA 10,1
WHITESIDE-:-COLOMA 2,1
WHITESIDE-:-COLOMA 3,1
WHITESIDE-:-COLOMA 4,1
WHITESIDE-:-COLOMA 5,1
WHITESIDE-:-COLOMA 6,1
WHITESIDE-:-COLOMA 7,1
WHITESIDE-:-COLOMA 8,1
WHITESIDE-:-COLOMA 9,1
WHITESIDE-:-ERIE 1,1
WHITESIDE-:-ERIE 2,1
WHITESIDE-:-FENTON 1,1
WHITESIDE-:-FULTON 1,1
WHITESIDE-:-FULTON 2,1
WHITESIDE-:-FULTON 3,1
WHITESIDE-:-FULTON 4,1
WHITESIDE-:-GARDEN PLAIN 1,1
WHITESIDE-:-GENESEE 1,1
WHITESIDE-:-HAHNAMAN 1,1
WHITESIDE-:-HOPKINS 1,1
WHITESIDE-:-HOPKINS 2,1
WHITESIDE-:-HUME 1,1
WHITESIDE-:-JORDAN 1,1
WHITESIDE-:-LYNDON 1,1
WHITESIDE-:-MONTMORENCY 1,1
WHITESIDE-:-MONTMORENCY 2,1
WHITESIDE-:-MT. PLEASANT 1,1
WHITESIDE-:-MT. PLEASANT 2,1
WHITESIDE-:-MT. PLEASANT 3,1
WHITESIDE-:-MT. PLEASANT 4,1
WHITESIDE-:-MT. PLEASANT 5,1
WHITESIDE-:-NEWTON 1,1
WHITESIDE-:-PORTLAND 1,1
WHITESIDE-:-PROPHETSTOWN 1,1
WHITESIDE-:-PROPHETSTOWN 2,1
WHITESIDE-:-PROPHETSTOWN 3,1
WHITESIDE-:-STERLING 1,1
WHITESIDE-:-STERLING 10,1
WHITESIDE-:-STERLING 11,1
WHITESIDE-:-STERLING 12,1
WHITESIDE-:-STERLING 13,1
WHITESIDE-:-STERLING 14,1
WHITESIDE-:-STERLING 15,1
WHITESIDE-:-STERLING 16,1
WHITESIDE-:-STERLING 17,1
WHITESIDE-:-STERLING 18,1
WHITESIDE-:-STERLING 2,1
WHITESIDE-:-STERLING 3,1
WHITESIDE-:-STERLING 4,1
WHITESIDE-:-STERLING 5,1
WHITESIDE-:-STERLING 6,1
WHITESIDE-:-STERLING 7,1
WHITESIDE-:-STERLING 8,1
WHITESIDE-:-STERLING 9,1
WHITESIDE-:-TAMPICO 1,1
WHITESIDE-:-UNION GROVE 1,1
WHITESIDE-:-USTICK 1,1
WILL-:-CHANNAHON PCT 001-STYLE 1,3
WILL-:-CHANNAHON PCT 002-STYLE 2,9
WILL-:-CHANNAHON PCT 003-STYLE 3,9
WILL-:-CHANNAHON PCT 004-STYLE 4,9
WILL-:-CHANNAHON PCT 005-STYLE 5,9
WILL-:-CRETE PCT 001-STYLE 6/7,9
WILL-:-CRETE PCT 002-STYLE 8,9
WILL-:-CRETE PCT 003-STYLE 9,9
WILL-:-CRETE PCT 004-STYLE 10,9
WILL-:-CRETE PCT 004-STYLE 11,9
WILL-:-CRETE PCT 005-STYLE 12,9
WILL-:-CRETE PCT 006-STYLE 13,9
WILL-:-CRETE PCT 006-STYLE 14,9
WILL-:-CRETE PCT 007-STYLE 15,9
WILL-:-CRETE PCT 008-STYLE 16,9
WILL-:-CRETE PCT 008-STYLE 17,9
WILL-:-CRETE PCT 009-STYLE 18,9
WILL-:-CRETE PCT 010-STYLE 19,9
WILL-:-CRETE PCT 011-STYLE 20,9
WILL-:-CRETE PCT 011-STYLE 21,9
WILL-:-CRETE PCT 012-STYLE 22,9
WILL-:-CUSTER PCT 001-STYLE 23,9
WILL-:-CUSTER PCT 001-STYLE 24,9
WILL-:-DUPAGE PCT 001-STYLE 25/26,9
WILL-:-DUPAGE PCT 002-STYLE 27,9
WILL-:-DUPAGE PCT 003-STYLE 28,9
WILL-:-DUPAGE PCT 004-STYLE 29,9
WILL-:-DUPAGE PCT 005-STYLE 30/31,9
WILL-:-DUPAGE PCT 006-STYLE 32,9
WILL-:-DUPAGE PCT 007-STYLE 33,9
WILL-:-DUPAGE PCT 008-STYLE 34,9
WILL-:-DUPAGE PCT 009-STYLE 35/37,9
WILL-:-DUPAGE PCT 010-STYLE 38,9
WILL-:-DUPAGE PCT 011-STYLE 39,9
WILL-:-DUPAGE PCT 012-STYLE 40,9
WILL-:-DUPAGE PCT 013-STYLE 41,9
WILL-:-DUPAGE PCT 014-STYLE 42/43,9
WILL-:-DUPAGE PCT 015-STYLE 44,9
WILL-:-DUPAGE PCT 016-STYLE 45,9
WILL-:-DUPAGE PCT 017-STYLE 46,9
WILL-:-DUPAGE PCT 017-STYLE 47,9
WILL-:-DUPAGE PCT 018-STYLE 48,9
WILL-:-DUPAGE PCT 019-STYLE 49,9
WILL-:-DUPAGE PCT 020-STYLE 50,9
WILL-:-DUPAGE PCT 021-STYLE 51,9
WILL-:-DUPAGE PCT 022-STYLE 52,9
WILL-:-DUPAGE PCT 023-STYLE 53,9
WILL-:-DUPAGE PCT 024-STYLE 54,9
WILL-:-DUPAGE PCT 025-STYLE 56,9
WILL-:-DUPAGE PCT 025-STYLE 57,9
WILL-:-DUPAGE PCT 026-STYLE 58,9
WILL-:-DUPAGE PCT 027-STYLE 59,9
WILL-:-DUPAGE PCT 027-STYLE 60,9
WILL-:-DUPAGE PCT 028-STYLE 61/62,9
WILL-:-DUPAGE PCT 029-STYLE 63,9
WILL-:-DUPAGE PCT 030-STYLE 64,9
WILL-:-DUPAGE PCT 031-STYLE 65/66,9
WILL-:-DUPAGE PCT 032-STYLE 67,9
WILL-:-DUPAGE PCT 032-STYLE 68,9
WILL-:-DUPAGE PCT 033-STYLE 69/71,9
WILL-:-DUPAGE PCT 033-STYLE 70/72,9
WILL-:-DUPAGE PCT 034-STYLE 73,9
WILL-:-DUPAGE PCT 035-STYLE 74,9
WILL-:-DUPAGE PCT 036-STYLE 75,9
WILL-:-DUPAGE PCT 036-STYLE 76,9
WILL-:-DUPAGE PCT 037-STYLE 77,9
WILL-:-FLORENCE PCT 001-STYLE 78,9
WILL-:-FRANKFORT PCT 001-STYLE 79,9
WILL-:-FRANKFORT PCT 002-STYLE 80/81,9
WILL-:-FRANKFORT PCT 003-STYLE 83/85,9
WILL-:-FRANKFORT PCT 003-STYLE 84,9
WILL-:-FRANKFORT PCT 004-STYLE 86,9
WILL-:-FRANKFORT PCT 004-STYLE 87,9
WILL-:-FRANKFORT PCT 005-STYLE 88,9
WILL-:-FRANKFORT PCT 006-STYLE 89,9
WILL-:-FRANKFORT PCT 007-STYLE 90/91,9
WILL-:-FRANKFORT PCT 008-STYLE 92,9
WILL-:-FRANKFORT PCT 008-STYLE 93/94,9
WILL-:-FRANKFORT PCT 009-STYLE 95,9
WILL-:-FRANKFORT PCT 010-STYLE 96/97,9
WILL-:-FRANKFORT PCT 011-STYLE 98,9
WILL-:-FRANKFORT PCT 011-STYLE 99,9
WILL-:-FRANKFORT PCT 012-STYLE 100,9
WILL-:-FRANKFORT PCT 013-STYLE 101,9
WILL-:-FRANKFORT PCT 014-STYLE 102/103,9
WILL-:-FRANKFORT PCT 015-STYLE 104,9
WILL-:-FRANKFORT PCT 016-STYLE 105/106,9
WILL-:-FRANKFORT PCT 017-STYLE 107,9
WILL-:-FRANKFORT PCT 017-STYLE 108,9
WILL-:-FRANKFORT PCT 018-STYLE 109,9
WILL-:-FRANKFORT PCT 019-STYLE 110,9
WILL-:-FRANKFORT PCT 020-STYLE 111,9
WILL-:-FRANKFORT PCT 021-STYLE 112,9
WILL-:-FRANKFORT PCT 021-STYLE 113,9
WILL-:-FRANKFORT PCT 022-STYLE 114/115,9
WILL-:-FRANKFORT PCT 023-STYLE 116,9
WILL-:-FRANKFORT PCT 023-STYLE 117,9
WILL-:-FRANKFORT PCT 024-STYLE 118,9
WILL-:-FRANKFORT PCT 025-STYLE 119,9
WILL-:-FRANKFORT PCT 026-STYLE 120,9
WILL-:-FRANKFORT PCT 027-STYLE 121,9
WILL-:-FRANKFORT PCT 027-STYLE 122,9
WILL-:-FRANKFORT PCT 028-STYLE 123,9
WILL-:-GREEN GARDEN PCT 001-STYLE 124,9
WILL-:-GREEN GARDEN PCT 002-STYLE 125,9
WILL-:-GREEN GARDEN PCT 002-STYLE 126,9
WILL-:-HOMER PCT 001-STYLE 127/128,9
WILL-:-HOMER PCT 002-STYLE 129,9
WILL-:-HOMER PCT 003-STYLE 130,9
WILL-:-HOMER PCT 004-STYLE 131,9
WILL-:-HOMER PCT 004-STYLE 132,9
WILL-:-HOMER PCT 005-STYLE 133,9
WILL-:-HOMER PCT 005-STYLE 134,9
WILL-:-HOMER PCT 006-STYLE 135,9
WILL-:-HOMER PCT 007-STYLE 136,9
WILL-:-HOMER PCT 008-STYLE 137,9
WILL-:-HOMER PCT 009-STYLE 138,9
WILL-:-HOMER PCT 009-STYLE 139,9
WILL-:-HOMER PCT 010-STYLE 140,9
WILL-:-HOMER PCT 011-STYLE 141,9
WILL-:-HOMER PCT 012-STYLE 142,9
WILL-:-HOMER PCT 013-STYLE 143,9
WILL-:-HOMER PCT 014-STYLE 144,9
WILL-:-HOMER PCT 015-STYLE 145,9
WILL-:-HOMER PCT 016-STYLE 146,9
WILL-:-HOMER PCT 017-STYLE 147,9
WILL-:-HOMER PCT 018-STYLE 148,9
WILL-:-HOMER PCT 019-STYLE 149,9
WILL-:-JACKSON PCT 001-STYLE 150,9
WILL-:-JACKSON PCT 002-STYLE 151,9
WILL-:-JOLIET PCT 001-STYLE 152/153,9
WILL-:-JOLIET PCT 002-STYLE 154/155,9
WILL-:-JOLIET PCT 003-STYLE 156/157,9
WILL-:-JOLIET PCT 003-STYLE 158,9
WILL-:-JOLIET PCT 004-STYLE 159,9
WILL-:-JOLIET PCT 004-STYLE 160,6
WILL-:-JOLIET PCT 005-STYLE 161,6
WILL-:-JOLIET PCT 006-STYLE 162,6
WILL-:-JOLIET PCT 007-STYLE 163/165,6
WILL-:-JOLIET PCT 007-STYLE 164/166,9
WILL-:-JOLIET PCT 008-STYLE 167,9
WILL-:-JOLIET PCT 009-STYLE 168,9
WILL-:-JOLIET PCT 009-STYLE 169,9
WILL-:-JOLIET PCT 010-STYLE 170,9
WILL-:-JOLIET PCT 011-STYLE 171/172,9
WILL-:-JOLIET PCT 012-STYLE 173,9
WILL-:-JOLIET PCT 012-STYLE 174,6
WILL-:-JOLIET PCT 013-STYLE 175,6
WILL-:-JOLIET PCT 014-STYLE 176,6
WILL-:-JOLIET PCT 015-STYLE 177/178,6
WILL-:-JOLIET PCT 016-STYLE 179/181/182,6
WILL-:-JOLIET PCT 016-STYLE 180,6
WILL-:-JOLIET PCT 017-STYLE 183,9
WILL-:-JOLIET PCT 018-STYLE 184,9
WILL-:-JOLIET PCT 018-STYLE 185,9
WILL-:-JOLIET PCT 019-STYLE 186,9
WILL-:-JOLIET PCT 019-STYLE 187,6
WILL-:-JOLIET PCT 020-STYLE 188/189,9
WILL-:-JOLIET PCT 021-STYLE 190,9
WILL-:-JOLIET PCT 022-STYLE 191,6
WILL-:-JOLIET PCT 023-STYLE 192,6
WILL-:-JOLIET PCT 024-STYLE 193,9
WILL-:-JOLIET PCT 025-STYLE 194,9
WILL-:-JOLIET PCT 026-STYLE 195/196,9
WILL-:-JOLIET PCT 027-STYLE 197,6
WILL-:-JOLIET PCT 028-STYLE 198,6
WILL-:-JOLIET PCT 029-STYLE 199,6
WILL-:-JOLIET PCT 030-STYLE 200,9
WILL-:-JOLIET PCT 031-STYLE 201/202,9
WILL-:-JOLIET PCT 032-STYLE 203,6
WILL-:-JOLIET PCT 033-STYLE 204,9
WILL-:-JOLIET PCT 034-STYLE 205,6
WILL-:-JOLIET PCT 035-STYLE 206,6
WILL-:-JOLIET PCT 036-STYLE 207/208/209/210,6
WILL-:-JOLIET PCT 037-STYLE 211,6
WILL-:-LOCKPORT PCT 001-STYLE 212,9
WILL-:-LOCKPORT PCT 002-STYLE 213,9
WILL-:-LOCKPORT PCT 003-STYLE 214,9
WILL-:-LOCKPORT PCT 004-STYLE 215,9
WILL-:-LOCKPORT PCT 005-STYLE 216/217,9
WILL-:-LOCKPORT PCT 006-STYLE 218,6
WILL-:-LOCKPORT PCT 007-STYLE 219,6
WILL-:-LOCKPORT PCT 008-STYLE 220,6
WILL-:-LOCKPORT PCT 009-STYLE 221,6
WILL-:-LOCKPORT PCT 010-STYLE 222,9
WILL-:-LOCKPORT PCT 011-STYLE 223,9
WILL-:-LOCKPORT PCT 012-STYLE 224,9
WILL-:-LOCKPORT PCT 012-STYLE 225,9
WILL-:-LOCKPORT PCT 013-STYLE 226,9
WILL-:-LOCKPORT PCT 014-STYLE 227,9
WILL-:-LOCKPORT PCT 015-STYLE 228,6
WILL-:-LOCKPORT PCT 015-STYLE 229,9
WILL-:-LOCKPORT PCT 016-STYLE 230,9
WILL-:-LOCKPORT PCT 017-STYLE 231,9
WILL-:-LOCKPORT PCT 018-STYLE 232,9
WILL-:-LOCKPORT PCT 019-STYLE 233,9
WILL-:-LOCKPORT PCT 020-STYLE 234,9
WILL-:-LOCKPORT PCT 021-STYLE 235,9
WILL-:-LOCKPORT PCT 022-STYLE 236,9
WILL-:-LOCKPORT PCT 023-STYLE 237,9
WILL-:-LOCKPORT PCT 023-STYLE 238,9
WILL-:-LOCKPORT PCT 024-STYLE 239,6
WILL-:-MANHATTAN PCT 001-STYLE 240,9
WILL-:-MANHATTAN PCT 002-STYLE 241,9
WILL-:-MANHATTAN PCT 003-STYLE 242,9
WILL-:-MANHATTAN PCT 004-STYLE 243,9
WILL-:-MANHATTAN PCT 005-STYLE 244,9
WILL-:-MONEE PCT 001-STYLE 245/246,9
WILL-:-MONEE PCT 001-STYLE 247,9
WILL-:-MONEE PCT 002-STYLE 248,9
WILL-:-MONEE PCT 002-STYLE 249/250,9
WILL-:-MONEE PCT 003-STYLE 251,9
WILL-:-MONEE PCT 003-STYLE 252,9
WILL-:-MONEE PCT 004-STYLE 253,9
WILL-:-MONEE PCT 005-STYLE 254,9
WILL-:-MONEE PCT 006-STYLE 255,9
WILL-:-MONEE PCT 007-STYLE 256,9
WILL-:-MONEE PCT 008-STYLE 257,9
WILL-:-MONEE PCT 008-STYLE 258,9
WILL-:-NEW LENOX PCT 001-STYLE 259,9
WILL-:-NEW LENOX PCT 002-STYLE 260,9
WILL-:-NEW LENOX PCT 003-STYLE 261,9
WILL-:-NEW LENOX PCT 004-STYLE 262,9
WILL-:-NEW LENOX PCT 005-STYLE 263,9
WILL-:-NEW LENOX PCT 006-STYLE 264,9
WILL-:-NEW LENOX PCT 007-STYLE 265,9
WILL-:-NEW LENOX PCT 008-STYLE 266,9
WILL-:-NEW LENOX PCT 009-STYLE 267,9
WILL-:-NEW LENOX PCT 010-STYLE 268,9
WILL-:-NEW LENOX PCT 010-STYLE 269,9
WILL-:-NEW LENOX PCT 011-STYLE 270,9
WILL-:-NEW LENOX PCT 011-STYLE 271,9
WILL-:-NEW LENOX PCT 012-STYLE 272,9
WILL-:-NEW LENOX PCT 012-STYLE 273,9
WILL-:-NEW LENOX PCT 013-STYLE 274,9
WILL-:-NEW LENOX PCT 013-STYLE 275,9
WILL-:-NEW LENOX PCT 014-STYLE 276,9
WILL-:-NEW LENOX PCT 014-STYLE 277,9
WILL-:-NEW LENOX PCT 015-STYLE 278,9
WILL-:-NEW LENOX PCT 016-STYLE 279,9
WILL-:-NEW LENOX PCT 017-STYLE 280,9
WILL-:-NEW LENOX PCT 018-STYLE 281,9
WILL-:-NEW LENOX PCT 019-STYLE 282,9
WILL-:-NEW LENOX PCT 020-STYLE 283,9
WILL-:-PEOTONE PCT 001-STYLE 284/286,9
WILL-:-PEOTONE PCT 001-STYLE 285,9
WILL-:-PEOTONE PCT 001-STYLE 287,9
WILL-:-PEOTONE PCT 002-STYLE 288/289,9
WILL-:-PEOTONE PCT 002-STYLE 290,9
WILL-:-PEOTONE PCT 002-STYLE 291,9
WILL-:-PEOTONE PCT 002-STYLE 292,9
WILL-:-PLAINFIELD PCT 001-STYLE 293,6
WILL-:-PLAINFIELD PCT 002-STYLE 294,9
WILL-:-PLAINFIELD PCT 003-STYLE 295,9
WILL-:-PLAINFIELD PCT 003-STYLE 296,9
WILL-:-PLAINFIELD PCT 004-STYLE 297,6
WILL-:-PLAINFIELD PCT 005-STYLE 298,9
WILL-:-PLAINFIELD PCT 006-STYLE 299,6
WILL-:-PLAINFIELD PCT 007-STYLE 300,6
WILL-:-PLAINFIELD PCT 008-STYLE 301,6
WILL-:-PLAINFIELD PCT 009-STYLE 302,6
WILL-:-PLAINFIELD PCT 010-STYLE 303,6
WILL-:-PLAINFIELD PCT 010-STYLE 304,9
WILL-:-PLAINFIELD PCT 011-STYLE 305,6
WILL-:-PLAINFIELD PCT 012-STYLE 306,6
WILL-:-PLAINFIELD PCT 013-STYLE 307,6
WILL-:-PLAINFIELD PCT 014-STYLE 308,6
WILL-:-PLAINFIELD PCT 014-STYLE 309,9
WILL-:-PLAINFIELD PCT 015-STYLE 310/311,6
WILL-:-PLAINFIELD PCT 016-STYLE 312,6
WILL-:-PLAINFIELD PCT 017-STYLE 313,6
WILL-:-PLAINFIELD PCT 018-STYLE 314,9
WILL-:-PLAINFIELD PCT 019-STYLE 315,6
WILL-:-PLAINFIELD PCT 020-STYLE 316,9
WILL-:-PLAINFIELD PCT 021-STYLE 317,9
WILL-:-PLAINFIELD PCT 022-STYLE 318,9
WILL-:-PLAINFIELD PCT 023-STYLE 319,6
WILL-:-PLAINFIELD PCT 024-STYLE 320,9
WILL-:-PLAINFIELD PCT 025-STYLE 321/322,6
WILL-:-PLAINFIELD PCT 026-STYLE 323/324,6
WILL-:-PLAINFIELD PCT 027-STYLE 325,6
WILL-:-PLAINFIELD PCT 028-STYLE 326,6
WILL-:-PLAINFIELD PCT 029-STYLE 327,9
WILL-:-PLAINFIELD PCT 030-STYLE 328,6
WILL-:-PLAINFIELD PCT 031-STYLE 329,6
WILL-:-PLAINFIELD PCT 032-STYLE 330,6
WILL-:-PLAINFIELD PCT 033-STYLE 331,9
WILL-:-PLAINFIELD PCT 034-STYLE 332/333,9
WILL-:-PLAINFIELD PCT 035-STYLE 334,6
WILL-:-REED PCT 001-STYLE 335,9
WILL-:-REED PCT 001-STYLE 336,9
WILL-:-REED PCT 001-STYLE 337,9
WILL-:-REED PCT 001-STYLE 338,9
WILL-:-REED PCT 002-STYLE 339,9
WILL-:-REED PCT 002-STYLE 340,9
WILL-:-REED PCT 002-STYLE 341,9
WILL-:-REED PCT 003-STYLE 342,9
WILL-:-REED PCT 003-STYLE 343,9
WILL-:-TROY PCT 001-STYLE 344,6
WILL-:-TROY PCT 002-STYLE 345,6
WILL-:-TROY PCT 003-STYLE 346,9
WILL-:-TROY PCT 003-STYLE 347,9
WILL-:-TROY PCT 004-STYLE 348,9
WILL-:-TROY PCT 005-STYLE 349,9
WILL-:-TROY PCT 006-STYLE 350,9
WILL-:-TROY PCT 007-STYLE 351,6
WILL-:-TROY PCT 008-STYLE 352,9
WILL-:-TROY PCT 008-STYLE 353,9
WILL-:-TROY PCT 009-STYLE 354,9
WILL-:-TROY PCT 009-STYLE 355,9
WILL-:-TROY PCT 010-STYLE 356,9
WILL-:-TROY PCT 010-STYLE 357,9
WILL-:-TROY PCT 011-STYLE 358,9
WILL-:-TROY PCT 012-STYLE 359,9
WILL-:-TROY PCT 013-STYLE 360,9
WILL-:-TROY PCT 014-STYLE 361,9
WILL-:-TROY PCT 014-STYLE 362,9
WILL-:-TROY PCT 015-STYLE 363,6
WILL-:-TROY PCT 015-STYLE 364,9
WILL-:-TROY PCT 016-STYLE 365,9
WILL-:-TROY PCT 017-STYLE 366,9
WILL-:-TROY PCT 018-STYLE 367,9
WILL-:-TROY PCT 019-STYLE 368,9
WILL-:-TROY PCT 020-STYLE 369,9
WILL-:-TROY PCT 021-STYLE 370,9
WILL-:-TROY PCT 022-STYLE 371,9
WILL-:-TROY PCT 022-STYLE 372,9
WILL-:-WASHINGTON PCT 001-STYLE 373,9
WILL-:-WASHINGTON PCT 002-STYLE 374,9
WILL-:-WASHINGTON PCT 002-STYLE 375,9
WILL-:-WASHINGTON PCT 003-STYLE 376,9
WILL-:-WASHINGTON PCT 003-STYLE 377,9
WILL-:-WESLEY PCT 001-STYLE 378,9
WILL-:-WESLEY PCT 001-STYLE 379,9
WILL-:-WHEATLAND PCT 001-STYLE 380,9
WILL-:-WHEATLAND PCT 002-STYLE 381,9
WILL-:-WHEATLAND PCT 003-STYLE 382,9
WILL-:-WHEATLAND PCT 004-STYLE 383,9
WILL-:-WHEATLAND PCT 005-STYLE 384,9
WILL-:-WHEATLAND PCT 006-STYLE 385,9
WILL-:-WHEATLAND PCT 007-STYLE 386,9
WILL-:-WHEATLAND PCT 008-STYLE 387/388,9
WILL-:-WHEATLAND PCT 009-STYLE 389,9
WILL-:-WHEATLAND PCT 010-STYLE 390,9
WILL-:-WHEATLAND PCT 011-STYLE 391,9
WILL-:-WHEATLAND PCT 011-STYLE 392,9
WILL-:-WHEATLAND PCT 012-STYLE 393,9
WILL-:-WHEATLAND PCT 012-STYLE 394,9
WILL-:-WHEATLAND PCT 012-STYLE 395,9
WILL-:-WHEATLAND PCT 013-STYLE 396,9
WILL-:-WHEATLAND PCT 014-STYLE 397,9
WILL-:-WHEATLAND PCT 015-STYLE 398,9
WILL-:-WHEATLAND PCT 016-STYLE 399/401,9
WILL-:-WHEATLAND PCT 016-STYLE 400,9
WILL-:-WHEATLAND PCT 017-STYLE 402,9
WILL-:-WHEATLAND PCT 018-STYLE 403,9
WILL-:-WHEATLAND PCT 019-STYLE 404/405,9
WILL-:-WHEATLAND PCT 020-STYLE 406,9
WILL-:-WHEATLAND PCT 021-STYLE 407,9
WILL-:-WHEATLAND PCT 021-STYLE 408,9
WILL-:-WHEATLAND PCT 022-STYLE 409/412,9
WILL-:-WHEATLAND PCT 022-STYLE 410/411,9
WILL-:-WHEATLAND PCT 023-STYLE 413/414,9
WILL-:-WHEATLAND PCT 024-STYLE 415/416/417,9
WILL-:-WHEATLAND PCT 025-STYLE 418,9
WILL-:-WHEATLAND PCT 026-STYLE 419,9
WILL-:-WHEATLAND PCT 026-STYLE 420,9
WILL-:-WHEATLAND PCT 027-STYLE 421,9
WILL-:-WHEATLAND PCT 027-STYLE 422,9
WILL-:-WHEATLAND PCT 028-STYLE 423,9
WILL-:-WHEATLAND PCT 028-STYLE 424,9
WILL-:-WHEATLAND PCT 029-STYLE 425,9
WILL-:-WHEATLAND PCT 030-STYLE 426,9
WILL-:-WHEATLAND PCT 031-STYLE 427,9
WILL-:-WHEATLAND PCT 032-STYLE 428,9
WILL-:-WHEATLAND PCT 033-STYLE 429,9
WILL-:-WHEATLAND PCT 034-STYLE 431,9
WILL-:-WHEATLAND PCT 035-STYLE 432,9
WILL-:-WHEATLAND PCT 035-STYLE 433,9
WILL-:-WHEATLAND PCT 036-STYLE 434,9
WILL-:-WHEATLAND PCT 037-STYLE 435/436,9
WILL-:-WHEATLAND PCT 038-STYLE 437/438,9
WILL-:-WILL PCT 001-STYLE 439/440,9
WILL-:-WILL PCT 001-STYLE 441,9
WILL-:-WILMINGTON PCT 001-STYLE 442,9
WILL-:-WILMINGTON PCT 001-STYLE 443,9
WILL-:-WILMINGTON PCT 002-STYLE 444,9
WILL-:-WILMINGTON PCT 002-STYLE 445,9
WILL-:-WILMINGTON PCT 003-STYLE 446,9
WILL-:-WILTON PCT 001-STYLE 447,9
WILLIAMSON-:-BLAIRSVILLE 1,4
WILLIAMSON-:-BLAIRSVILLE 2,4
WILLIAMSON-:-BLAIRSVILLE 3,4
WILLIAMSON-:-BLAIRSVILLE 4,4
WILLIAMSON-:-BLAIRSVILLE 5,4
WILLIAMSON-:-CARTERVILLE 1,4
WILLIAMSON-:-CARTERVILLE 2,4
WILLIAMSON-:-CARTERVILLE 3,4
WILLIAMSON-:-CARTERVILLE 4,4
WILLIAMSON-:-CARTERVILLE 5,4
WILLIAMSON-:-CARTERVILLE 6,4
WILLIAMSON-:-CARTERVILLE 7,4
WILLIAMSON-:-CARTERVILLE 8,4
WILLIAMSON-:-CORINTH 1,4
WILLIAMSON-:-CRAB ORCHARD,4
WILLIAMSON-:-CREAL SPRINGS 1,4
WILLIAMSON-:-CREAL SPRINGS 2,4
WILLIAMSON-:-EAST MARION 1,4
WILLIAMSON-:-EAST MARION 2,4
WILLIAMSON-:-EAST MARION 3,4
WILLIAMSON-:-EAST MARION 4,4
WILLIAMSON-:-EAST MARION 5,4
WILLIAMSON-:-EAST MARION 6,4
WILLIAMSON-:-EAST MARION 7,4
WILLIAMSON-:-EAST MARION 8,4
WILLIAMSON-:-EAST MARION 9,4
WILLIAMSON-:-GRASSY,4
WILLIAMSON-:-HERRIN 1,4
WILLIAMSON-:-HERRIN 10,4
WILLIAMSON-:-HERRIN 11,4
WILLIAMSON-:-HERRIN 12,4
WILLIAMSON-:-HERRIN 13,4
WILLIAMSON-:-HERRIN 2,4
WILLIAMSON-:-HERRIN 3,4
WILLIAMSON-:-HERRIN 4,4
WILLIAMSON-:-HERRIN 5,4
WILLIAMSON-:-HERRIN 6,4
WILLIAMSON-:-HERRIN 7,4
WILLIAMSON-:-HERRIN 8,4
WILLIAMSON-:-HERRIN 9,4
WILLIAMSON-:-LAKE CREEK 1,4
WILLIAMSON-:-LAKE CREEK 2,4
WILLIAMSON-:-LAKE CREEK 3,4
WILLIAMSON-:-SOUTHERN 1,4
WILLIAMSON-:-SOUTHERN 2,4
WILLIAMSON-:-STONEFORT,4
WILLIAMSON-:-WEST MARION 1,4
WILLIAMSON-:-WEST MARION 10,4
WILLIAMSON-:-WEST MARION 2,4
WILLIAMSON-:-WEST MARION 3,4
WILLIAMSON-:-WEST MARION 4,4
WILLIAMSON-:-WEST MARION 5,4
WILLIAMSON-:-WEST MARION 6,4
WILLIAMSON-:-WEST MARION 7,4
WILLIAMSON-:-WEST MARION 8,4
WILLIAMSON-:-WEST MARION 9,4
WINNEBAGO-:-BURRITT 1,1
WINNEBAGO-:-CHERRY VALLEY 1,1
WINNEBAGO-:-CHERRY VALLEY 11,1
WINNEBAGO-:-CHERRY VALLEY 4,1
WINNEBAGO-:-CHERRY VALLEY 5,1
WINNEBAGO-:-CHERRY VALLEY 9,1
WINNEBAGO-:-DURAND 1,1
WINNEBAGO-:-DURAND 2,1
WINNEBAGO-:-HARLEM 10,1
WINNEBAGO-:-HARLEM 11,1
WINNEBAGO-:-HARLEM 12,1
WINNEBAGO-:-HARLEM 13,1
WINNEBAGO-:-HARLEM 14,1
WINNEBAGO-:-HARLEM 15,1
WINNEBAGO-:-HARLEM 16,1
WINNEBAGO-:-HARLEM 17,1
WINNEBAGO-:-HARLEM 18,1
WINNEBAGO-:-HARLEM 19,1
WINNEBAGO-:-HARLEM 2,1
WINNEBAGO-:-HARLEM 21,1
WINNEBAGO-:-HARLEM 22,1
WINNEBAGO-:-HARLEM 24,1
WINNEBAGO-:-HARLEM 25,1
WINNEBAGO-:-HARLEM 26,1
WINNEBAGO-:-HARLEM 27,1
WINNEBAGO-:-HARLEM 4,1
WINNEBAGO-:-HARLEM 5,1
WINNEBAGO-:-HARLEM 6,1
WINNEBAGO-:-HARLEM 7,1
WINNEBAGO-:-HARLEM 8,1
WINNEBAGO-:-HARRISON 1,1
WINNEBAGO-:-LAONA 1,1
WINNEBAGO-:-OWEN 1,1
WINNEBAGO-:-OWEN 2,1
WINNEBAGO-:-OWEN 3,1
WINNEBAGO-:-PECATONICA 2,1
WINNEBAGO-:-PECATONICA 3,1
WINNEBAGO-:-PECATONICA 4,1
WINNEBAGO-:-ROCKFORD 12,1
WINNEBAGO-:-ROCKFORD 13,1
WINNEBAGO-:-ROCKFORD 14,1
WINNEBAGO-:-ROCKFORD 26,1
WINNEBAGO-:-ROCKFORD 30,1
WINNEBAGO-:-ROCKFORD 4,1
WINNEBAGO-:-ROCKFORD 5,15
WINNEBAGO-:-ROCKFORD 54,1
WINNEBAGO-:-ROCKFORD 55,1
WINNEBAGO-:-ROCKFORD 8,1
WINNEBAGO-:-ROCKTON 1,1
WINNEBAGO-:-ROCKTON 10,1
WINNEBAGO-:-ROCKTON 11,1
WINNEBAGO-:-ROCKTON 13,1
WINNEBAGO-:-ROCKTON 2,1
WINNEBAGO-:-ROCKTON 3,1
WINNEBAGO-:-ROCKTON 5,1
WINNEBAGO-:-ROCKTON 6,1
WINNEBAGO-:-ROCKTON 8,1
WINNEBAGO-:-ROCKTON 9,1
WINNEBAGO-:-ROSCOE 1,1
WINNEBAGO-:-ROSCOE 10,1
WINNEBAGO-:-ROSCOE 11,1
WINNEBAGO-:-ROSCOE 12,1
WINNEBAGO-:-ROSCOE 14,1
WINNEBAGO-:-ROSCOE 15,1
WINNEBAGO-:-ROSCOE 2,1
WINNEBAGO-:-ROSCOE 3,1
WINNEBAGO-:-ROSCOE 4,1
WINNEBAGO-:-ROSCOE 5,1
WINNEBAGO-:-ROSCOE 6,1
WINNEBAGO-:-ROSCOE 7,1
WINNEBAGO-:-ROSCOE 8,1
WINNEBAGO-:-ROSCOE 9,1
WINNEBAGO-:-SEWARD 1,1
WINNEBAGO-:-SHIRLAND 1,1
WINNEBAGO-:-WINNEBAGO 3,1
WINNEBAGO-:-WINNEBAGO 4,1
WOODFORD-:-CAZENOVIA 1,9
WOODFORD-:-CAZENOVIA 3,9
WOODFORD-:-CLAYTON,9
WOODFORD-:-CRUGER 1,9
WOODFORD-:-CRUGER 2,9
WOODFORD-:-EL PASO 1,9
WOODFORD-:-EL PASO 2,9
WOODFORD-:-EL PASO 3,9
WOODFORD-:-GREENE,9
WOODFORD-:-KANSAS,9
WOODFORD-:-LINN,9
WOODFORD-:-METAMORA 1,9
WOODFORD-:-METAMORA 2,9
WOODFORD-:-METAMORA 3,9
WOODFORD-:-METAMORA 4,9
WOODFORD-:-MINONK 1,9
WOODFORD-:-MINONK 2,9
WOODFORD-:-MONTGOMERY 1,9
WOODFORD-:-MONTGOMERY 2,9
WOODFORD-:-OLIO 1,9
WOODFORD-:-OLIO 2,9
WOODFORD-:-OLIO 3,9
WOODFORD-:-OLIO 4,9
WOODFORD-:-PALESTINE,9
WOODFORD-:-PANOLA,9
WOODFORD-:-PARTRIDGE,9
WOODFORD-:-ROANOKE 1,9
WOODFORD-:-ROANOKE 2,9
WOODFORD-:-SPRING BAY 1,9
WOODFORD-:-SPRING BAY 2,9
WOODFORD-:-WORTH 1,9
WOODFORD-:-WORTH 3,9
WOODFORD-:-WORTH 4,9
WOODFORD-:-WORTH 5,9
WOODFORD-:-WORTH 6,9
WOODFORD-:-WORTH 7,9
WOODFORD-:-WORTH 9,9
