unit_id,district
BOONE-:-FLORA 1-(CONG-11),3
BOONE-:-FLORA 1-(CONG-16),4
BUREAU-:-ARISPIE-(CONG-14),6
BUREAU-:-ARISPIE-(CONG-16),6
BUREAU-:-PRINCETON 6-(CONG-14),7
BUREAU-:-PRINCETON 6-(CONG-16),8
BUREAU-:-SELBY 2-(CONG-14),6
BUREAU-:-SELBY 2-(CONG-16),10
CHAMPAIGN-:-HENSLEY-(CONG-13),1
CHAMPAIGN-:-HENSLEY-(CONG-15),1
CHAMPAIGN-:-RANTOUL 4-(CONG-02),1
CHAMPAIGN-:-RANTOUL 4-(CONG-15),11
CHAMPAIGN-:-SOMER-(CONG-13),1
CHAMPAIGN-:-SOMER-(CONG-15),12
CITY OF BLOOMINGTON-:-PRECINCT 10-(CONG-16),13
CITY OF BLOOMINGTON-:-PRECINCT 10-(CONG-17),14
CITY OF BLOOMINGTON-:-PRECINCT 15-(CONG-16),15
CITY OF BLOOMINGTON-:-PRECINCT 15-(CONG-17),15
CITY OF BLOOMINGTON-:-PRECINCT 17-(CONG-16),14
CITY OF BLOOMINGTON-:-PRECINCT 17-(CONG-17),13
CITY OF BLOOMINGTON-:-PRECINCT 2-(CONG-16),13
CITY OF BLOOMINGTON-:-PRECINCT 2-(CONG-17),14
CITY OF BLOOMINGTON-:-PRECINCT 52-(CONG-16),14
CITY OF BLOOMINGTON-:-PRECINCT 52-(CONG-17),13
CITY OF CHICAGO-:-WARD 01 PRECINCT 21-(CONG-05),0
CITY OF CHICAGO-:-WARD 01 PRECINCT 21-(CONG-07),0
CITY OF CHICAGO-:-WARD 02 PRECINCT 23-(CONG-05),2
CITY OF CHICAGO-:-WARD 02 PRECINCT 23-(CONG-07),2
CITY OF CHICAGO-:-WARD 03 PRECINCT 02-(CONG-01),0
CITY OF CHICAGO-:-WARD 03 PRECINCT 02-(CONG-07),0
CITY OF CHICAGO-:-WARD 03 PRECINCT 07-(CONG-01),0
CITY OF CHICAGO-:-WARD 03 PRECINCT 07-(CONG-07),0
CITY OF CHICAGO-:-WARD 03 PRECINCT 19-(CONG-01),0
CITY OF CHICAGO-:-WARD 03 PRECINCT 19-(CONG-07),0
CITY OF CHICAGO-:-WARD 03 PRECINCT 20-(CONG-01),0
CITY OF CHICAGO-:-WARD 03 PRECINCT 20-(CONG-07),0
CITY OF CHICAGO-:-WARD 03 PRECINCT 22-(CONG-01),0
CITY OF CHICAGO-:-WARD 03 PRECINCT 22-(CONG-07),0
CITY OF CHICAGO-:-WARD 04 PRECINCT 01-(CONG-01),0
CITY OF CHICAGO-:-WARD 04 PRECINCT 01-(CONG-02),0
CITY OF CHICAGO-:-WARD 04 PRECINCT 03-(CONG-01),0
CITY OF CHICAGO-:-WARD 04 PRECINCT 03-(CONG-02),0
CITY OF CHICAGO-:-WARD 04 PRECINCT 24-(CONG-01),0
CITY OF CHICAGO-:-WARD 04 PRECINCT 24-(CONG-07),0
CITY OF CHICAGO-:-WARD 05 PRECINCT 01-(CONG-01),0
CITY OF CHICAGO-:-WARD 05 PRECINCT 01-(CONG-02),0
CITY OF CHICAGO-:-WARD 05 PRECINCT 09-(CONG-01),0
CITY OF CHICAGO-:-WARD 05 PRECINCT 09-(CONG-02),0
CITY OF CHICAGO-:-WARD 05 PRECINCT 15-(CONG-01),0
CITY OF CHICAGO-:-WARD 05 PRECINCT 15-(CONG-02),0
CITY OF CHICAGO-:-WARD 07 PRECINCT 02-(CONG-01),0
CITY OF CHICAGO-:-WARD 07 PRECINCT 02-(CONG-02),0
CITY OF CHICAGO-:-WARD 07 PRECINCT 10-(CONG-01),0
CITY OF CHICAGO-:-WARD 07 PRECINCT 10-(CONG-02),0
CITY OF CHICAGO-:-WARD 07 PRECINCT 12-(CONG-01),0
CITY OF CHICAGO-:-WARD 07 PRECINCT 12-(CONG-02),0
CITY OF CHICAGO-:-WARD 07 PRECINCT 13-(CONG-01),0
CITY OF CHICAGO-:-WARD 07 PRECINCT 13-(CONG-02),0
CITY OF CHICAGO-:-WARD 07 PRECINCT 16-(CONG-01),0
CITY OF CHICAGO-:-WARD 07 PRECINCT 16-(CONG-02),0
CITY OF CHICAGO-:-WARD 07 PRECINCT 17-(CONG-01),0
CITY OF CHICAGO-:-WARD 07 PRECINCT 17-(CONG-02),0
CITY OF CHICAGO-:-WARD 09 PRECINCT 08-(CONG-01),0
CITY OF CHICAGO-:-WARD 09 PRECINCT 08-(CONG-02),0
CITY OF CHICAGO-:-WARD 14 PRECINCT 01-(CONG-04),10
CITY OF CHICAGO-:-WARD 14 PRECINCT 01-(CONG-07),10
CITY OF CHICAGO-:-WARD 15 PRECINCT 10-(CONG-04),9
CITY OF CHICAGO-:-WARD 15 PRECINCT 10-(CONG-07),9
CITY OF CHICAGO-:-WARD 16 PRECINCT 07-(CONG-04),9
CITY OF CHICAGO-:-WARD 16 PRECINCT 07-(CONG-07),9
CITY OF CHICAGO-:-WARD 16 PRECINCT 20-(CONG-01),0
CITY OF CHICAGO-:-WARD 16 PRECINCT 20-(CONG-07),0
CITY OF CHICAGO-:-WARD 16 PRECINCT 23-(CONG-04),9
CITY OF CHICAGO-:-WARD 16 PRECINCT 23-(CONG-07),9
CITY OF CHICAGO-:-WARD 17 PRECINCT 02-(CONG-01),9
CITY OF CHICAGO-:-WARD 17 PRECINCT 02-(CONG-07),9
CITY OF CHICAGO-:-WARD 17 PRECINCT 14-(CONG-01),0
CITY OF CHICAGO-:-WARD 17 PRECINCT 14-(CONG-07),0
CITY OF CHICAGO-:-WARD 18 PRECINCT 18-(CONG-01),9
CITY OF CHICAGO-:-WARD 18 PRECINCT 18-(CONG-04),9
CITY OF CHICAGO-:-WARD 19 PRECINCT 10-(CONG-01),9
CITY OF CHICAGO-:-WARD 19 PRECINCT 10-(CONG-06),9
CITY OF CHICAGO-:-WARD 19 PRECINCT 11-(CONG-01),10
CITY OF CHICAGO-:-WARD 19 PRECINCT 11-(CONG-06),10
CITY OF CHICAGO-:-WARD 19 PRECINCT 19-(CONG-01),9
CITY OF CHICAGO-:-WARD 19 PRECINCT 19-(CONG-06),9
CITY OF CHICAGO-:-WARD 19 PRECINCT 25-(CONG-01),9
CITY OF CHICAGO-:-WARD 19 PRECINCT 25-(CONG-06),9
CITY OF CHICAGO-:-WARD 19 PRECINCT 26-(CONG-01),9
CITY OF CHICAGO-:-WARD 19 PRECINCT 26-(CONG-06),9
CITY OF CHICAGO-:-WARD 19 PRECINCT 31-(CONG-01),9
CITY OF CHICAGO-:-WARD 19 PRECINCT 31-(CONG-06),9
CITY OF CHICAGO-:-WARD 19 PRECINCT 36-(CONG-01),9
CITY OF CHICAGO-:-WARD 19 PRECINCT 36-(CONG-06),9
CITY OF CHICAGO-:-WARD 20 PRECINCT 01-(CONG-04),9
CITY OF CHICAGO-:-WARD 20 PRECINCT 01-(CONG-07),9
CITY OF CHICAGO-:-WARD 20 PRECINCT 03-(CONG-04),9
CITY OF CHICAGO-:-WARD 20 PRECINCT 03-(CONG-07),9
CITY OF CHICAGO-:-WARD 20 PRECINCT 05-(CONG-04),9
CITY OF CHICAGO-:-WARD 20 PRECINCT 05-(CONG-07),9
CITY OF CHICAGO-:-WARD 20 PRECINCT 08-(CONG-01),0
CITY OF CHICAGO-:-WARD 20 PRECINCT 08-(CONG-07),0
CITY OF CHICAGO-:-WARD 20 PRECINCT 14-(CONG-01),0
CITY OF CHICAGO-:-WARD 20 PRECINCT 14-(CONG-07),0
CITY OF CHICAGO-:-WARD 22 PRECINCT 02-(CONG-04),10
CITY OF CHICAGO-:-WARD 22 PRECINCT 02-(CONG-07),3
CITY OF CHICAGO-:-WARD 24 PRECINCT 18-(CONG-04),10
CITY OF CHICAGO-:-WARD 24 PRECINCT 18-(CONG-07),3
CITY OF CHICAGO-:-WARD 25 PRECINCT 03-(CONG-04),3
CITY OF CHICAGO-:-WARD 25 PRECINCT 03-(CONG-07),3
CITY OF CHICAGO-:-WARD 25 PRECINCT 13-(CONG-04),0
CITY OF CHICAGO-:-WARD 25 PRECINCT 13-(CONG-07),0
CITY OF CHICAGO-:-WARD 26 PRECINCT 27-(CONG-03),3
CITY OF CHICAGO-:-WARD 26 PRECINCT 27-(CONG-07),3
CITY OF CHICAGO-:-WARD 27 PRECINCT 09-(CONG-05),2
CITY OF CHICAGO-:-WARD 27 PRECINCT 09-(CONG-07),2
CITY OF CHICAGO-:-WARD 27 PRECINCT 12-(CONG-05),0
CITY OF CHICAGO-:-WARD 27 PRECINCT 12-(CONG-07),0
CITY OF CHICAGO-:-WARD 27 PRECINCT 13-(CONG-05),0
CITY OF CHICAGO-:-WARD 27 PRECINCT 13-(CONG-07),0
CITY OF CHICAGO-:-WARD 27 PRECINCT 21-(CONG-05),2
CITY OF CHICAGO-:-WARD 27 PRECINCT 21-(CONG-07),2
CITY OF CHICAGO-:-WARD 28 PRECINCT 17-(CONG-04),0
CITY OF CHICAGO-:-WARD 28 PRECINCT 17-(CONG-07),0
CITY OF CHICAGO-:-WARD 29 PRECINCT 04-(CONG-03),5
CITY OF CHICAGO-:-WARD 29 PRECINCT 04-(CONG-07),5
CITY OF CHICAGO-:-WARD 29 PRECINCT 05-(CONG-03),5
CITY OF CHICAGO-:-WARD 29 PRECINCT 05-(CONG-07),5
CITY OF CHICAGO-:-WARD 30 PRECINCT 03-(CONG-03),3
CITY OF CHICAGO-:-WARD 30 PRECINCT 03-(CONG-05),3
CITY OF CHICAGO-:-WARD 30 PRECINCT 15-(CONG-03),3
CITY OF CHICAGO-:-WARD 30 PRECINCT 15-(CONG-05),3
CITY OF CHICAGO-:-WARD 30 PRECINCT 22-(CONG-03),3
CITY OF CHICAGO-:-WARD 30 PRECINCT 22-(CONG-05),3
CITY OF CHICAGO-:-WARD 30 PRECINCT 23-(CONG-03),3
CITY OF CHICAGO-:-WARD 30 PRECINCT 23-(CONG-05),3
CITY OF CHICAGO-:-WARD 32 PRECINCT 19-(CONG-03),3
CITY OF CHICAGO-:-WARD 32 PRECINCT 19-(CONG-05),2
CITY OF CHICAGO-:-WARD 33 PRECINCT 16-(CONG-03),2
CITY OF CHICAGO-:-WARD 33 PRECINCT 16-(CONG-05),2
CITY OF CHICAGO-:-WARD 35 PRECINCT 22-(CONG-03),2
CITY OF CHICAGO-:-WARD 35 PRECINCT 22-(CONG-05),2
CITY OF CHICAGO-:-WARD 37 PRECINCT 16-(CONG-03),5
CITY OF CHICAGO-:-WARD 37 PRECINCT 16-(CONG-07),5
CITY OF CHICAGO-:-WARD 38 PRECINCT 06-(CONG-03),7
CITY OF CHICAGO-:-WARD 38 PRECINCT 06-(CONG-05),7
CITY OF CHICAGO-:-WARD 38 PRECINCT 11-(CONG-03),3
CITY OF CHICAGO-:-WARD 38 PRECINCT 11-(CONG-05),3
CITY OF CHICAGO-:-WARD 38 PRECINCT 17-(CONG-03),3
CITY OF CHICAGO-:-WARD 38 PRECINCT 17-(CONG-05),3
CITY OF CHICAGO-:-WARD 38 PRECINCT 24-(CONG-03),3
CITY OF CHICAGO-:-WARD 38 PRECINCT 24-(CONG-05),3
CITY OF CHICAGO-:-WARD 39 PRECINCT 28-(CONG-03),2
CITY OF CHICAGO-:-WARD 39 PRECINCT 28-(CONG-05),2
CITY OF CHICAGO-:-WARD 40 PRECINCT 04-(CONG-05),2
CITY OF CHICAGO-:-WARD 40 PRECINCT 04-(CONG-09),2
CITY OF CHICAGO-:-WARD 40 PRECINCT 19-(CONG-05),2
CITY OF CHICAGO-:-WARD 40 PRECINCT 19-(CONG-09),2
CITY OF CHICAGO-:-WARD 40 PRECINCT 23-(CONG-03),2
CITY OF CHICAGO-:-WARD 40 PRECINCT 23-(CONG-05),2
CITY OF CHICAGO-:-WARD 41 PRECINCT 28-(CONG-05),4
CITY OF CHICAGO-:-WARD 41 PRECINCT 28-(CONG-09),4
CITY OF CHICAGO-:-WARD 42 PRECINCT 09-(CONG-05),0
CITY OF CHICAGO-:-WARD 42 PRECINCT 09-(CONG-07),0
CITY OF CHICAGO-:-WARD 42 PRECINCT 22-(CONG-05),0
CITY OF CHICAGO-:-WARD 42 PRECINCT 22-(CONG-07),0
CITY OF CHICAGO-:-WARD 43 PRECINCT 15-(CONG-05),2
CITY OF CHICAGO-:-WARD 43 PRECINCT 15-(CONG-07),2
CITY OF CHICAGO-:-WARD 45 PRECINCT 24-(CONG-03),3
CITY OF CHICAGO-:-WARD 45 PRECINCT 24-(CONG-05),3
CITY OF CHICAGO-:-WARD 45 PRECINCT 27-(CONG-03),3
CITY OF CHICAGO-:-WARD 45 PRECINCT 27-(CONG-05),3
CITY OF CHICAGO-:-WARD 45 PRECINCT 29-(CONG-03),2
CITY OF CHICAGO-:-WARD 45 PRECINCT 29-(CONG-05),2
CITY OF CHICAGO-:-WARD 46 PRECINCT 07-(CONG-05),2
CITY OF CHICAGO-:-WARD 46 PRECINCT 07-(CONG-09),2
CITY OF CHICAGO-:-WARD 46 PRECINCT 08-(CONG-05),2
CITY OF CHICAGO-:-WARD 46 PRECINCT 08-(CONG-09),2
CITY OF CHICAGO-:-WARD 46 PRECINCT 10-(CONG-05),2
CITY OF CHICAGO-:-WARD 46 PRECINCT 10-(CONG-09),2
CITY OF CHICAGO-:-WARD 47 PRECINCT 02-(CONG-05),2
CITY OF CHICAGO-:-WARD 47 PRECINCT 02-(CONG-09),2
CITY OF CHICAGO-:-WARD 47 PRECINCT 03-(CONG-05),2
CITY OF CHICAGO-:-WARD 47 PRECINCT 03-(CONG-09),2
CITY OF CHICAGO-:-WARD 47 PRECINCT 28-(CONG-03),2
CITY OF CHICAGO-:-WARD 47 PRECINCT 28-(CONG-05),2
CITY OF CHICAGO-:-WARD 50 PRECINCT 24-(CONG-05),2
CITY OF CHICAGO-:-WARD 50 PRECINCT 24-(CONG-09),2
CITY OF ROCKFORD-:-WARD 1 PRECINCT 2-(CONG-16),4
CITY OF ROCKFORD-:-WARD 1 PRECINCT 2-(CONG-17),4
CITY OF ROCKFORD-:-WARD 1 PRECINCT 5-(CONG-16),4
CITY OF ROCKFORD-:-WARD 1 PRECINCT 5-(CONG-17),4
CITY OF ROCKFORD-:-WARD 12 PRECINCT 2-(CONG-16),4
CITY OF ROCKFORD-:-WARD 12 PRECINCT 2-(CONG-17),4
CITY OF ROCKFORD-:-WARD 12 PRECINCT 5-(CONG-16),4
CITY OF ROCKFORD-:-WARD 12 PRECINCT 5-(CONG-17),4
CITY OF ROCKFORD-:-WARD 4 PRECINCT 1-(CONG-16),4
CITY OF ROCKFORD-:-WARD 4 PRECINCT 1-(CONG-17),4
CITY OF ROCKFORD-:-WARD 4 PRECINCT 4-(CONG-16),4
CITY OF ROCKFORD-:-WARD 4 PRECINCT 4-(CONG-17),4
CITY OF ROCKFORD-:-WARD 4 PRECINCT 8-(CONG-16),4
CITY OF ROCKFORD-:-WARD 4 PRECINCT 8-(CONG-17),4
CITY OF ROCKFORD-:-WARD 5 PRECINCT 3-(CONG-16),4
CITY OF ROCKFORD-:-WARD 5 PRECINCT 3-(CONG-17),4
CITY OF ROCKFORD-:-WARD 6 PRECINCT 1-(CONG-16),4
CITY OF ROCKFORD-:-WARD 6 PRECINCT 1-(CONG-17),4
CITY OF ROCKFORD-:-WARD 6 PRECINCT 3-(CONG-16),4
CITY OF ROCKFORD-:-WARD 6 PRECINCT 3-(CONG-17),4
CITY OF ROCKFORD-:-WARD 7 PRECINCT 4-(CONG-16),7
CITY OF ROCKFORD-:-WARD 7 PRECINCT 4-(CONG-17),4
CITY OF ROCKFORD-:-WARD 9 PRECINCT 3-(CONG-16),4
CITY OF ROCKFORD-:-WARD 9 PRECINCT 3-(CONG-17),4
COOK-:-7000004-(CONG-05),3
COOK-:-7000004-(CONG-08),3
COOK-:-7000008-(CONG-05),3
COOK-:-7000008-(CONG-08),3
COOK-:-7200003-(CONG-01),10
COOK-:-7200003-(CONG-02),10
COOK-:-7200007-(CONG-01),15
COOK-:-7200007-(CONG-02),15
COOK-:-7200012-(CONG-01),15
COOK-:-7200012-(CONG-02),15
COOK-:-7200021-(CONG-01),15
COOK-:-7200021-(CONG-02),15
COOK-:-7200030-(CONG-01),9
COOK-:-7200030-(CONG-06),9
COOK-:-7200045-(CONG-01),15
COOK-:-7200045-(CONG-02),15
COOK-:-7300001-(CONG-01),9
COOK-:-7300001-(CONG-02),9
COOK-:-7300002-(CONG-01),9
COOK-:-7300002-(CONG-02),9
COOK-:-7400014-(CONG-05),4
COOK-:-7400014-(CONG-08),3
COOK-:-7400016-(CONG-05),4
COOK-:-7400016-(CONG-08),4
COOK-:-7400017-(CONG-03),3
COOK-:-7400017-(CONG-08),3
COOK-:-7400023-(CONG-05),4
COOK-:-7400023-(CONG-08),4
COOK-:-7400027-(CONG-05),4
COOK-:-7400027-(CONG-08),3
COOK-:-7400044-(CONG-05),3
COOK-:-7400044-(CONG-08),3
COOK-:-7600004-(CONG-03),3
COOK-:-7600004-(CONG-08),3
COOK-:-7600015-(CONG-03),7
COOK-:-7600015-(CONG-08),7
COOK-:-7700013-(CONG-01),10
COOK-:-7700013-(CONG-11),10
COOK-:-7800026-(CONG-03),5
COOK-:-7800026-(CONG-07),5
COOK-:-7800042-(CONG-05),3
COOK-:-7800042-(CONG-08),3
COOK-:-7900010-(CONG-04),5
COOK-:-7900010-(CONG-06),10
COOK-:-7900012-(CONG-04),5
COOK-:-7900012-(CONG-06),5
COOK-:-7900026-(CONG-04),5
COOK-:-7900026-(CONG-06),5
COOK-:-7900040-(CONG-04),5
COOK-:-7900040-(CONG-06),5
COOK-:-7900043-(CONG-04),5
COOK-:-7900043-(CONG-06),5
COOK-:-7900047-(CONG-04),5
COOK-:-7900047-(CONG-06),5
COOK-:-7900050-(CONG-04),5
COOK-:-7900050-(CONG-06),5
COOK-:-8000004-(CONG-05),4
COOK-:-8000004-(CONG-08),2
COOK-:-8000012-(CONG-05),2
COOK-:-8000012-(CONG-08),2
COOK-:-8000016-(CONG-05),2
COOK-:-8000016-(CONG-08),2
COOK-:-8000017-(CONG-05),2
COOK-:-8000017-(CONG-08),2
COOK-:-8000018-(CONG-05),2
COOK-:-8000018-(CONG-08),2
COOK-:-8000020-(CONG-05),4
COOK-:-8000020-(CONG-09),4
COOK-:-8000035-(CONG-05),2
COOK-:-8000035-(CONG-08),2
COOK-:-8000069-(CONG-05),4
COOK-:-8000069-(CONG-09),4
COOK-:-8100018-(CONG-09),2
COOK-:-8100018-(CONG-10),2
COOK-:-8100027-(CONG-09),2
COOK-:-8100027-(CONG-10),2
COOK-:-8100031-(CONG-09),2
COOK-:-8100031-(CONG-10),2
COOK-:-8100032-(CONG-09),2
COOK-:-8100032-(CONG-10),2
COOK-:-8200001-(CONG-05),4
COOK-:-8200001-(CONG-09),4
COOK-:-8200026-(CONG-05),4
COOK-:-8200026-(CONG-09),4
COOK-:-8300008-(CONG-09),2
COOK-:-8300008-(CONG-10),2
COOK-:-8300033-(CONG-05),4
COOK-:-8300033-(CONG-09),2
COOK-:-8300043-(CONG-09),2
COOK-:-8300043-(CONG-10),2
COOK-:-8500030-(CONG-04),5
COOK-:-8500030-(CONG-07),5
COOK-:-8600015-(CONG-01),10
COOK-:-8600015-(CONG-06),10
COOK-:-8700002-(CONG-05),16
COOK-:-8700002-(CONG-08),16
COOK-:-8700018-(CONG-05),16
COOK-:-8700018-(CONG-08),4
COOK-:-8700027-(CONG-05),4
COOK-:-8700027-(CONG-08),4
COOK-:-8700035-(CONG-05),16
COOK-:-8700035-(CONG-08),16
COOK-:-8700038-(CONG-05),16
COOK-:-8700047-(CONG-05),4
COOK-:-8700047-(CONG-08),16
COOK-:-8700059-(CONG-05),4
COOK-:-8700059-(CONG-08),4
COOK-:-8900023-(CONG-04),5
COOK-:-8900023-(CONG-06),7
COOK-:-8900025-(CONG-04),5
COOK-:-8900025-(CONG-07),5
COOK-:-8900030-(CONG-04),5
COOK-:-8900030-(CONG-07),5
COOK-:-8900071-(CONG-04),5
COOK-:-8900071-(CONG-07),5
COOK-:-9400012-(CONG-04),5
COOK-:-9400012-(CONG-06),5
COOK-:-9500049-(CONG-01),15
COOK-:-9500049-(CONG-02),15
COOK-:-9600011-(CONG-05),4
COOK-:-9600011-(CONG-09),4
COOK-:-9600021-(CONG-05),4
COOK-:-9600021-(CONG-09),4
COOK-:-9600040-(CONG-05),4
COOK-:-9600040-(CONG-09),4
COOK-:-9600046-(CONG-05),4
COOK-:-9600046-(CONG-09),4
COOK-:-9600047-(CONG-09),4
COOK-:-9600047-(CONG-10),2
COOK-:-9600048-(CONG-09),2
COOK-:-9600048-(CONG-10),2
COOK-:-9600054-(CONG-09),2
COOK-:-9600054-(CONG-10),2
COOK-:-9600060-(CONG-05),4
COOK-:-9600060-(CONG-09),4
COOK-:-9600063-(CONG-05),4
COOK-:-9600063-(CONG-09),4
COOK-:-9600068-(CONG-05),4
COOK-:-9600068-(CONG-09),4
COOK-:-9700001-(CONG-04),10
COOK-:-9700001-(CONG-06),10
COOK-:-9700024-(CONG-01),9
COOK-:-9700024-(CONG-02),9
COOK-:-9700043-(CONG-01),9
COOK-:-9700043-(CONG-06),9
COOK-:-9700058-(CONG-04),10
COOK-:-9700058-(CONG-06),10
COOK-:-9700073-(CONG-01),9
COOK-:-9700073-(CONG-06),9
DEKALB-:-MAYFIELD 1-(CONG-14),4
DEKALB-:-MAYFIELD 1-(CONG-16),4
DEKALB-:-SYCAMORE 7-(CONG-11),7
DEKALB-:-SYCAMORE 7-(CONG-14),4
DEKALB-:-SYCAMORE 9-(CONG-11),7
DEKALB-:-SYCAMORE 9-(CONG-14),7
HENRY-:-COLONA 1-(CONG-16),8
HENRY-:-COLONA 1-(CONG-17),8
KANKAKEE-:-BOURBONNAIS 10-(CONG-01),1
KANKAKEE-:-BOURBONNAIS 10-(CONG-02),1
KANKAKEE-:-BOURBONNAIS 11-(CONG-01),1
KANKAKEE-:-BOURBONNAIS 11-(CONG-02),1
KANKAKEE-:-BOURBONNAIS 13-(CONG-01),1
KANKAKEE-:-BOURBONNAIS 13-(CONG-02),1
KANKAKEE-:-BOURBONNAIS 14-(CONG-01),1
KANKAKEE-:-BOURBONNAIS 14-(CONG-02),1
KANKAKEE-:-BOURBONNAIS 17-(CONG-01),1
KANKAKEE-:-BOURBONNAIS 17-(CONG-02),1
KANKAKEE-:-BOURBONNAIS 5-(CONG-01),1
KANKAKEE-:-BOURBONNAIS 5-(CONG-02),1
KANKAKEE-:-MANTENO 4-(CONG-01),10
KANKAKEE-:-MANTENO 4-(CONG-02),10
LAKE-:-WAUCONDA 344-(CONG-09),16
LAKE-:-WAUCONDA 344-(CONG-11),4
LAKE-:-WAUCONDA 350-(CONG-09),4
LAKE-:-WAUCONDA 350-(CONG-11),4
LASALLE-:-DEER PARK-(CONG-14),10
LASALLE-:-DEER PARK-(CONG-16),15
LASALLE-:-EDEN 1-(CONG-14),15
LASALLE-:-EDEN 1-(CONG-16),10
LASALLE-:-FALL RIVER-(CONG-14),10
LASALLE-:-FALL RIVER-(CONG-16),15
LASALLE-:-FARM RIDGE-(CONG-14),15
LASALLE-:-FARM RIDGE-(CONG-16),10
LIVINGSTON-:-ESMEN-(CONG-02),1
LIVINGSTON-:-ESMEN-(CONG-16),1
LIVINGSTON-:-PONTIAC 10-(CONG-02),1
LIVINGSTON-:-PONTIAC 10-(CONG-16),15
LIVINGSTON-:-PONTIAC 9-(CONG-02),15
LIVINGSTON-:-PONTIAC 9-(CONG-16),1
MACON-:-DECATUR 16-(CONG-13),14
MACON-:-DECATUR 16-(CONG-15),14
MACON-:-DECATUR 19-(CONG-13),14
MACON-:-DECATUR 19-(CONG-15),14
MACON-:-DECATUR 27-(CONG-13),14
MACON-:-DECATUR 27-(CONG-15),14
MACON-:-DECATUR 28-(CONG-13),14
MACON-:-DECATUR 28-(CONG-15),14
MACON-:-DECATUR 7-(CONG-13),14
MACON-:-DECATUR 7-(CONG-15),14
MACON-:-DECATUR 8-(CONG-13),14
MACON-:-DECATUR 8-(CONG-15),14
MACON-:-DECATUR 9-(CONG-13),14
MACON-:-DECATUR 9-(CONG-15),14
MACON-:-HARRISTOWN-(CONG-13),14
MACON-:-HARRISTOWN-(CONG-15),14
MACON-:-HICKORY PT. 2-(CONG-13),14
MACON-:-HICKORY PT. 2-(CONG-15),14
MACON-:-HICKORY PT. 3-(CONG-13),14
MACON-:-HICKORY PT. 3-(CONG-15),14
MACON-:-LONG CREEK 4-(CONG-13),14
MACON-:-LONG CREEK 4-(CONG-15),14
MACON-:-OAKLEY-(CONG-13),14
MACON-:-OAKLEY-(CONG-15),14
MADISON-:-ALTON 01-(CONG-13),13
MADISON-:-ALTON 01-(CONG-15),13
MADISON-:-ALTON 03-(CONG-13),13
MADISON-:-ALTON 03-(CONG-15),13
MADISON-:-ALTON 05-(CONG-13),13
MADISON-:-ALTON 05-(CONG-15),13
MADISON-:-COLLINSVILLE 01-(CONG-13),12
MADISON-:-COLLINSVILLE 01-(CONG-15),12
MADISON-:-COLLINSVILLE 20-(CONG-13),12
MADISON-:-COLLINSVILLE 20-(CONG-15),12
MADISON-:-FOSTER 02-(CONG-13),12
MADISON-:-FOSTER 02-(CONG-15),13
MADISON-:-FT. RUSSELL 07-(CONG-13),12
MADISON-:-FT. RUSSELL 07-(CONG-15),13
MADISON-:-MORO 02-(CONG-13),13
MADISON-:-MORO 02-(CONG-15),12
MCHENRY-:-GREENWOOD GRE 06-(CONG-10),4
MCHENRY-:-GREENWOOD GRE 06-(CONG-11),4
MCHENRY-:-HARTLAND HAR 01-(CONG-11),4
MCHENRY-:-HARTLAND HAR 01-(CONG-16),4
MCHENRY-:-HARTLAND HAR 02-(CONG-11),4
MCHENRY-:-HARTLAND HAR 02-(CONG-16),4
MCHENRY-:-MCHENRY MCH 07-(CONG-10),4
MCHENRY-:-MCHENRY MCH 07-(CONG-11),4
MCLEAN-:-ALLIN 01-(CONG-16),13
MCLEAN-:-ALLIN 01-(CONG-17),14
MCLEAN-:-BLOOMINGTON 01-(CONG-16),14
MCLEAN-:-BLOOMINGTON 01-(CONG-17),14
MCLEAN-:-BLOOMINGTON 02-(CONG-16),13
MCLEAN-:-BLOOMINGTON 02-(CONG-17),14
MCLEAN-:-DALE 01-(CONG-16),13
MCLEAN-:-DALE 01-(CONG-17),13
MCLEAN-:-NORMAL 31-(CONG-16),13
MCLEAN-:-NORMAL 31-(CONG-17),13
PUTNAM-:-HENNEPIN 1-(CONG-14),10
PUTNAM-:-HENNEPIN 1-(CONG-16),6
PUTNAM-:-MAGNOLIA 2-(CONG-14),10
PUTNAM-:-MAGNOLIA 2-(CONG-16),10
SANGAMON-:-CAPITAL 012-(CONG-13),14
SANGAMON-:-CAPITAL 012-(CONG-15),14
SANGAMON-:-CAPITAL 016-(CONG-13),14
SANGAMON-:-CAPITAL 016-(CONG-15),14
SANGAMON-:-CAPITAL 020-(CONG-13),12
SANGAMON-:-CAPITAL 020-(CONG-15),14
SANGAMON-:-CAPITAL 025-(CONG-13),14
SANGAMON-:-CAPITAL 025-(CONG-15),14
SANGAMON-:-CAPITAL 029-(CONG-13),14
SANGAMON-:-CAPITAL 029-(CONG-15),14
SANGAMON-:-CAPITAL 080-(CONG-13),14
SANGAMON-:-CAPITAL 080-(CONG-15),14
SANGAMON-:-CAPITAL 081-(CONG-13),14
SANGAMON-:-CAPITAL 081-(CONG-15),14
SANGAMON-:-CURRAN 001-(CONG-13),14
SANGAMON-:-CURRAN 001-(CONG-15),14
SANGAMON-:-GARDNER 004-(CONG-13),14
SANGAMON-:-GARDNER 004-(CONG-15),14
SANGAMON-:-SPRINGFIELD 001-(CONG-13),12
SANGAMON-:-SPRINGFIELD 001-(CONG-15),14
ST. CLAIR-:-BELLEVILLE 20-(CONG-12),11
ST. CLAIR-:-BELLEVILLE 20-(CONG-13),11
ST. CLAIR-:-BELLEVILLE 22-(CONG-12),11
ST. CLAIR-:-BELLEVILLE 22-(CONG-13),11
ST. CLAIR-:-CASEYVILLE 1-(CONG-12),12
ST. CLAIR-:-CASEYVILLE 1-(CONG-13),12
ST. CLAIR-:-CASEYVILLE 10-(CONG-12),12
ST. CLAIR-:-CASEYVILLE 10-(CONG-13),12
ST. CLAIR-:-CASEYVILLE 12-(CONG-12),12
ST. CLAIR-:-CASEYVILLE 12-(CONG-13),12
ST. CLAIR-:-CENTREVILLE 10-(CONG-12),11
ST. CLAIR-:-CENTREVILLE 10-(CONG-13),11
ST. CLAIR-:-CENTREVILLE 8-(CONG-12),11
ST. CLAIR-:-CENTREVILLE 8-(CONG-13),11
ST. CLAIR-:-O FALLON 2-(CONG-12),12
ST. CLAIR-:-O FALLON 2-(CONG-13),12
ST. CLAIR-:-ST CLAIR 10-(CONG-12),11
ST. CLAIR-:-ST CLAIR 10-(CONG-13),11
ST. CLAIR-:-STOOKEY 2-(CONG-12),11
ST. CLAIR-:-STOOKEY 2-(CONG-13),11
ST. CLAIR-:-STOOKEY 5-(CONG-12),11
ST. CLAIR-:-STOOKEY 5-(CONG-13),11
TAZEWELL-:-CINCINNATI 1-(CONG-16),13
TAZEWELL-:-CINCINNATI 1-(CONG-17),13
TAZEWELL-:-CINCINNATI 3-(CONG-16),13
TAZEWELL-:-CINCINNATI 3-(CONG-17),13
TAZEWELL-:-HOPEDALE 1-(CONG-16),13
TAZEWELL-:-HOPEDALE 1-(CONG-17),14
TAZEWELL-:-LT MACKINAW 1-(CONG-16),13
TAZEWELL-:-LT MACKINAW 1-(CONG-17),14
TAZEWELL-:-PEKIN 13-(CONG-16),13
TAZEWELL-:-PEKIN 13-(CONG-17),13
VERMILION-:-CATLIN 2-(CONG-02),11
VERMILION-:-CATLIN 2-(CONG-15),11
VERMILION-:-GEORGETOWN 5-(CONG-02),11
VERMILION-:-GEORGETOWN 5-(CONG-15),11
VERMILION-:-GEORGETOWN 7-(CONG-02),11
VERMILION-:-GEORGETOWN 7-(CONG-15),11
VERMILION-:-MCKENDREE-(CONG-02),11
VERMILION-:-MCKENDREE-(CONG-15),11
VERMILION-:-OAKWOOD 2-(CONG-02),11
VERMILION-:-OAKWOOD 2-(CONG-15),12
VERMILION-:-VANCE-(CONG-02),12
VERMILION-:-VANCE-(CONG-15),11
WINNEBAGO-:-CHERRY VALLEY 2-(CONG-16),4
WINNEBAGO-:-CHERRY VALLEY 2-(CONG-17),4
WINNEBAGO-:-CHERRY VALLEY 3-(CONG-16),4
WINNEBAGO-:-CHERRY VALLEY 3-(CONG-17),4
WINNEBAGO-:-CHERRY VALLEY 6-(CONG-16),4
WINNEBAGO-:-CHERRY VALLEY 6-(CONG-17),4
WINNEBAGO-:-HARLEM 1-(CONG-16),4
WINNEBAGO-:-HARLEM 1-(CONG-17),4
WINNEBAGO-:-HARLEM 23-(CONG-16),4
WINNEBAGO-:-HARLEM 23-(CONG-17),4
WINNEBAGO-:-ROCKFORD 1-(CONG-16),4
WINNEBAGO-:-ROCKFORD 1-(CONG-17),4
WINNEBAGO-:-ROCKFORD 15-(CONG-16),4
WINNEBAGO-:-ROCKFORD 15-(CONG-17),4
WINNEBAGO-:-ROCKFORD 2-(CONG-16),4
WINNEBAGO-:-ROCKFORD 2-(CONG-17),4
WINNEBAGO-:-ROCKFORD 25-(CONG-16),4
WINNEBAGO-:-ROCKFORD 25-(CONG-17),4
WINNEBAGO-:-ROCKFORD 27-(CONG-16),4
WINNEBAGO-:-ROCKFORD 27-(CONG-17),4
WINNEBAGO-:-ROCKFORD 31-(CONG-16),4
WINNEBAGO-:-ROCKFORD 31-(CONG-17),4
WINNEBAGO-:-ROCKFORD 32-(CONG-16),4
WINNEBAGO-:-ROCKFORD 32-(CONG-17),4
WINNEBAGO-:-ROCKFORD 33-(CONG-16),4
WINNEBAGO-:-ROCKFORD 33-(CONG-17),4
WINNEBAGO-:-ROCKFORD 51-(CONG-16),4
WINNEBAGO-:-ROCKFORD 51-(CONG-17),4
WINNEBAGO-:-ROCKFORD 52-(CONG-16),4
WINNEBAGO-:-ROCKFORD 52-(CONG-17),4
WINNEBAGO-:-ROCKFORD 9-(CONG-16),4
WINNEBAGO-:-ROCKFORD 9-(CONG-17),4
WINNEBAGO-:-WINNEBAGO 1-(CONG-16),7
WINNEBAGO-:-WINNEBAGO 1-(CONG-17),4
WINNEBAGO-:-WINNEBAGO 2-(CONG-16),7
WINNEBAGO-:-WINNEBAGO 2-(CONG-17),4
ADAMS-:-BEVERLY PCT 1,6
ADAMS-:-BURTON PCT 1,6
ADAMS-:-CAMP POINT PCT 1,6
ADAMS-:-CAMP POINT PCT 2,6
ADAMS-:-CLAYTON PCT 1,6
ADAMS-:-COLUMBUS PCT 1,6
ADAMS-:-CONCORD PCT 1,6
ADAMS-:-ELLINGTON PCT 1,6
ADAMS-:-ELLINGTON PCT 2,6
ADAMS-:-ELLINGTON PCT 3,6
ADAMS-:-FALL CREEK PCT 1,6
ADAMS-:-GILMER PCT 1,6
ADAMS-:-HONEY CREEK PCT 1,6
ADAMS-:-HOUSTON PCT 1,6
ADAMS-:-KEENE PCT 1,6
ADAMS-:-LIBERTY PCT 1,6
ADAMS-:-LIMA PCT 1,6
ADAMS-:-MCKEE PCT 1,6
ADAMS-:-MELROSE PCT 1,6
ADAMS-:-MELROSE PCT 2,6
ADAMS-:-MELROSE PCT 3,6
ADAMS-:-MELROSE PCT 4,6
ADAMS-:-MELROSE PCT 5,6
ADAMS-:-MELROSE PCT 6,6
ADAMS-:-MENDON PCT 1,6
ADAMS-:-MENDON PCT 2,6
ADAMS-:-NORTHEAST PCT 1,6
ADAMS-:-PAYSON PCT 1,6
ADAMS-:-PAYSON PCT 2,6
ADAMS-:-QUINCY PCT 1,6
ADAMS-:-QUINCY PCT 10,6
ADAMS-:-QUINCY PCT 11,6
ADAMS-:-QUINCY PCT 12,6
ADAMS-:-QUINCY PCT 13,6
ADAMS-:-QUINCY PCT 14,6
ADAMS-:-QUINCY PCT 15,6
ADAMS-:-QUINCY PCT 16,6
ADAMS-:-QUINCY PCT 17,6
ADAMS-:-QUINCY PCT 18,6
ADAMS-:-QUINCY PCT 19,6
ADAMS-:-QUINCY PCT 2,6
ADAMS-:-QUINCY PCT 20,6
ADAMS-:-QUINCY PCT 21,6
ADAMS-:-QUINCY PCT 22,6
ADAMS-:-QUINCY PCT 23,6
ADAMS-:-QUINCY PCT 24,6
ADAMS-:-QUINCY PCT 25,6
ADAMS-:-QUINCY PCT 26,6
ADAMS-:-QUINCY PCT 27,6
ADAMS-:-QUINCY PCT 28,6
ADAMS-:-QUINCY PCT 29,6
ADAMS-:-QUINCY PCT 3,6
ADAMS-:-QUINCY PCT 30,6
ADAMS-:-QUINCY PCT 31,6
ADAMS-:-QUINCY PCT 32,6
ADAMS-:-QUINCY PCT 33,6
ADAMS-:-QUINCY PCT 34,6
ADAMS-:-QUINCY PCT 35,6
ADAMS-:-QUINCY PCT 36,6
ADAMS-:-QUINCY PCT 37,6
ADAMS-:-QUINCY PCT 38,6
ADAMS-:-QUINCY PCT 39,6
ADAMS-:-QUINCY PCT 4,6
ADAMS-:-QUINCY PCT 40,6
ADAMS-:-QUINCY PCT 5,6
ADAMS-:-QUINCY PCT 6,6
ADAMS-:-QUINCY PCT 7,6
ADAMS-:-QUINCY PCT 8,6
ADAMS-:-QUINCY PCT 9,6
ADAMS-:-RICHFIELD PCT 1,6
ADAMS-:-RIVERSIDE PCT 1,6
ADAMS-:-RIVERSIDE PCT 2,6
ADAMS-:-RIVERSIDE PCT 3,6
ADAMS-:-URSA PCT 1,6
ALEXANDER-:-CACHE,11
ALEXANDER-:-CAIRO 1,11
ALEXANDER-:-CAIRO 2,11
ALEXANDER-:-CAIRO 3,11
ALEXANDER-:-CAIRO 4,11
ALEXANDER-:-CAIRO 5,11
ALEXANDER-:-MCCLURE,11
ALEXANDER-:-OLIVE BRANCH,11
ALEXANDER-:-SANDUSKY,11
ALEXANDER-:-TAMMS,11
ALEXANDER-:-THEBES,11
BOND-:-BURGESS 1,13
BOND-:-BURGESS 2,13
BOND-:-BURGESS 3,13
BOND-:-CENTRAL 1,12
BOND-:-CENTRAL 1-A,12
BOND-:-CENTRAL 2,12
BOND-:-CENTRAL 3,13
BOND-:-CENTRAL 4,13
BOND-:-CENTRAL 6,13
BOND-:-CENTRAL 7,13
BOND-:-LAGRANGE,12
BOND-:-MILLS,13
BOND-:-MULBERRY GROVE 1,13
BOND-:-MULBERRY GROVE 2,12
BOND-:-OLD RIPLEY,13
BOND-:-PLEASANT MOUND 1,12
BOND-:-PLEASANT MOUND 2,13
BOND-:-SHOAL CREEK 1,12
BOND-:-SHOAL CREEK 2,12
BOND-:-TAMALCO,13
BOONE-:-BELVIDERE 1,3
BOONE-:-BELVIDERE 10,3
BOONE-:-BELVIDERE 11,4
BOONE-:-BELVIDERE 12,3
BOONE-:-BELVIDERE 13,3
BOONE-:-BELVIDERE 14,4
BOONE-:-BELVIDERE 15,4
BOONE-:-BELVIDERE 16,4
BOONE-:-BELVIDERE 17,4
BOONE-:-BELVIDERE 18,4
BOONE-:-BELVIDERE 2,3
BOONE-:-BELVIDERE 3,3
BOONE-:-BELVIDERE 4,4
BOONE-:-BELVIDERE 5,4
BOONE-:-BELVIDERE 6,4
BOONE-:-BELVIDERE 7,4
BOONE-:-BELVIDERE 8,4
BOONE-:-BELVIDERE 9,4
BOONE-:-BONUS 1,3
BOONE-:-BONUS 2,3
BOONE-:-BOONE 1,3
BOONE-:-CALEDONIA 1,3
BOONE-:-CALEDONIA 2,4
BOONE-:-CALEDONIA 3,4
BOONE-:-CALEDONIA 4,4
BOONE-:-CALEDONIA 5,4
BOONE-:-FLORA 2,4
BOONE-:-FLORA 3,3
BOONE-:-LE ROY,4
BOONE-:-MANCHESTER,4
BOONE-:-POPLAR GROVE 1,3
BOONE-:-POPLAR GROVE 2,4
BOONE-:-POPLAR GROVE 3,4
BOONE-:-POPLAR GROVE 4,3
BOONE-:-POPLAR GROVE 5,4
BOONE-:-SPRING,3
BROWN-:-BUCKHORN,6
BROWN-:-COOPERSTOWN,6
BROWN-:-ELKHORN,6
BROWN-:-LEE,6
BROWN-:-MISSOURI,6
BROWN-:-MT. STERLING 1,6
BROWN-:-MT. STERLING 2,6
BROWN-:-MT. STERLING 3,6
BROWN-:-MT. STERLING 4,6
BROWN-:-MT. STERLING 5,6
BROWN-:-PEA RIDGE,6
BROWN-:-RIPLEY,6
BROWN-:-VERSAILLES 1,6
BROWN-:-VERSAILLES 2,6
BUREAU-:-BERLIN,7
BUREAU-:-BUREAU,8
BUREAU-:-CLARION,8
BUREAU-:-CONCORD 1,8
BUREAU-:-CONCORD 2,6
BUREAU-:-DOVER,8
BUREAU-:-FAIRFIELD,8
BUREAU-:-GOLD,8
BUREAU-:-GREENVILLE,8
BUREAU-:-HALL 1,10
BUREAU-:-HALL 10,10
BUREAU-:-HALL 2,10
BUREAU-:-HALL 3,10
BUREAU-:-HALL 4,10
BUREAU-:-HALL 5,7
BUREAU-:-HALL 6,10
BUREAU-:-HALL 7,10
BUREAU-:-HALL 8,10
BUREAU-:-HALL 9,10
BUREAU-:-INDIANTOWN,6
BUREAU-:-LA MOILLE 1,7
BUREAU-:-LA MOILLE 2,8
BUREAU-:-LEEPERTOWN,10
BUREAU-:-MACON,6
BUREAU-:-MANLIUS,8
BUREAU-:-MILO,6
BUREAU-:-MINERAL,8
BUREAU-:-NEPONSET,8
BUREAU-:-OHIO 1,8
BUREAU-:-OHIO 2,8
BUREAU-:-PRINCETON 1,6
BUREAU-:-PRINCETON 2,6
BUREAU-:-PRINCETON 3,8
BUREAU-:-PRINCETON 4,6
BUREAU-:-PRINCETON 5,8
BUREAU-:-PRINCETON 7,8
BUREAU-:-PRINCETON 8,8
BUREAU-:-PRINCETON 9,6
BUREAU-:-SELBY 1,7
BUREAU-:-SELBY 3,7
BUREAU-:-WALNUT 1,8
BUREAU-:-WALNUT 2,8
BUREAU-:-WESTFIELD 1,8
BUREAU-:-WESTFIELD 2,10
BUREAU-:-WHEATLAND,6
BUREAU-:-WYANET 1,6
BUREAU-:-WYANET 2,6
CALHOUN-:-BELLEVIEW-HAMBURG,6
CALHOUN-:-CRATER-CARLIN,6
CALHOUN-:-HARDIN-GILEAD,6
CALHOUN-:-POINT,6
CALHOUN-:-RICHWOODS,6
CARROLL-:-CHERRY GROVE/SHANNON 1,8
CARROLL-:-CHERRY GROVE/SHANNON 2,7
CARROLL-:-ELKHORN GROVE,8
CARROLL-:-FAIR HAVEN,7
CARROLL-:-FREEDOM,8
CARROLL-:-MT. CARROLL 1,8
CARROLL-:-MT. CARROLL 2,7
CARROLL-:-MT. CARROLL 3,8
CARROLL-:-ROCK CREEK-LIMA 1,7
CARROLL-:-ROCK CREEK-LIMA 2,7
CARROLL-:-SALEM,8
CARROLL-:-SAVANNA 1,8
CARROLL-:-SAVANNA 2,8
CARROLL-:-SAVANNA 3,8
CARROLL-:-SAVANNA 4,8
CARROLL-:-SAVANNA 5,8
CARROLL-:-SAVANNA 6,7
CARROLL-:-WASHINGTON,8
CARROLL-:-WOODLAND,8
CARROLL-:-WYSOX 1,8
CARROLL-:-WYSOX 2,8
CARROLL-:-YORK,7
CASS-:-ARENZVILLE 11-001,13
CASS-:-ASHLAND 20-002,13
CASS-:-ASHLAND 21-002,13
CASS-:-BEARDSTOWN 1-003,13
CASS-:-BEARDSTOWN 2-003,13
CASS-:-BEARDSTOWN 3-003,13
CASS-:-BEARDSTOWN 4-003,13
CASS-:-BEARDSTOWN 5-004,13
CASS-:-BEARDSTOWN 6-004,13
CASS-:-BEARDSTOWN 7-004,13
CASS-:-BEARDSTOWN 8-004,13
CASS-:-BLUFF SPRINGS 10-001,13
CASS-:-CHANDLERVILLE 18-002,6
CASS-:-HAGENER 9-004,6
CASS-:-NEWMANSVILLE 19-002,6
CASS-:-PANTHER CREEK 17-002,6
CASS-:-PHILADELPHIA 16-002,6
CASS-:-SANGAMON VALLEY 12-001,6
CASS-:-VIRGINIA 13-001,13
CASS-:-VIRGINIA 14-001,6
CASS-:-VIRGINIA 15-001,13
CHAMPAIGN-:-AYERS,12
CHAMPAIGN-:-BROWN FISHER,14
CHAMPAIGN-:-BROWN FOOSLAND,14
CHAMPAIGN-:-CHAMPAIGN 1,1
CHAMPAIGN-:-CHAMPAIGN 2,1
CHAMPAIGN-:-CHAMPAIGN 3,1
CHAMPAIGN-:-CHAMPAIGN 4,1
CHAMPAIGN-:-CHAMPAIGN 5,1
CHAMPAIGN-:-CHAMPAIGN 6,1
CHAMPAIGN-:-CITY OF CHAMPAIGN 1,1
CHAMPAIGN-:-CITY OF CHAMPAIGN 10,1
CHAMPAIGN-:-CITY OF CHAMPAIGN 11,1
CHAMPAIGN-:-CITY OF CHAMPAIGN 12,1
CHAMPAIGN-:-CITY OF CHAMPAIGN 13,1
CHAMPAIGN-:-CITY OF CHAMPAIGN 14,1
CHAMPAIGN-:-CITY OF CHAMPAIGN 15,1
CHAMPAIGN-:-CITY OF CHAMPAIGN 16,1
CHAMPAIGN-:-CITY OF CHAMPAIGN 17,1
CHAMPAIGN-:-CITY OF CHAMPAIGN 18,1
CHAMPAIGN-:-CITY OF CHAMPAIGN 19,1
CHAMPAIGN-:-CITY OF CHAMPAIGN 2,1
CHAMPAIGN-:-CITY OF CHAMPAIGN 20,1
CHAMPAIGN-:-CITY OF CHAMPAIGN 21,1
CHAMPAIGN-:-CITY OF CHAMPAIGN 22,1
CHAMPAIGN-:-CITY OF CHAMPAIGN 23,1
CHAMPAIGN-:-CITY OF CHAMPAIGN 24,1
CHAMPAIGN-:-CITY OF CHAMPAIGN 25,1
CHAMPAIGN-:-CITY OF CHAMPAIGN 26,1
CHAMPAIGN-:-CITY OF CHAMPAIGN 27,1
CHAMPAIGN-:-CITY OF CHAMPAIGN 28,1
CHAMPAIGN-:-CITY OF CHAMPAIGN 29,1
CHAMPAIGN-:-CITY OF CHAMPAIGN 3,1
CHAMPAIGN-:-CITY OF CHAMPAIGN 30,1
CHAMPAIGN-:-CITY OF CHAMPAIGN 31,1
CHAMPAIGN-:-CITY OF CHAMPAIGN 32,1
CHAMPAIGN-:-CITY OF CHAMPAIGN 33,1
CHAMPAIGN-:-CITY OF CHAMPAIGN 34,1
CHAMPAIGN-:-CITY OF CHAMPAIGN 35,1
CHAMPAIGN-:-CITY OF CHAMPAIGN 36,1
CHAMPAIGN-:-CITY OF CHAMPAIGN 37,1
CHAMPAIGN-:-CITY OF CHAMPAIGN 38,1
CHAMPAIGN-:-CITY OF CHAMPAIGN 39,1
CHAMPAIGN-:-CITY OF CHAMPAIGN 4,1
CHAMPAIGN-:-CITY OF CHAMPAIGN 5,1
CHAMPAIGN-:-CITY OF CHAMPAIGN 6,1
CHAMPAIGN-:-CITY OF CHAMPAIGN 7,1
CHAMPAIGN-:-CITY OF CHAMPAIGN 8,1
CHAMPAIGN-:-CITY OF CHAMPAIGN 9,1
CHAMPAIGN-:-COLFAX,1
CHAMPAIGN-:-COMPROMISE GIFFORD,11
CHAMPAIGN-:-COMPROMISE PENFIELD,1
CHAMPAIGN-:-CONDIT,1
CHAMPAIGN-:-CRITTENDEN,12
CHAMPAIGN-:-CUNNINGHAM 1,1
CHAMPAIGN-:-CUNNINGHAM 10,1
CHAMPAIGN-:-CUNNINGHAM 11,1
CHAMPAIGN-:-CUNNINGHAM 12,1
CHAMPAIGN-:-CUNNINGHAM 13,1
CHAMPAIGN-:-CUNNINGHAM 14,1
CHAMPAIGN-:-CUNNINGHAM 15,1
CHAMPAIGN-:-CUNNINGHAM 16,1
CHAMPAIGN-:-CUNNINGHAM 17,1
CHAMPAIGN-:-CUNNINGHAM 18,1
CHAMPAIGN-:-CUNNINGHAM 19,1
CHAMPAIGN-:-CUNNINGHAM 2,1
CHAMPAIGN-:-CUNNINGHAM 20,1
CHAMPAIGN-:-CUNNINGHAM 21,1
CHAMPAIGN-:-CUNNINGHAM 22,1
CHAMPAIGN-:-CUNNINGHAM 23,1
CHAMPAIGN-:-CUNNINGHAM 3,1
CHAMPAIGN-:-CUNNINGHAM 4,1
CHAMPAIGN-:-CUNNINGHAM 5,1
CHAMPAIGN-:-CUNNINGHAM 6,1
CHAMPAIGN-:-CUNNINGHAM 7,1
CHAMPAIGN-:-CUNNINGHAM 8,1
CHAMPAIGN-:-CUNNINGHAM 9,1
CHAMPAIGN-:-EAST BEND,1
CHAMPAIGN-:-HARWOOD,1
CHAMPAIGN-:-KERR,1
CHAMPAIGN-:-LUDLOW 1,1
CHAMPAIGN-:-LUDLOW 2,1
CHAMPAIGN-:-LUDLOW 3,1
CHAMPAIGN-:-MAHOMET 1,14
CHAMPAIGN-:-MAHOMET 2,14
CHAMPAIGN-:-MAHOMET 3,14
CHAMPAIGN-:-MAHOMET 4,14
CHAMPAIGN-:-MAHOMET 5,14
CHAMPAIGN-:-NEWCOMB,14
CHAMPAIGN-:-OGDEN 1,12
CHAMPAIGN-:-OGDEN 2,11
CHAMPAIGN-:-PESOTUM,12
CHAMPAIGN-:-PHILO,12
CHAMPAIGN-:-RANTOUL 1,1
CHAMPAIGN-:-RANTOUL 2,1
CHAMPAIGN-:-RANTOUL 3,1
CHAMPAIGN-:-RANTOUL 5,1
CHAMPAIGN-:-RANTOUL 6,1
CHAMPAIGN-:-RAYMOND,12
CHAMPAIGN-:-SADORUS IVESDALE,1
CHAMPAIGN-:-SADORUS SADORUS,1
CHAMPAIGN-:-SCOTT BONDVILLE,1
CHAMPAIGN-:-SCOTT SEYMOUR,1
CHAMPAIGN-:-SIDNEY,11
CHAMPAIGN-:-SOUTH HOMER,11
CHAMPAIGN-:-ST. JOSEPH 1,12
CHAMPAIGN-:-ST. JOSEPH 2,12
CHAMPAIGN-:-ST. JOSEPH 3,11
CHAMPAIGN-:-STANTON,11
CHAMPAIGN-:-TOLONO 1,12
CHAMPAIGN-:-TOLONO 2,1
CHAMPAIGN-:-TOLONO 3,12
CHAMPAIGN-:-URBANA 1,1
CHAMPAIGN-:-URBANA 2,1
CHAMPAIGN-:-URBANA 3,1
CHAMPAIGN-:-URBANA 4,1
CHRISTIAN-:-ASSUMPTION,12
CHRISTIAN-:-BEAR CREEK,12
CHRISTIAN-:-BUCKHART,12
CHRISTIAN-:-GREENWOOD,12
CHRISTIAN-:-JOHNSON,12
CHRISTIAN-:-KING,12
CHRISTIAN-:-LOCUST,12
CHRISTIAN-:-MAY,12
CHRISTIAN-:-MOSQUITO,14
CHRISTIAN-:-MT AUBURN,14
CHRISTIAN-:-PANA #1,12
CHRISTIAN-:-PANA #2,12
CHRISTIAN-:-PANA #3,12
CHRISTIAN-:-PANA #4,12
CHRISTIAN-:-PRAIRIETON,14
CHRISTIAN-:-RICKS,12
CHRISTIAN-:-ROSAMOND,12
CHRISTIAN-:-SOUTH FORK #1,12
CHRISTIAN-:-SOUTH FORK #2,12
CHRISTIAN-:-STONINGTON,12
CHRISTIAN-:-TAYLORVILLE #1,12
CHRISTIAN-:-TAYLORVILLE #2,12
CHRISTIAN-:-TAYLORVILLE #3,12
CHRISTIAN-:-TAYLORVILLE #4,12
CHRISTIAN-:-TAYLORVILLE #5,12
CHRISTIAN-:-TAYLORVILLE #6,12
CHRISTIAN-:-TAYLORVILLE #7,12
CHRISTIAN-:-TAYLORVILLE #8,12
CHRISTIAN-:-TAYLORVILLE #9,12
CITY OF BLOOMINGTON-:-PRECINCT 1,14
CITY OF BLOOMINGTON-:-PRECINCT 11,13
CITY OF BLOOMINGTON-:-PRECINCT 12,13
CITY OF BLOOMINGTON-:-PRECINCT 13,14
CITY OF BLOOMINGTON-:-PRECINCT 14,15
CITY OF BLOOMINGTON-:-PRECINCT 16,15
CITY OF BLOOMINGTON-:-PRECINCT 18,14
CITY OF BLOOMINGTON-:-PRECINCT 19,14
CITY OF BLOOMINGTON-:-PRECINCT 20,13
CITY OF BLOOMINGTON-:-PRECINCT 21,14
CITY OF BLOOMINGTON-:-PRECINCT 22,14
CITY OF BLOOMINGTON-:-PRECINCT 23,13
CITY OF BLOOMINGTON-:-PRECINCT 24,14
CITY OF BLOOMINGTON-:-PRECINCT 25,14
CITY OF BLOOMINGTON-:-PRECINCT 26,13
CITY OF BLOOMINGTON-:-PRECINCT 27,14
CITY OF BLOOMINGTON-:-PRECINCT 28,14
CITY OF BLOOMINGTON-:-PRECINCT 29,14
CITY OF BLOOMINGTON-:-PRECINCT 3,15
CITY OF BLOOMINGTON-:-PRECINCT 30,14
CITY OF BLOOMINGTON-:-PRECINCT 31,14
CITY OF BLOOMINGTON-:-PRECINCT 32,14
CITY OF BLOOMINGTON-:-PRECINCT 33,14
CITY OF BLOOMINGTON-:-PRECINCT 34,13
CITY OF BLOOMINGTON-:-PRECINCT 35,13
CITY OF BLOOMINGTON-:-PRECINCT 36,15
CITY OF BLOOMINGTON-:-PRECINCT 37,13
CITY OF BLOOMINGTON-:-PRECINCT 38,15
CITY OF BLOOMINGTON-:-PRECINCT 39,15
CITY OF BLOOMINGTON-:-PRECINCT 4,13
CITY OF BLOOMINGTON-:-PRECINCT 40,14
CITY OF BLOOMINGTON-:-PRECINCT 41,13
CITY OF BLOOMINGTON-:-PRECINCT 42,14
CITY OF BLOOMINGTON-:-PRECINCT 43,15
CITY OF BLOOMINGTON-:-PRECINCT 44,13
CITY OF BLOOMINGTON-:-PRECINCT 45,14
CITY OF BLOOMINGTON-:-PRECINCT 46,13
CITY OF BLOOMINGTON-:-PRECINCT 47,13
CITY OF BLOOMINGTON-:-PRECINCT 48,13
CITY OF BLOOMINGTON-:-PRECINCT 49,15
CITY OF BLOOMINGTON-:-PRECINCT 5,13
CITY OF BLOOMINGTON-:-PRECINCT 50,13
CITY OF BLOOMINGTON-:-PRECINCT 51,14
CITY OF BLOOMINGTON-:-PRECINCT 53,14
CITY OF BLOOMINGTON-:-PRECINCT 54,13
CITY OF BLOOMINGTON-:-PRECINCT 55,13
CITY OF BLOOMINGTON-:-PRECINCT 56,13
CITY OF BLOOMINGTON-:-PRECINCT 57,14
CITY OF BLOOMINGTON-:-PRECINCT 58,13
CITY OF BLOOMINGTON-:-PRECINCT 59,13
CITY OF BLOOMINGTON-:-PRECINCT 6,13
CITY OF BLOOMINGTON-:-PRECINCT 60,13
CITY OF BLOOMINGTON-:-PRECINCT 7,13
CITY OF BLOOMINGTON-:-PRECINCT 8,14
CITY OF BLOOMINGTON-:-PRECINCT 9,14
CITY OF CHICAGO-:-WARD 01 PRECINCT 01,3
CITY OF CHICAGO-:-WARD 01 PRECINCT 02,3
CITY OF CHICAGO-:-WARD 01 PRECINCT 03,3
CITY OF CHICAGO-:-WARD 01 PRECINCT 04,3
CITY OF CHICAGO-:-WARD 01 PRECINCT 05,3
CITY OF CHICAGO-:-WARD 01 PRECINCT 06,3
CITY OF CHICAGO-:-WARD 01 PRECINCT 07,3
CITY OF CHICAGO-:-WARD 01 PRECINCT 08,3
CITY OF CHICAGO-:-WARD 01 PRECINCT 09,3
CITY OF CHICAGO-:-WARD 01 PRECINCT 10,0
CITY OF CHICAGO-:-WARD 01 PRECINCT 11,0
CITY OF CHICAGO-:-WARD 01 PRECINCT 12,0
CITY OF CHICAGO-:-WARD 01 PRECINCT 13,0
CITY OF CHICAGO-:-WARD 01 PRECINCT 14,0
CITY OF CHICAGO-:-WARD 01 PRECINCT 15,0
CITY OF CHICAGO-:-WARD 01 PRECINCT 16,0
CITY OF CHICAGO-:-WARD 01 PRECINCT 17,0
CITY OF CHICAGO-:-WARD 01 PRECINCT 18,0
CITY OF CHICAGO-:-WARD 01 PRECINCT 19,2
CITY OF CHICAGO-:-WARD 01 PRECINCT 20,0
CITY OF CHICAGO-:-WARD 01 PRECINCT 22,0
CITY OF CHICAGO-:-WARD 01 PRECINCT 23,0
CITY OF CHICAGO-:-WARD 01 PRECINCT 24,0
CITY OF CHICAGO-:-WARD 01 PRECINCT 25,0
CITY OF CHICAGO-:-WARD 01 PRECINCT 26,0
CITY OF CHICAGO-:-WARD 02 PRECINCT 01,0
CITY OF CHICAGO-:-WARD 02 PRECINCT 02,0
CITY OF CHICAGO-:-WARD 02 PRECINCT 03,0
CITY OF CHICAGO-:-WARD 02 PRECINCT 04,0
CITY OF CHICAGO-:-WARD 02 PRECINCT 05,0
CITY OF CHICAGO-:-WARD 02 PRECINCT 06,0
CITY OF CHICAGO-:-WARD 02 PRECINCT 07,0
CITY OF CHICAGO-:-WARD 02 PRECINCT 08,0
CITY OF CHICAGO-:-WARD 02 PRECINCT 09,0
CITY OF CHICAGO-:-WARD 02 PRECINCT 10,0
CITY OF CHICAGO-:-WARD 02 PRECINCT 11,0
CITY OF CHICAGO-:-WARD 02 PRECINCT 12,0
CITY OF CHICAGO-:-WARD 02 PRECINCT 13,0
CITY OF CHICAGO-:-WARD 02 PRECINCT 14,0
CITY OF CHICAGO-:-WARD 02 PRECINCT 15,0
CITY OF CHICAGO-:-WARD 02 PRECINCT 16,0
CITY OF CHICAGO-:-WARD 02 PRECINCT 17,0
CITY OF CHICAGO-:-WARD 02 PRECINCT 18,0
CITY OF CHICAGO-:-WARD 02 PRECINCT 19,0
CITY OF CHICAGO-:-WARD 02 PRECINCT 20,0
CITY OF CHICAGO-:-WARD 02 PRECINCT 21,2
CITY OF CHICAGO-:-WARD 02 PRECINCT 22,2
CITY OF CHICAGO-:-WARD 02 PRECINCT 24,2
CITY OF CHICAGO-:-WARD 02 PRECINCT 25,2
CITY OF CHICAGO-:-WARD 03 PRECINCT 01,0
CITY OF CHICAGO-:-WARD 03 PRECINCT 03,0
CITY OF CHICAGO-:-WARD 03 PRECINCT 04,0
CITY OF CHICAGO-:-WARD 03 PRECINCT 05,0
CITY OF CHICAGO-:-WARD 03 PRECINCT 06,0
CITY OF CHICAGO-:-WARD 03 PRECINCT 08,0
CITY OF CHICAGO-:-WARD 03 PRECINCT 09,0
CITY OF CHICAGO-:-WARD 03 PRECINCT 10,0
CITY OF CHICAGO-:-WARD 03 PRECINCT 11,0
CITY OF CHICAGO-:-WARD 03 PRECINCT 12,0
CITY OF CHICAGO-:-WARD 03 PRECINCT 13,0
CITY OF CHICAGO-:-WARD 03 PRECINCT 14,0
CITY OF CHICAGO-:-WARD 03 PRECINCT 15,0
CITY OF CHICAGO-:-WARD 03 PRECINCT 16,0
CITY OF CHICAGO-:-WARD 03 PRECINCT 17,0
CITY OF CHICAGO-:-WARD 03 PRECINCT 18,0
CITY OF CHICAGO-:-WARD 03 PRECINCT 21,0
CITY OF CHICAGO-:-WARD 03 PRECINCT 23,0
CITY OF CHICAGO-:-WARD 03 PRECINCT 24,0
CITY OF CHICAGO-:-WARD 03 PRECINCT 25,0
CITY OF CHICAGO-:-WARD 03 PRECINCT 26,0
CITY OF CHICAGO-:-WARD 03 PRECINCT 27,0
CITY OF CHICAGO-:-WARD 04 PRECINCT 02,0
CITY OF CHICAGO-:-WARD 04 PRECINCT 04,0
CITY OF CHICAGO-:-WARD 04 PRECINCT 05,0
CITY OF CHICAGO-:-WARD 04 PRECINCT 06,0
CITY OF CHICAGO-:-WARD 04 PRECINCT 07,0
CITY OF CHICAGO-:-WARD 04 PRECINCT 08,0
CITY OF CHICAGO-:-WARD 04 PRECINCT 09,0
CITY OF CHICAGO-:-WARD 04 PRECINCT 10,0
CITY OF CHICAGO-:-WARD 04 PRECINCT 11,0
CITY OF CHICAGO-:-WARD 04 PRECINCT 12,0
CITY OF CHICAGO-:-WARD 04 PRECINCT 13,0
CITY OF CHICAGO-:-WARD 04 PRECINCT 14,0
CITY OF CHICAGO-:-WARD 04 PRECINCT 15,0
CITY OF CHICAGO-:-WARD 04 PRECINCT 16,0
CITY OF CHICAGO-:-WARD 04 PRECINCT 17,0
CITY OF CHICAGO-:-WARD 04 PRECINCT 18,0
CITY OF CHICAGO-:-WARD 04 PRECINCT 19,0
CITY OF CHICAGO-:-WARD 04 PRECINCT 20,0
CITY OF CHICAGO-:-WARD 04 PRECINCT 21,0
CITY OF CHICAGO-:-WARD 04 PRECINCT 22,0
CITY OF CHICAGO-:-WARD 04 PRECINCT 23,0
CITY OF CHICAGO-:-WARD 04 PRECINCT 25,0
CITY OF CHICAGO-:-WARD 04 PRECINCT 26,0
CITY OF CHICAGO-:-WARD 04 PRECINCT 27,0
CITY OF CHICAGO-:-WARD 04 PRECINCT 28,0
CITY OF CHICAGO-:-WARD 05 PRECINCT 02,0
CITY OF CHICAGO-:-WARD 05 PRECINCT 03,0
CITY OF CHICAGO-:-WARD 05 PRECINCT 04,0
CITY OF CHICAGO-:-WARD 05 PRECINCT 05,0
CITY OF CHICAGO-:-WARD 05 PRECINCT 06,0
CITY OF CHICAGO-:-WARD 05 PRECINCT 07,0
CITY OF CHICAGO-:-WARD 05 PRECINCT 08,0
CITY OF CHICAGO-:-WARD 05 PRECINCT 10,0
CITY OF CHICAGO-:-WARD 05 PRECINCT 11,0
CITY OF CHICAGO-:-WARD 05 PRECINCT 12,0
CITY OF CHICAGO-:-WARD 05 PRECINCT 13,0
CITY OF CHICAGO-:-WARD 05 PRECINCT 14,0
CITY OF CHICAGO-:-WARD 05 PRECINCT 16,0
CITY OF CHICAGO-:-WARD 05 PRECINCT 17,0
CITY OF CHICAGO-:-WARD 05 PRECINCT 18,0
CITY OF CHICAGO-:-WARD 05 PRECINCT 19,0
CITY OF CHICAGO-:-WARD 05 PRECINCT 20,0
CITY OF CHICAGO-:-WARD 05 PRECINCT 21,0
CITY OF CHICAGO-:-WARD 05 PRECINCT 22,0
CITY OF CHICAGO-:-WARD 05 PRECINCT 23,0
CITY OF CHICAGO-:-WARD 05 PRECINCT 24,0
CITY OF CHICAGO-:-WARD 05 PRECINCT 25,0
CITY OF CHICAGO-:-WARD 06 PRECINCT 01,0
CITY OF CHICAGO-:-WARD 06 PRECINCT 02,0
CITY OF CHICAGO-:-WARD 06 PRECINCT 03,0
CITY OF CHICAGO-:-WARD 06 PRECINCT 04,0
CITY OF CHICAGO-:-WARD 06 PRECINCT 05,0
CITY OF CHICAGO-:-WARD 06 PRECINCT 06,0
CITY OF CHICAGO-:-WARD 06 PRECINCT 07,0
CITY OF CHICAGO-:-WARD 06 PRECINCT 08,0
CITY OF CHICAGO-:-WARD 06 PRECINCT 09,0
CITY OF CHICAGO-:-WARD 06 PRECINCT 10,0
CITY OF CHICAGO-:-WARD 06 PRECINCT 11,0
CITY OF CHICAGO-:-WARD 06 PRECINCT 12,0
CITY OF CHICAGO-:-WARD 06 PRECINCT 13,0
CITY OF CHICAGO-:-WARD 06 PRECINCT 14,0
CITY OF CHICAGO-:-WARD 06 PRECINCT 15,0
CITY OF CHICAGO-:-WARD 06 PRECINCT 16,0
CITY OF CHICAGO-:-WARD 06 PRECINCT 17,0
CITY OF CHICAGO-:-WARD 06 PRECINCT 18,0
CITY OF CHICAGO-:-WARD 06 PRECINCT 19,0
CITY OF CHICAGO-:-WARD 06 PRECINCT 20,0
CITY OF CHICAGO-:-WARD 06 PRECINCT 21,0
CITY OF CHICAGO-:-WARD 06 PRECINCT 22,0
CITY OF CHICAGO-:-WARD 06 PRECINCT 23,0
CITY OF CHICAGO-:-WARD 06 PRECINCT 24,0
CITY OF CHICAGO-:-WARD 06 PRECINCT 25,0
CITY OF CHICAGO-:-WARD 06 PRECINCT 26,0
CITY OF CHICAGO-:-WARD 06 PRECINCT 27,0
CITY OF CHICAGO-:-WARD 07 PRECINCT 01,0
CITY OF CHICAGO-:-WARD 07 PRECINCT 03,0
CITY OF CHICAGO-:-WARD 07 PRECINCT 04,0
CITY OF CHICAGO-:-WARD 07 PRECINCT 05,0
CITY OF CHICAGO-:-WARD 07 PRECINCT 06,0
CITY OF CHICAGO-:-WARD 07 PRECINCT 07,0
CITY OF CHICAGO-:-WARD 07 PRECINCT 08,0
CITY OF CHICAGO-:-WARD 07 PRECINCT 09,0
CITY OF CHICAGO-:-WARD 07 PRECINCT 11,0
CITY OF CHICAGO-:-WARD 07 PRECINCT 14,0
CITY OF CHICAGO-:-WARD 07 PRECINCT 15,0
CITY OF CHICAGO-:-WARD 07 PRECINCT 18,0
CITY OF CHICAGO-:-WARD 07 PRECINCT 19,0
CITY OF CHICAGO-:-WARD 07 PRECINCT 20,0
CITY OF CHICAGO-:-WARD 07 PRECINCT 21,0
CITY OF CHICAGO-:-WARD 07 PRECINCT 22,0
CITY OF CHICAGO-:-WARD 07 PRECINCT 23,0
CITY OF CHICAGO-:-WARD 07 PRECINCT 24,0
CITY OF CHICAGO-:-WARD 07 PRECINCT 25,0
CITY OF CHICAGO-:-WARD 07 PRECINCT 26,0
CITY OF CHICAGO-:-WARD 07 PRECINCT 27,0
CITY OF CHICAGO-:-WARD 07 PRECINCT 28,0
CITY OF CHICAGO-:-WARD 07 PRECINCT 29,0
CITY OF CHICAGO-:-WARD 07 PRECINCT 30,0
CITY OF CHICAGO-:-WARD 07 PRECINCT 31,0
CITY OF CHICAGO-:-WARD 08 PRECINCT 01,0
CITY OF CHICAGO-:-WARD 08 PRECINCT 02,0
CITY OF CHICAGO-:-WARD 08 PRECINCT 03,0
CITY OF CHICAGO-:-WARD 08 PRECINCT 04,0
CITY OF CHICAGO-:-WARD 08 PRECINCT 05,0
CITY OF CHICAGO-:-WARD 08 PRECINCT 06,0
CITY OF CHICAGO-:-WARD 08 PRECINCT 07,0
CITY OF CHICAGO-:-WARD 08 PRECINCT 08,0
CITY OF CHICAGO-:-WARD 08 PRECINCT 09,0
CITY OF CHICAGO-:-WARD 08 PRECINCT 10,0
CITY OF CHICAGO-:-WARD 08 PRECINCT 11,0
CITY OF CHICAGO-:-WARD 08 PRECINCT 12,0
CITY OF CHICAGO-:-WARD 08 PRECINCT 13,0
CITY OF CHICAGO-:-WARD 08 PRECINCT 14,0
CITY OF CHICAGO-:-WARD 08 PRECINCT 15,0
CITY OF CHICAGO-:-WARD 08 PRECINCT 16,0
CITY OF CHICAGO-:-WARD 08 PRECINCT 17,0
CITY OF CHICAGO-:-WARD 08 PRECINCT 18,0
CITY OF CHICAGO-:-WARD 08 PRECINCT 19,0
CITY OF CHICAGO-:-WARD 08 PRECINCT 20,0
CITY OF CHICAGO-:-WARD 08 PRECINCT 21,0
CITY OF CHICAGO-:-WARD 08 PRECINCT 22,0
CITY OF CHICAGO-:-WARD 08 PRECINCT 23,0
CITY OF CHICAGO-:-WARD 08 PRECINCT 24,0
CITY OF CHICAGO-:-WARD 08 PRECINCT 25,0
CITY OF CHICAGO-:-WARD 08 PRECINCT 26,0
CITY OF CHICAGO-:-WARD 08 PRECINCT 27,0
CITY OF CHICAGO-:-WARD 08 PRECINCT 28,0
CITY OF CHICAGO-:-WARD 08 PRECINCT 29,0
CITY OF CHICAGO-:-WARD 08 PRECINCT 30,0
CITY OF CHICAGO-:-WARD 09 PRECINCT 01,0
CITY OF CHICAGO-:-WARD 09 PRECINCT 02,0
CITY OF CHICAGO-:-WARD 09 PRECINCT 03,0
CITY OF CHICAGO-:-WARD 09 PRECINCT 04,0
CITY OF CHICAGO-:-WARD 09 PRECINCT 05,0
CITY OF CHICAGO-:-WARD 09 PRECINCT 06,0
CITY OF CHICAGO-:-WARD 09 PRECINCT 07,0
CITY OF CHICAGO-:-WARD 09 PRECINCT 09,0
CITY OF CHICAGO-:-WARD 09 PRECINCT 10,0
CITY OF CHICAGO-:-WARD 09 PRECINCT 11,0
CITY OF CHICAGO-:-WARD 09 PRECINCT 12,0
CITY OF CHICAGO-:-WARD 09 PRECINCT 13,0
CITY OF CHICAGO-:-WARD 09 PRECINCT 14,0
CITY OF CHICAGO-:-WARD 09 PRECINCT 15,0
CITY OF CHICAGO-:-WARD 09 PRECINCT 16,0
CITY OF CHICAGO-:-WARD 09 PRECINCT 17,0
CITY OF CHICAGO-:-WARD 09 PRECINCT 18,0
CITY OF CHICAGO-:-WARD 09 PRECINCT 19,0
CITY OF CHICAGO-:-WARD 09 PRECINCT 20,0
CITY OF CHICAGO-:-WARD 09 PRECINCT 21,0
CITY OF CHICAGO-:-WARD 09 PRECINCT 22,0
CITY OF CHICAGO-:-WARD 09 PRECINCT 23,0
CITY OF CHICAGO-:-WARD 09 PRECINCT 24,0
CITY OF CHICAGO-:-WARD 09 PRECINCT 25,0
CITY OF CHICAGO-:-WARD 09 PRECINCT 26,0
CITY OF CHICAGO-:-WARD 09 PRECINCT 27,0
CITY OF CHICAGO-:-WARD 09 PRECINCT 28,0
CITY OF CHICAGO-:-WARD 09 PRECINCT 29,0
CITY OF CHICAGO-:-WARD 09 PRECINCT 30,0
CITY OF CHICAGO-:-WARD 10 PRECINCT 01,0
CITY OF CHICAGO-:-WARD 10 PRECINCT 02,0
CITY OF CHICAGO-:-WARD 10 PRECINCT 03,0
CITY OF CHICAGO-:-WARD 10 PRECINCT 04,0
CITY OF CHICAGO-:-WARD 10 PRECINCT 05,0
CITY OF CHICAGO-:-WARD 10 PRECINCT 06,0
CITY OF CHICAGO-:-WARD 10 PRECINCT 07,0
CITY OF CHICAGO-:-WARD 10 PRECINCT 08,0
CITY OF CHICAGO-:-WARD 10 PRECINCT 09,0
CITY OF CHICAGO-:-WARD 10 PRECINCT 10,0
CITY OF CHICAGO-:-WARD 10 PRECINCT 11,0
CITY OF CHICAGO-:-WARD 10 PRECINCT 12,0
CITY OF CHICAGO-:-WARD 10 PRECINCT 13,0
CITY OF CHICAGO-:-WARD 10 PRECINCT 14,0
CITY OF CHICAGO-:-WARD 10 PRECINCT 15,0
CITY OF CHICAGO-:-WARD 10 PRECINCT 16,0
CITY OF CHICAGO-:-WARD 10 PRECINCT 17,0
CITY OF CHICAGO-:-WARD 10 PRECINCT 18,0
CITY OF CHICAGO-:-WARD 10 PRECINCT 19,0
CITY OF CHICAGO-:-WARD 10 PRECINCT 20,0
CITY OF CHICAGO-:-WARD 10 PRECINCT 21,0
CITY OF CHICAGO-:-WARD 10 PRECINCT 22,0
CITY OF CHICAGO-:-WARD 10 PRECINCT 23,0
CITY OF CHICAGO-:-WARD 10 PRECINCT 24,0
CITY OF CHICAGO-:-WARD 10 PRECINCT 25,0
CITY OF CHICAGO-:-WARD 11 PRECINCT 01,0
CITY OF CHICAGO-:-WARD 11 PRECINCT 02,0
CITY OF CHICAGO-:-WARD 11 PRECINCT 03,0
CITY OF CHICAGO-:-WARD 11 PRECINCT 04,0
CITY OF CHICAGO-:-WARD 11 PRECINCT 05,0
CITY OF CHICAGO-:-WARD 11 PRECINCT 06,0
CITY OF CHICAGO-:-WARD 11 PRECINCT 07,0
CITY OF CHICAGO-:-WARD 11 PRECINCT 08,9
CITY OF CHICAGO-:-WARD 11 PRECINCT 09,9
CITY OF CHICAGO-:-WARD 11 PRECINCT 10,9
CITY OF CHICAGO-:-WARD 11 PRECINCT 11,9
CITY OF CHICAGO-:-WARD 11 PRECINCT 12,9
CITY OF CHICAGO-:-WARD 11 PRECINCT 13,9
CITY OF CHICAGO-:-WARD 11 PRECINCT 14,0
CITY OF CHICAGO-:-WARD 11 PRECINCT 15,0
CITY OF CHICAGO-:-WARD 11 PRECINCT 16,0
CITY OF CHICAGO-:-WARD 11 PRECINCT 17,0
CITY OF CHICAGO-:-WARD 11 PRECINCT 18,0
CITY OF CHICAGO-:-WARD 11 PRECINCT 19,0
CITY OF CHICAGO-:-WARD 11 PRECINCT 20,0
CITY OF CHICAGO-:-WARD 11 PRECINCT 21,9
CITY OF CHICAGO-:-WARD 11 PRECINCT 22,9
CITY OF CHICAGO-:-WARD 11 PRECINCT 23,9
CITY OF CHICAGO-:-WARD 12 PRECINCT 01,0
CITY OF CHICAGO-:-WARD 12 PRECINCT 02,0
CITY OF CHICAGO-:-WARD 12 PRECINCT 03,0
CITY OF CHICAGO-:-WARD 12 PRECINCT 04,0
CITY OF CHICAGO-:-WARD 12 PRECINCT 05,0
CITY OF CHICAGO-:-WARD 12 PRECINCT 06,0
CITY OF CHICAGO-:-WARD 12 PRECINCT 07,0
CITY OF CHICAGO-:-WARD 12 PRECINCT 08,0
CITY OF CHICAGO-:-WARD 12 PRECINCT 09,0
CITY OF CHICAGO-:-WARD 12 PRECINCT 10,0
CITY OF CHICAGO-:-WARD 12 PRECINCT 11,0
CITY OF CHICAGO-:-WARD 12 PRECINCT 12,0
CITY OF CHICAGO-:-WARD 12 PRECINCT 13,0
CITY OF CHICAGO-:-WARD 12 PRECINCT 14,0
CITY OF CHICAGO-:-WARD 12 PRECINCT 15,0
CITY OF CHICAGO-:-WARD 12 PRECINCT 16,0
CITY OF CHICAGO-:-WARD 12 PRECINCT 17,0
CITY OF CHICAGO-:-WARD 12 PRECINCT 18,0
CITY OF CHICAGO-:-WARD 12 PRECINCT 19,0
CITY OF CHICAGO-:-WARD 12 PRECINCT 20,0
CITY OF CHICAGO-:-WARD 12 PRECINCT 21,0
CITY OF CHICAGO-:-WARD 12 PRECINCT 22,0
CITY OF CHICAGO-:-WARD 13 PRECINCT 01,5
CITY OF CHICAGO-:-WARD 13 PRECINCT 02,10
CITY OF CHICAGO-:-WARD 13 PRECINCT 03,5
CITY OF CHICAGO-:-WARD 13 PRECINCT 04,10
CITY OF CHICAGO-:-WARD 13 PRECINCT 05,5
CITY OF CHICAGO-:-WARD 13 PRECINCT 06,5
CITY OF CHICAGO-:-WARD 13 PRECINCT 07,5
CITY OF CHICAGO-:-WARD 13 PRECINCT 08,5
CITY OF CHICAGO-:-WARD 13 PRECINCT 09,5
CITY OF CHICAGO-:-WARD 13 PRECINCT 10,5
CITY OF CHICAGO-:-WARD 13 PRECINCT 11,5
CITY OF CHICAGO-:-WARD 13 PRECINCT 12,5
CITY OF CHICAGO-:-WARD 13 PRECINCT 13,5
CITY OF CHICAGO-:-WARD 13 PRECINCT 14,5
CITY OF CHICAGO-:-WARD 13 PRECINCT 15,5
CITY OF CHICAGO-:-WARD 13 PRECINCT 16,5
CITY OF CHICAGO-:-WARD 13 PRECINCT 17,5
CITY OF CHICAGO-:-WARD 13 PRECINCT 18,5
CITY OF CHICAGO-:-WARD 13 PRECINCT 19,5
CITY OF CHICAGO-:-WARD 13 PRECINCT 20,5
CITY OF CHICAGO-:-WARD 13 PRECINCT 21,5
CITY OF CHICAGO-:-WARD 13 PRECINCT 22,5
CITY OF CHICAGO-:-WARD 13 PRECINCT 23,5
CITY OF CHICAGO-:-WARD 13 PRECINCT 24,5
CITY OF CHICAGO-:-WARD 13 PRECINCT 25,5
CITY OF CHICAGO-:-WARD 13 PRECINCT 26,5
CITY OF CHICAGO-:-WARD 13 PRECINCT 27,5
CITY OF CHICAGO-:-WARD 13 PRECINCT 28,5
CITY OF CHICAGO-:-WARD 13 PRECINCT 29,5
CITY OF CHICAGO-:-WARD 13 PRECINCT 30,5
CITY OF CHICAGO-:-WARD 13 PRECINCT 31,5
CITY OF CHICAGO-:-WARD 13 PRECINCT 32,5
CITY OF CHICAGO-:-WARD 13 PRECINCT 33,5
CITY OF CHICAGO-:-WARD 13 PRECINCT 34,5
CITY OF CHICAGO-:-WARD 13 PRECINCT 35,5
CITY OF CHICAGO-:-WARD 13 PRECINCT 36,5
CITY OF CHICAGO-:-WARD 13 PRECINCT 37,5
CITY OF CHICAGO-:-WARD 13 PRECINCT 38,5
CITY OF CHICAGO-:-WARD 13 PRECINCT 39,5
CITY OF CHICAGO-:-WARD 13 PRECINCT 40,5
CITY OF CHICAGO-:-WARD 14 PRECINCT 02,5
CITY OF CHICAGO-:-WARD 14 PRECINCT 03,10
CITY OF CHICAGO-:-WARD 14 PRECINCT 04,10
CITY OF CHICAGO-:-WARD 14 PRECINCT 05,10
CITY OF CHICAGO-:-WARD 14 PRECINCT 06,10
CITY OF CHICAGO-:-WARD 14 PRECINCT 07,10
CITY OF CHICAGO-:-WARD 14 PRECINCT 08,10
CITY OF CHICAGO-:-WARD 14 PRECINCT 09,10
CITY OF CHICAGO-:-WARD 14 PRECINCT 10,10
CITY OF CHICAGO-:-WARD 14 PRECINCT 11,10
CITY OF CHICAGO-:-WARD 14 PRECINCT 12,10
CITY OF CHICAGO-:-WARD 14 PRECINCT 13,10
CITY OF CHICAGO-:-WARD 14 PRECINCT 14,10
CITY OF CHICAGO-:-WARD 14 PRECINCT 15,10
CITY OF CHICAGO-:-WARD 15 PRECINCT 01,9
CITY OF CHICAGO-:-WARD 15 PRECINCT 02,9
CITY OF CHICAGO-:-WARD 15 PRECINCT 03,9
CITY OF CHICAGO-:-WARD 15 PRECINCT 04,9
CITY OF CHICAGO-:-WARD 15 PRECINCT 05,9
CITY OF CHICAGO-:-WARD 15 PRECINCT 06,9
CITY OF CHICAGO-:-WARD 15 PRECINCT 07,9
CITY OF CHICAGO-:-WARD 15 PRECINCT 08,9
CITY OF CHICAGO-:-WARD 15 PRECINCT 09,10
CITY OF CHICAGO-:-WARD 15 PRECINCT 11,9
CITY OF CHICAGO-:-WARD 15 PRECINCT 12,10
CITY OF CHICAGO-:-WARD 15 PRECINCT 13,10
CITY OF CHICAGO-:-WARD 15 PRECINCT 14,10
CITY OF CHICAGO-:-WARD 15 PRECINCT 15,10
CITY OF CHICAGO-:-WARD 15 PRECINCT 16,10
CITY OF CHICAGO-:-WARD 15 PRECINCT 17,9
CITY OF CHICAGO-:-WARD 15 PRECINCT 18,9
CITY OF CHICAGO-:-WARD 15 PRECINCT 19,9
CITY OF CHICAGO-:-WARD 15 PRECINCT 20,9
CITY OF CHICAGO-:-WARD 16 PRECINCT 01,9
CITY OF CHICAGO-:-WARD 16 PRECINCT 02,9
CITY OF CHICAGO-:-WARD 16 PRECINCT 03,9
CITY OF CHICAGO-:-WARD 16 PRECINCT 04,9
CITY OF CHICAGO-:-WARD 16 PRECINCT 05,9
CITY OF CHICAGO-:-WARD 16 PRECINCT 06,9
CITY OF CHICAGO-:-WARD 16 PRECINCT 08,9
CITY OF CHICAGO-:-WARD 16 PRECINCT 09,9
CITY OF CHICAGO-:-WARD 16 PRECINCT 10,9
CITY OF CHICAGO-:-WARD 16 PRECINCT 11,9
CITY OF CHICAGO-:-WARD 16 PRECINCT 12,9
CITY OF CHICAGO-:-WARD 16 PRECINCT 13,9
CITY OF CHICAGO-:-WARD 16 PRECINCT 14,9
CITY OF CHICAGO-:-WARD 16 PRECINCT 15,9
CITY OF CHICAGO-:-WARD 16 PRECINCT 16,9
CITY OF CHICAGO-:-WARD 16 PRECINCT 17,10
CITY OF CHICAGO-:-WARD 16 PRECINCT 18,10
CITY OF CHICAGO-:-WARD 16 PRECINCT 19,10
CITY OF CHICAGO-:-WARD 16 PRECINCT 21,9
CITY OF CHICAGO-:-WARD 16 PRECINCT 22,10
CITY OF CHICAGO-:-WARD 16 PRECINCT 24,9
CITY OF CHICAGO-:-WARD 16 PRECINCT 25,9
CITY OF CHICAGO-:-WARD 17 PRECINCT 01,10
CITY OF CHICAGO-:-WARD 17 PRECINCT 03,9
CITY OF CHICAGO-:-WARD 17 PRECINCT 04,9
CITY OF CHICAGO-:-WARD 17 PRECINCT 05,9
CITY OF CHICAGO-:-WARD 17 PRECINCT 06,9
CITY OF CHICAGO-:-WARD 17 PRECINCT 07,9
CITY OF CHICAGO-:-WARD 17 PRECINCT 08,9
CITY OF CHICAGO-:-WARD 17 PRECINCT 09,9
CITY OF CHICAGO-:-WARD 17 PRECINCT 10,9
CITY OF CHICAGO-:-WARD 17 PRECINCT 11,9
CITY OF CHICAGO-:-WARD 17 PRECINCT 12,9
CITY OF CHICAGO-:-WARD 17 PRECINCT 13,9
CITY OF CHICAGO-:-WARD 17 PRECINCT 15,15
CITY OF CHICAGO-:-WARD 17 PRECINCT 16,9
CITY OF CHICAGO-:-WARD 17 PRECINCT 17,9
CITY OF CHICAGO-:-WARD 17 PRECINCT 18,15
CITY OF CHICAGO-:-WARD 17 PRECINCT 19,15
CITY OF CHICAGO-:-WARD 17 PRECINCT 20,9
CITY OF CHICAGO-:-WARD 17 PRECINCT 21,9
CITY OF CHICAGO-:-WARD 17 PRECINCT 22,15
CITY OF CHICAGO-:-WARD 17 PRECINCT 23,9
CITY OF CHICAGO-:-WARD 17 PRECINCT 24,9
CITY OF CHICAGO-:-WARD 17 PRECINCT 25,9
CITY OF CHICAGO-:-WARD 17 PRECINCT 26,9
CITY OF CHICAGO-:-WARD 17 PRECINCT 27,15
CITY OF CHICAGO-:-WARD 17 PRECINCT 28,15
CITY OF CHICAGO-:-WARD 17 PRECINCT 29,15
CITY OF CHICAGO-:-WARD 18 PRECINCT 01,15
CITY OF CHICAGO-:-WARD 18 PRECINCT 02,15
CITY OF CHICAGO-:-WARD 18 PRECINCT 03,15
CITY OF CHICAGO-:-WARD 18 PRECINCT 04,9
CITY OF CHICAGO-:-WARD 18 PRECINCT 05,9
CITY OF CHICAGO-:-WARD 18 PRECINCT 06,9
CITY OF CHICAGO-:-WARD 18 PRECINCT 07,9
CITY OF CHICAGO-:-WARD 18 PRECINCT 08,9
CITY OF CHICAGO-:-WARD 18 PRECINCT 09,9
CITY OF CHICAGO-:-WARD 18 PRECINCT 10,9
CITY OF CHICAGO-:-WARD 18 PRECINCT 11,9
CITY OF CHICAGO-:-WARD 18 PRECINCT 12,9
CITY OF CHICAGO-:-WARD 18 PRECINCT 13,9
CITY OF CHICAGO-:-WARD 18 PRECINCT 14,9
CITY OF CHICAGO-:-WARD 18 PRECINCT 15,9
CITY OF CHICAGO-:-WARD 18 PRECINCT 16,10
CITY OF CHICAGO-:-WARD 18 PRECINCT 17,9
CITY OF CHICAGO-:-WARD 18 PRECINCT 19,9
CITY OF CHICAGO-:-WARD 18 PRECINCT 20,9
CITY OF CHICAGO-:-WARD 18 PRECINCT 21,9
CITY OF CHICAGO-:-WARD 18 PRECINCT 22,10
CITY OF CHICAGO-:-WARD 18 PRECINCT 23,10
CITY OF CHICAGO-:-WARD 18 PRECINCT 24,10
CITY OF CHICAGO-:-WARD 18 PRECINCT 25,10
CITY OF CHICAGO-:-WARD 18 PRECINCT 26,10
CITY OF CHICAGO-:-WARD 19 PRECINCT 01,9
CITY OF CHICAGO-:-WARD 19 PRECINCT 02,9
CITY OF CHICAGO-:-WARD 19 PRECINCT 03,9
CITY OF CHICAGO-:-WARD 19 PRECINCT 04,9
CITY OF CHICAGO-:-WARD 19 PRECINCT 05,9
CITY OF CHICAGO-:-WARD 19 PRECINCT 06,9
CITY OF CHICAGO-:-WARD 19 PRECINCT 07,9
CITY OF CHICAGO-:-WARD 19 PRECINCT 08,9
CITY OF CHICAGO-:-WARD 19 PRECINCT 09,9
CITY OF CHICAGO-:-WARD 19 PRECINCT 12,9
CITY OF CHICAGO-:-WARD 19 PRECINCT 13,9
CITY OF CHICAGO-:-WARD 19 PRECINCT 14,9
CITY OF CHICAGO-:-WARD 19 PRECINCT 15,9
CITY OF CHICAGO-:-WARD 19 PRECINCT 16,9
CITY OF CHICAGO-:-WARD 19 PRECINCT 17,9
CITY OF CHICAGO-:-WARD 19 PRECINCT 18,9
CITY OF CHICAGO-:-WARD 19 PRECINCT 20,9
CITY OF CHICAGO-:-WARD 19 PRECINCT 21,9
CITY OF CHICAGO-:-WARD 19 PRECINCT 22,9
CITY OF CHICAGO-:-WARD 19 PRECINCT 23,9
CITY OF CHICAGO-:-WARD 19 PRECINCT 24,9
CITY OF CHICAGO-:-WARD 19 PRECINCT 27,9
CITY OF CHICAGO-:-WARD 19 PRECINCT 28,15
CITY OF CHICAGO-:-WARD 19 PRECINCT 29,9
CITY OF CHICAGO-:-WARD 19 PRECINCT 30,9
CITY OF CHICAGO-:-WARD 19 PRECINCT 32,9
CITY OF CHICAGO-:-WARD 19 PRECINCT 33,9
CITY OF CHICAGO-:-WARD 19 PRECINCT 34,9
CITY OF CHICAGO-:-WARD 19 PRECINCT 35,9
CITY OF CHICAGO-:-WARD 20 PRECINCT 02,9
CITY OF CHICAGO-:-WARD 20 PRECINCT 04,9
CITY OF CHICAGO-:-WARD 20 PRECINCT 06,9
CITY OF CHICAGO-:-WARD 20 PRECINCT 07,9
CITY OF CHICAGO-:-WARD 20 PRECINCT 09,9
CITY OF CHICAGO-:-WARD 20 PRECINCT 10,9
CITY OF CHICAGO-:-WARD 20 PRECINCT 11,9
CITY OF CHICAGO-:-WARD 20 PRECINCT 12,9
CITY OF CHICAGO-:-WARD 20 PRECINCT 13,0
CITY OF CHICAGO-:-WARD 20 PRECINCT 15,9
CITY OF CHICAGO-:-WARD 20 PRECINCT 16,9
CITY OF CHICAGO-:-WARD 20 PRECINCT 17,9
CITY OF CHICAGO-:-WARD 20 PRECINCT 18,9
CITY OF CHICAGO-:-WARD 20 PRECINCT 19,9
CITY OF CHICAGO-:-WARD 20 PRECINCT 20,9
CITY OF CHICAGO-:-WARD 20 PRECINCT 21,9
CITY OF CHICAGO-:-WARD 20 PRECINCT 22,9
CITY OF CHICAGO-:-WARD 20 PRECINCT 23,9
CITY OF CHICAGO-:-WARD 21 PRECINCT 01,15
CITY OF CHICAGO-:-WARD 21 PRECINCT 02,15
CITY OF CHICAGO-:-WARD 21 PRECINCT 03,15
CITY OF CHICAGO-:-WARD 21 PRECINCT 04,15
CITY OF CHICAGO-:-WARD 21 PRECINCT 05,15
CITY OF CHICAGO-:-WARD 21 PRECINCT 06,15
CITY OF CHICAGO-:-WARD 21 PRECINCT 07,15
CITY OF CHICAGO-:-WARD 21 PRECINCT 08,0
CITY OF CHICAGO-:-WARD 21 PRECINCT 09,15
CITY OF CHICAGO-:-WARD 21 PRECINCT 10,15
CITY OF CHICAGO-:-WARD 21 PRECINCT 11,15
CITY OF CHICAGO-:-WARD 21 PRECINCT 12,0
CITY OF CHICAGO-:-WARD 21 PRECINCT 13,15
CITY OF CHICAGO-:-WARD 21 PRECINCT 14,15
CITY OF CHICAGO-:-WARD 21 PRECINCT 15,15
CITY OF CHICAGO-:-WARD 21 PRECINCT 16,15
CITY OF CHICAGO-:-WARD 21 PRECINCT 17,0
CITY OF CHICAGO-:-WARD 21 PRECINCT 18,15
CITY OF CHICAGO-:-WARD 21 PRECINCT 19,15
CITY OF CHICAGO-:-WARD 21 PRECINCT 20,0
CITY OF CHICAGO-:-WARD 21 PRECINCT 21,15
CITY OF CHICAGO-:-WARD 21 PRECINCT 22,15
CITY OF CHICAGO-:-WARD 21 PRECINCT 23,15
CITY OF CHICAGO-:-WARD 21 PRECINCT 24,0
CITY OF CHICAGO-:-WARD 21 PRECINCT 25,0
CITY OF CHICAGO-:-WARD 21 PRECINCT 26,0
CITY OF CHICAGO-:-WARD 21 PRECINCT 27,15
CITY OF CHICAGO-:-WARD 21 PRECINCT 28,15
CITY OF CHICAGO-:-WARD 21 PRECINCT 29,0
CITY OF CHICAGO-:-WARD 22 PRECINCT 01,3
CITY OF CHICAGO-:-WARD 22 PRECINCT 03,3
CITY OF CHICAGO-:-WARD 22 PRECINCT 04,10
CITY OF CHICAGO-:-WARD 22 PRECINCT 05,10
CITY OF CHICAGO-:-WARD 22 PRECINCT 06,10
CITY OF CHICAGO-:-WARD 22 PRECINCT 07,10
CITY OF CHICAGO-:-WARD 22 PRECINCT 08,10
CITY OF CHICAGO-:-WARD 22 PRECINCT 09,10
CITY OF CHICAGO-:-WARD 22 PRECINCT 10,10
CITY OF CHICAGO-:-WARD 22 PRECINCT 11,10
CITY OF CHICAGO-:-WARD 22 PRECINCT 12,10
CITY OF CHICAGO-:-WARD 22 PRECINCT 13,10
CITY OF CHICAGO-:-WARD 22 PRECINCT 14,10
CITY OF CHICAGO-:-WARD 22 PRECINCT 15,5
CITY OF CHICAGO-:-WARD 22 PRECINCT 16,5
CITY OF CHICAGO-:-WARD 22 PRECINCT 17,5
CITY OF CHICAGO-:-WARD 22 PRECINCT 18,5
CITY OF CHICAGO-:-WARD 22 PRECINCT 19,5
CITY OF CHICAGO-:-WARD 23 PRECINCT 01,10
CITY OF CHICAGO-:-WARD 23 PRECINCT 02,5
CITY OF CHICAGO-:-WARD 23 PRECINCT 03,10
CITY OF CHICAGO-:-WARD 23 PRECINCT 04,10
CITY OF CHICAGO-:-WARD 23 PRECINCT 05,5
CITY OF CHICAGO-:-WARD 23 PRECINCT 06,10
CITY OF CHICAGO-:-WARD 23 PRECINCT 07,5
CITY OF CHICAGO-:-WARD 23 PRECINCT 08,5
CITY OF CHICAGO-:-WARD 23 PRECINCT 09,5
CITY OF CHICAGO-:-WARD 23 PRECINCT 10,5
CITY OF CHICAGO-:-WARD 23 PRECINCT 11,5
CITY OF CHICAGO-:-WARD 23 PRECINCT 12,5
CITY OF CHICAGO-:-WARD 23 PRECINCT 13,10
CITY OF CHICAGO-:-WARD 23 PRECINCT 14,10
CITY OF CHICAGO-:-WARD 23 PRECINCT 15,10
CITY OF CHICAGO-:-WARD 23 PRECINCT 16,10
CITY OF CHICAGO-:-WARD 23 PRECINCT 17,10
CITY OF CHICAGO-:-WARD 23 PRECINCT 18,10
CITY OF CHICAGO-:-WARD 23 PRECINCT 19,10
CITY OF CHICAGO-:-WARD 23 PRECINCT 20,10
CITY OF CHICAGO-:-WARD 23 PRECINCT 21,10
CITY OF CHICAGO-:-WARD 23 PRECINCT 22,5
CITY OF CHICAGO-:-WARD 23 PRECINCT 23,5
CITY OF CHICAGO-:-WARD 23 PRECINCT 24,5
CITY OF CHICAGO-:-WARD 23 PRECINCT 25,5
CITY OF CHICAGO-:-WARD 23 PRECINCT 26,5
CITY OF CHICAGO-:-WARD 23 PRECINCT 27,5
CITY OF CHICAGO-:-WARD 23 PRECINCT 28,5
CITY OF CHICAGO-:-WARD 23 PRECINCT 29,10
CITY OF CHICAGO-:-WARD 23 PRECINCT 30,10
CITY OF CHICAGO-:-WARD 23 PRECINCT 31,5
CITY OF CHICAGO-:-WARD 23 PRECINCT 32,5
CITY OF CHICAGO-:-WARD 23 PRECINCT 33,10
CITY OF CHICAGO-:-WARD 24 PRECINCT 01,5
CITY OF CHICAGO-:-WARD 24 PRECINCT 02,5
CITY OF CHICAGO-:-WARD 24 PRECINCT 03,3
CITY OF CHICAGO-:-WARD 24 PRECINCT 04,3
CITY OF CHICAGO-:-WARD 24 PRECINCT 05,3
CITY OF CHICAGO-:-WARD 24 PRECINCT 06,5
CITY OF CHICAGO-:-WARD 24 PRECINCT 07,5
CITY OF CHICAGO-:-WARD 24 PRECINCT 08,5
CITY OF CHICAGO-:-WARD 24 PRECINCT 09,3
CITY OF CHICAGO-:-WARD 24 PRECINCT 10,5
CITY OF CHICAGO-:-WARD 24 PRECINCT 11,3
CITY OF CHICAGO-:-WARD 24 PRECINCT 12,3
CITY OF CHICAGO-:-WARD 24 PRECINCT 13,3
CITY OF CHICAGO-:-WARD 24 PRECINCT 14,3
CITY OF CHICAGO-:-WARD 24 PRECINCT 15,3
CITY OF CHICAGO-:-WARD 24 PRECINCT 16,3
CITY OF CHICAGO-:-WARD 24 PRECINCT 17,3
CITY OF CHICAGO-:-WARD 24 PRECINCT 19,10
CITY OF CHICAGO-:-WARD 24 PRECINCT 20,3
CITY OF CHICAGO-:-WARD 25 PRECINCT 01,10
CITY OF CHICAGO-:-WARD 25 PRECINCT 02,10
CITY OF CHICAGO-:-WARD 25 PRECINCT 04,10
CITY OF CHICAGO-:-WARD 25 PRECINCT 05,0
CITY OF CHICAGO-:-WARD 25 PRECINCT 06,0
CITY OF CHICAGO-:-WARD 25 PRECINCT 07,0
CITY OF CHICAGO-:-WARD 25 PRECINCT 08,0
CITY OF CHICAGO-:-WARD 25 PRECINCT 09,0
CITY OF CHICAGO-:-WARD 25 PRECINCT 10,0
CITY OF CHICAGO-:-WARD 25 PRECINCT 11,0
CITY OF CHICAGO-:-WARD 25 PRECINCT 12,0
CITY OF CHICAGO-:-WARD 25 PRECINCT 14,0
CITY OF CHICAGO-:-WARD 25 PRECINCT 15,0
CITY OF CHICAGO-:-WARD 25 PRECINCT 16,0
CITY OF CHICAGO-:-WARD 25 PRECINCT 17,0
CITY OF CHICAGO-:-WARD 26 PRECINCT 01,3
CITY OF CHICAGO-:-WARD 26 PRECINCT 02,3
CITY OF CHICAGO-:-WARD 26 PRECINCT 03,3
CITY OF CHICAGO-:-WARD 26 PRECINCT 04,3
CITY OF CHICAGO-:-WARD 26 PRECINCT 05,3
CITY OF CHICAGO-:-WARD 26 PRECINCT 06,3
CITY OF CHICAGO-:-WARD 26 PRECINCT 07,3
CITY OF CHICAGO-:-WARD 26 PRECINCT 08,3
CITY OF CHICAGO-:-WARD 26 PRECINCT 09,3
CITY OF CHICAGO-:-WARD 26 PRECINCT 10,3
CITY OF CHICAGO-:-WARD 26 PRECINCT 11,3
CITY OF CHICAGO-:-WARD 26 PRECINCT 12,3
CITY OF CHICAGO-:-WARD 26 PRECINCT 13,3
CITY OF CHICAGO-:-WARD 26 PRECINCT 14,3
CITY OF CHICAGO-:-WARD 26 PRECINCT 15,3
CITY OF CHICAGO-:-WARD 26 PRECINCT 16,3
CITY OF CHICAGO-:-WARD 26 PRECINCT 17,3
CITY OF CHICAGO-:-WARD 26 PRECINCT 18,3
CITY OF CHICAGO-:-WARD 26 PRECINCT 19,3
CITY OF CHICAGO-:-WARD 26 PRECINCT 20,0
CITY OF CHICAGO-:-WARD 26 PRECINCT 21,3
CITY OF CHICAGO-:-WARD 26 PRECINCT 22,3
CITY OF CHICAGO-:-WARD 26 PRECINCT 23,3
CITY OF CHICAGO-:-WARD 26 PRECINCT 24,3
CITY OF CHICAGO-:-WARD 26 PRECINCT 25,0
CITY OF CHICAGO-:-WARD 26 PRECINCT 26,0
CITY OF CHICAGO-:-WARD 26 PRECINCT 28,0
CITY OF CHICAGO-:-WARD 26 PRECINCT 29,3
CITY OF CHICAGO-:-WARD 26 PRECINCT 30,3
CITY OF CHICAGO-:-WARD 26 PRECINCT 31,3
CITY OF CHICAGO-:-WARD 26 PRECINCT 32,0
CITY OF CHICAGO-:-WARD 27 PRECINCT 01,0
CITY OF CHICAGO-:-WARD 27 PRECINCT 02,0
CITY OF CHICAGO-:-WARD 27 PRECINCT 03,3
CITY OF CHICAGO-:-WARD 27 PRECINCT 04,0
CITY OF CHICAGO-:-WARD 27 PRECINCT 05,3
CITY OF CHICAGO-:-WARD 27 PRECINCT 06,2
CITY OF CHICAGO-:-WARD 27 PRECINCT 07,0
CITY OF CHICAGO-:-WARD 27 PRECINCT 08,3
CITY OF CHICAGO-:-WARD 27 PRECINCT 10,0
CITY OF CHICAGO-:-WARD 27 PRECINCT 11,0
CITY OF CHICAGO-:-WARD 27 PRECINCT 14,3
CITY OF CHICAGO-:-WARD 27 PRECINCT 15,0
CITY OF CHICAGO-:-WARD 27 PRECINCT 16,0
CITY OF CHICAGO-:-WARD 27 PRECINCT 17,0
CITY OF CHICAGO-:-WARD 27 PRECINCT 18,0
CITY OF CHICAGO-:-WARD 27 PRECINCT 19,3
CITY OF CHICAGO-:-WARD 27 PRECINCT 20,0
CITY OF CHICAGO-:-WARD 27 PRECINCT 22,3
CITY OF CHICAGO-:-WARD 27 PRECINCT 23,3
CITY OF CHICAGO-:-WARD 27 PRECINCT 24,3
CITY OF CHICAGO-:-WARD 27 PRECINCT 25,3
CITY OF CHICAGO-:-WARD 27 PRECINCT 26,3
CITY OF CHICAGO-:-WARD 27 PRECINCT 27,0
CITY OF CHICAGO-:-WARD 27 PRECINCT 28,0
CITY OF CHICAGO-:-WARD 27 PRECINCT 29,0
CITY OF CHICAGO-:-WARD 28 PRECINCT 01,5
CITY OF CHICAGO-:-WARD 28 PRECINCT 02,5
CITY OF CHICAGO-:-WARD 28 PRECINCT 03,3
CITY OF CHICAGO-:-WARD 28 PRECINCT 04,5
CITY OF CHICAGO-:-WARD 28 PRECINCT 05,5
CITY OF CHICAGO-:-WARD 28 PRECINCT 06,3
CITY OF CHICAGO-:-WARD 28 PRECINCT 07,3
CITY OF CHICAGO-:-WARD 28 PRECINCT 08,3
CITY OF CHICAGO-:-WARD 28 PRECINCT 09,0
CITY OF CHICAGO-:-WARD 28 PRECINCT 10,0
CITY OF CHICAGO-:-WARD 28 PRECINCT 11,0
CITY OF CHICAGO-:-WARD 28 PRECINCT 12,0
CITY OF CHICAGO-:-WARD 28 PRECINCT 13,0
CITY OF CHICAGO-:-WARD 28 PRECINCT 14,0
CITY OF CHICAGO-:-WARD 28 PRECINCT 15,0
CITY OF CHICAGO-:-WARD 28 PRECINCT 16,0
CITY OF CHICAGO-:-WARD 28 PRECINCT 18,5
CITY OF CHICAGO-:-WARD 28 PRECINCT 19,3
CITY OF CHICAGO-:-WARD 28 PRECINCT 20,5
CITY OF CHICAGO-:-WARD 28 PRECINCT 21,5
CITY OF CHICAGO-:-WARD 28 PRECINCT 22,5
CITY OF CHICAGO-:-WARD 28 PRECINCT 23,5
CITY OF CHICAGO-:-WARD 28 PRECINCT 24,5
CITY OF CHICAGO-:-WARD 28 PRECINCT 25,5
CITY OF CHICAGO-:-WARD 28 PRECINCT 26,3
CITY OF CHICAGO-:-WARD 29 PRECINCT 01,3
CITY OF CHICAGO-:-WARD 29 PRECINCT 02,3
CITY OF CHICAGO-:-WARD 29 PRECINCT 03,3
CITY OF CHICAGO-:-WARD 29 PRECINCT 06,5
CITY OF CHICAGO-:-WARD 29 PRECINCT 07,5
CITY OF CHICAGO-:-WARD 29 PRECINCT 08,5
CITY OF CHICAGO-:-WARD 29 PRECINCT 09,5
CITY OF CHICAGO-:-WARD 29 PRECINCT 10,5
CITY OF CHICAGO-:-WARD 29 PRECINCT 11,5
CITY OF CHICAGO-:-WARD 29 PRECINCT 12,5
CITY OF CHICAGO-:-WARD 29 PRECINCT 13,5
CITY OF CHICAGO-:-WARD 29 PRECINCT 14,5
CITY OF CHICAGO-:-WARD 29 PRECINCT 15,5
CITY OF CHICAGO-:-WARD 29 PRECINCT 16,5
CITY OF CHICAGO-:-WARD 29 PRECINCT 17,5
CITY OF CHICAGO-:-WARD 29 PRECINCT 18,5
CITY OF CHICAGO-:-WARD 29 PRECINCT 19,5
CITY OF CHICAGO-:-WARD 29 PRECINCT 20,5
CITY OF CHICAGO-:-WARD 29 PRECINCT 21,5
CITY OF CHICAGO-:-WARD 29 PRECINCT 22,5
CITY OF CHICAGO-:-WARD 29 PRECINCT 23,5
CITY OF CHICAGO-:-WARD 29 PRECINCT 24,5
CITY OF CHICAGO-:-WARD 30 PRECINCT 01,3
CITY OF CHICAGO-:-WARD 30 PRECINCT 02,3
CITY OF CHICAGO-:-WARD 30 PRECINCT 04,3
CITY OF CHICAGO-:-WARD 30 PRECINCT 05,3
CITY OF CHICAGO-:-WARD 30 PRECINCT 06,3
CITY OF CHICAGO-:-WARD 30 PRECINCT 07,3
CITY OF CHICAGO-:-WARD 30 PRECINCT 08,3
CITY OF CHICAGO-:-WARD 30 PRECINCT 09,3
CITY OF CHICAGO-:-WARD 30 PRECINCT 10,3
CITY OF CHICAGO-:-WARD 30 PRECINCT 11,3
CITY OF CHICAGO-:-WARD 30 PRECINCT 12,3
CITY OF CHICAGO-:-WARD 30 PRECINCT 13,3
CITY OF CHICAGO-:-WARD 30 PRECINCT 14,3
CITY OF CHICAGO-:-WARD 30 PRECINCT 16,3
CITY OF CHICAGO-:-WARD 30 PRECINCT 17,3
CITY OF CHICAGO-:-WARD 30 PRECINCT 18,3
CITY OF CHICAGO-:-WARD 30 PRECINCT 19,3
CITY OF CHICAGO-:-WARD 30 PRECINCT 20,3
CITY OF CHICAGO-:-WARD 30 PRECINCT 21,3
CITY OF CHICAGO-:-WARD 30 PRECINCT 24,3
CITY OF CHICAGO-:-WARD 30 PRECINCT 25,3
CITY OF CHICAGO-:-WARD 30 PRECINCT 26,3
CITY OF CHICAGO-:-WARD 31 PRECINCT 01,3
CITY OF CHICAGO-:-WARD 31 PRECINCT 02,3
CITY OF CHICAGO-:-WARD 31 PRECINCT 03,3
CITY OF CHICAGO-:-WARD 31 PRECINCT 04,3
CITY OF CHICAGO-:-WARD 31 PRECINCT 05,3
CITY OF CHICAGO-:-WARD 31 PRECINCT 06,3
CITY OF CHICAGO-:-WARD 31 PRECINCT 07,3
CITY OF CHICAGO-:-WARD 31 PRECINCT 08,3
CITY OF CHICAGO-:-WARD 31 PRECINCT 09,3
CITY OF CHICAGO-:-WARD 31 PRECINCT 10,3
CITY OF CHICAGO-:-WARD 31 PRECINCT 11,3
CITY OF CHICAGO-:-WARD 31 PRECINCT 12,3
CITY OF CHICAGO-:-WARD 31 PRECINCT 13,3
CITY OF CHICAGO-:-WARD 31 PRECINCT 14,3
CITY OF CHICAGO-:-WARD 31 PRECINCT 15,3
CITY OF CHICAGO-:-WARD 31 PRECINCT 16,3
CITY OF CHICAGO-:-WARD 31 PRECINCT 17,3
CITY OF CHICAGO-:-WARD 31 PRECINCT 18,3
CITY OF CHICAGO-:-WARD 31 PRECINCT 19,3
CITY OF CHICAGO-:-WARD 31 PRECINCT 20,3
CITY OF CHICAGO-:-WARD 31 PRECINCT 21,3
CITY OF CHICAGO-:-WARD 31 PRECINCT 22,3
CITY OF CHICAGO-:-WARD 31 PRECINCT 23,3
CITY OF CHICAGO-:-WARD 32 PRECINCT 01,2
CITY OF CHICAGO-:-WARD 32 PRECINCT 02,2
CITY OF CHICAGO-:-WARD 32 PRECINCT 03,2
CITY OF CHICAGO-:-WARD 32 PRECINCT 04,2
CITY OF CHICAGO-:-WARD 32 PRECINCT 05,2
CITY OF CHICAGO-:-WARD 32 PRECINCT 06,2
CITY OF CHICAGO-:-WARD 32 PRECINCT 07,2
CITY OF CHICAGO-:-WARD 32 PRECINCT 08,2
CITY OF CHICAGO-:-WARD 32 PRECINCT 09,2
CITY OF CHICAGO-:-WARD 32 PRECINCT 10,2
CITY OF CHICAGO-:-WARD 32 PRECINCT 11,2
CITY OF CHICAGO-:-WARD 32 PRECINCT 12,2
CITY OF CHICAGO-:-WARD 32 PRECINCT 13,2
CITY OF CHICAGO-:-WARD 32 PRECINCT 14,2
CITY OF CHICAGO-:-WARD 32 PRECINCT 15,2
CITY OF CHICAGO-:-WARD 32 PRECINCT 16,2
CITY OF CHICAGO-:-WARD 32 PRECINCT 17,2
CITY OF CHICAGO-:-WARD 32 PRECINCT 18,3
CITY OF CHICAGO-:-WARD 32 PRECINCT 20,2
CITY OF CHICAGO-:-WARD 32 PRECINCT 21,3
CITY OF CHICAGO-:-WARD 32 PRECINCT 22,2
CITY OF CHICAGO-:-WARD 32 PRECINCT 23,2
CITY OF CHICAGO-:-WARD 32 PRECINCT 24,2
CITY OF CHICAGO-:-WARD 32 PRECINCT 25,0
CITY OF CHICAGO-:-WARD 32 PRECINCT 26,0
CITY OF CHICAGO-:-WARD 32 PRECINCT 27,0
CITY OF CHICAGO-:-WARD 32 PRECINCT 28,0
CITY OF CHICAGO-:-WARD 32 PRECINCT 29,0
CITY OF CHICAGO-:-WARD 32 PRECINCT 30,0
CITY OF CHICAGO-:-WARD 33 PRECINCT 01,2
CITY OF CHICAGO-:-WARD 33 PRECINCT 02,2
CITY OF CHICAGO-:-WARD 33 PRECINCT 03,2
CITY OF CHICAGO-:-WARD 33 PRECINCT 04,2
CITY OF CHICAGO-:-WARD 33 PRECINCT 05,2
CITY OF CHICAGO-:-WARD 33 PRECINCT 06,2
CITY OF CHICAGO-:-WARD 33 PRECINCT 07,2
CITY OF CHICAGO-:-WARD 33 PRECINCT 08,2
CITY OF CHICAGO-:-WARD 33 PRECINCT 09,2
CITY OF CHICAGO-:-WARD 33 PRECINCT 10,2
CITY OF CHICAGO-:-WARD 33 PRECINCT 11,2
CITY OF CHICAGO-:-WARD 33 PRECINCT 12,2
CITY OF CHICAGO-:-WARD 33 PRECINCT 13,2
CITY OF CHICAGO-:-WARD 33 PRECINCT 14,2
CITY OF CHICAGO-:-WARD 33 PRECINCT 15,2
CITY OF CHICAGO-:-WARD 33 PRECINCT 17,2
CITY OF CHICAGO-:-WARD 34 PRECINCT 01,0
CITY OF CHICAGO-:-WARD 34 PRECINCT 02,0
CITY OF CHICAGO-:-WARD 34 PRECINCT 03,0
CITY OF CHICAGO-:-WARD 34 PRECINCT 04,0
CITY OF CHICAGO-:-WARD 34 PRECINCT 05,0
CITY OF CHICAGO-:-WARD 34 PRECINCT 06,0
CITY OF CHICAGO-:-WARD 34 PRECINCT 07,0
CITY OF CHICAGO-:-WARD 34 PRECINCT 08,0
CITY OF CHICAGO-:-WARD 34 PRECINCT 09,0
CITY OF CHICAGO-:-WARD 34 PRECINCT 10,0
CITY OF CHICAGO-:-WARD 34 PRECINCT 11,0
CITY OF CHICAGO-:-WARD 34 PRECINCT 12,0
CITY OF CHICAGO-:-WARD 34 PRECINCT 13,0
CITY OF CHICAGO-:-WARD 34 PRECINCT 14,0
CITY OF CHICAGO-:-WARD 34 PRECINCT 15,0
CITY OF CHICAGO-:-WARD 34 PRECINCT 16,0
CITY OF CHICAGO-:-WARD 34 PRECINCT 17,0
CITY OF CHICAGO-:-WARD 34 PRECINCT 18,0
CITY OF CHICAGO-:-WARD 34 PRECINCT 19,0
CITY OF CHICAGO-:-WARD 34 PRECINCT 20,0
CITY OF CHICAGO-:-WARD 35 PRECINCT 01,3
CITY OF CHICAGO-:-WARD 35 PRECINCT 02,3
CITY OF CHICAGO-:-WARD 35 PRECINCT 03,3
CITY OF CHICAGO-:-WARD 35 PRECINCT 04,3
CITY OF CHICAGO-:-WARD 35 PRECINCT 05,3
CITY OF CHICAGO-:-WARD 35 PRECINCT 06,3
CITY OF CHICAGO-:-WARD 35 PRECINCT 07,3
CITY OF CHICAGO-:-WARD 35 PRECINCT 08,3
CITY OF CHICAGO-:-WARD 35 PRECINCT 09,3
CITY OF CHICAGO-:-WARD 35 PRECINCT 10,3
CITY OF CHICAGO-:-WARD 35 PRECINCT 11,3
CITY OF CHICAGO-:-WARD 35 PRECINCT 12,3
CITY OF CHICAGO-:-WARD 35 PRECINCT 13,3
CITY OF CHICAGO-:-WARD 35 PRECINCT 14,3
CITY OF CHICAGO-:-WARD 35 PRECINCT 15,3
CITY OF CHICAGO-:-WARD 35 PRECINCT 16,3
CITY OF CHICAGO-:-WARD 35 PRECINCT 17,3
CITY OF CHICAGO-:-WARD 35 PRECINCT 18,3
CITY OF CHICAGO-:-WARD 35 PRECINCT 19,3
CITY OF CHICAGO-:-WARD 35 PRECINCT 20,3
CITY OF CHICAGO-:-WARD 35 PRECINCT 21,3
CITY OF CHICAGO-:-WARD 36 PRECINCT 01,5
CITY OF CHICAGO-:-WARD 36 PRECINCT 02,5
CITY OF CHICAGO-:-WARD 36 PRECINCT 03,5
CITY OF CHICAGO-:-WARD 36 PRECINCT 04,3
CITY OF CHICAGO-:-WARD 36 PRECINCT 05,3
CITY OF CHICAGO-:-WARD 36 PRECINCT 06,5
CITY OF CHICAGO-:-WARD 36 PRECINCT 07,5
CITY OF CHICAGO-:-WARD 36 PRECINCT 08,3
CITY OF CHICAGO-:-WARD 36 PRECINCT 09,3
CITY OF CHICAGO-:-WARD 36 PRECINCT 10,3
CITY OF CHICAGO-:-WARD 36 PRECINCT 11,3
CITY OF CHICAGO-:-WARD 36 PRECINCT 12,3
CITY OF CHICAGO-:-WARD 36 PRECINCT 13,5
CITY OF CHICAGO-:-WARD 36 PRECINCT 14,3
CITY OF CHICAGO-:-WARD 36 PRECINCT 15,3
CITY OF CHICAGO-:-WARD 36 PRECINCT 16,3
CITY OF CHICAGO-:-WARD 36 PRECINCT 17,3
CITY OF CHICAGO-:-WARD 36 PRECINCT 18,3
CITY OF CHICAGO-:-WARD 36 PRECINCT 19,0
CITY OF CHICAGO-:-WARD 36 PRECINCT 20,0
CITY OF CHICAGO-:-WARD 36 PRECINCT 21,0
CITY OF CHICAGO-:-WARD 36 PRECINCT 22,0
CITY OF CHICAGO-:-WARD 36 PRECINCT 23,0
CITY OF CHICAGO-:-WARD 36 PRECINCT 24,0
CITY OF CHICAGO-:-WARD 36 PRECINCT 25,0
CITY OF CHICAGO-:-WARD 36 PRECINCT 26,0
CITY OF CHICAGO-:-WARD 36 PRECINCT 27,0
CITY OF CHICAGO-:-WARD 37 PRECINCT 01,5
CITY OF CHICAGO-:-WARD 37 PRECINCT 02,3
CITY OF CHICAGO-:-WARD 37 PRECINCT 03,3
CITY OF CHICAGO-:-WARD 37 PRECINCT 04,5
CITY OF CHICAGO-:-WARD 37 PRECINCT 05,5
CITY OF CHICAGO-:-WARD 37 PRECINCT 06,3
CITY OF CHICAGO-:-WARD 37 PRECINCT 07,3
CITY OF CHICAGO-:-WARD 37 PRECINCT 08,3
CITY OF CHICAGO-:-WARD 37 PRECINCT 09,5
CITY OF CHICAGO-:-WARD 37 PRECINCT 10,5
CITY OF CHICAGO-:-WARD 37 PRECINCT 11,5
CITY OF CHICAGO-:-WARD 37 PRECINCT 12,3
CITY OF CHICAGO-:-WARD 37 PRECINCT 13,3
CITY OF CHICAGO-:-WARD 37 PRECINCT 14,3
CITY OF CHICAGO-:-WARD 37 PRECINCT 15,3
CITY OF CHICAGO-:-WARD 37 PRECINCT 17,5
CITY OF CHICAGO-:-WARD 37 PRECINCT 18,5
CITY OF CHICAGO-:-WARD 37 PRECINCT 19,3
CITY OF CHICAGO-:-WARD 37 PRECINCT 20,3
CITY OF CHICAGO-:-WARD 37 PRECINCT 21,3
CITY OF CHICAGO-:-WARD 37 PRECINCT 22,3
CITY OF CHICAGO-:-WARD 38 PRECINCT 01,3
CITY OF CHICAGO-:-WARD 38 PRECINCT 02,7
CITY OF CHICAGO-:-WARD 38 PRECINCT 03,7
CITY OF CHICAGO-:-WARD 38 PRECINCT 04,7
CITY OF CHICAGO-:-WARD 38 PRECINCT 05,3
CITY OF CHICAGO-:-WARD 38 PRECINCT 07,3
CITY OF CHICAGO-:-WARD 38 PRECINCT 08,5
CITY OF CHICAGO-:-WARD 38 PRECINCT 09,3
CITY OF CHICAGO-:-WARD 38 PRECINCT 10,5
CITY OF CHICAGO-:-WARD 38 PRECINCT 12,3
CITY OF CHICAGO-:-WARD 38 PRECINCT 13,5
CITY OF CHICAGO-:-WARD 38 PRECINCT 14,5
CITY OF CHICAGO-:-WARD 38 PRECINCT 15,3
CITY OF CHICAGO-:-WARD 38 PRECINCT 16,3
CITY OF CHICAGO-:-WARD 38 PRECINCT 18,3
CITY OF CHICAGO-:-WARD 38 PRECINCT 19,3
CITY OF CHICAGO-:-WARD 38 PRECINCT 20,3
CITY OF CHICAGO-:-WARD 38 PRECINCT 21,3
CITY OF CHICAGO-:-WARD 38 PRECINCT 22,3
CITY OF CHICAGO-:-WARD 38 PRECINCT 23,3
CITY OF CHICAGO-:-WARD 38 PRECINCT 25,3
CITY OF CHICAGO-:-WARD 39 PRECINCT 01,2
CITY OF CHICAGO-:-WARD 39 PRECINCT 02,2
CITY OF CHICAGO-:-WARD 39 PRECINCT 03,3
CITY OF CHICAGO-:-WARD 39 PRECINCT 04,2
CITY OF CHICAGO-:-WARD 39 PRECINCT 05,2
CITY OF CHICAGO-:-WARD 39 PRECINCT 06,2
CITY OF CHICAGO-:-WARD 39 PRECINCT 07,2
CITY OF CHICAGO-:-WARD 39 PRECINCT 08,2
CITY OF CHICAGO-:-WARD 39 PRECINCT 09,2
CITY OF CHICAGO-:-WARD 39 PRECINCT 10,2
CITY OF CHICAGO-:-WARD 39 PRECINCT 11,2
CITY OF CHICAGO-:-WARD 39 PRECINCT 12,2
CITY OF CHICAGO-:-WARD 39 PRECINCT 13,3
CITY OF CHICAGO-:-WARD 39 PRECINCT 14,4
CITY OF CHICAGO-:-WARD 39 PRECINCT 15,2
CITY OF CHICAGO-:-WARD 39 PRECINCT 16,3
CITY OF CHICAGO-:-WARD 39 PRECINCT 17,3
CITY OF CHICAGO-:-WARD 39 PRECINCT 18,3
CITY OF CHICAGO-:-WARD 39 PRECINCT 19,2
CITY OF CHICAGO-:-WARD 39 PRECINCT 20,3
CITY OF CHICAGO-:-WARD 39 PRECINCT 21,3
CITY OF CHICAGO-:-WARD 39 PRECINCT 22,2
CITY OF CHICAGO-:-WARD 39 PRECINCT 23,4
CITY OF CHICAGO-:-WARD 39 PRECINCT 24,3
CITY OF CHICAGO-:-WARD 39 PRECINCT 25,2
CITY OF CHICAGO-:-WARD 39 PRECINCT 26,3
CITY OF CHICAGO-:-WARD 39 PRECINCT 27,2
CITY OF CHICAGO-:-WARD 39 PRECINCT 29,2
CITY OF CHICAGO-:-WARD 39 PRECINCT 30,2
CITY OF CHICAGO-:-WARD 39 PRECINCT 31,2
CITY OF CHICAGO-:-WARD 39 PRECINCT 32,2
CITY OF CHICAGO-:-WARD 39 PRECINCT 33,4
CITY OF CHICAGO-:-WARD 39 PRECINCT 34,4
CITY OF CHICAGO-:-WARD 39 PRECINCT 35,2
CITY OF CHICAGO-:-WARD 40 PRECINCT 01,2
CITY OF CHICAGO-:-WARD 40 PRECINCT 02,2
CITY OF CHICAGO-:-WARD 40 PRECINCT 03,2
CITY OF CHICAGO-:-WARD 40 PRECINCT 05,2
CITY OF CHICAGO-:-WARD 40 PRECINCT 06,2
CITY OF CHICAGO-:-WARD 40 PRECINCT 07,2
CITY OF CHICAGO-:-WARD 40 PRECINCT 08,2
CITY OF CHICAGO-:-WARD 40 PRECINCT 09,2
CITY OF CHICAGO-:-WARD 40 PRECINCT 10,2
CITY OF CHICAGO-:-WARD 40 PRECINCT 11,2
CITY OF CHICAGO-:-WARD 40 PRECINCT 12,2
CITY OF CHICAGO-:-WARD 40 PRECINCT 13,2
CITY OF CHICAGO-:-WARD 40 PRECINCT 14,2
CITY OF CHICAGO-:-WARD 40 PRECINCT 15,2
CITY OF CHICAGO-:-WARD 40 PRECINCT 16,2
CITY OF CHICAGO-:-WARD 40 PRECINCT 17,2
CITY OF CHICAGO-:-WARD 40 PRECINCT 18,2
CITY OF CHICAGO-:-WARD 40 PRECINCT 20,2
CITY OF CHICAGO-:-WARD 40 PRECINCT 21,2
CITY OF CHICAGO-:-WARD 40 PRECINCT 22,2
CITY OF CHICAGO-:-WARD 41 PRECINCT 01,3
CITY OF CHICAGO-:-WARD 41 PRECINCT 02,3
CITY OF CHICAGO-:-WARD 41 PRECINCT 03,3
CITY OF CHICAGO-:-WARD 41 PRECINCT 04,3
CITY OF CHICAGO-:-WARD 41 PRECINCT 05,3
CITY OF CHICAGO-:-WARD 41 PRECINCT 06,3
CITY OF CHICAGO-:-WARD 41 PRECINCT 07,3
CITY OF CHICAGO-:-WARD 41 PRECINCT 08,3
CITY OF CHICAGO-:-WARD 41 PRECINCT 09,3
CITY OF CHICAGO-:-WARD 41 PRECINCT 10,3
CITY OF CHICAGO-:-WARD 41 PRECINCT 11,3
CITY OF CHICAGO-:-WARD 41 PRECINCT 12,3
CITY OF CHICAGO-:-WARD 41 PRECINCT 13,3
CITY OF CHICAGO-:-WARD 41 PRECINCT 14,3
CITY OF CHICAGO-:-WARD 41 PRECINCT 15,3
CITY OF CHICAGO-:-WARD 41 PRECINCT 16,3
CITY OF CHICAGO-:-WARD 41 PRECINCT 17,3
CITY OF CHICAGO-:-WARD 41 PRECINCT 18,3
CITY OF CHICAGO-:-WARD 41 PRECINCT 19,3
CITY OF CHICAGO-:-WARD 41 PRECINCT 20,3
CITY OF CHICAGO-:-WARD 41 PRECINCT 21,3
CITY OF CHICAGO-:-WARD 41 PRECINCT 22,3
CITY OF CHICAGO-:-WARD 41 PRECINCT 23,3
CITY OF CHICAGO-:-WARD 41 PRECINCT 24,3
CITY OF CHICAGO-:-WARD 41 PRECINCT 25,3
CITY OF CHICAGO-:-WARD 41 PRECINCT 26,4
CITY OF CHICAGO-:-WARD 41 PRECINCT 27,3
CITY OF CHICAGO-:-WARD 41 PRECINCT 29,4
CITY OF CHICAGO-:-WARD 41 PRECINCT 30,4
CITY OF CHICAGO-:-WARD 41 PRECINCT 31,4
CITY OF CHICAGO-:-WARD 42 PRECINCT 01,0
CITY OF CHICAGO-:-WARD 42 PRECINCT 02,0
CITY OF CHICAGO-:-WARD 42 PRECINCT 03,0
CITY OF CHICAGO-:-WARD 42 PRECINCT 04,0
CITY OF CHICAGO-:-WARD 42 PRECINCT 05,0
CITY OF CHICAGO-:-WARD 42 PRECINCT 06,0
CITY OF CHICAGO-:-WARD 42 PRECINCT 07,0
CITY OF CHICAGO-:-WARD 42 PRECINCT 08,0
CITY OF CHICAGO-:-WARD 42 PRECINCT 10,0
CITY OF CHICAGO-:-WARD 42 PRECINCT 11,0
CITY OF CHICAGO-:-WARD 42 PRECINCT 12,0
CITY OF CHICAGO-:-WARD 42 PRECINCT 13,0
CITY OF CHICAGO-:-WARD 42 PRECINCT 14,0
CITY OF CHICAGO-:-WARD 42 PRECINCT 15,0
CITY OF CHICAGO-:-WARD 42 PRECINCT 16,0
CITY OF CHICAGO-:-WARD 42 PRECINCT 17,0
CITY OF CHICAGO-:-WARD 42 PRECINCT 18,0
CITY OF CHICAGO-:-WARD 42 PRECINCT 19,0
CITY OF CHICAGO-:-WARD 42 PRECINCT 20,0
CITY OF CHICAGO-:-WARD 42 PRECINCT 21,0
CITY OF CHICAGO-:-WARD 42 PRECINCT 23,0
CITY OF CHICAGO-:-WARD 42 PRECINCT 24,0
CITY OF CHICAGO-:-WARD 43 PRECINCT 01,0
CITY OF CHICAGO-:-WARD 43 PRECINCT 02,0
CITY OF CHICAGO-:-WARD 43 PRECINCT 03,0
CITY OF CHICAGO-:-WARD 43 PRECINCT 04,2
CITY OF CHICAGO-:-WARD 43 PRECINCT 05,2
CITY OF CHICAGO-:-WARD 43 PRECINCT 06,2
CITY OF CHICAGO-:-WARD 43 PRECINCT 07,2
CITY OF CHICAGO-:-WARD 43 PRECINCT 08,2
CITY OF CHICAGO-:-WARD 43 PRECINCT 09,2
CITY OF CHICAGO-:-WARD 43 PRECINCT 10,2
CITY OF CHICAGO-:-WARD 43 PRECINCT 11,2
CITY OF CHICAGO-:-WARD 43 PRECINCT 12,2
CITY OF CHICAGO-:-WARD 43 PRECINCT 13,2
CITY OF CHICAGO-:-WARD 43 PRECINCT 14,2
CITY OF CHICAGO-:-WARD 43 PRECINCT 16,2
CITY OF CHICAGO-:-WARD 43 PRECINCT 17,2
CITY OF CHICAGO-:-WARD 43 PRECINCT 18,2
CITY OF CHICAGO-:-WARD 43 PRECINCT 19,2
CITY OF CHICAGO-:-WARD 43 PRECINCT 20,2
CITY OF CHICAGO-:-WARD 43 PRECINCT 21,2
CITY OF CHICAGO-:-WARD 43 PRECINCT 22,2
CITY OF CHICAGO-:-WARD 43 PRECINCT 23,2
CITY OF CHICAGO-:-WARD 44 PRECINCT 01,2
CITY OF CHICAGO-:-WARD 44 PRECINCT 02,2
CITY OF CHICAGO-:-WARD 44 PRECINCT 03,2
CITY OF CHICAGO-:-WARD 44 PRECINCT 04,2
CITY OF CHICAGO-:-WARD 44 PRECINCT 05,2
CITY OF CHICAGO-:-WARD 44 PRECINCT 06,2
CITY OF CHICAGO-:-WARD 44 PRECINCT 07,2
CITY OF CHICAGO-:-WARD 44 PRECINCT 08,2
CITY OF CHICAGO-:-WARD 44 PRECINCT 09,2
CITY OF CHICAGO-:-WARD 44 PRECINCT 10,2
CITY OF CHICAGO-:-WARD 44 PRECINCT 11,2
CITY OF CHICAGO-:-WARD 44 PRECINCT 12,2
CITY OF CHICAGO-:-WARD 44 PRECINCT 13,2
CITY OF CHICAGO-:-WARD 44 PRECINCT 14,2
CITY OF CHICAGO-:-WARD 44 PRECINCT 15,2
CITY OF CHICAGO-:-WARD 44 PRECINCT 16,2
CITY OF CHICAGO-:-WARD 44 PRECINCT 17,2
CITY OF CHICAGO-:-WARD 44 PRECINCT 18,2
CITY OF CHICAGO-:-WARD 44 PRECINCT 19,2
CITY OF CHICAGO-:-WARD 44 PRECINCT 20,2
CITY OF CHICAGO-:-WARD 44 PRECINCT 21,2
CITY OF CHICAGO-:-WARD 45 PRECINCT 01,4
CITY OF CHICAGO-:-WARD 45 PRECINCT 02,4
CITY OF CHICAGO-:-WARD 45 PRECINCT 03,4
CITY OF CHICAGO-:-WARD 45 PRECINCT 04,4
CITY OF CHICAGO-:-WARD 45 PRECINCT 05,4
CITY OF CHICAGO-:-WARD 45 PRECINCT 06,3
CITY OF CHICAGO-:-WARD 45 PRECINCT 07,3
CITY OF CHICAGO-:-WARD 45 PRECINCT 08,3
CITY OF CHICAGO-:-WARD 45 PRECINCT 09,3
CITY OF CHICAGO-:-WARD 45 PRECINCT 10,3
CITY OF CHICAGO-:-WARD 45 PRECINCT 11,3
CITY OF CHICAGO-:-WARD 45 PRECINCT 12,3
CITY OF CHICAGO-:-WARD 45 PRECINCT 13,3
CITY OF CHICAGO-:-WARD 45 PRECINCT 14,3
CITY OF CHICAGO-:-WARD 45 PRECINCT 15,3
CITY OF CHICAGO-:-WARD 45 PRECINCT 16,3
CITY OF CHICAGO-:-WARD 45 PRECINCT 17,3
CITY OF CHICAGO-:-WARD 45 PRECINCT 18,3
CITY OF CHICAGO-:-WARD 45 PRECINCT 19,3
CITY OF CHICAGO-:-WARD 45 PRECINCT 20,3
CITY OF CHICAGO-:-WARD 45 PRECINCT 21,3
CITY OF CHICAGO-:-WARD 45 PRECINCT 22,3
CITY OF CHICAGO-:-WARD 45 PRECINCT 23,3
CITY OF CHICAGO-:-WARD 45 PRECINCT 25,3
CITY OF CHICAGO-:-WARD 45 PRECINCT 26,3
CITY OF CHICAGO-:-WARD 45 PRECINCT 28,3
CITY OF CHICAGO-:-WARD 46 PRECINCT 01,2
CITY OF CHICAGO-:-WARD 46 PRECINCT 02,2
CITY OF CHICAGO-:-WARD 46 PRECINCT 03,2
CITY OF CHICAGO-:-WARD 46 PRECINCT 04,2
CITY OF CHICAGO-:-WARD 46 PRECINCT 05,2
CITY OF CHICAGO-:-WARD 46 PRECINCT 06,2
CITY OF CHICAGO-:-WARD 46 PRECINCT 09,2
CITY OF CHICAGO-:-WARD 46 PRECINCT 11,2
CITY OF CHICAGO-:-WARD 46 PRECINCT 12,2
CITY OF CHICAGO-:-WARD 46 PRECINCT 13,2
CITY OF CHICAGO-:-WARD 46 PRECINCT 14,2
CITY OF CHICAGO-:-WARD 46 PRECINCT 15,2
CITY OF CHICAGO-:-WARD 46 PRECINCT 16,2
CITY OF CHICAGO-:-WARD 46 PRECINCT 17,2
CITY OF CHICAGO-:-WARD 46 PRECINCT 18,2
CITY OF CHICAGO-:-WARD 46 PRECINCT 19,2
CITY OF CHICAGO-:-WARD 46 PRECINCT 20,2
CITY OF CHICAGO-:-WARD 46 PRECINCT 21,2
CITY OF CHICAGO-:-WARD 46 PRECINCT 22,2
CITY OF CHICAGO-:-WARD 46 PRECINCT 23,2
CITY OF CHICAGO-:-WARD 47 PRECINCT 01,2
CITY OF CHICAGO-:-WARD 47 PRECINCT 04,2
CITY OF CHICAGO-:-WARD 47 PRECINCT 05,2
CITY OF CHICAGO-:-WARD 47 PRECINCT 06,2
CITY OF CHICAGO-:-WARD 47 PRECINCT 07,2
CITY OF CHICAGO-:-WARD 47 PRECINCT 08,2
CITY OF CHICAGO-:-WARD 47 PRECINCT 09,2
CITY OF CHICAGO-:-WARD 47 PRECINCT 10,2
CITY OF CHICAGO-:-WARD 47 PRECINCT 11,2
CITY OF CHICAGO-:-WARD 47 PRECINCT 12,2
CITY OF CHICAGO-:-WARD 47 PRECINCT 13,2
CITY OF CHICAGO-:-WARD 47 PRECINCT 14,2
CITY OF CHICAGO-:-WARD 47 PRECINCT 15,2
CITY OF CHICAGO-:-WARD 47 PRECINCT 16,2
CITY OF CHICAGO-:-WARD 47 PRECINCT 17,2
CITY OF CHICAGO-:-WARD 47 PRECINCT 18,2
CITY OF CHICAGO-:-WARD 47 PRECINCT 19,2
CITY OF CHICAGO-:-WARD 47 PRECINCT 20,2
CITY OF CHICAGO-:-WARD 47 PRECINCT 21,2
CITY OF CHICAGO-:-WARD 47 PRECINCT 22,2
CITY OF CHICAGO-:-WARD 47 PRECINCT 23,2
CITY OF CHICAGO-:-WARD 47 PRECINCT 24,2
CITY OF CHICAGO-:-WARD 47 PRECINCT 25,2
CITY OF CHICAGO-:-WARD 47 PRECINCT 26,2
CITY OF CHICAGO-:-WARD 47 PRECINCT 27,2
CITY OF CHICAGO-:-WARD 48 PRECINCT 01,2
CITY OF CHICAGO-:-WARD 48 PRECINCT 02,2
CITY OF CHICAGO-:-WARD 48 PRECINCT 03,2
CITY OF CHICAGO-:-WARD 48 PRECINCT 04,2
CITY OF CHICAGO-:-WARD 48 PRECINCT 05,2
CITY OF CHICAGO-:-WARD 48 PRECINCT 06,2
CITY OF CHICAGO-:-WARD 48 PRECINCT 07,2
CITY OF CHICAGO-:-WARD 48 PRECINCT 08,2
CITY OF CHICAGO-:-WARD 48 PRECINCT 09,2
CITY OF CHICAGO-:-WARD 48 PRECINCT 10,2
CITY OF CHICAGO-:-WARD 48 PRECINCT 11,2
CITY OF CHICAGO-:-WARD 48 PRECINCT 12,2
CITY OF CHICAGO-:-WARD 48 PRECINCT 13,2
CITY OF CHICAGO-:-WARD 48 PRECINCT 14,2
CITY OF CHICAGO-:-WARD 48 PRECINCT 15,2
CITY OF CHICAGO-:-WARD 48 PRECINCT 16,2
CITY OF CHICAGO-:-WARD 48 PRECINCT 17,2
CITY OF CHICAGO-:-WARD 48 PRECINCT 18,2
CITY OF CHICAGO-:-WARD 48 PRECINCT 19,2
CITY OF CHICAGO-:-WARD 48 PRECINCT 20,2
CITY OF CHICAGO-:-WARD 48 PRECINCT 21,2
CITY OF CHICAGO-:-WARD 48 PRECINCT 22,2
CITY OF CHICAGO-:-WARD 48 PRECINCT 23,2
CITY OF CHICAGO-:-WARD 48 PRECINCT 24,2
CITY OF CHICAGO-:-WARD 48 PRECINCT 25,2
CITY OF CHICAGO-:-WARD 48 PRECINCT 26,2
CITY OF CHICAGO-:-WARD 48 PRECINCT 27,2
CITY OF CHICAGO-:-WARD 48 PRECINCT 28,2
CITY OF CHICAGO-:-WARD 48 PRECINCT 29,2
CITY OF CHICAGO-:-WARD 48 PRECINCT 30,2
CITY OF CHICAGO-:-WARD 48 PRECINCT 31,2
CITY OF CHICAGO-:-WARD 48 PRECINCT 32,2
CITY OF CHICAGO-:-WARD 48 PRECINCT 33,2
CITY OF CHICAGO-:-WARD 48 PRECINCT 34,2
CITY OF CHICAGO-:-WARD 48 PRECINCT 35,2
CITY OF CHICAGO-:-WARD 49 PRECINCT 01,2
CITY OF CHICAGO-:-WARD 49 PRECINCT 02,2
CITY OF CHICAGO-:-WARD 49 PRECINCT 03,2
CITY OF CHICAGO-:-WARD 49 PRECINCT 04,2
CITY OF CHICAGO-:-WARD 49 PRECINCT 05,2
CITY OF CHICAGO-:-WARD 49 PRECINCT 06,2
CITY OF CHICAGO-:-WARD 49 PRECINCT 07,2
CITY OF CHICAGO-:-WARD 49 PRECINCT 08,2
CITY OF CHICAGO-:-WARD 49 PRECINCT 09,2
CITY OF CHICAGO-:-WARD 49 PRECINCT 10,2
CITY OF CHICAGO-:-WARD 49 PRECINCT 11,2
CITY OF CHICAGO-:-WARD 49 PRECINCT 12,2
CITY OF CHICAGO-:-WARD 49 PRECINCT 13,2
CITY OF CHICAGO-:-WARD 49 PRECINCT 14,2
CITY OF CHICAGO-:-WARD 49 PRECINCT 15,2
CITY OF CHICAGO-:-WARD 49 PRECINCT 16,2
CITY OF CHICAGO-:-WARD 49 PRECINCT 17,2
CITY OF CHICAGO-:-WARD 50 PRECINCT 01,4
CITY OF CHICAGO-:-WARD 50 PRECINCT 02,2
CITY OF CHICAGO-:-WARD 50 PRECINCT 03,2
CITY OF CHICAGO-:-WARD 50 PRECINCT 04,2
CITY OF CHICAGO-:-WARD 50 PRECINCT 05,4
CITY OF CHICAGO-:-WARD 50 PRECINCT 06,2
CITY OF CHICAGO-:-WARD 50 PRECINCT 07,2
CITY OF CHICAGO-:-WARD 50 PRECINCT 08,4
CITY OF CHICAGO-:-WARD 50 PRECINCT 09,4
CITY OF CHICAGO-:-WARD 50 PRECINCT 10,4
CITY OF CHICAGO-:-WARD 50 PRECINCT 11,2
CITY OF CHICAGO-:-WARD 50 PRECINCT 12,4
CITY OF CHICAGO-:-WARD 50 PRECINCT 13,4
CITY OF CHICAGO-:-WARD 50 PRECINCT 14,4
CITY OF CHICAGO-:-WARD 50 PRECINCT 15,4
CITY OF CHICAGO-:-WARD 50 PRECINCT 16,4
CITY OF CHICAGO-:-WARD 50 PRECINCT 17,4
CITY OF CHICAGO-:-WARD 50 PRECINCT 18,4
CITY OF CHICAGO-:-WARD 50 PRECINCT 19,2
CITY OF CHICAGO-:-WARD 50 PRECINCT 20,4
CITY OF CHICAGO-:-WARD 50 PRECINCT 21,2
CITY OF CHICAGO-:-WARD 50 PRECINCT 22,4
CITY OF CHICAGO-:-WARD 50 PRECINCT 23,4
CITY OF CHICAGO-:-WARD 50 PRECINCT 25,4
CITY OF CHICAGO-:-WARD 50 PRECINCT 26,4
CITY OF CHICAGO-:-WARD 50 PRECINCT 27,4
CITY OF CHICAGO-:-WARD 50 PRECINCT 28,2
CITY OF DANVILLE-:-PRECINCT 1,11
CITY OF DANVILLE-:-PRECINCT 10,11
CITY OF DANVILLE-:-PRECINCT 11,11
CITY OF DANVILLE-:-PRECINCT 12,11
CITY OF DANVILLE-:-PRECINCT 13,11
CITY OF DANVILLE-:-PRECINCT 14,11
CITY OF DANVILLE-:-PRECINCT 15,11
CITY OF DANVILLE-:-PRECINCT 16,11
CITY OF DANVILLE-:-PRECINCT 17,11
CITY OF DANVILLE-:-PRECINCT 18,11
CITY OF DANVILLE-:-PRECINCT 19,11
CITY OF DANVILLE-:-PRECINCT 2,11
CITY OF DANVILLE-:-PRECINCT 20,11
CITY OF DANVILLE-:-PRECINCT 21,11
CITY OF DANVILLE-:-PRECINCT 22,11
CITY OF DANVILLE-:-PRECINCT 3,11
CITY OF DANVILLE-:-PRECINCT 4,11
CITY OF DANVILLE-:-PRECINCT 5,11
CITY OF DANVILLE-:-PRECINCT 6,11
CITY OF DANVILLE-:-PRECINCT 7,11
CITY OF DANVILLE-:-PRECINCT 8,11
CITY OF DANVILLE-:-PRECINCT 9,11
CITY OF EAST ST. LOUIS-:-PRECINCT 1,11
CITY OF EAST ST. LOUIS-:-PRECINCT 10,11
CITY OF EAST ST. LOUIS-:-PRECINCT 11,11
CITY OF EAST ST. LOUIS-:-PRECINCT 12,11
CITY OF EAST ST. LOUIS-:-PRECINCT 13,11
CITY OF EAST ST. LOUIS-:-PRECINCT 2,11
CITY OF EAST ST. LOUIS-:-PRECINCT 3,11
CITY OF EAST ST. LOUIS-:-PRECINCT 4,11
CITY OF EAST ST. LOUIS-:-PRECINCT 5,11
CITY OF EAST ST. LOUIS-:-PRECINCT 6,11
CITY OF EAST ST. LOUIS-:-PRECINCT 7,11
CITY OF EAST ST. LOUIS-:-PRECINCT 8,11
CITY OF EAST ST. LOUIS-:-PRECINCT 9,11
CITY OF GALESBURG-:-PRECINCT 1,15
CITY OF GALESBURG-:-PRECINCT 10,15
CITY OF GALESBURG-:-PRECINCT 11,15
CITY OF GALESBURG-:-PRECINCT 12,15
CITY OF GALESBURG-:-PRECINCT 13,15
CITY OF GALESBURG-:-PRECINCT 14,15
CITY OF GALESBURG-:-PRECINCT 15,15
CITY OF GALESBURG-:-PRECINCT 16,15
CITY OF GALESBURG-:-PRECINCT 17,15
CITY OF GALESBURG-:-PRECINCT 18,15
CITY OF GALESBURG-:-PRECINCT 19,15
CITY OF GALESBURG-:-PRECINCT 2,15
CITY OF GALESBURG-:-PRECINCT 20,15
CITY OF GALESBURG-:-PRECINCT 3,15
CITY OF GALESBURG-:-PRECINCT 4,15
CITY OF GALESBURG-:-PRECINCT 5,15
CITY OF GALESBURG-:-PRECINCT 6,15
CITY OF GALESBURG-:-PRECINCT 7,15
CITY OF GALESBURG-:-PRECINCT 8,15
CITY OF GALESBURG-:-PRECINCT 9,15
CITY OF ROCKFORD-:-WARD 1 PRECINCT 1,4
CITY OF ROCKFORD-:-WARD 1 PRECINCT 3,4
CITY OF ROCKFORD-:-WARD 1 PRECINCT 4,4
CITY OF ROCKFORD-:-WARD 1 PRECINCT 6,4
CITY OF ROCKFORD-:-WARD 1 PRECINCT 7,4
CITY OF ROCKFORD-:-WARD 1 PRECINCT 8,4
CITY OF ROCKFORD-:-WARD 10 PRECINCT 1,4
CITY OF ROCKFORD-:-WARD 10 PRECINCT 2,4
CITY OF ROCKFORD-:-WARD 10 PRECINCT 3,4
CITY OF ROCKFORD-:-WARD 10 PRECINCT 4,4
CITY OF ROCKFORD-:-WARD 10 PRECINCT 5,4
CITY OF ROCKFORD-:-WARD 10 PRECINCT 6,4
CITY OF ROCKFORD-:-WARD 10 PRECINCT 7,4
CITY OF ROCKFORD-:-WARD 11 PRECINCT 1,4
CITY OF ROCKFORD-:-WARD 11 PRECINCT 2,4
CITY OF ROCKFORD-:-WARD 11 PRECINCT 3,4
CITY OF ROCKFORD-:-WARD 11 PRECINCT 4,4
CITY OF ROCKFORD-:-WARD 12 PRECINCT 1,4
CITY OF ROCKFORD-:-WARD 12 PRECINCT 3,4
CITY OF ROCKFORD-:-WARD 12 PRECINCT 4,4
CITY OF ROCKFORD-:-WARD 12 PRECINCT 6,4
CITY OF ROCKFORD-:-WARD 12 PRECINCT 7,4
CITY OF ROCKFORD-:-WARD 13 PRECINCT 1,4
CITY OF ROCKFORD-:-WARD 13 PRECINCT 2,4
CITY OF ROCKFORD-:-WARD 13 PRECINCT 3,4
CITY OF ROCKFORD-:-WARD 13 PRECINCT 4,4
CITY OF ROCKFORD-:-WARD 13 PRECINCT 5,4
CITY OF ROCKFORD-:-WARD 14 PRECINCT 1,4
CITY OF ROCKFORD-:-WARD 14 PRECINCT 2,4
CITY OF ROCKFORD-:-WARD 14 PRECINCT 3,4
CITY OF ROCKFORD-:-WARD 14 PRECINCT 4,4
CITY OF ROCKFORD-:-WARD 14 PRECINCT 5,4
CITY OF ROCKFORD-:-WARD 14 PRECINCT 6,4
CITY OF ROCKFORD-:-WARD 2 PRECINCT 1,4
CITY OF ROCKFORD-:-WARD 2 PRECINCT 2,4
CITY OF ROCKFORD-:-WARD 2 PRECINCT 3,4
CITY OF ROCKFORD-:-WARD 2 PRECINCT 4,4
CITY OF ROCKFORD-:-WARD 2 PRECINCT 5,4
CITY OF ROCKFORD-:-WARD 2 PRECINCT 6,4
CITY OF ROCKFORD-:-WARD 3 PRECINCT 1,4
CITY OF ROCKFORD-:-WARD 3 PRECINCT 2,4
CITY OF ROCKFORD-:-WARD 3 PRECINCT 3,4
CITY OF ROCKFORD-:-WARD 3 PRECINCT 4,4
CITY OF ROCKFORD-:-WARD 3 PRECINCT 5,4
CITY OF ROCKFORD-:-WARD 3 PRECINCT 6,4
CITY OF ROCKFORD-:-WARD 3 PRECINCT 7,4
CITY OF ROCKFORD-:-WARD 4 PRECINCT 2,4
CITY OF ROCKFORD-:-WARD 4 PRECINCT 3,4
CITY OF ROCKFORD-:-WARD 4 PRECINCT 5,4
CITY OF ROCKFORD-:-WARD 4 PRECINCT 6,4
CITY OF ROCKFORD-:-WARD 4 PRECINCT 7,4
CITY OF ROCKFORD-:-WARD 5 PRECINCT 1,4
CITY OF ROCKFORD-:-WARD 5 PRECINCT 2,4
CITY OF ROCKFORD-:-WARD 5 PRECINCT 4,4
CITY OF ROCKFORD-:-WARD 5 PRECINCT 5,4
CITY OF ROCKFORD-:-WARD 6 PRECINCT 2,4
CITY OF ROCKFORD-:-WARD 6 PRECINCT 4,4
CITY OF ROCKFORD-:-WARD 6 PRECINCT 5,4
CITY OF ROCKFORD-:-WARD 7 PRECINCT 1,4
CITY OF ROCKFORD-:-WARD 7 PRECINCT 2,4
CITY OF ROCKFORD-:-WARD 7 PRECINCT 3,4
CITY OF ROCKFORD-:-WARD 7 PRECINCT 5,4
CITY OF ROCKFORD-:-WARD 7 PRECINCT 6,4
CITY OF ROCKFORD-:-WARD 8 PRECINCT 1,4
CITY OF ROCKFORD-:-WARD 8 PRECINCT 2,4
CITY OF ROCKFORD-:-WARD 8 PRECINCT 3,4
CITY OF ROCKFORD-:-WARD 8 PRECINCT 4,4
CITY OF ROCKFORD-:-WARD 8 PRECINCT 5,4
CITY OF ROCKFORD-:-WARD 8 PRECINCT 6,4
CITY OF ROCKFORD-:-WARD 9 PRECINCT 1,4
CITY OF ROCKFORD-:-WARD 9 PRECINCT 2,4
CITY OF ROCKFORD-:-WARD 9 PRECINCT 4,4
CITY OF ROCKFORD-:-WARD 9 PRECINCT 5,4
CITY OF ROCKFORD-:-WARD 9 PRECINCT 6,4
CLARK-:-ANDERSON,11
CLARK-:-AUBURN,12
CLARK-:-CASEY 1,11
CLARK-:-CASEY 2,11
CLARK-:-CASEY 3,11
CLARK-:-CASEY 4,11
CLARK-:-DARWIN,13
CLARK-:-DOLSON,12
CLARK-:-DOUGLAS,12
CLARK-:-JOHNSON,13
CLARK-:-MARSHALL 1,11
CLARK-:-MARSHALL 2,11
CLARK-:-MARSHALL 3,11
CLARK-:-MARSHALL 4,11
CLARK-:-MARTINSVILLE 1,11
CLARK-:-MARTINSVILLE 2,11
CLARK-:-MELROSE,13
CLARK-:-ORANGE,13
CLARK-:-PARKER,12
CLARK-:-WABASH 1,11
CLARK-:-WABASH 2,11
CLARK-:-WESTFIELD,12
CLARK-:-YORK,11
CLAY-:-BIBLE GROVE,13
CLAY-:-BLAIR,13
CLAY-:-CLAY CITY,13
CLAY-:-HARTER 1,13
CLAY-:-HARTER 3,13
CLAY-:-HARTER 4,13
CLAY-:-HARTER 5,13
CLAY-:-HARTER 6,13
CLAY-:-HARTER 7,13
CLAY-:-HOOSIER,13
CLAY-:-LARKINSBURG,13
CLAY-:-LOUISVILLE 1,13
CLAY-:-LOUISVILLE 2,13
CLAY-:-OSKALOOSA,13
CLAY-:-PIXLEY,13
CLAY-:-SONGER,13
CLAY-:-STANFORD,13
CLAY-:-XENIA,13
CLINTON-:-BREESE 1,11
CLINTON-:-BREESE 2,11
CLINTON-:-BREESE 3,11
CLINTON-:-BREESE 4,11
CLINTON-:-BROOKSIDE 1,11
CLINTON-:-BROOKSIDE 2,11
CLINTON-:-BROOKSIDE 3,13
CLINTON-:-CARLYLE 1,13
CLINTON-:-CARLYLE 2,13
CLINTON-:-CARLYLE 3,13
CLINTON-:-CARLYLE 4,13
CLINTON-:-CLEMENT,13
CLINTON-:-EAST FORK,13
CLINTON-:-GERMANTOWN 1,11
CLINTON-:-GERMANTOWN 2,11
CLINTON-:-IRISHTOWN,13
CLINTON-:-LAKE,11
CLINTON-:-LOOKINGGLASS 1,11
CLINTON-:-LOOKINGGLASS 2,11
CLINTON-:-LOOKINGGLASS 3,13
CLINTON-:-LOOKINGGLASS 4,11
CLINTON-:-LOOKINGGLASS 5,11
CLINTON-:-LOOKINGGLASS 6,11
CLINTON-:-MERIDIAN,13
CLINTON-:-SANTA FE,11
CLINTON-:-ST ROSE,11
CLINTON-:-SUGAR CREEK 1,11
CLINTON-:-SUGAR CREEK 2,11
CLINTON-:-SUGAR CREEK 3,11
CLINTON-:-SUGAR CREEK 4,11
CLINTON-:-SUGAR CREEK 5,11
CLINTON-:-WADE 1,13
CLINTON-:-WADE 2,11
CLINTON-:-WHEATFIELD,13
COLES-:-ASHMORE 1,12
COLES-:-CHARLESTON 1,12
COLES-:-CHARLESTON 10,12
COLES-:-CHARLESTON 11,12
COLES-:-CHARLESTON 12,12
COLES-:-CHARLESTON 13,12
COLES-:-CHARLESTON 14,12
COLES-:-CHARLESTON 15,12
COLES-:-CHARLESTON 16,12
COLES-:-CHARLESTON 17,12
COLES-:-CHARLESTON 18,12
COLES-:-CHARLESTON 19,12
COLES-:-CHARLESTON 2,12
COLES-:-CHARLESTON 3,12
COLES-:-CHARLESTON 4,12
COLES-:-CHARLESTON 5,12
COLES-:-CHARLESTON 6,12
COLES-:-CHARLESTON 8,12
COLES-:-EAST OAKLAND 1,12
COLES-:-HUMBOLDT 1,12
COLES-:-HUTTON 1,11
COLES-:-LAFAYETTE 1,12
COLES-:-LAFAYETTE 2,12
COLES-:-LAFAYETTE 3,12
COLES-:-LAFAYETTE 4,12
COLES-:-MATTOON 10,12
COLES-:-MATTOON 12,12
COLES-:-MATTOON 13,12
COLES-:-MATTOON 16,12
COLES-:-MATTOON 17,12
COLES-:-MATTOON 18,12
COLES-:-MATTOON 19,12
COLES-:-MATTOON 21,12
COLES-:-MATTOON 22,12
COLES-:-MATTOON 3,12
COLES-:-MATTOON 4,12
COLES-:-MATTOON 5,12
COLES-:-MATTOON 6,12
COLES-:-MATTOON 8,12
COLES-:-MORGAN 1,12
COLES-:-NORTH OKAW 1,12
COLES-:-PARADISE 1,12
COLES-:-PLEASANT GROVE 1,12
COLES-:-SEVEN HICKORY 1,12
COOK-:-7000001,16
COOK-:-7000002,16
COOK-:-7000003,16
COOK-:-7000005,16
COOK-:-7000006,16
COOK-:-7000007,3
COOK-:-7000009,3
COOK-:-7000010,3
COOK-:-7000011,16
COOK-:-7100001,15
COOK-:-7100002,15
COOK-:-7100003,15
COOK-:-7100004,10
COOK-:-7100005,15
COOK-:-7100006,15
COOK-:-7100007,15
COOK-:-7100008,10
COOK-:-7100009,10
COOK-:-7100010,15
COOK-:-7100011,15
COOK-:-7100012,10
COOK-:-7100013,10
COOK-:-7100014,15
COOK-:-7100015,10
COOK-:-7100016,15
COOK-:-7100017,10
COOK-:-7100018,15
COOK-:-7100019,15
COOK-:-7100020,15
COOK-:-7100021,15
COOK-:-7100022,15
COOK-:-7100023,15
COOK-:-7100024,15
COOK-:-7100025,10
COOK-:-7100026,15
COOK-:-7100027,15
COOK-:-7100028,15
COOK-:-7100029,15
COOK-:-7100030,15
COOK-:-7100031,10
COOK-:-7100032,15
COOK-:-7100033,15
COOK-:-7100034,15
COOK-:-7100035,10
COOK-:-7100036,15
COOK-:-7100037,15
COOK-:-7100038,15
COOK-:-7100039,10
COOK-:-7100040,15
COOK-:-7100041,15
COOK-:-7100042,15
COOK-:-7100043,15
COOK-:-7100044,15
COOK-:-7100045,15
COOK-:-7100046,10
COOK-:-7100047,10
COOK-:-7100048,15
COOK-:-7100049,15
COOK-:-7100050,15
COOK-:-7100051,10
COOK-:-7100052,10
COOK-:-7100053,15
COOK-:-7100054,10
COOK-:-7200001,9
COOK-:-7200002,10
COOK-:-7200004,10
COOK-:-7200005,15
COOK-:-7200006,15
COOK-:-7200008,15
COOK-:-7200009,10
COOK-:-7200010,10
COOK-:-7200011,9
COOK-:-7200013,9
COOK-:-7200014,15
COOK-:-7200015,9
COOK-:-7200016,9
COOK-:-7200017,9
COOK-:-7200018,10
COOK-:-7200019,10
COOK-:-7200020,10
COOK-:-7200022,10
COOK-:-7200023,9
COOK-:-7200024,10
COOK-:-7200025,9
COOK-:-7200026,15
COOK-:-7200027,10
COOK-:-7200028,9
COOK-:-7200029,10
COOK-:-7200031,15
COOK-:-7200032,15
COOK-:-7200033,10
COOK-:-7200034,10
COOK-:-7200035,15
COOK-:-7200036,15
COOK-:-7200037,9
COOK-:-7200038,10
COOK-:-7200039,15
COOK-:-7200040,10
COOK-:-7200041,15
COOK-:-7200042,10
COOK-:-7200043,15
COOK-:-7200044,9
COOK-:-7200046,15
COOK-:-7200047,10
COOK-:-7200048,15
COOK-:-7200049,15
COOK-:-7200050,10
COOK-:-7200051,10
COOK-:-7200052,10
COOK-:-7200053,9
COOK-:-7200054,10
COOK-:-7200055,15
COOK-:-7200056,15
COOK-:-7200057,10
COOK-:-7200058,10
COOK-:-7200059,10
COOK-:-7200060,9
COOK-:-7200061,9
COOK-:-7200062,10
COOK-:-7200063,10
COOK-:-7200064,9
COOK-:-7200065,10
COOK-:-7200066,15
COOK-:-7300003,9
COOK-:-7300004,0
COOK-:-7300005,15
COOK-:-7300006,9
COOK-:-7300007,15
COOK-:-7300008,9
COOK-:-7300009,0
COOK-:-7300010,0
COOK-:-7300011,15
COOK-:-7400001,4
COOK-:-7400002,7
COOK-:-7400003,3
COOK-:-7400004,3
COOK-:-7400005,4
COOK-:-7400006,4
COOK-:-7400007,4
COOK-:-7400008,3
COOK-:-7400009,3
COOK-:-7400010,4
COOK-:-7400011,4
COOK-:-7400012,3
COOK-:-7400013,4
COOK-:-7400015,3
COOK-:-7400018,3
COOK-:-7400019,4
COOK-:-7400020,3
COOK-:-7400021,3
COOK-:-7400022,3
COOK-:-7400024,4
COOK-:-7400025,4
COOK-:-7400026,4
COOK-:-7400028,3
COOK-:-7400029,3
COOK-:-7400030,4
COOK-:-7400031,3
COOK-:-7400032,3
COOK-:-7400033,4
COOK-:-7400034,4
COOK-:-7400035,3
COOK-:-7400036,3
COOK-:-7400037,4
COOK-:-7400038,3
COOK-:-7400039,3
COOK-:-7400040,3
COOK-:-7400041,4
COOK-:-7400042,3
COOK-:-7400043,7
COOK-:-7400045,3
COOK-:-7501001,2
COOK-:-7501002,2
COOK-:-7501003,2
COOK-:-7501004,2
COOK-:-7502001,2
COOK-:-7502002,2
COOK-:-7502003,2
COOK-:-7502004,2
COOK-:-7502005,2
COOK-:-7503001,2
COOK-:-7503002,2
COOK-:-7503003,2
COOK-:-7503004,2
COOK-:-7503005,2
COOK-:-7504001,2
COOK-:-7504002,2
COOK-:-7504003,2
COOK-:-7504004,2
COOK-:-7504005,2
COOK-:-7504006,2
COOK-:-7504007,2
COOK-:-7505001,2
COOK-:-7505002,2
COOK-:-7505003,2
COOK-:-7506001,2
COOK-:-7506002,2
COOK-:-7506003,2
COOK-:-7506004,2
COOK-:-7506005,2
COOK-:-7506006,2
COOK-:-7507001,2
COOK-:-7507002,2
COOK-:-7507003,2
COOK-:-7507004,2
COOK-:-7507005,2
COOK-:-7508001,2
COOK-:-7508002,2
COOK-:-7508003,2
COOK-:-7508004,2
COOK-:-7508005,2
COOK-:-7509001,2
COOK-:-7509002,2
COOK-:-7509003,2
COOK-:-7509004,2
COOK-:-7509005,2
COOK-:-7600001,3
COOK-:-7600002,3
COOK-:-7600003,3
COOK-:-7600005,3
COOK-:-7600006,3
COOK-:-7600007,3
COOK-:-7600008,3
COOK-:-7600009,7
COOK-:-7600010,16
COOK-:-7600011,3
COOK-:-7600012,7
COOK-:-7600013,3
COOK-:-7600014,3
COOK-:-7600016,3
COOK-:-7600017,3
COOK-:-7600018,3
COOK-:-7600019,16
COOK-:-7600020,3
COOK-:-7600021,3
COOK-:-7600022,3
COOK-:-7600023,3
COOK-:-7600024,3
COOK-:-7600025,3
COOK-:-7600026,3
COOK-:-7600027,3
COOK-:-7600028,3
COOK-:-7600029,3
COOK-:-7600030,3
COOK-:-7600031,7
COOK-:-7600032,3
COOK-:-7600033,3
COOK-:-7600034,3
COOK-:-7600035,3
COOK-:-7600036,3
COOK-:-7600037,3
COOK-:-7600038,3
COOK-:-7600039,3
COOK-:-7600040,3
COOK-:-7600041,3
COOK-:-7600042,3
COOK-:-7600043,3
COOK-:-7700001,5
COOK-:-7700002,5
COOK-:-7700003,5
COOK-:-7700004,5
COOK-:-7700005,5
COOK-:-7700006,5
COOK-:-7700007,5
COOK-:-7700008,5
COOK-:-7700009,5
COOK-:-7700010,5
COOK-:-7700011,10
COOK-:-7700012,10
COOK-:-7700014,5
COOK-:-7800001,7
COOK-:-7800002,7
COOK-:-7800003,3
COOK-:-7800004,3
COOK-:-7800005,7
COOK-:-7800006,3
COOK-:-7800007,3
COOK-:-7800008,3
COOK-:-7800009,5
COOK-:-7800010,3
COOK-:-7800011,5
COOK-:-7800012,3
COOK-:-7800013,3
COOK-:-7800014,5
COOK-:-7800015,3
COOK-:-7800016,3
COOK-:-7800017,7
COOK-:-7800018,7
COOK-:-7800019,3
COOK-:-7800020,3
COOK-:-7800021,3
COOK-:-7800022,5
COOK-:-7800023,3
COOK-:-7800024,3
COOK-:-7800025,7
COOK-:-7800027,7
COOK-:-7800028,3
COOK-:-7800029,3
COOK-:-7800030,3
COOK-:-7800031,7
COOK-:-7800032,7
COOK-:-7800033,7
COOK-:-7800034,3
COOK-:-7800035,3
COOK-:-7800036,3
COOK-:-7800037,3
COOK-:-7800038,3
COOK-:-7800039,3
COOK-:-7800040,3
COOK-:-7800041,7
COOK-:-7800043,3
COOK-:-7800044,7
COOK-:-7800045,7
COOK-:-7800046,7
COOK-:-7800047,7
COOK-:-7800048,3
COOK-:-7800049,3
COOK-:-7800050,3
COOK-:-7900001,5
COOK-:-7900002,5
COOK-:-7900003,5
COOK-:-7900004,5
COOK-:-7900005,5
COOK-:-7900006,5
COOK-:-7900007,5
COOK-:-7900008,10
COOK-:-7900009,5
COOK-:-7900011,5
COOK-:-7900013,10
COOK-:-7900014,5
COOK-:-7900015,5
COOK-:-7900016,5
COOK-:-7900017,5
COOK-:-7900018,5
COOK-:-7900019,5
COOK-:-7900020,5
COOK-:-7900021,5
COOK-:-7900022,5
COOK-:-7900023,5
COOK-:-7900024,5
COOK-:-7900025,5
COOK-:-7900027,5
COOK-:-7900028,5
COOK-:-7900029,5
COOK-:-7900030,10
COOK-:-7900031,5
COOK-:-7900032,10
COOK-:-7900033,10
COOK-:-7900034,10
COOK-:-7900035,5
COOK-:-7900036,10
COOK-:-7900037,5
COOK-:-7900038,5
COOK-:-7900039,5
COOK-:-7900041,5
COOK-:-7900042,5
COOK-:-7900044,5
COOK-:-7900045,5
COOK-:-7900046,5
COOK-:-7900048,5
COOK-:-7900049,10
COOK-:-7900051,5
COOK-:-7900052,5
COOK-:-7900053,5
COOK-:-7900054,5
COOK-:-7900055,5
COOK-:-7900056,5
COOK-:-7900057,5
COOK-:-7900058,10
COOK-:-7900059,5
COOK-:-7900060,5
COOK-:-7900061,5
COOK-:-7900062,5
COOK-:-7900063,5
COOK-:-7900064,5
COOK-:-7900065,10
COOK-:-7900066,5
COOK-:-7900067,5
COOK-:-7900068,5
COOK-:-7900069,5
COOK-:-8000001,4
COOK-:-8000002,4
COOK-:-8000003,2
COOK-:-8000005,4
COOK-:-8000006,2
COOK-:-8000007,3
COOK-:-8000008,4
COOK-:-8000009,2
COOK-:-8000010,2
COOK-:-8000011,4
COOK-:-8000013,4
COOK-:-8000014,2
COOK-:-8000015,4
COOK-:-8000019,4
COOK-:-8000021,3
COOK-:-8000022,3
COOK-:-8000023,4
COOK-:-8000024,4
COOK-:-8000025,3
COOK-:-8000026,2
COOK-:-8000027,4
COOK-:-8000028,4
COOK-:-8000029,4
COOK-:-8000030,4
COOK-:-8000031,4
COOK-:-8000032,4
COOK-:-8000033,4
COOK-:-8000034,2
COOK-:-8000036,3
COOK-:-8000037,3
COOK-:-8000038,4
COOK-:-8000039,4
COOK-:-8000040,4
COOK-:-8000041,3
COOK-:-8000042,3
COOK-:-8000043,4
COOK-:-8000044,2
COOK-:-8000045,4
COOK-:-8000046,4
COOK-:-8000047,3
COOK-:-8000048,3
COOK-:-8000049,3
COOK-:-8000050,3
COOK-:-8000051,4
COOK-:-8000052,2
COOK-:-8000053,4
COOK-:-8000054,3
COOK-:-8000055,4
COOK-:-8000056,3
COOK-:-8000057,4
COOK-:-8000058,4
COOK-:-8000059,4
COOK-:-8000060,4
COOK-:-8000061,4
COOK-:-8000062,2
COOK-:-8000063,2
COOK-:-8000064,4
COOK-:-8000065,4
COOK-:-8000066,3
COOK-:-8000067,4
COOK-:-8000068,4
COOK-:-8000070,4
COOK-:-8000071,4
COOK-:-8000072,4
COOK-:-8000073,4
COOK-:-8000074,2
COOK-:-8000075,4
COOK-:-8000076,2
COOK-:-8000077,4
COOK-:-8000078,4
COOK-:-8000079,3
COOK-:-8000080,3
COOK-:-8000081,4
COOK-:-8000082,2
COOK-:-8000083,4
COOK-:-8100001,2
COOK-:-8100002,2
COOK-:-8100003,2
COOK-:-8100004,2
COOK-:-8100005,2
COOK-:-8100006,2
COOK-:-8100007,2
COOK-:-8100008,2
COOK-:-8100009,2
COOK-:-8100010,2
COOK-:-8100011,2
COOK-:-8100012,2
COOK-:-8100013,2
COOK-:-8100014,2
COOK-:-8100015,2
COOK-:-8100016,2
COOK-:-8100017,2
COOK-:-8100019,2
COOK-:-8100020,2
COOK-:-8100021,2
COOK-:-8100022,2
COOK-:-8100023,2
COOK-:-8100024,2
COOK-:-8100025,2
COOK-:-8100026,2
COOK-:-8100028,2
COOK-:-8100029,2
COOK-:-8100030,2
COOK-:-8100033,2
COOK-:-8100034,2
COOK-:-8100035,2
COOK-:-8100036,2
COOK-:-8100037,2
COOK-:-8100038,2
COOK-:-8100039,2
COOK-:-8200002,4
COOK-:-8200003,2
COOK-:-8200004,4
COOK-:-8200005,4
COOK-:-8200006,4
COOK-:-8200007,2
COOK-:-8200008,2
COOK-:-8200009,4
COOK-:-8200010,2
COOK-:-8200011,2
COOK-:-8200012,2
COOK-:-8200013,4
COOK-:-8200014,2
COOK-:-8200015,4
COOK-:-8200016,2
COOK-:-8200017,2
COOK-:-8200018,2
COOK-:-8200019,2
COOK-:-8200020,2
COOK-:-8200021,2
COOK-:-8200022,2
COOK-:-8200023,2
COOK-:-8200024,4
COOK-:-8200025,4
COOK-:-8200027,2
COOK-:-8200028,2
COOK-:-8200029,4
COOK-:-8200030,4
COOK-:-8200031,2
COOK-:-8200032,2
COOK-:-8200033,2
COOK-:-8200034,2
COOK-:-8200035,2
COOK-:-8200036,2
COOK-:-8200037,2
COOK-:-8200038,2
COOK-:-8200039,2
COOK-:-8200040,2
COOK-:-8200041,2
COOK-:-8200042,4
COOK-:-8200043,4
COOK-:-8200044,2
COOK-:-8200045,2
COOK-:-8200046,4
COOK-:-8200047,2
COOK-:-8200048,2
COOK-:-8200049,2
COOK-:-8200050,2
COOK-:-8200051,4
COOK-:-8200052,4
COOK-:-8200053,2
COOK-:-8200054,2
COOK-:-8200055,2
COOK-:-8200056,2
COOK-:-8200057,2
COOK-:-8200058,4
COOK-:-8200059,2
COOK-:-8200060,2
COOK-:-8200061,4
COOK-:-8200062,2
COOK-:-8300001,4
COOK-:-8300002,2
COOK-:-8300003,2
COOK-:-8300004,2
COOK-:-8300005,2
COOK-:-8300006,2
COOK-:-8300007,2
COOK-:-8300009,2
COOK-:-8300010,2
COOK-:-8300011,2
COOK-:-8300012,2
COOK-:-8300013,2
COOK-:-8300014,2
COOK-:-8300015,2
COOK-:-8300016,2
COOK-:-8300017,2
COOK-:-8300018,2
COOK-:-8300019,2
COOK-:-8300020,2
COOK-:-8300021,2
COOK-:-8300022,2
COOK-:-8300023,2
COOK-:-8300024,2
COOK-:-8300025,2
COOK-:-8300026,2
COOK-:-8300027,2
COOK-:-8300028,2
COOK-:-8300029,2
COOK-:-8300030,2
COOK-:-8300031,2
COOK-:-8300032,2
COOK-:-8300034,2
COOK-:-8300035,2
COOK-:-8300036,2
COOK-:-8300037,2
COOK-:-8300038,2
COOK-:-8300039,2
COOK-:-8300040,2
COOK-:-8300041,2
COOK-:-8300042,2
COOK-:-8300044,2
COOK-:-8300045,2
COOK-:-8300046,2
COOK-:-8300047,2
COOK-:-8300048,2
COOK-:-8300049,2
COOK-:-8300050,2
COOK-:-8300051,2
COOK-:-8300052,2
COOK-:-8300053,2
COOK-:-8300054,2
COOK-:-8300055,2
COOK-:-8300056,2
COOK-:-8300057,2
COOK-:-8300058,2
COOK-:-8400001,3
COOK-:-8400002,7
COOK-:-8400003,3
COOK-:-8400004,3
COOK-:-8400005,3
COOK-:-8400006,3
COOK-:-8400007,3
COOK-:-8400008,7
COOK-:-8400009,3
COOK-:-8400010,3
COOK-:-8400011,3
COOK-:-8400012,3
COOK-:-8400013,3
COOK-:-8400014,3
COOK-:-8500001,5
COOK-:-8500002,5
COOK-:-8500003,5
COOK-:-8500004,5
COOK-:-8500005,5
COOK-:-8500006,5
COOK-:-8500007,5
COOK-:-8500008,5
COOK-:-8500009,5
COOK-:-8500010,5
COOK-:-8500011,5
COOK-:-8500012,5
COOK-:-8500013,5
COOK-:-8500014,5
COOK-:-8500015,5
COOK-:-8500016,5
COOK-:-8500017,5
COOK-:-8500018,5
COOK-:-8500019,5
COOK-:-8500020,5
COOK-:-8500021,5
COOK-:-8500022,5
COOK-:-8500023,5
COOK-:-8500024,5
COOK-:-8500025,5
COOK-:-8500026,5
COOK-:-8500027,5
COOK-:-8500028,5
COOK-:-8500029,5
COOK-:-8500031,5
COOK-:-8500032,5
COOK-:-8600001,10
COOK-:-8600002,10
COOK-:-8600003,10
COOK-:-8600004,10
COOK-:-8600005,10
COOK-:-8600006,10
COOK-:-8600007,10
COOK-:-8600008,10
COOK-:-8600009,10
COOK-:-8600010,10
COOK-:-8600011,10
COOK-:-8600012,10
COOK-:-8600013,10
COOK-:-8600014,10
COOK-:-8600016,10
COOK-:-8600017,10
COOK-:-8600018,10
COOK-:-8600019,10
COOK-:-8600020,10
COOK-:-8600021,9
COOK-:-8600022,10
COOK-:-8600023,10
COOK-:-8600024,10
COOK-:-8600025,10
COOK-:-8600026,10
COOK-:-8600027,10
COOK-:-8600028,10
COOK-:-8600029,10
COOK-:-8600030,10
COOK-:-8600031,10
COOK-:-8600032,10
COOK-:-8600033,10
COOK-:-8600034,10
COOK-:-8600035,10
COOK-:-8600036,10
COOK-:-8600037,10
COOK-:-8600038,10
COOK-:-8600039,10
COOK-:-8600040,10
COOK-:-8600041,10
COOK-:-8600042,10
COOK-:-8600043,10
COOK-:-8600044,10
COOK-:-8600045,10
COOK-:-8600046,10
COOK-:-8600047,10
COOK-:-8600048,10
COOK-:-8600049,10
COOK-:-8600050,10
COOK-:-8600051,10
COOK-:-8600052,10
COOK-:-8600053,10
COOK-:-8600054,10
COOK-:-8600055,10
COOK-:-8600056,10
COOK-:-8600057,10
COOK-:-8600058,10
COOK-:-8600059,10
COOK-:-8600060,10
COOK-:-8600061,10
COOK-:-8600062,10
COOK-:-8700001,16
COOK-:-8700003,16
COOK-:-8700004,4
COOK-:-8700005,4
COOK-:-8700006,16
COOK-:-8700007,16
COOK-:-8700008,16
COOK-:-8700009,16
COOK-:-8700010,16
COOK-:-8700011,16
COOK-:-8700012,16
COOK-:-8700013,16
COOK-:-8700014,16
COOK-:-8700015,4
COOK-:-8700016,4
COOK-:-8700017,16
COOK-:-8700019,16
COOK-:-8700020,4
COOK-:-8700021,4
COOK-:-8700022,16
COOK-:-8700023,16
COOK-:-8700024,16
COOK-:-8700025,16
COOK-:-8700026,16
COOK-:-8700028,16
COOK-:-8700029,3
COOK-:-8700030,16
COOK-:-8700031,4
COOK-:-8700032,16
COOK-:-8700033,4
COOK-:-8700034,16
COOK-:-8700036,16
COOK-:-8700037,16
COOK-:-8700039,4
COOK-:-8700040,16
COOK-:-8700041,16
COOK-:-8700042,16
COOK-:-8700043,16
COOK-:-8700044,16
COOK-:-8700045,16
COOK-:-8700046,16
COOK-:-8700048,16
COOK-:-8700049,4
COOK-:-8700050,16
COOK-:-8700051,16
COOK-:-8700052,16
COOK-:-8700053,16
COOK-:-8700054,16
COOK-:-8700055,3
COOK-:-8700056,16
COOK-:-8700057,4
COOK-:-8700058,16
COOK-:-8700060,4
COOK-:-8700061,16
COOK-:-8700062,3
COOK-:-8700063,16
COOK-:-8700064,16
COOK-:-8700065,4
COOK-:-8800001,10
COOK-:-8800002,10
COOK-:-8800003,10
COOK-:-8800004,10
COOK-:-8800005,10
COOK-:-8800006,5
COOK-:-8800007,10
COOK-:-8800008,10
COOK-:-8800009,10
COOK-:-8800010,10
COOK-:-8800011,10
COOK-:-8800012,10
COOK-:-8800013,10
COOK-:-8800014,10
COOK-:-8800015,10
COOK-:-8800016,10
COOK-:-8800017,10
COOK-:-8800018,10
COOK-:-8800019,10
COOK-:-8800020,10
COOK-:-8800021,10
COOK-:-8800022,10
COOK-:-8800023,10
COOK-:-8800024,9
COOK-:-8800025,10
COOK-:-8800026,10
COOK-:-8800027,10
COOK-:-8800028,10
COOK-:-8800029,9
COOK-:-8800030,9
COOK-:-8800031,10
COOK-:-8800032,10
COOK-:-8800033,10
COOK-:-8800034,10
COOK-:-8800035,10
COOK-:-8900001,5
COOK-:-8900002,5
COOK-:-8900003,5
COOK-:-8900004,5
COOK-:-8900005,5
COOK-:-8900006,5
COOK-:-8900007,7
COOK-:-8900008,5
COOK-:-8900009,5
COOK-:-8900010,3
COOK-:-8900011,3
COOK-:-8900012,3
COOK-:-8900013,5
COOK-:-8900014,3
COOK-:-8900015,3
COOK-:-8900016,7
COOK-:-8900017,3
COOK-:-8900018,5
COOK-:-8900019,3
COOK-:-8900020,5
COOK-:-8900021,5
COOK-:-8900022,3
COOK-:-8900024,5
COOK-:-8900026,5
COOK-:-8900027,5
COOK-:-8900028,5
COOK-:-8900029,5
COOK-:-8900031,5
COOK-:-8900032,5
COOK-:-8900033,5
COOK-:-8900034,5
COOK-:-8900035,5
COOK-:-8900036,5
COOK-:-8900037,5
COOK-:-8900038,5
COOK-:-8900039,5
COOK-:-8900040,5
COOK-:-8900041,5
COOK-:-8900042,5
COOK-:-8900043,3
COOK-:-8900044,5
COOK-:-8900045,3
COOK-:-8900046,7
COOK-:-8900047,5
COOK-:-8900048,5
COOK-:-8900049,5
COOK-:-8900050,5
COOK-:-8900051,5
COOK-:-8900052,5
COOK-:-8900053,3
COOK-:-8900054,5
COOK-:-8900055,5
COOK-:-8900056,5
COOK-:-8900057,5
COOK-:-8900058,3
COOK-:-8900059,5
COOK-:-8900060,5
COOK-:-8900061,5
COOK-:-8900062,5
COOK-:-8900063,5
COOK-:-8900064,5
COOK-:-8900065,5
COOK-:-8900066,5
COOK-:-8900067,5
COOK-:-8900068,5
COOK-:-8900069,5
COOK-:-8900070,7
COOK-:-8900072,5
COOK-:-8900073,5
COOK-:-8900074,5
COOK-:-8900075,5
COOK-:-8900076,5
COOK-:-8900077,5
COOK-:-8900078,3
COOK-:-8900079,5
COOK-:-8900080,3
COOK-:-8900081,5
COOK-:-8900082,5
COOK-:-8900083,3
COOK-:-8900084,7
COOK-:-8900085,5
COOK-:-8900086,5
COOK-:-8900087,3
COOK-:-8900088,5
COOK-:-8900089,5
COOK-:-9000001,10
COOK-:-9000002,10
COOK-:-9000003,15
COOK-:-9000004,15
COOK-:-9000005,15
COOK-:-9000006,15
COOK-:-9000007,10
COOK-:-9000008,10
COOK-:-9000009,15
COOK-:-9000010,15
COOK-:-9000011,15
COOK-:-9000012,15
COOK-:-9000013,10
COOK-:-9000014,15
COOK-:-9000015,10
COOK-:-9000016,15
COOK-:-9000017,15
COOK-:-9000018,15
COOK-:-9000019,15
COOK-:-9000020,10
COOK-:-9000021,10
COOK-:-9000022,10
COOK-:-9000023,10
COOK-:-9000024,15
COOK-:-9000025,10
COOK-:-9000026,15
COOK-:-9000027,10
COOK-:-9000028,10
COOK-:-9000029,15
COOK-:-9000030,10
COOK-:-9000031,15
COOK-:-9000032,10
COOK-:-9000033,15
COOK-:-9000034,15
COOK-:-9000035,10
COOK-:-9000036,10
COOK-:-9000037,10
COOK-:-9000038,15
COOK-:-9000039,15
COOK-:-9000040,15
COOK-:-9000041,15
COOK-:-9000042,15
COOK-:-9000043,10
COOK-:-9000044,10
COOK-:-9000045,15
COOK-:-9000046,10
COOK-:-9000047,10
COOK-:-9100001,5
COOK-:-9100002,5
COOK-:-9100003,5
COOK-:-9100004,5
COOK-:-9100005,5
COOK-:-9100006,5
COOK-:-9100007,5
COOK-:-9200001,5
COOK-:-9200002,5
COOK-:-9200003,5
COOK-:-9200004,5
COOK-:-9200005,5
COOK-:-9200006,5
COOK-:-9200007,5
COOK-:-9200008,5
COOK-:-9200009,5
COOK-:-9200010,5
COOK-:-9200011,5
COOK-:-9200012,5
COOK-:-9300001,3
COOK-:-9300002,3
COOK-:-9300003,3
COOK-:-9300004,3
COOK-:-9300005,3
COOK-:-9300006,3
COOK-:-9300007,7
COOK-:-9300008,3
COOK-:-9300009,7
COOK-:-9300010,7
COOK-:-9300011,16
COOK-:-9300012,7
COOK-:-9300013,3
COOK-:-9300014,3
COOK-:-9300015,16
COOK-:-9300016,3
COOK-:-9300017,3
COOK-:-9300018,3
COOK-:-9300019,7
COOK-:-9300020,3
COOK-:-9300021,7
COOK-:-9300022,3
COOK-:-9300023,7
COOK-:-9300024,7
COOK-:-9300025,3
COOK-:-9300026,7
COOK-:-9300027,3
COOK-:-9300028,16
COOK-:-9300029,7
COOK-:-9300030,3
COOK-:-9300031,3
COOK-:-9300032,7
COOK-:-9300033,3
COOK-:-9300034,3
COOK-:-9300035,3
COOK-:-9300036,3
COOK-:-9300037,7
COOK-:-9300038,3
COOK-:-9300039,7
COOK-:-9300040,7
COOK-:-9300041,3
COOK-:-9300042,3
COOK-:-9300043,3
COOK-:-9300044,3
COOK-:-9300045,3
COOK-:-9300046,3
COOK-:-9300047,7
COOK-:-9300048,3
COOK-:-9300049,7
COOK-:-9300050,3
COOK-:-9300051,7
COOK-:-9300052,7
COOK-:-9300053,7
COOK-:-9300054,7
COOK-:-9300055,3
COOK-:-9300056,7
COOK-:-9300057,7
COOK-:-9300058,16
COOK-:-9300059,7
COOK-:-9300060,3
COOK-:-9300061,3
COOK-:-9300062,3
COOK-:-9300063,3
COOK-:-9300064,3
COOK-:-9300065,3
COOK-:-9300066,7
COOK-:-9300067,3
COOK-:-9300068,7
COOK-:-9300069,3
COOK-:-9400001,10
COOK-:-9400002,5
COOK-:-9400003,10
COOK-:-9400004,10
COOK-:-9400005,10
COOK-:-9400006,10
COOK-:-9400007,5
COOK-:-9400008,10
COOK-:-9400009,10
COOK-:-9400010,10
COOK-:-9400011,10
COOK-:-9400013,5
COOK-:-9400014,10
COOK-:-9400015,10
COOK-:-9400016,5
COOK-:-9400017,5
COOK-:-9400018,5
COOK-:-9400019,5
COOK-:-9400020,5
COOK-:-9500001,0
COOK-:-9500002,15
COOK-:-9500003,15
COOK-:-9500004,15
COOK-:-9500005,15
COOK-:-9500006,15
COOK-:-9500007,15
COOK-:-9500008,15
COOK-:-9500009,15
COOK-:-9500010,15
COOK-:-9500011,15
COOK-:-9500012,15
COOK-:-9500013,15
COOK-:-9500014,15
COOK-:-9500015,15
COOK-:-9500016,15
COOK-:-9500017,15
COOK-:-9500018,15
COOK-:-9500019,15
COOK-:-9500020,15
COOK-:-9500021,15
COOK-:-9500022,15
COOK-:-9500023,15
COOK-:-9500024,15
COOK-:-9500025,15
COOK-:-9500026,15
COOK-:-9500027,15
COOK-:-9500028,15
COOK-:-9500029,15
COOK-:-9500030,15
COOK-:-9500031,15
COOK-:-9500032,0
COOK-:-9500033,0
COOK-:-9500034,15
COOK-:-9500035,15
COOK-:-9500036,15
COOK-:-9500037,15
COOK-:-9500038,15
COOK-:-9500039,15
COOK-:-9500040,15
COOK-:-9500041,15
COOK-:-9500042,15
COOK-:-9500043,15
COOK-:-9500044,0
COOK-:-9500045,15
COOK-:-9500046,15
COOK-:-9500047,15
COOK-:-9500048,15
COOK-:-9500050,15
COOK-:-9500051,15
COOK-:-9500052,0
COOK-:-9500053,15
COOK-:-9500054,15
COOK-:-9500055,15
COOK-:-9500056,15
COOK-:-9500057,15
COOK-:-9500058,15
COOK-:-9500059,15
COOK-:-9500060,15
COOK-:-9500061,15
COOK-:-9500062,15
COOK-:-9500063,15
COOK-:-9500064,15
COOK-:-9500065,15
COOK-:-9500066,15
COOK-:-9500067,15
COOK-:-9500068,15
COOK-:-9500069,15
COOK-:-9500070,15
COOK-:-9500071,15
COOK-:-9500072,15
COOK-:-9500073,15
COOK-:-9500074,15
COOK-:-9500075,15
COOK-:-9500076,15
COOK-:-9500077,15
COOK-:-9500078,15
COOK-:-9500079,15
COOK-:-9500080,15
COOK-:-9500081,15
COOK-:-9500082,15
COOK-:-9500083,15
COOK-:-9500084,15
COOK-:-9500085,15
COOK-:-9500086,15
COOK-:-9500087,15
COOK-:-9500088,15
COOK-:-9500089,15
COOK-:-9500090,15
COOK-:-9500091,15
COOK-:-9500092,15
COOK-:-9500093,15
COOK-:-9500094,0
COOK-:-9500095,15
COOK-:-9500096,0
COOK-:-9500097,15
COOK-:-9500098,15
COOK-:-9500099,15
COOK-:-9500100,15
COOK-:-9500101,15
COOK-:-9500102,15
COOK-:-9500103,15
COOK-:-9500104,15
COOK-:-9600001,2
COOK-:-9600002,4
COOK-:-9600003,4
COOK-:-9600004,4
COOK-:-9600005,4
COOK-:-9600006,4
COOK-:-9600007,4
COOK-:-9600008,4
COOK-:-9600009,2
COOK-:-9600010,4
COOK-:-9600012,4
COOK-:-9600013,2
COOK-:-9600014,4
COOK-:-9600015,4
COOK-:-9600016,4
COOK-:-9600017,4
COOK-:-9600018,4
COOK-:-9600019,4
COOK-:-9600020,4
COOK-:-9600022,4
COOK-:-9600023,4
COOK-:-9600024,4
COOK-:-9600025,4
COOK-:-9600026,4
COOK-:-9600027,4
COOK-:-9600028,4
COOK-:-9600029,2
COOK-:-9600030,4
COOK-:-9600031,4
COOK-:-9600032,2
COOK-:-9600033,4
COOK-:-9600034,4
COOK-:-9600035,4
COOK-:-9600036,4
COOK-:-9600037,2
COOK-:-9600038,4
COOK-:-9600039,4
COOK-:-9600041,4
COOK-:-9600042,4
COOK-:-9600043,4
COOK-:-9600044,4
COOK-:-9600045,4
COOK-:-9600049,2
COOK-:-9600050,2
COOK-:-9600051,4
COOK-:-9600052,4
COOK-:-9600053,4
COOK-:-9600055,4
COOK-:-9600056,4
COOK-:-9600057,4
COOK-:-9600058,4
COOK-:-9600059,4
COOK-:-9600061,4
COOK-:-9600062,4
COOK-:-9600064,4
COOK-:-9600065,4
COOK-:-9600066,4
COOK-:-9600067,4
COOK-:-9600069,4
COOK-:-9600070,4
COOK-:-9600071,4
COOK-:-9600072,2
COOK-:-9600073,16
COOK-:-9600074,4
COOK-:-9600075,4
COOK-:-9600076,2
COOK-:-9600077,2
COOK-:-9600078,4
COOK-:-9600079,4
COOK-:-9600080,4
COOK-:-9600081,2
COOK-:-9700002,9
COOK-:-9700003,10
COOK-:-9700004,10
COOK-:-9700005,10
COOK-:-9700006,10
COOK-:-9700007,10
COOK-:-9700008,10
COOK-:-9700009,9
COOK-:-9700010,9
COOK-:-9700011,10
COOK-:-9700012,10
COOK-:-9700013,9
COOK-:-9700014,9
COOK-:-9700015,9
COOK-:-9700016,10
COOK-:-9700017,9
COOK-:-9700018,10
COOK-:-9700019,9
COOK-:-9700020,9
COOK-:-9700021,10
COOK-:-9700022,9
COOK-:-9700023,10
COOK-:-9700025,10
COOK-:-9700026,10
COOK-:-9700027,10
COOK-:-9700028,10
COOK-:-9700029,9
COOK-:-9700030,10
COOK-:-9700031,9
COOK-:-9700032,10
COOK-:-9700033,10
COOK-:-9700034,9
COOK-:-9700035,10
COOK-:-9700036,10
COOK-:-9700037,9
COOK-:-9700038,9
COOK-:-9700039,9
COOK-:-9700040,10
COOK-:-9700041,10
COOK-:-9700042,10
COOK-:-9700044,9
COOK-:-9700045,10
COOK-:-9700046,10
COOK-:-9700047,9
COOK-:-9700048,10
COOK-:-9700049,9
COOK-:-9700050,9
COOK-:-9700051,10
COOK-:-9700052,10
COOK-:-9700053,10
COOK-:-9700054,9
COOK-:-9700055,9
COOK-:-9700056,10
COOK-:-9700057,9
COOK-:-9700059,9
COOK-:-9700060,10
COOK-:-9700061,10
COOK-:-9700062,10
COOK-:-9700063,10
COOK-:-9700064,9
COOK-:-9700065,9
COOK-:-9700066,10
COOK-:-9700067,10
COOK-:-9700068,9
COOK-:-9700069,9
COOK-:-9700070,10
COOK-:-9700071,10
COOK-:-9700072,10
COOK-:-9700074,10
COOK-:-9700075,9
COOK-:-9700076,9
COOK-:-9700077,9
COOK-:-9700078,10
COOK-:-9700079,10
COOK-:-9700080,9
COOK-:-9700081,10
COOK-:-9700082,10
COOK-:-9800001,3
COOK-:-9800002,3
COOK-:-9800003,10
COOK-:-9800004,10
COOK-:-9800005,5
COOK-:-9800006,5
COOK-:-9800007,3
COOK-:-9800008,5
COOK-:-9800009,10
COOK-:-9800010,10
COOK-:-9800011,5
COOK-:-9800012,5
COOK-:-9800013,5
COOK-:-9800014,3
COOK-:-9800015,3
COOK-:-9800016,3
COOK-:-9800017,3
COOK-:-9800018,5
COOK-:-9800019,3
COOK-:-9800020,5
COOK-:-9800021,3
COOK-:-9800022,5
COOK-:-9800023,3
COOK-:-9800024,3
COOK-:-9800025,5
COOK-:-9800026,5
COOK-:-9800027,3
COOK-:-9800028,3
COOK-:-9800029,10
COOK-:-9800030,3
COOK-:-9800031,5
COOK-:-9901001,5
COOK-:-9901002,5
COOK-:-9901003,5
COOK-:-9901004,5
COOK-:-9902001,5
COOK-:-9902002,5
COOK-:-9902003,5
COOK-:-9902004,5
COOK-:-9903001,3
COOK-:-9903002,3
COOK-:-9903003,5
COOK-:-9903004,5
COOK-:-9904001,5
COOK-:-9904002,5
COOK-:-9904003,5
COOK-:-9904004,5
COOK-:-9905001,3
COOK-:-9905002,5
COOK-:-9905003,5
COOK-:-9906001,5
COOK-:-9906002,5
COOK-:-9906003,3
COOK-:-9906004,3
COOK-:-9907001,5
COOK-:-9907002,5
COOK-:-9907003,5
COOK-:-9907004,5
COOK-:-9908001,5
COOK-:-9908002,5
COOK-:-9908003,5
CRAWFORD-:-HONEY CREEK 1,13
CRAWFORD-:-HONEY CREEK 2,13
CRAWFORD-:-HUTSONVILLE 1,13
CRAWFORD-:-HUTSONVILLE 2,13
CRAWFORD-:-LAMOTTE 1,13
CRAWFORD-:-LAMOTTE 2,13
CRAWFORD-:-LICKING,13
CRAWFORD-:-MARTIN,13
CRAWFORD-:-MONTGOMERY,13
CRAWFORD-:-OBLONG 1,13
CRAWFORD-:-OBLONG 2,13
CRAWFORD-:-OBLONG 3,13
CRAWFORD-:-PRAIRIE 1,13
CRAWFORD-:-PRAIRIE 2,13
CRAWFORD-:-ROBINSON 1,13
CRAWFORD-:-ROBINSON 2,13
CRAWFORD-:-ROBINSON 3,13
CRAWFORD-:-ROBINSON 4,13
CRAWFORD-:-ROBINSON 5,13
CRAWFORD-:-ROBINSON 6,13
CRAWFORD-:-ROBINSON 7,13
CRAWFORD-:-ROBINSON 8,13
CRAWFORD-:-ROBINSON 9,13
CRAWFORD-:-SOUTHWEST,13
CUMBERLAND-:-COTTONWOOD-2,12
CUMBERLAND-:-CROOKED CREEK-1,13
CUMBERLAND-:-GREENUP 1-1,11
CUMBERLAND-:-GREENUP 2-1,11
CUMBERLAND-:-GREENUP 3-1,11
CUMBERLAND-:-NEOGA 1-2,12
CUMBERLAND-:-NEOGA 1-3,12
CUMBERLAND-:-NEOGA 2-2,12
CUMBERLAND-:-NEOGA 2-3,11
CUMBERLAND-:-SPRING POINT-3,12
CUMBERLAND-:-SPRING POINT-4,11
CUMBERLAND-:-SUMPTER 1-2,11
CUMBERLAND-:-SUMPTER 2-2,11
CUMBERLAND-:-UNION-1,11
CUMBERLAND-:-WOODBURY-2,11
DEKALB-:-AFTON 1,8
DEKALB-:-CLINTON 1,8
DEKALB-:-CORTLAND 1,7
DEKALB-:-CORTLAND 2,7
DEKALB-:-CORTLAND 3,7
DEKALB-:-CORTLAND 4,4
DEKALB-:-CORTLAND 5,8
DEKALB-:-CORTLAND 6,7
DEKALB-:-CORTLAND 7,8
DEKALB-:-CORTLAND 8,7
DEKALB-:-CORTLAND 9,7
DEKALB-:-DEKALB 1,7
DEKALB-:-DEKALB 10,7
DEKALB-:-DEKALB 11,7
DEKALB-:-DEKALB 12,7
DEKALB-:-DEKALB 13,7
DEKALB-:-DEKALB 14,7
DEKALB-:-DEKALB 15,7
DEKALB-:-DEKALB 16,7
DEKALB-:-DEKALB 17,7
DEKALB-:-DEKALB 18,7
DEKALB-:-DEKALB 19,7
DEKALB-:-DEKALB 2,7
DEKALB-:-DEKALB 20,8
DEKALB-:-DEKALB 21,7
DEKALB-:-DEKALB 22,7
DEKALB-:-DEKALB 23,7
DEKALB-:-DEKALB 24,7
DEKALB-:-DEKALB 3,7
DEKALB-:-DEKALB 4,7
DEKALB-:-DEKALB 5,7
DEKALB-:-DEKALB 6,7
DEKALB-:-DEKALB 7,7
DEKALB-:-DEKALB 8,7
DEKALB-:-DEKALB 9,7
DEKALB-:-FRANKLIN 1,4
DEKALB-:-FRANKLIN 2,4
DEKALB-:-GENOA 1,3
DEKALB-:-GENOA 2,7
DEKALB-:-GENOA 3,7
DEKALB-:-KINGSTON 1,4
DEKALB-:-KINGSTON 2,3
DEKALB-:-MALTA 1,7
DEKALB-:-MILAN 1,8
DEKALB-:-PAW PAW 1,8
DEKALB-:-PIERCE 1,8
DEKALB-:-SANDWICH 1,8
DEKALB-:-SANDWICH 2,8
DEKALB-:-SANDWICH 3,8
DEKALB-:-SANDWICH 4,8
DEKALB-:-SANDWICH 5,8
DEKALB-:-SHABBONA 1,8
DEKALB-:-SOMONAUK 1,8
DEKALB-:-SOUTH GROVE 1,7
DEKALB-:-SQUAW GROVE 1,8
DEKALB-:-SQUAW GROVE 2,8
DEKALB-:-SYCAMORE 1,4
DEKALB-:-SYCAMORE 10,4
DEKALB-:-SYCAMORE 11,4
DEKALB-:-SYCAMORE 2,4
DEKALB-:-SYCAMORE 3,4
DEKALB-:-SYCAMORE 4,4
DEKALB-:-SYCAMORE 5,4
DEKALB-:-SYCAMORE 6,7
DEKALB-:-SYCAMORE 8,7
DEKALB-:-VICTOR 1,8
DEWITT-:-BARNETT,14
DEWITT-:-CLINTONIA 1,1
DEWITT-:-CLINTONIA 2,1
DEWITT-:-CLINTONIA 3,14
DEWITT-:-CLINTONIA 4,14
DEWITT-:-CLINTONIA 5,14
DEWITT-:-CLINTONIA 6,14
DEWITT-:-CLINTONIA 7,14
DEWITT-:-CLINTONIA 8,1
DEWITT-:-CLINTONIA 9,1
DEWITT-:-CREEK,14
DEWITT-:-DEWITT,1
DEWITT-:-HARP,1
DEWITT-:-NIXON,1
DEWITT-:-RUTLEDGE,1
DEWITT-:-SANTA ANNA 1,14
DEWITT-:-SANTA ANNA 2,14
DEWITT-:-SANTA ANNA 3,14
DEWITT-:-TEXAS,14
DEWITT-:-TUNBRIDGE,14
DEWITT-:-WAPELLA,14
DEWITT-:-WAYNESVILLE,13
DEWITT-:-WILSON,1
DOUGLAS-:-ARCOLA 1,12
DOUGLAS-:-ARCOLA 2,12
DOUGLAS-:-ARCOLA 3,12
DOUGLAS-:-BOURBON 1,12
DOUGLAS-:-BOURBON 2,12
DOUGLAS-:-BOWDRE,12
DOUGLAS-:-CAMARGO 1,12
DOUGLAS-:-CAMARGO 2,12
DOUGLAS-:-CAMARGO 3,12
DOUGLAS-:-GARRETT,12
DOUGLAS-:-MURDOCK,12
DOUGLAS-:-NEWMAN,11
DOUGLAS-:-SARGENT,12
DOUGLAS-:-TUSCOLA 1,12
DOUGLAS-:-TUSCOLA 2,12
DOUGLAS-:-TUSCOLA 3,12
DOUGLAS-:-TUSCOLA 4,12
DUPAGE-:-ADDISON 001-0152,7
DUPAGE-:-ADDISON 002-0153,7
DUPAGE-:-ADDISON 003-0154,7
DUPAGE-:-ADDISON 004-0155,7
DUPAGE-:-ADDISON 005-0156,7
DUPAGE-:-ADDISON 006-0157,7
DUPAGE-:-ADDISON 007-0158,7
DUPAGE-:-ADDISON 008-0159,7
DUPAGE-:-ADDISON 009-0160,7
DUPAGE-:-ADDISON 010-0161,7
DUPAGE-:-ADDISON 011-0162,7
DUPAGE-:-ADDISON 012-0163/0164,7
DUPAGE-:-ADDISON 013-0165,7
DUPAGE-:-ADDISON 014-0166,7
DUPAGE-:-ADDISON 015-0167,7
DUPAGE-:-ADDISON 016-0168,7
DUPAGE-:-ADDISON 017-0169,7
DUPAGE-:-ADDISON 018-0170,7
DUPAGE-:-ADDISON 019-0171,7
DUPAGE-:-ADDISON 020-0172,7
DUPAGE-:-ADDISON 021-0173,7
DUPAGE-:-ADDISON 022-0174/0175,7
DUPAGE-:-ADDISON 023-0176,7
DUPAGE-:-ADDISON 024-0177,7
DUPAGE-:-ADDISON 025-0178,7
DUPAGE-:-ADDISON 026-0179,7
DUPAGE-:-ADDISON 027-0180,7
DUPAGE-:-ADDISON 028-0181,7
DUPAGE-:-ADDISON 029-0182,7
DUPAGE-:-ADDISON 030-0183,7
DUPAGE-:-ADDISON 031-0184,7
DUPAGE-:-ADDISON 032-0185,7
DUPAGE-:-ADDISON 033-0186/0187,7
DUPAGE-:-ADDISON 034-0188,7
DUPAGE-:-ADDISON 035-0189,7
DUPAGE-:-ADDISON 036-0190,7
DUPAGE-:-ADDISON 037-0191/0192,7
DUPAGE-:-ADDISON 038-0193,7
DUPAGE-:-ADDISON 039-0194,7
DUPAGE-:-ADDISON 040-0195,7
DUPAGE-:-ADDISON 041-0196,7
DUPAGE-:-ADDISON 042-0197,7
DUPAGE-:-ADDISON 043-0198,7
DUPAGE-:-ADDISON 044-0199/0200,7
DUPAGE-:-ADDISON 045-0201,7
DUPAGE-:-ADDISON 046-0202,7
DUPAGE-:-ADDISON 047-0203/0204,7
DUPAGE-:-ADDISON 048-0205,7
DUPAGE-:-ADDISON 049-0207,7
DUPAGE-:-ADDISON 050-0208,7
DUPAGE-:-ADDISON 051-0209,7
DUPAGE-:-ADDISON 052-0210,7
DUPAGE-:-ADDISON 053-0211,3
DUPAGE-:-BLOOMINGDALE 001-0046,7
DUPAGE-:-BLOOMINGDALE 002-0047/0048,7
DUPAGE-:-BLOOMINGDALE 003-0050,7
DUPAGE-:-BLOOMINGDALE 004-0051,3
DUPAGE-:-BLOOMINGDALE 005-0052,7
DUPAGE-:-BLOOMINGDALE 006-0053/0054,7
DUPAGE-:-BLOOMINGDALE 007-0055,7
DUPAGE-:-BLOOMINGDALE 008-0056,7
DUPAGE-:-BLOOMINGDALE 009-0057/0058,7
DUPAGE-:-BLOOMINGDALE 010-0059,7
DUPAGE-:-BLOOMINGDALE 011-0060,7
DUPAGE-:-BLOOMINGDALE 012-0061/0062,7
DUPAGE-:-BLOOMINGDALE 013-0063,7
DUPAGE-:-BLOOMINGDALE 014-0064,7
DUPAGE-:-BLOOMINGDALE 015-0065/0066,7
DUPAGE-:-BLOOMINGDALE 016-0067/0068,7
DUPAGE-:-BLOOMINGDALE 017-0069/0070,7
DUPAGE-:-BLOOMINGDALE 018-0071/0072/0073,7
DUPAGE-:-BLOOMINGDALE 019-0074/0075/0076/0077,7
DUPAGE-:-BLOOMINGDALE 020-0078/0079,7
DUPAGE-:-BLOOMINGDALE 021-0080,7
DUPAGE-:-BLOOMINGDALE 022-0081,7
DUPAGE-:-BLOOMINGDALE 023-0083/0084/0085,7
DUPAGE-:-BLOOMINGDALE 024-0086,7
DUPAGE-:-BLOOMINGDALE 025-0087,7
DUPAGE-:-BLOOMINGDALE 026-0088/0089,7
DUPAGE-:-BLOOMINGDALE 027-0090,7
DUPAGE-:-BLOOMINGDALE 028-0091,7
DUPAGE-:-BLOOMINGDALE 029-0092,7
DUPAGE-:-BLOOMINGDALE 030-0093,7
DUPAGE-:-BLOOMINGDALE 031-0094,7
DUPAGE-:-BLOOMINGDALE 032-0095/0096,7
DUPAGE-:-BLOOMINGDALE 033-0097,7
DUPAGE-:-BLOOMINGDALE 034-0098,7
DUPAGE-:-BLOOMINGDALE 035-0099,7
DUPAGE-:-BLOOMINGDALE 036-0101,7
DUPAGE-:-BLOOMINGDALE 037-0102/0103,7
DUPAGE-:-BLOOMINGDALE 038-0104/0105/0106/0107,7
DUPAGE-:-BLOOMINGDALE 039-0108/0109,7
DUPAGE-:-BLOOMINGDALE 040-0110/0112,7
DUPAGE-:-BLOOMINGDALE 041-0113/0114,7
DUPAGE-:-BLOOMINGDALE 042-0115,7
DUPAGE-:-BLOOMINGDALE 043-0116,7
DUPAGE-:-BLOOMINGDALE 044-0117,7
DUPAGE-:-BLOOMINGDALE 045-0118,7
DUPAGE-:-BLOOMINGDALE 045-0119,7
DUPAGE-:-BLOOMINGDALE 046-0120,7
DUPAGE-:-BLOOMINGDALE 047-0121,7
DUPAGE-:-BLOOMINGDALE 048-0122,7
DUPAGE-:-BLOOMINGDALE 049-0123/0124,7
DUPAGE-:-BLOOMINGDALE 050-0125/0126,7
DUPAGE-:-BLOOMINGDALE 051-0127,7
DUPAGE-:-BLOOMINGDALE 052-0128,7
DUPAGE-:-BLOOMINGDALE 053-0129,7
DUPAGE-:-BLOOMINGDALE 054-0130/0131,7
DUPAGE-:-BLOOMINGDALE 055-0132,7
DUPAGE-:-BLOOMINGDALE 056-0133,7
DUPAGE-:-BLOOMINGDALE 057-0134,7
DUPAGE-:-BLOOMINGDALE 058-0135,7
DUPAGE-:-BLOOMINGDALE 059-0136,7
DUPAGE-:-BLOOMINGDALE 060-0137,7
DUPAGE-:-BLOOMINGDALE 061-0138,7
DUPAGE-:-BLOOMINGDALE 062-0139,7
DUPAGE-:-BLOOMINGDALE 063-0140,7
DUPAGE-:-BLOOMINGDALE 064-0141,7
DUPAGE-:-BLOOMINGDALE 065-0142,7
DUPAGE-:-BLOOMINGDALE 066-0143,7
DUPAGE-:-BLOOMINGDALE 067-0144,7
DUPAGE-:-BLOOMINGDALE 068-0145/0146,7
DUPAGE-:-BLOOMINGDALE 069-0147,7
DUPAGE-:-BLOOMINGDALE 070-0148,7
DUPAGE-:-BLOOMINGDALE 071-0150,7
DUPAGE-:-BLOOMINGDALE 072-0151,7
DUPAGE-:-DOWNERS GROVE 001-0691,7
DUPAGE-:-DOWNERS GROVE 002-0692,7
DUPAGE-:-DOWNERS GROVE 003-0693/0694,5
DUPAGE-:-DOWNERS GROVE 004-0695/0696/0697,7
DUPAGE-:-DOWNERS GROVE 005-0698,7
DUPAGE-:-DOWNERS GROVE 006-0699/0700/0701,7
DUPAGE-:-DOWNERS GROVE 007-0702,5
DUPAGE-:-DOWNERS GROVE 008-0703,7
DUPAGE-:-DOWNERS GROVE 009-0704,7
DUPAGE-:-DOWNERS GROVE 010-0705/0706,7
DUPAGE-:-DOWNERS GROVE 011-0707,7
DUPAGE-:-DOWNERS GROVE 012-0708,5
DUPAGE-:-DOWNERS GROVE 013-0710,5
DUPAGE-:-DOWNERS GROVE 014-0712,7
DUPAGE-:-DOWNERS GROVE 015-0714/0715/0716/0717,7
DUPAGE-:-DOWNERS GROVE 016-0718/0719/0720,7
DUPAGE-:-DOWNERS GROVE 017-0721,7
DUPAGE-:-DOWNERS GROVE 018-0723/0724/0725/0726,5
DUPAGE-:-DOWNERS GROVE 019-0727,5
DUPAGE-:-DOWNERS GROVE 020-0728/0729,7
DUPAGE-:-DOWNERS GROVE 021-0730/0731,7
DUPAGE-:-DOWNERS GROVE 022-0732,5
DUPAGE-:-DOWNERS GROVE 023-0733,5
DUPAGE-:-DOWNERS GROVE 024-0734/0735,5
DUPAGE-:-DOWNERS GROVE 025-0736,5
DUPAGE-:-DOWNERS GROVE 026-0737,5
DUPAGE-:-DOWNERS GROVE 027-0738,7
DUPAGE-:-DOWNERS GROVE 028-0739,5
DUPAGE-:-DOWNERS GROVE 029-0740,5
DUPAGE-:-DOWNERS GROVE 030-0741,5
DUPAGE-:-DOWNERS GROVE 031-0742,5
DUPAGE-:-DOWNERS GROVE 032-0743,5
DUPAGE-:-DOWNERS GROVE 033-0744,5
DUPAGE-:-DOWNERS GROVE 034-0745,5
DUPAGE-:-DOWNERS GROVE 035-0746,5
DUPAGE-:-DOWNERS GROVE 036-0747/0748,5
DUPAGE-:-DOWNERS GROVE 037-0749,5
DUPAGE-:-DOWNERS GROVE 038-0750,5
DUPAGE-:-DOWNERS GROVE 039-0751/0752,5
DUPAGE-:-DOWNERS GROVE 040-0753,5
DUPAGE-:-DOWNERS GROVE 041-0754,5
DUPAGE-:-DOWNERS GROVE 042-0755,5
DUPAGE-:-DOWNERS GROVE 043-0756,5
DUPAGE-:-DOWNERS GROVE 044-0757/0758,5
DUPAGE-:-DOWNERS GROVE 045-0759,5
DUPAGE-:-DOWNERS GROVE 046-0760/0761,7
DUPAGE-:-DOWNERS GROVE 047-0762/0763,5
DUPAGE-:-DOWNERS GROVE 048-0764,5
DUPAGE-:-DOWNERS GROVE 049-0765,5
DUPAGE-:-DOWNERS GROVE 050-0766,5
DUPAGE-:-DOWNERS GROVE 051-0767,5
DUPAGE-:-DOWNERS GROVE 052-0768,5
DUPAGE-:-DOWNERS GROVE 053-0769,7
DUPAGE-:-DOWNERS GROVE 054-0770,7
DUPAGE-:-DOWNERS GROVE 055-0771/0772,5
DUPAGE-:-DOWNERS GROVE 056-0773,5
DUPAGE-:-DOWNERS GROVE 057-0774,5
DUPAGE-:-DOWNERS GROVE 058-0775,5
DUPAGE-:-DOWNERS GROVE 059-0776,5
DUPAGE-:-DOWNERS GROVE 060-0777,5
DUPAGE-:-DOWNERS GROVE 061-0778,5
DUPAGE-:-DOWNERS GROVE 062-0779,5
DUPAGE-:-DOWNERS GROVE 063-0780,5
DUPAGE-:-DOWNERS GROVE 064-0781,5
DUPAGE-:-DOWNERS GROVE 065-0782/0783,5
DUPAGE-:-DOWNERS GROVE 066-0784,5
DUPAGE-:-DOWNERS GROVE 067-0785,5
DUPAGE-:-DOWNERS GROVE 068-0786,5
DUPAGE-:-DOWNERS GROVE 069-0787/0788,5
DUPAGE-:-DOWNERS GROVE 070-0789,5
DUPAGE-:-DOWNERS GROVE 071-0790,5
DUPAGE-:-DOWNERS GROVE 072-0791/0792,5
DUPAGE-:-DOWNERS GROVE 073-0793,5
DUPAGE-:-DOWNERS GROVE 074-0794,5
DUPAGE-:-DOWNERS GROVE 075-0795,5
DUPAGE-:-DOWNERS GROVE 076-0796,1
DUPAGE-:-DOWNERS GROVE 077-0797/0798,5
DUPAGE-:-DOWNERS GROVE 078-0799,5
DUPAGE-:-DOWNERS GROVE 079-0800,5
DUPAGE-:-DOWNERS GROVE 080-0801/0802/0803,5
DUPAGE-:-DOWNERS GROVE 081-0804,5
DUPAGE-:-DOWNERS GROVE 082-0805,5
DUPAGE-:-DOWNERS GROVE 083-0806,5
DUPAGE-:-DOWNERS GROVE 084-0807,5
DUPAGE-:-DOWNERS GROVE 085-0808,5
DUPAGE-:-DOWNERS GROVE 085-0809/0810,5
DUPAGE-:-DOWNERS GROVE 086-0811,5
DUPAGE-:-DOWNERS GROVE 087-0812,5
DUPAGE-:-DOWNERS GROVE 088-0813,5
DUPAGE-:-DOWNERS GROVE 089-0814,5
DUPAGE-:-DOWNERS GROVE 090-0815,5
DUPAGE-:-DOWNERS GROVE 091-0816,5
DUPAGE-:-DOWNERS GROVE 092-0817,5
DUPAGE-:-DOWNERS GROVE 093-0818,5
DUPAGE-:-DOWNERS GROVE 094-0819/0820,1
DUPAGE-:-DOWNERS GROVE 095-0821,5
DUPAGE-:-DOWNERS GROVE 096-0822,5
DUPAGE-:-DOWNERS GROVE 097-0823,5
DUPAGE-:-DOWNERS GROVE 098-0824/0825,5
DUPAGE-:-DOWNERS GROVE 099-0826,5
DUPAGE-:-DOWNERS GROVE 100-0827,5
DUPAGE-:-DOWNERS GROVE 101-0828,5
DUPAGE-:-DOWNERS GROVE 102-0829,5
DUPAGE-:-DOWNERS GROVE 103-0830,5
DUPAGE-:-LISLE 001-0583/0584,7
DUPAGE-:-LISLE 002-0585,7
DUPAGE-:-LISLE 003-0586/0587/0589/0590,7
DUPAGE-:-LISLE 004-0591,7
DUPAGE-:-LISLE 005-0592/0593/0594,7
DUPAGE-:-LISLE 006-0595,7
DUPAGE-:-LISLE 007-0596,7
DUPAGE-:-LISLE 008-0597,7
DUPAGE-:-LISLE 009-0598/0599,7
DUPAGE-:-LISLE 010-0600/0601,7
DUPAGE-:-LISLE 011-0602,1
DUPAGE-:-LISLE 012-0603,1
DUPAGE-:-LISLE 013-0604,1
DUPAGE-:-LISLE 014-0605,1
DUPAGE-:-LISLE 015-0606,1
DUPAGE-:-LISLE 015-0607,7
DUPAGE-:-LISLE 016-0608,7
DUPAGE-:-LISLE 017-0609,7
DUPAGE-:-LISLE 018-0610,1
DUPAGE-:-LISLE 018-0611,7
DUPAGE-:-LISLE 019-0612/0613,1
DUPAGE-:-LISLE 020-0614,1
DUPAGE-:-LISLE 021-0615,1
DUPAGE-:-LISLE 022-0616,1
DUPAGE-:-LISLE 023-0617,7
DUPAGE-:-LISLE 024-0618,1
DUPAGE-:-LISLE 025-0619/0620,7
DUPAGE-:-LISLE 026-0621,1
DUPAGE-:-LISLE 027-0622,1
DUPAGE-:-LISLE 028-0623,1
DUPAGE-:-LISLE 029-0624,7
DUPAGE-:-LISLE 030-0625,1
DUPAGE-:-LISLE 031-0626,1
DUPAGE-:-LISLE 032-0627,1
DUPAGE-:-LISLE 033-0628/0629,7
DUPAGE-:-LISLE 034-0630/0631,7
DUPAGE-:-LISLE 035-0632,1
DUPAGE-:-LISLE 036-0633,1
DUPAGE-:-LISLE 037-0634,1
DUPAGE-:-LISLE 038-0635/0636,1
DUPAGE-:-LISLE 039-0637/0638,1
DUPAGE-:-LISLE 040-0639/0640,1
DUPAGE-:-LISLE 041-0641/0642/0643,1
DUPAGE-:-LISLE 042-0644/0645,1
DUPAGE-:-LISLE 043-0646,1
DUPAGE-:-LISLE 044-0647,1
DUPAGE-:-LISLE 045-0648,1
DUPAGE-:-LISLE 046-0649,1
DUPAGE-:-LISLE 047-0651,1
DUPAGE-:-LISLE 048-0652,1
DUPAGE-:-LISLE 049-0653/0654,1
DUPAGE-:-LISLE 050-0655,1
DUPAGE-:-LISLE 051-0656,1
DUPAGE-:-LISLE 052-0657,1
DUPAGE-:-LISLE 053-0658,7
DUPAGE-:-LISLE 054-0659,1
DUPAGE-:-LISLE 055-0660/0661,1
DUPAGE-:-LISLE 056-0662,1
DUPAGE-:-LISLE 057-0663/0664/0665,1
DUPAGE-:-LISLE 058-0666/0667,1
DUPAGE-:-LISLE 059-0668,1
DUPAGE-:-LISLE 060-0669,1
DUPAGE-:-LISLE 061-0670,1
DUPAGE-:-LISLE 062-0671/0672,1
DUPAGE-:-LISLE 063-0673,1
DUPAGE-:-LISLE 064-0674,1
DUPAGE-:-LISLE 065-0675,1
DUPAGE-:-LISLE 066-0676,1
DUPAGE-:-LISLE 067-0677,1
DUPAGE-:-LISLE 068-0678,1
DUPAGE-:-LISLE 069-0679,7
DUPAGE-:-LISLE 070-0680,1
DUPAGE-:-LISLE 071-0681,1
DUPAGE-:-LISLE 072-0682,1
DUPAGE-:-LISLE 073-0683/0684,1
DUPAGE-:-LISLE 074-0685,1
DUPAGE-:-LISLE 075-0686,1
DUPAGE-:-LISLE 076-0687/0688,1
DUPAGE-:-LISLE 077-0689/0690,1
DUPAGE-:-MILTON 001-0263/0264,7
DUPAGE-:-MILTON 002-0265/0266/0267/0268,7
DUPAGE-:-MILTON 003-0269/0270,7
DUPAGE-:-MILTON 004-0271/0272/0273,7
DUPAGE-:-MILTON 005-0275,7
DUPAGE-:-MILTON 006-0276/0277,7
DUPAGE-:-MILTON 007-0278/0279/0280,7
DUPAGE-:-MILTON 008-0282/0283/0284,7
DUPAGE-:-MILTON 009-0285/0286,7
DUPAGE-:-MILTON 010-0287,7
DUPAGE-:-MILTON 011-0288,7
DUPAGE-:-MILTON 012-0289/0290,7
DUPAGE-:-MILTON 013-0291/0292/0293,7
DUPAGE-:-MILTON 014-0294/0295,7
DUPAGE-:-MILTON 015-0296/0297/0298,7
DUPAGE-:-MILTON 016-0299,7
DUPAGE-:-MILTON 017-0300/0301/0302,7
DUPAGE-:-MILTON 018-0303/0304,7
DUPAGE-:-MILTON 019-0305,7
DUPAGE-:-MILTON 020-0306,7
DUPAGE-:-MILTON 021-0307,7
DUPAGE-:-MILTON 022-0308/0309,7
DUPAGE-:-MILTON 023-0310/0311,7
DUPAGE-:-MILTON 024-0312,7
DUPAGE-:-MILTON 025-0313,7
DUPAGE-:-MILTON 026-0314,7
DUPAGE-:-MILTON 027-0315,7
DUPAGE-:-MILTON 028-0316/0317,7
DUPAGE-:-MILTON 029-0318/0319,7
DUPAGE-:-MILTON 030-0320,7
DUPAGE-:-MILTON 031-0321,7
DUPAGE-:-MILTON 031-0322,7
DUPAGE-:-MILTON 032-0323/0324,7
DUPAGE-:-MILTON 033-0325,7
DUPAGE-:-MILTON 034-0326,7
DUPAGE-:-MILTON 035-0327,7
DUPAGE-:-MILTON 036-0328,7
DUPAGE-:-MILTON 037-0329,7
DUPAGE-:-MILTON 038-0330/0331,7
DUPAGE-:-MILTON 039-0332,7
DUPAGE-:-MILTON 040-0333,7
DUPAGE-:-MILTON 041-0334,7
DUPAGE-:-MILTON 042-0335,7
DUPAGE-:-MILTON 043-0336,7
DUPAGE-:-MILTON 044-0337,7
DUPAGE-:-MILTON 045-0338,7
DUPAGE-:-MILTON 046-0339,7
DUPAGE-:-MILTON 047-0340/0341,7
DUPAGE-:-MILTON 048-0342,7
DUPAGE-:-MILTON 049-0343,7
DUPAGE-:-MILTON 050-0344,7
DUPAGE-:-MILTON 051-0345/0346,7
DUPAGE-:-MILTON 052-0347,7
DUPAGE-:-MILTON 053-0348/0349,7
DUPAGE-:-MILTON 054-0350,7
DUPAGE-:-MILTON 055-0351,7
DUPAGE-:-MILTON 056-0352,7
DUPAGE-:-MILTON 057-0353,7
DUPAGE-:-MILTON 058-0354/0355,7
DUPAGE-:-MILTON 059-0356/0357,7
DUPAGE-:-MILTON 060-0358/0359,7
DUPAGE-:-MILTON 061-0360,7
DUPAGE-:-MILTON 062-0361,7
DUPAGE-:-MILTON 062-0362,7
DUPAGE-:-MILTON 063-0363,7
DUPAGE-:-MILTON 064-0364,7
DUPAGE-:-MILTON 065-0365/0366,7
DUPAGE-:-MILTON 066-0368,7
DUPAGE-:-MILTON 067-0369,7
DUPAGE-:-MILTON 068-0370/0371,7
DUPAGE-:-MILTON 069-0372/0373,7
DUPAGE-:-MILTON 070-0374,7
DUPAGE-:-MILTON 071-0375/0376,7
DUPAGE-:-MILTON 072-0377/0378,7
DUPAGE-:-MILTON 073-0379/0380/0381,7
DUPAGE-:-MILTON 074-0382,7
DUPAGE-:-MILTON 075-0383,7
DUPAGE-:-MILTON 076-0384,7
DUPAGE-:-MILTON 077-0385/0386,7
DUPAGE-:-MILTON 078-0387/0388,7
DUPAGE-:-MILTON 079-0389/0390,7
DUPAGE-:-MILTON 080-0391,7
DUPAGE-:-MILTON 081-0392,7
DUPAGE-:-NAPERVILLE 001-0509,1
DUPAGE-:-NAPERVILLE 002-0510/0511,1
DUPAGE-:-NAPERVILLE 003-0512/0513/0514,1
DUPAGE-:-NAPERVILLE 004-0515/0517,7
DUPAGE-:-NAPERVILLE 005-0519,1
DUPAGE-:-NAPERVILLE 006-0520/0521,1
DUPAGE-:-NAPERVILLE 007-0522,1
DUPAGE-:-NAPERVILLE 008-0523,1
DUPAGE-:-NAPERVILLE 009-0524,1
DUPAGE-:-NAPERVILLE 010-0525/0526,1
DUPAGE-:-NAPERVILLE 011-0527/0528,1
DUPAGE-:-NAPERVILLE 012-0529,1
DUPAGE-:-NAPERVILLE 013-0530/0531,1
DUPAGE-:-NAPERVILLE 014-0532/0533,1
DUPAGE-:-NAPERVILLE 015-0534,1
DUPAGE-:-NAPERVILLE 016-0535,7
DUPAGE-:-NAPERVILLE 017-0536/0537,1
DUPAGE-:-NAPERVILLE 018-0538/0539,1
DUPAGE-:-NAPERVILLE 019-0540,1
DUPAGE-:-NAPERVILLE 020-0541,1
DUPAGE-:-NAPERVILLE 021-0542,1
DUPAGE-:-NAPERVILLE 022-0543,1
DUPAGE-:-NAPERVILLE 023-0544/0545,1
DUPAGE-:-NAPERVILLE 024-0546,1
DUPAGE-:-NAPERVILLE 025-0547,1
DUPAGE-:-NAPERVILLE 026-0548,1
DUPAGE-:-NAPERVILLE 027-0549,1
DUPAGE-:-NAPERVILLE 028-0550,1
DUPAGE-:-NAPERVILLE 029-0551,1
DUPAGE-:-NAPERVILLE 030-0552,1
DUPAGE-:-NAPERVILLE 031-0553/0554,1
DUPAGE-:-NAPERVILLE 032-0555,1
DUPAGE-:-NAPERVILLE 033-0556,1
DUPAGE-:-NAPERVILLE 034-0557,1
DUPAGE-:-NAPERVILLE 035-0558,1
DUPAGE-:-NAPERVILLE 036-0559,1
DUPAGE-:-NAPERVILLE 037-0560,1
DUPAGE-:-NAPERVILLE 038-0561,1
DUPAGE-:-NAPERVILLE 039-0562,1
DUPAGE-:-NAPERVILLE 040-0563,1
DUPAGE-:-NAPERVILLE 041-0564,1
DUPAGE-:-NAPERVILLE 042-0565,1
DUPAGE-:-NAPERVILLE 043-0566,1
DUPAGE-:-NAPERVILLE 044-0567,1
DUPAGE-:-NAPERVILLE 045-0568,1
DUPAGE-:-NAPERVILLE 046-0570,1
DUPAGE-:-NAPERVILLE 047-0571,1
DUPAGE-:-NAPERVILLE 048-0572,1
DUPAGE-:-NAPERVILLE 049-0573,1
DUPAGE-:-NAPERVILLE 050-0574,1
DUPAGE-:-NAPERVILLE 051-0575,1
DUPAGE-:-NAPERVILLE 052-0576,1
DUPAGE-:-NAPERVILLE 053-0577,1
DUPAGE-:-NAPERVILLE 054-0578,1
DUPAGE-:-NAPERVILLE 055-0579,1
DUPAGE-:-NAPERVILLE 056-0580,1
DUPAGE-:-NAPERVILLE 057-0581,1
DUPAGE-:-NAPERVILLE 058-0582,1
DUPAGE-:-WAYNE 001-0001,7
DUPAGE-:-WAYNE 002-0002,7
DUPAGE-:-WAYNE 003-0003,7
DUPAGE-:-WAYNE 004-0004,7
DUPAGE-:-WAYNE 005-0005,7
DUPAGE-:-WAYNE 006-0006,7
DUPAGE-:-WAYNE 007-0007,7
DUPAGE-:-WAYNE 008-0008,7
DUPAGE-:-WAYNE 009-0009,7
DUPAGE-:-WAYNE 010-0010,7
DUPAGE-:-WAYNE 011-0011,7
DUPAGE-:-WAYNE 012-0012,7
DUPAGE-:-WAYNE 013-0013,7
DUPAGE-:-WAYNE 014-0014,7
DUPAGE-:-WAYNE 015-0015,7
DUPAGE-:-WAYNE 016-0016,7
DUPAGE-:-WAYNE 017-0017,7
DUPAGE-:-WAYNE 018-0018,7
DUPAGE-:-WAYNE 019-0019,7
DUPAGE-:-WAYNE 020-0020,7
DUPAGE-:-WAYNE 021-0021,7
DUPAGE-:-WAYNE 022-0022,7
DUPAGE-:-WAYNE 023-0023,7
DUPAGE-:-WAYNE 024-0024,7
DUPAGE-:-WAYNE 025-0025,7
DUPAGE-:-WAYNE 026-0026,7
DUPAGE-:-WAYNE 027-0027,7
DUPAGE-:-WAYNE 028-0028,7
DUPAGE-:-WAYNE 029-0029,7
DUPAGE-:-WAYNE 030-0030,7
DUPAGE-:-WAYNE 031-0031,7
DUPAGE-:-WAYNE 032-0032,7
DUPAGE-:-WAYNE 033-0033,7
DUPAGE-:-WAYNE 034-0034,7
DUPAGE-:-WAYNE 035-0035,7
DUPAGE-:-WAYNE 036-0036,7
DUPAGE-:-WAYNE 037-0037,7
DUPAGE-:-WAYNE 038-0038,7
DUPAGE-:-WAYNE 038-0039,7
DUPAGE-:-WAYNE 039-0040,7
DUPAGE-:-WAYNE 040-0041/0042,7
DUPAGE-:-WAYNE 041-0043,7
DUPAGE-:-WAYNE 042-0044,7
DUPAGE-:-WAYNE 043-0045,7
DUPAGE-:-WINFIELD 001-0212,7
DUPAGE-:-WINFIELD 002-0213/0214,7
DUPAGE-:-WINFIELD 003-0215/0216/0217/0218,7
DUPAGE-:-WINFIELD 004-0219/0220/0221,7
DUPAGE-:-WINFIELD 005-0222,7
DUPAGE-:-WINFIELD 006-0223/0224,7
DUPAGE-:-WINFIELD 006-0225,7
DUPAGE-:-WINFIELD 007-0226/0227,7
DUPAGE-:-WINFIELD 008-0228/0229,7
DUPAGE-:-WINFIELD 009-0230,7
DUPAGE-:-WINFIELD 010-0231,7
DUPAGE-:-WINFIELD 011-0232/0233,7
DUPAGE-:-WINFIELD 012-0234/0235,1
DUPAGE-:-WINFIELD 013-0236/0237,7
DUPAGE-:-WINFIELD 014-0238/0239,7
DUPAGE-:-WINFIELD 015-0240,7
DUPAGE-:-WINFIELD 016-0241/0242/0243,1
DUPAGE-:-WINFIELD 017-0244,1
DUPAGE-:-WINFIELD 018-0245/0246/0247,1
DUPAGE-:-WINFIELD 019-0248/0249/0250/0251,1
DUPAGE-:-WINFIELD 020-0252,1
DUPAGE-:-WINFIELD 021-0253,1
DUPAGE-:-WINFIELD 022-0254,1
DUPAGE-:-WINFIELD 023-0255,1
DUPAGE-:-WINFIELD 023-0257,1
DUPAGE-:-WINFIELD 024-0258/0259,1
DUPAGE-:-WINFIELD 025-0260,1
DUPAGE-:-WINFIELD 026-0261,1
DUPAGE-:-WINFIELD 027-0262,1
DUPAGE-:-YORK 001-0394/0395,7
DUPAGE-:-YORK 002-0396,7
DUPAGE-:-YORK 003-0397,7
DUPAGE-:-YORK 004-0398,7
DUPAGE-:-YORK 005-0399,7
DUPAGE-:-YORK 006-0400,7
DUPAGE-:-YORK 007-0401,7
DUPAGE-:-YORK 008-0403/0404,7
DUPAGE-:-YORK 009-0406,7
DUPAGE-:-YORK 010-0407,7
DUPAGE-:-YORK 011-0408,7
DUPAGE-:-YORK 012-0409,3
DUPAGE-:-YORK 013-0410,7
DUPAGE-:-YORK 014-0411,7
DUPAGE-:-YORK 015-0412,7
DUPAGE-:-YORK 016-0413/0414,7
DUPAGE-:-YORK 017-0415/0416,7
DUPAGE-:-YORK 018-0417,7
DUPAGE-:-YORK 019-0418,7
DUPAGE-:-YORK 020-0419,7
DUPAGE-:-YORK 021-0420,7
DUPAGE-:-YORK 022-0421,7
DUPAGE-:-YORK 023-0422,7
DUPAGE-:-YORK 024-0423,7
DUPAGE-:-YORK 025-0424,7
DUPAGE-:-YORK 026-0425,7
DUPAGE-:-YORK 027-0426,7
DUPAGE-:-YORK 028-0427,7
DUPAGE-:-YORK 029-0428/0429,7
DUPAGE-:-YORK 030-0430,7
DUPAGE-:-YORK 031-0431,7
DUPAGE-:-YORK 032-0432,7
DUPAGE-:-YORK 033-0433,7
DUPAGE-:-YORK 034-0434,7
DUPAGE-:-YORK 035-0435,7
DUPAGE-:-YORK 036-0436,7
DUPAGE-:-YORK 037-0437,7
DUPAGE-:-YORK 038-0438,7
DUPAGE-:-YORK 039-0439,5
DUPAGE-:-YORK 040-0440,7
DUPAGE-:-YORK 041-0442,7
DUPAGE-:-YORK 042-0443,7
DUPAGE-:-YORK 043-0444,7
DUPAGE-:-YORK 044-0445,7
DUPAGE-:-YORK 045-0446,7
DUPAGE-:-YORK 046-0447,5
DUPAGE-:-YORK 047-0448,7
DUPAGE-:-YORK 048-0449,5
DUPAGE-:-YORK 049-0450,5
DUPAGE-:-YORK 050-0451,7
DUPAGE-:-YORK 051-0452,5
DUPAGE-:-YORK 052-0453,5
DUPAGE-:-YORK 053-0454,7
DUPAGE-:-YORK 054-0455,5
DUPAGE-:-YORK 055-0456/0457/0458,7
DUPAGE-:-YORK 056-0459,5
DUPAGE-:-YORK 057-0460/0461,7
DUPAGE-:-YORK 058-0462/0463,5
DUPAGE-:-YORK 059-0464/0465,5
DUPAGE-:-YORK 060-0466,7
DUPAGE-:-YORK 061-0467,7
DUPAGE-:-YORK 062-0468,7
DUPAGE-:-YORK 063-0469/0470,7
DUPAGE-:-YORK 064-0471/0472,7
DUPAGE-:-YORK 065-0473,7
DUPAGE-:-YORK 066-0474,7
DUPAGE-:-YORK 067-0475,5
DUPAGE-:-YORK 068-0476/0477/0478,7
DUPAGE-:-YORK 069-0479,7
DUPAGE-:-YORK 070-0480/0481,5
DUPAGE-:-YORK 071-0483/0484,5
DUPAGE-:-YORK 072-0485,5
DUPAGE-:-YORK 073-0486/0487,7
DUPAGE-:-YORK 074-0488/0489/0490,7
DUPAGE-:-YORK 075-0491,7
DUPAGE-:-YORK 076-0492/0493,5
DUPAGE-:-YORK 077-0494/0495,5
DUPAGE-:-YORK 078-0496,7
DUPAGE-:-YORK 079-0497/0498,5
DUPAGE-:-YORK 080-0499/0500,7
DUPAGE-:-YORK 081-0501/0502,7
DUPAGE-:-YORK 082-0503,7
DUPAGE-:-YORK 083-0504,5
DUPAGE-:-YORK 084-0505/0506,5
DUPAGE-:-YORK 085-0507,7
DUPAGE-:-YORK 086-0508,7
EDGAR-:-BROUILLETTS CREEK,11
EDGAR-:-BUCK,12
EDGAR-:-EDGAR,11
EDGAR-:-ELBRIDGE,11
EDGAR-:-EMBARRASS,12
EDGAR-:-GRANDVIEW,11
EDGAR-:-HUNTER,11
EDGAR-:-KANSAS,12
EDGAR-:-PARIS 1,11
EDGAR-:-PARIS 10,11
EDGAR-:-PARIS 11,11
EDGAR-:-PARIS 12,11
EDGAR-:-PARIS 14,11
EDGAR-:-PARIS 15,11
EDGAR-:-PARIS 2,11
EDGAR-:-PARIS 3,11
EDGAR-:-PARIS 4,11
EDGAR-:-PARIS 5,11
EDGAR-:-PARIS 6,11
EDGAR-:-PARIS 7,11
EDGAR-:-PARIS 8,12
EDGAR-:-PARIS 9,11
EDGAR-:-PRAIRIE,11
EDGAR-:-ROSS 1,11
EDGAR-:-ROSS 2,11
EDGAR-:-SHILOH,12
EDGAR-:-STRATTON,11
EDGAR-:-SYMMES 1,11
EDGAR-:-SYMMES 2,12
EDGAR-:-YOUNG AMERICA 1,12
EDGAR-:-YOUNG AMERICA 2,12
EDWARDS-:-ALBION 1,13
EDWARDS-:-ALBION 2,13
EDWARDS-:-ALBION 3,13
EDWARDS-:-BONE GAP,13
EDWARDS-:-BROWNS,13
EDWARDS-:-DIXON,13
EDWARDS-:-ELLERY,13
EDWARDS-:-FRENCH CREEK,13
EDWARDS-:-SALEM 1,13
EDWARDS-:-SALEM 2,13
EDWARDS-:-SHELBY 1,13
EDWARDS-:-SHELBY 2,13
EFFINGHAM-:-BANNER,11
EFFINGHAM-:-BISHOP,11
EFFINGHAM-:-DOUGLAS 1,11
EFFINGHAM-:-DOUGLAS 10,11
EFFINGHAM-:-DOUGLAS 11,11
EFFINGHAM-:-DOUGLAS 12,11
EFFINGHAM-:-DOUGLAS 13,11
EFFINGHAM-:-DOUGLAS 14,11
EFFINGHAM-:-DOUGLAS 2,11
EFFINGHAM-:-DOUGLAS 3,11
EFFINGHAM-:-DOUGLAS 4,11
EFFINGHAM-:-DOUGLAS 5,11
EFFINGHAM-:-DOUGLAS 6,11
EFFINGHAM-:-DOUGLAS 7,11
EFFINGHAM-:-DOUGLAS 8,11
EFFINGHAM-:-DOUGLAS 9,11
EFFINGHAM-:-JACKSON,11
EFFINGHAM-:-LIBERTY,11
EFFINGHAM-:-LUCAS,13
EFFINGHAM-:-MASON,11
EFFINGHAM-:-MOCCASIN,11
EFFINGHAM-:-MOUND 1,11
EFFINGHAM-:-MOUND 2,11
EFFINGHAM-:-MOUND 3,11
EFFINGHAM-:-ST. FRANCIS,11
EFFINGHAM-:-SUMMIT 1,11
EFFINGHAM-:-SUMMIT 2,11
EFFINGHAM-:-SUMMIT 3,11
EFFINGHAM-:-SUMMIT 4,11
EFFINGHAM-:-SUMMIT 5,11
EFFINGHAM-:-TEUTOPOLIS 1,11
EFFINGHAM-:-TEUTOPOLIS 2,11
EFFINGHAM-:-TEUTOPOLIS 3,11
EFFINGHAM-:-UNION,11
EFFINGHAM-:-WATSON 1,11
EFFINGHAM-:-WATSON 2,11
EFFINGHAM-:-WATSON 3,11
EFFINGHAM-:-WEST,13
FAYETTE-:-AVENA,11
FAYETTE-:-BEAR GROVE,13
FAYETTE-:-BOWLING GREEN,13
FAYETTE-:-CARSON,13
FAYETTE-:-KASKASKIA,13
FAYETTE-:-LACLEDE,11
FAYETTE-:-LONE GROVE,11
FAYETTE-:-LOUDON,11
FAYETTE-:-NORTH HURRICANE,12
FAYETTE-:-OTEGO,11
FAYETTE-:-POPE,13
FAYETTE-:-RAMSEY,13
FAYETTE-:-SEFTON,13
FAYETTE-:-SEMINARY,13
FAYETTE-:-SHAFTER,13
FAYETTE-:-SHARON,13
FAYETTE-:-SOUTH HURRICANE,12
FAYETTE-:-VANDALIA 1,13
FAYETTE-:-VANDALIA 2,13
FAYETTE-:-VANDALIA 3,13
FAYETTE-:-VANDALIA 4,13
FAYETTE-:-VANDALIA 5,13
FAYETTE-:-VANDALIA 6,13
FAYETTE-:-VANDALIA 7,13
FAYETTE-:-VANDALIA 8,13
FAYETTE-:-VANDALIA 9,13
FAYETTE-:-WHEATLAND,13
FAYETTE-:-WILBERTON,13
FORD-:-BRENTON,1
FORD-:-BUTTON,1
FORD-:-DIX,1
FORD-:-DRUMMER 1,15
FORD-:-DRUMMER 2,15
FORD-:-DRUMMER 3,15
FORD-:-DRUMMER 4,14
FORD-:-DRUMMER 5,1
FORD-:-LYMAN,1
FORD-:-MONA,1
FORD-:-PATTON 1,1
FORD-:-PATTON 2,1
FORD-:-PATTON 3,1
FORD-:-PATTON 4,1
FORD-:-PATTON 5,1
FORD-:-PATTON 6,1
FORD-:-PATTON 7,1
FORD-:-PEACH ORCHARD,1
FORD-:-PELLA,1
FORD-:-ROGERS,1
FORD-:-SULLIVANT,1
FORD-:-WALL,1
FRANKLIN-:-BARREN,13
FRANKLIN-:-BENTON 1,13
FRANKLIN-:-BENTON 2,13
FRANKLIN-:-BENTON 3,13
FRANKLIN-:-BENTON 4,13
FRANKLIN-:-BENTON 5,13
FRANKLIN-:-BENTON 6,13
FRANKLIN-:-BENTON 7,13
FRANKLIN-:-BROWNING 1,13
FRANKLIN-:-BROWNING 2,13
FRANKLIN-:-BROWNING 3,13
FRANKLIN-:-CAVE,13
FRANKLIN-:-DENNING 1,13
FRANKLIN-:-DENNING 2,13
FRANKLIN-:-DENNING 3,13
FRANKLIN-:-DENNING 4,13
FRANKLIN-:-DENNING 5,13
FRANKLIN-:-EASTERN,13
FRANKLIN-:-EWING 1,13
FRANKLIN-:-EWING 2,13
FRANKLIN-:-FRANKFORT 1,13
FRANKLIN-:-FRANKFORT 2,13
FRANKLIN-:-FRANKFORT 3,13
FRANKLIN-:-FRANKFORT 4,13
FRANKLIN-:-GOODE 1,11
FRANKLIN-:-GOODE 2,11
FRANKLIN-:-NORTHERN,13
FRANKLIN-:-SIX MILE 1,13
FRANKLIN-:-SIX MILE 2,13
FRANKLIN-:-SIX MILE 3,13
FRANKLIN-:-TYRONE 1,11
FRANKLIN-:-TYRONE 2,13
FRANKLIN-:-TYRONE 3,13
FRANKLIN-:-TYRONE 4,13
FRANKLIN-:-TYRONE 5,13
FULTON-:-ASTORIA-42,6
FULTON-:-ASTORIA-43,6
FULTON-:-BANNER-31,6
FULTON-:-BERNADOTTE-33,6
FULTON-:-BUCKHEART-30,6
FULTON-:-CANTON  1-10,6
FULTON-:-CANTON  2-11,6
FULTON-:-CANTON  3-12,6
FULTON-:-CANTON  4-13,6
FULTON-:-CANTON  5-14,6
FULTON-:-CANTON  6-15,6
FULTON-:-CANTON  7-16,6
FULTON-:-CANTON  8-17,6
FULTON-:-CANTON  9-18,6
FULTON-:-CANTON 10-19,6
FULTON-:-CANTON 11-20,6
FULTON-:-CANTON 12-21,6
FULTON-:-CANTON 13-22,6
FULTON-:-CANTON 14-23,6
FULTON-:-CANTON 15-24,6
FULTON-:-CANTON 16-25,6
FULTON-:-CASS-28,6
FULTON-:-DEERFIELD-8,6
FULTON-:-ELLISVILLE-2,6
FULTON-:-FAIRVIEW-4,6
FULTON-:-FARMERS-32,6
FULTON-:-FARMINGTON 1-5,6
FULTON-:-FARMINGTON 2-6,6
FULTON-:-HARRIS-27,6
FULTON-:-ISABEL-40,6
FULTON-:-JOSHUA-9,6
FULTON-:-KERTON-45,6
FULTON-:-LEE TWP-7,6
FULTON-:-LEWISTOWN 1-34,6
FULTON-:-LEWISTOWN 2-35,6
FULTON-:-LEWISTOWN 3-36,6
FULTON-:-LIVERPOOL-37,6
FULTON-:-ORION-26,6
FULTON-:-PLEASANT-39,6
FULTON-:-PUTMAN-29,6
FULTON-:-UNION-1,6
FULTON-:-VERMONT-38,6
FULTON-:-WATERFORD-41,6
FULTON-:-WOODLAND-44,6
FULTON-:-YOUNG HICKORY-3,6
GALLATIN-:-ASBURY 1,13
GALLATIN-:-BOWLESVILLE 1,13
GALLATIN-:-EAGLE CREEK 1,13
GALLATIN-:-EQUALITY 1,13
GALLATIN-:-GOLD HILL 1,13
GALLATIN-:-GOLD HILL 2,13
GALLATIN-:-NEW HAVEN 1,13
GALLATIN-:-NORTH FORK 1,13
GALLATIN-:-OMAHA 1,13
GALLATIN-:-RIDGWAY 1,13
GALLATIN-:-SHAWNEE 1,13
GREENE-:-ATHENSVILLE 1-1,6
GREENE-:-BLUFFDALE 1-1,6
GREENE-:-CARROLLTON 1-1,13
GREENE-:-CARROLLTON 2-1,13
GREENE-:-CARROLLTON 3-1,13
GREENE-:-KANE 1-1,6
GREENE-:-KANE 2-1,6
GREENE-:-LINDER 1-1,6
GREENE-:-PATTERSON 1-1,6
GREENE-:-ROCKBRIDGE 1-1,6
GREENE-:-ROCKBRIDGE 2-1,6
GREENE-:-ROCKBRIDGE 3-1,6
GREENE-:-ROODHOUSE 1-1,13
GREENE-:-ROODHOUSE 2-1,13
GREENE-:-ROODHOUSE 3-1,13
GREENE-:-RUBICON 1-1,6
GREENE-:-WALKERVILLE 1-1,6
GREENE-:-WHITE HALL 1-1,13
GREENE-:-WHITE HALL 2-1,13
GREENE-:-WHITE HALL 3-1,13
GREENE-:-WOODVILLE 1-1,6
GREENE-:-WRIGHTS 2-1,6
GRUNDY-:-AUX SABLE 01-001,15
GRUNDY-:-AUX SABLE 02-002,15
GRUNDY-:-AUX SABLE 02-003,15
GRUNDY-:-AUX SABLE 03-004,15
GRUNDY-:-AUX SABLE 04-005,15
GRUNDY-:-AUX SABLE 05-006,15
GRUNDY-:-AUX SABLE 05-007,15
GRUNDY-:-AUX SABLE 06-008,15
GRUNDY-:-AUX SABLE 07-009,15
GRUNDY-:-AUX SABLE 07-010,15
GRUNDY-:-BRACEVILLE 01-011,15
GRUNDY-:-BRACEVILLE 02-12/13,10
GRUNDY-:-BRACEVILLE 02-14/15,1
GRUNDY-:-BRACEVILLE 03-016,15
GRUNDY-:-BRACEVILLE 04-017,15
GRUNDY-:-ERIENNA 01-018,10
GRUNDY-:-ERIENNA 02-019,10
GRUNDY-:-FELIX 01-021,15
GRUNDY-:-FELIX 02-022,15
GRUNDY-:-FELIX 03-023,15
GRUNDY-:-FELIX 04-024,15
GRUNDY-:-GARFIELD 01-025,10
GRUNDY-:-GOODFARM 01-026,1
GRUNDY-:-GOOSE LAKE 01-027,15
GRUNDY-:-GOOSE LAKE 02-028,15
GRUNDY-:-GREENFIELD 01-029,1
GRUNDY-:-GREENFIELD 01-030,1
GRUNDY-:-HIGHLAND 01-031,1
GRUNDY-:-MAINE 01-32/33,1
GRUNDY-:-MAZON 01-034,10
GRUNDY-:-MORRIS 01-035,10
GRUNDY-:-MORRIS 02-036,10
GRUNDY-:-MORRIS 03-037,10
GRUNDY-:-MORRIS 04-038,10
GRUNDY-:-MORRIS 05-039,10
GRUNDY-:-NETTLE CREEK 01-040,15
GRUNDY-:-NORMAN 01-041,15
GRUNDY-:-SARATOGA 01-042,10
GRUNDY-:-SARATOGA 02-043,15
GRUNDY-:-SARATOGA 02-044,15
GRUNDY-:-SARATOGA 03-045,10
GRUNDY-:-SARATOGA 04-046,10
GRUNDY-:-SARATOGA 05-047,15
GRUNDY-:-VIENNA 01-048,15
GRUNDY-:-WAUPONSEE 01-049,10
GRUNDY-:-WAUPONSEE 02-050,10
HAMILTON-:-BEAVER CREEK,13
HAMILTON-:-CROOK,13
HAMILTON-:-CROUCH,13
HAMILTON-:-DAHLGREN 1,13
HAMILTON-:-DAHLGREN 2,13
HAMILTON-:-FLANNIGAN,13
HAMILTON-:-KNIGHTS PRAIRIE,13
HAMILTON-:-MAYBERRY,13
HAMILTON-:-MCLEANSBORO 1,13
HAMILTON-:-MCLEANSBORO 2,13
HAMILTON-:-MCLEANSBORO 3,13
HAMILTON-:-MCLEANSBORO 4,13
HAMILTON-:-SOUTH CROUCH,13
HAMILTON-:-SOUTH FLANNIGAN,13
HAMILTON-:-SOUTH TWIGG,13
HAMILTON-:-TWIGG,13
HANCOCK-:-APPANOOSE,6
HANCOCK-:-AUGUSTA,6
HANCOCK-:-BEAR CREEK,6
HANCOCK-:-CARTHAGE 1,6
HANCOCK-:-CARTHAGE 2,6
HANCOCK-:-CARTHAGE 3,6
HANCOCK-:-CARTHAGE 4,6
HANCOCK-:-CHILI,6
HANCOCK-:-DALLAS CITY,6
HANCOCK-:-DURHAM,6
HANCOCK-:-FOUNTAIN GREEN,6
HANCOCK-:-HANCOCK,6
HANCOCK-:-HARMONY,6
HANCOCK-:-LAHARPE 1,6
HANCOCK-:-LAHARPE 2,6
HANCOCK-:-MONTEBELLO 1,6
HANCOCK-:-MONTEBELLO 2,6
HANCOCK-:-MONTEBELLO 3,6
HANCOCK-:-MONTEBELLO 4,6
HANCOCK-:-NAUVOO,6
HANCOCK-:-PILOT GROVE,6
HANCOCK-:-PONTOOSUC,6
HANCOCK-:-PRAIRIE,6
HANCOCK-:-ROCK CREEK,6
HANCOCK-:-ROCKY RUN-WILCOX,6
HANCOCK-:-SONORA,6
HANCOCK-:-ST ALBANS,6
HANCOCK-:-ST MARYS,6
HANCOCK-:-WALKER,6
HANCOCK-:-WARSAW 1,6
HANCOCK-:-WARSAW 2,6
HANCOCK-:-WARSAW 3,6
HANCOCK-:-WYTHE,6
HARDIN-:-CAVE IN ROCK,13
HARDIN-:-MCFARLAN,13
HARDIN-:-MONROE,13
HARDIN-:-ROCK,13
HARDIN-:-ROSICLARE,13
HARDIN-:-STONE CHURCH,13
HENDERSON-:-BALD BLUFF,8
HENDERSON-:-BIGGSVILLE,15
HENDERSON-:-CARMAN,6
HENDERSON-:-GLADSTONE 1,15
HENDERSON-:-GLADSTONE 2,15
HENDERSON-:-LOMAX,6
HENDERSON-:-MEDIA,15
HENDERSON-:-OQUAWKA 1,15
HENDERSON-:-OQUAWKA 2,15
HENDERSON-:-RARITAN,6
HENDERSON-:-ROZETTA,8
HENDERSON-:-STRONGHURST,15
HENDERSON-:-TERRE HAUTE,6
HENRY-:-ALBA,8
HENRY-:-ANDOVER,8
HENRY-:-ANNAWAN,8
HENRY-:-ATKINSON,8
HENRY-:-BURNS,8
HENRY-:-CAMBRIDGE 1,8
HENRY-:-CAMBRIDGE 2,8
HENRY-:-CLOVER,8
HENRY-:-COLONA 2,8
HENRY-:-COLONA 3,8
HENRY-:-COLONA 4,8
HENRY-:-COLONA 5,8
HENRY-:-CORNWALL,8
HENRY-:-EDFORD,8
HENRY-:-GALVA 1,8
HENRY-:-GALVA 2,8
HENRY-:-GALVA 3,8
HENRY-:-GENESEO 1,8
HENRY-:-GENESEO 2,8
HENRY-:-GENESEO 3,8
HENRY-:-GENESEO 4,8
HENRY-:-GENESEO 5,8
HENRY-:-GENESEO 6,8
HENRY-:-HANNA 1,8
HENRY-:-HANNA 2,8
HENRY-:-KEWANEE 1,8
HENRY-:-KEWANEE 10,8
HENRY-:-KEWANEE 11,8
HENRY-:-KEWANEE 2,8
HENRY-:-KEWANEE 3,8
HENRY-:-KEWANEE 4,8
HENRY-:-KEWANEE 5,8
HENRY-:-KEWANEE 6,8
HENRY-:-KEWANEE 7,8
HENRY-:-KEWANEE 8,8
HENRY-:-KEWANEE 9,8
HENRY-:-LORAINE,8
HENRY-:-LYNN,8
HENRY-:-MUNSON,8
HENRY-:-OSCO,8
HENRY-:-OXFORD,8
HENRY-:-PHENIX,8
HENRY-:-WELLER,8
HENRY-:-WESTERN 1,8
HENRY-:-WESTERN 2,8
HENRY-:-WESTERN 3,8
HENRY-:-WETHERSFIELD 1,8
HENRY-:-WETHERSFIELD 2,8
HENRY-:-WETHERSFIELD 3,8
HENRY-:-WETHERSFIELD 4,8
HENRY-:-YORKTOWN,8
IROQUOIS-:-ARTESIA-1,11
IROQUOIS-:-ASH GROVE-2,11
IROQUOIS-:-ASHKUM 1-3,1
IROQUOIS-:-ASHKUM 2-3,1
IROQUOIS-:-BEAVER-3,1
IROQUOIS-:-BEAVERVILLE-3,1
IROQUOIS-:-BELMONT 1-4,1
IROQUOIS-:-BELMONT 2-4,1
IROQUOIS-:-BELMONT 3-4,1
IROQUOIS-:-CHEBANSE 1-3,1
IROQUOIS-:-CHEBANSE 2-3,1
IROQUOIS-:-CONCORD-4/5,1
IROQUOIS-:-CRESCENT-1,1
IROQUOIS-:-DANFORTH-1,1
IROQUOIS-:-DOUGLAS 1-1,1
IROQUOIS-:-DOUGLAS 2-1,1
IROQUOIS-:-FOUNTAIN CREEK-2,1
IROQUOIS-:-IROQUOIS-1,1
IROQUOIS-:-LODA-2,11
IROQUOIS-:-LOVEJOY-2,1
IROQUOIS-:-MARTINTON-3,1
IROQUOIS-:-MIDDLEPORT 1-4,1
IROQUOIS-:-MIDDLEPORT 2-4,1
IROQUOIS-:-MIDDLEPORT 3-4/5,1
IROQUOIS-:-MIDDLEPORT 4-4,1
IROQUOIS-:-MILFORD 1-2,11
IROQUOIS-:-MILFORD 2-2,1
IROQUOIS-:-MILKS GROVE-3,1
IROQUOIS-:-ONARGA 1-1,1
IROQUOIS-:-ONARGA 2-1,1
IROQUOIS-:-PAPINEAU-3,1
IROQUOIS-:-PIGEON GROVE-2,11
IROQUOIS-:-PRAIRIE GREEN-2,1
IROQUOIS-:-RIDGELAND-1,1
IROQUOIS-:-SHELDON 1-2,1
IROQUOIS-:-SHELDON 2-2,1
IROQUOIS-:-STOCKLAND-2,1
JACKSON-:-BRADLEY - AVA-4,11
JACKSON-:-BRADLEY - CAMPBELL HILL-4,11
JACKSON-:-CARBONDALE 1-8,11
JACKSON-:-CARBONDALE 10-12,11
JACKSON-:-CARBONDALE 11-13,11
JACKSON-:-CARBONDALE 12-13,11
JACKSON-:-CARBONDALE 13-13,11
JACKSON-:-CARBONDALE 14-12,11
JACKSON-:-CARBONDALE 15-12,11
JACKSON-:-CARBONDALE 16-12,11
JACKSON-:-CARBONDALE 18-10,11
JACKSON-:-CARBONDALE 19-10,11
JACKSON-:-CARBONDALE 2-10,11
JACKSON-:-CARBONDALE 20-10,11
JACKSON-:-CARBONDALE 21-10/13,11
JACKSON-:-CARBONDALE 24-12/13,11
JACKSON-:-CARBONDALE 25-13,11
JACKSON-:-CARBONDALE 26-13,11
JACKSON-:-CARBONDALE 4-8,11
JACKSON-:-CARBONDALE 5-8,11
JACKSON-:-CARBONDALE 6-8,11
JACKSON-:-CARBONDALE 7-11,11
JACKSON-:-CARBONDALE 8-11,11
JACKSON-:-CARBONDALE 9-8,11
JACKSON-:-DEGOGNIA-4,11
JACKSON-:-DESOTO 1-8/9,11
JACKSON-:-DESOTO 2-8/9,11
JACKSON-:-ELK 1-1,11
JACKSON-:-ELK 3-1,13
JACKSON-:-FOUNTAIN BLUFF-4,11
JACKSON-:-GRAND TOWER-15,11
JACKSON-:-KINKAID-4,11
JACKSON-:-LEVAN-5/6,11
JACKSON-:-MAKANDA 1-12,13
JACKSON-:-MAKANDA 2-12,11
JACKSON-:-MAKANDA 3-10,11
JACKSON-:-MAKANDA 4-12,11
JACKSON-:-MURPHYSBORO 1-11,11
JACKSON-:-MURPHYSBORO 1-14,11
JACKSON-:-MURPHYSBORO 10-11,11
JACKSON-:-MURPHYSBORO 12-4,11
JACKSON-:-MURPHYSBORO 2-14,11
JACKSON-:-MURPHYSBORO 3-11,11
JACKSON-:-MURPHYSBORO 3-14,11
JACKSON-:-MURPHYSBORO 4-11/12,11
JACKSON-:-MURPHYSBORO 5-14,11
JACKSON-:-MURPHYSBORO 6-4,11
JACKSON-:-MURPHYSBORO 7-14,11
JACKSON-:-MURPHYSBORO 8-4,11
JACKSON-:-MURPHYSBORO 9-4,11
JACKSON-:-ORA-3/4,11
JACKSON-:-POMONA-15,11
JACKSON-:-SAND RIDGE-6,11
JACKSON-:-SOMERSET 1-6/7,11
JACKSON-:-SOMERSET 2-6,11
JACKSON-:-SOMERSET 3-6,11
JACKSON-:-SOMERSET 4-6/7,11
JACKSON-:-VERGENNES-2,11
JASPER-:-CROOKED CREEK-1,11
JASPER-:-FOX-3,13
JASPER-:-GRANDVILLE-1,13
JASPER-:-GROVE-2,11
JASPER-:-HUNT CITY-1,13
JASPER-:-NORTH MUDDY-2,11
JASPER-:-SMALLWOOD-3,13
JASPER-:-SOUTH MUDDY-2,13
JASPER-:-STE. MARIE 1-3,13
JASPER-:-STE. MARIE 2-1,13
JASPER-:-WADE 1-1,11
JASPER-:-WADE 2-2,11
JASPER-:-WADE 3-2,11
JASPER-:-WADE 4-3,11
JASPER-:-WILLOW HILL-1,13
JEFFERSON-:-BALD HILL,11
JEFFERSON-:-BLISSVILLE,13
JEFFERSON-:-CASNER,11
JEFFERSON-:-DODDS 1,11
JEFFERSON-:-DODDS 2,11
JEFFERSON-:-ELK PRAIRIE,13
JEFFERSON-:-FARRINGTON,13
JEFFERSON-:-FIELD,11
JEFFERSON-:-GRAND PRAIRIE,11
JEFFERSON-:-MCCLELLAN,11
JEFFERSON-:-MOORES PRAIRIE,13
JEFFERSON-:-MT VERNON 1,11
JEFFERSON-:-MT VERNON 10,11
JEFFERSON-:-MT VERNON 2,11
JEFFERSON-:-MT VERNON 3,11
JEFFERSON-:-MT VERNON 4,11
JEFFERSON-:-MT VERNON 5,11
JEFFERSON-:-MT VERNON 6,11
JEFFERSON-:-MT VERNON 7,11
JEFFERSON-:-MT VERNON 8,11
JEFFERSON-:-MT VERNON 9,11
JEFFERSON-:-PENDLETON,11
JEFFERSON-:-ROME 1,11
JEFFERSON-:-ROME 2,11
JEFFERSON-:-SHILOH 1,11
JEFFERSON-:-SHILOH 2,11
JEFFERSON-:-SHILOH 3,11
JEFFERSON-:-SHILOH 4,11
JEFFERSON-:-SHILOH 5,11
JEFFERSON-:-SPRING GARDEN 1,13
JEFFERSON-:-SPRING GARDEN 2,13
JEFFERSON-:-WEBBER 1,11
JEFFERSON-:-WEBBER 2,11
JERSEY-:-ELSAH 1,13
JERSEY-:-ELSAH 2,13
JERSEY-:-ENGLISH,6
JERSEY-:-FIDELITY,6
JERSEY-:-JERSEY 1,6
JERSEY-:-JERSEY 2,6
JERSEY-:-JERSEY 3,6
JERSEY-:-JERSEY 4,6
JERSEY-:-JERSEY 5,6
JERSEY-:-JERSEY 6,6
JERSEY-:-JERSEY 7,6
JERSEY-:-JERSEY 8,6
JERSEY-:-MISSISSIPPI 1,6
JERSEY-:-MISSISSIPPI 2,6
JERSEY-:-OTTER CREEK,6
JERSEY-:-PIASA 1,13
JERSEY-:-PIASA 2,13
JERSEY-:-PIASA 3,6
JERSEY-:-QUARRY,6
JERSEY-:-RICHWOOD,6
JERSEY-:-ROSEDALE,6
JERSEY-:-RUYLE,6
JODAVIESS-:-APPLE RIVER,8
JODAVIESS-:-BERREMAN,8
JODAVIESS-:-COUNCIL HILL,8
JODAVIESS-:-DERINDA,8
JODAVIESS-:-DUNLEITH 1,8
JODAVIESS-:-DUNLEITH 2,8
JODAVIESS-:-DUNLEITH 3,8
JODAVIESS-:-EAST GALENA,8
JODAVIESS-:-ELIZABETH,8
JODAVIESS-:-GUILFORD,8
JODAVIESS-:-HANOVER,8
JODAVIESS-:-MENOMINEE,8
JODAVIESS-:-NORA,8
JODAVIESS-:-PLEASANT VALLEY,8
JODAVIESS-:-RAWLINS,8
JODAVIESS-:-RICE,8
JODAVIESS-:-RUSH,8
JODAVIESS-:-SCALES MOUND,8
JODAVIESS-:-STOCKTON 1,8
JODAVIESS-:-STOCKTON 2,8
JODAVIESS-:-THOMPSON,8
JODAVIESS-:-VINEGAR HILL,8
JODAVIESS-:-WARDS GROVE,8
JODAVIESS-:-WARREN,8
JODAVIESS-:-WEST GALENA 1,8
JODAVIESS-:-WEST GALENA 2,8
JODAVIESS-:-WEST GALENA 3,8
JODAVIESS-:-WOODBINE,8
JOHNSON-:-BELKNAP-1,11
JOHNSON-:-BLOOMFIELD-1,11
JOHNSON-:-BURNSIDE-1,13
JOHNSON-:-CACHE-1,11
JOHNSON-:-ELVIRA-1,11
JOHNSON-:-GOREVILLE 1-1,13
JOHNSON-:-GOREVILLE 2-1,13
JOHNSON-:-GRANTSBURG-1,11
JOHNSON-:-LAKE 1-1,13
JOHNSON-:-LAKE 2-1,13
JOHNSON-:-OZARK-1,13
JOHNSON-:-SIMPSON-1,13
JOHNSON-:-TUNNEL HILL-1,13
JOHNSON-:-VIENNA 1-1,11
JOHNSON-:-VIENNA 2-1,11
JOHNSON-:-VIENNA 3-1,11
KANE-:-AU0001-1/2,8
KANE-:-AU0002-3/4,8
KANE-:-AU0003-5,8
KANE-:-AU0004-6,8
KANE-:-AU0005-7,1
KANE-:-AU0006-8,1
KANE-:-AU0007-9,1
KANE-:-AU0008-10,1
KANE-:-AU0009-11,1
KANE-:-AU0009-12,1
KANE-:-AU0010-13,1
KANE-:-AU0010-14,1
KANE-:-AU0011-15,1
KANE-:-AU0012-16,1
KANE-:-AU0013-17,1
KANE-:-AU0014-18,1
KANE-:-AU0015-19,1
KANE-:-AU0016-20,1
KANE-:-AU0017-21,8
KANE-:-AU0018-22,8
KANE-:-AU0019-23,1
KANE-:-AU0020-24,8
KANE-:-AU0021-25,8
KANE-:-AU0021-26,8
KANE-:-AU0022-27,8
KANE-:-AU0023-28,8
KANE-:-AU0024-29,8
KANE-:-AU0025-30,8
KANE-:-AU0026-31,1
KANE-:-AU0027-32,1
KANE-:-AU0028-33,8
KANE-:-AU0029-34,8
KANE-:-AU0030-35,8
KANE-:-AU0031-36,8
KANE-:-AU0032-37,8
KANE-:-AU0033-38,8
KANE-:-AU0034-39,8
KANE-:-AU0035-40,8
KANE-:-AU0036-41,8
KANE-:-AU0037-42,8
KANE-:-AU0038-43,8
KANE-:-AU0039-44,8
KANE-:-AU0040-45,8
KANE-:-AU0041-46,8
KANE-:-AU0042-47,8
KANE-:-AU0043-48,8
KANE-:-AU0044-49,8
KANE-:-AU0045-50/51,8
KANE-:-AU0046-52,1
KANE-:-AU0047-53,1
KANE-:-AU0048-54,1
KANE-:-AU0049-55,1
KANE-:-AU0050-56,1
KANE-:-AU0050-57,8
KANE-:-AU0051-58,8
KANE-:-AU0052-59,8
KANE-:-AU0053-60,8
KANE-:-AU0054-61,8
KANE-:-AU0055-62,8
KANE-:-AU0056-63,8
KANE-:-AU0057-64,8
KANE-:-AU0058-65,8
KANE-:-AU0059-66,8
KANE-:-AU0060-67,8
KANE-:-AU0061-68,8
KANE-:-BA0001-69,8
KANE-:-BA0002-70,8
KANE-:-BA0003-71,8
KANE-:-BA0004-72,8
KANE-:-BA0005-73/74,8
KANE-:-BA0006-75,8
KANE-:-BA0007-76,8
KANE-:-BA0008-77,8
KANE-:-BA0009-78,8
KANE-:-BA0010-79,8
KANE-:-BA0011-80,8
KANE-:-BA0012-81,8
KANE-:-BA0013-82,8
KANE-:-BA0014-83,8
KANE-:-BA0015-84,8
KANE-:-BA0016-85,8
KANE-:-BA0017-86,8
KANE-:-BA0018-87/88,8
KANE-:-BA0019-89,8
KANE-:-BA0020-90,8
KANE-:-BA0021-91,8
KANE-:-BA0022-92,8
KANE-:-BB0001-93,7
KANE-:-BB0002-94/95,8
KANE-:-BB0003-97,7
KANE-:-BB0004-98,7
KANE-:-BB0005-99,7
KANE-:-BB0006-100,7
KANE-:-BB0007-101,8
KANE-:-BB0008-103,8
KANE-:-BB0009-104,7
KANE-:-BB0010-105,7
KANE-:-BB0011-106/107,8
KANE-:-BR0001-108,8
KANE-:-BR0002-109,8
KANE-:-BU0001-110/111/112,7
KANE-:-CA0001-114,7
KANE-:-CA0002-115/116,7
KANE-:-CA0003-117/118,7
KANE-:-CA0004-119,7
KANE-:-CA0005-121/122,7
KANE-:-CA0006-123,7
KANE-:-CA0007-124,7
KANE-:-CA0008-125,7
KANE-:-CA0009-127,7
KANE-:-CA0010-128/129,7
KANE-:-CA0011-130/131,7
KANE-:-CA0012-132/133,7
KANE-:-DU0001-134,16
KANE-:-DU0002-135,16
KANE-:-DU0003-136,16
KANE-:-DU0004-137,16
KANE-:-DU0005-138,16
KANE-:-DU0006-139,16
KANE-:-DU0007-141,16
KANE-:-DU0008-142,16
KANE-:-DU0009-143,16
KANE-:-DU0009-144,16
KANE-:-DU0010-145,16
KANE-:-DU0011-146,16
KANE-:-DU0012-147,16
KANE-:-DU0013-148,16
KANE-:-DU0014-149/150,16
KANE-:-DU0015-151,16
KANE-:-DU0016-152,16
KANE-:-DU0016-153,3
KANE-:-DU0017-154,16
KANE-:-DU0018-155,16
KANE-:-DU0019-156,16
KANE-:-DU0020-157,16
KANE-:-DU0021-158,16
KANE-:-DU0022-159,16
KANE-:-DU0023-160,16
KANE-:-DU0024-161,16
KANE-:-DU0025-162,16
KANE-:-DU0026-163,16
KANE-:-DU0027-164,16
KANE-:-DU0028-165,16
KANE-:-DU0029-166,16
KANE-:-DU0030-167,16
KANE-:-DU0031-168,16
KANE-:-DU0032-169,16
KANE-:-DU0033-170,16
KANE-:-DU0034-171,16
KANE-:-DU0035-172,16
KANE-:-EL0001-173,3
KANE-:-EL0002-174,3
KANE-:-EL0003-175,3
KANE-:-EL0004-176,3
KANE-:-EL0005-177,3
KANE-:-EL0006-178,16
KANE-:-EL0007-179,16
KANE-:-EL0008-180,16
KANE-:-EL0009-181,3
KANE-:-EL0010-182,16
KANE-:-EL0010-183,3
KANE-:-EL0011-184,3
KANE-:-EL0012-185,16
KANE-:-EL0013-186,3
KANE-:-EL0014-187,3
KANE-:-EL0015-188/189/190,16
KANE-:-EL0016-191,3
KANE-:-EL0017-192,3
KANE-:-EL0018-193,3
KANE-:-EL0019-194,3
KANE-:-EL0020-195,3
KANE-:-EL0021-196,7
KANE-:-EL0022-197/198/199,3
KANE-:-EL0023-200/201,16
KANE-:-EL0024-202/203/204,3
KANE-:-EL0025-205,3
KANE-:-EL0026-206,3
KANE-:-EL0027-207,16
KANE-:-EL0028-208,3
KANE-:-EL0029-209,3
KANE-:-EL0030-210/211,7
KANE-:-EL0031-212,3
KANE-:-EL0032-214,3
KANE-:-EL0033-215,3
KANE-:-EL0033-216,3
KANE-:-EL0034-217,3
KANE-:-EL0035-218,3
KANE-:-EL0036-219,7
KANE-:-EL0037-220,3
KANE-:-EL0037-221,16
KANE-:-EL0038-222,7
KANE-:-EL0039-223,7
KANE-:-EL0040-224/225/226,7
KANE-:-EL0041-227/228,3
KANE-:-EL0042-229,7
KANE-:-EL0043-230/231,3
KANE-:-EL0044-232,3
KANE-:-EL0045-233/234,3
KANE-:-EL0046-235,7
KANE-:-EL0047-236,7
KANE-:-EL0048-237,16
KANE-:-EL0049-238,3
KANE-:-EL0050-239/240,7
KANE-:-EL0051-241,3
KANE-:-EL0052-242,16
KANE-:-EL0052-243,3
KANE-:-GE0001-244,7
KANE-:-GE0002-245,8
KANE-:-GE0003-246,8
KANE-:-GE0004-247,7
KANE-:-GE0005-248,7
KANE-:-GE0006-249,8
KANE-:-GE0007-250,8
KANE-:-GE0008-251,8
KANE-:-GE0009-252,7
KANE-:-GE0010-253,8
KANE-:-GE0010-254,8
KANE-:-GE0010-255,8
KANE-:-GE0011-256,7
KANE-:-GE0012-257,8
KANE-:-GE0013-258/259,8
KANE-:-GE0014-260,7
KANE-:-GE0015-261,8
KANE-:-GE0016-262/263,8
KANE-:-GE0017-264,7
KANE-:-GE0018-265,8
KANE-:-GE0019-266/267,7
KANE-:-GE0020-268,7
KANE-:-HA0001-269/270/271,3
KANE-:-HA0002-272,3
KANE-:-HA0003-274,3
KANE-:-HA0004-275,3
KANE-:-HA0005-276,16
KANE-:-KA0001-277,8
KANE-:-PL0001-278,3
KANE-:-PL0002-280/281/282/283,7
KANE-:-PL0003-284/285,3
KANE-:-PL0004-286/287/288,3
KANE-:-PL0005-289/290,7
KANE-:-PL0006-291,3
KANE-:-RU0001-292/293,16
KANE-:-RU0002-294/295/296/297/298,3
KANE-:-RU0003-299/300,16
KANE-:-RU0004-301,16
KANE-:-RU0005-302,16
KANE-:-RU0006-304,3
KANE-:-RU0007-305/306,3
KANE-:-RU0008-307,3
KANE-:-RU0009-308/309,16
KANE-:-RU0009-310,16
KANE-:-RU0010-311,3
KANE-:-RU0011-312,16
KANE-:-RU0012-313,16
KANE-:-RU0013-314,3
KANE-:-RU0013-315,3
KANE-:-RU0014-316,16
KANE-:-SC0001-317,7
KANE-:-SC0002-318,7
KANE-:-SC0003-319,7
KANE-:-SC0004-320/321,7
KANE-:-SC0005-322,7
KANE-:-SC0006-323,7
KANE-:-SC0007-324,7
KANE-:-SC0008-325/326,7
KANE-:-SC0009-327,8
KANE-:-SC0010-328,8
KANE-:-SC0011-329,7
KANE-:-SC0012-330,7
KANE-:-SC0013-331,7
KANE-:-SC0013-332,7
KANE-:-SC0014-333,7
KANE-:-SC0015-334,7
KANE-:-SC0016-335,7
KANE-:-SC0017-336/337,7
KANE-:-SC0018-338,7
KANE-:-SC0018-339,7
KANE-:-SC0019-340,7
KANE-:-SC0020-341,7
KANE-:-SC0021-342,7
KANE-:-SC0022-344,7
KANE-:-SC0023-345,7
KANE-:-SC0024-346,7
KANE-:-SC0025-347/348,7
KANE-:-SC0026-349,7
KANE-:-SC0027-350,7
KANE-:-SC0028-351,7
KANE-:-SC0029-352,7
KANE-:-SC0030-353,7
KANE-:-SC0031-354,7
KANE-:-SC0032-355,7
KANE-:-SC0033-356,7
KANE-:-SC0034-357,7
KANE-:-SG0001-358,15
KANE-:-SG0002-359,8
KANE-:-SG0003-360,8
KANE-:-SG0004-361,8
KANE-:-SG0005-362,15
KANE-:-SG0006-363/364,8
KANE-:-SG0007-365,8
KANE-:-SG0008-366,8
KANE-:-SG0009-367,8
KANE-:-SG0010-368,8
KANE-:-SG0011-369,8
KANE-:-SG0012-370,8
KANE-:-SG0013-371,8
KANE-:-SG0014-372,15
KANE-:-VI0001-373,8
KANE-:-VI0002-374/375/376,8
KANKAKEE-:-AROMA 1,1
KANKAKEE-:-AROMA 2,1
KANKAKEE-:-AROMA 3,1
KANKAKEE-:-BOURBONNAIS 1,1
KANKAKEE-:-BOURBONNAIS 12,10
KANKAKEE-:-BOURBONNAIS 15,1
KANKAKEE-:-BOURBONNAIS 16,1
KANKAKEE-:-BOURBONNAIS 18,1
KANKAKEE-:-BOURBONNAIS 19,10
KANKAKEE-:-BOURBONNAIS 2,10
KANKAKEE-:-BOURBONNAIS 3,10
KANKAKEE-:-BOURBONNAIS 4,1
KANKAKEE-:-BOURBONNAIS 6,1
KANKAKEE-:-BOURBONNAIS 7,10
KANKAKEE-:-BOURBONNAIS 8,1
KANKAKEE-:-BOURBONNAIS 9,1
KANKAKEE-:-ESSEX,10
KANKAKEE-:-GANEER 1,1
KANKAKEE-:-GANEER 2,1
KANKAKEE-:-GANEER 3,1
KANKAKEE-:-KANKAKEE 1,1
KANKAKEE-:-KANKAKEE 2,1
KANKAKEE-:-KANKAKEE 3,1
KANKAKEE-:-KANKAKEE 4,1
KANKAKEE-:-KANKAKEE 5,1
KANKAKEE-:-KANKAKEE 6,1
KANKAKEE-:-KANKAKEE 7,1
KANKAKEE-:-KANKAKEE 8,1
KANKAKEE-:-KANKAKEE 9,1
KANKAKEE-:-LIMESTONE 1,1
KANKAKEE-:-LIMESTONE 2,10
KANKAKEE-:-LIMESTONE 3,10
KANKAKEE-:-LIMESTONE 4,1
KANKAKEE-:-MANTENO 1,15
KANKAKEE-:-MANTENO 2,15
KANKAKEE-:-MANTENO 3,10
KANKAKEE-:-MANTENO 5,10
KANKAKEE-:-MANTENO 6,10
KANKAKEE-:-MOMENCE 1,1
KANKAKEE-:-MOMENCE 2,1
KANKAKEE-:-NORTON,1
KANKAKEE-:-OTTO 1,1
KANKAKEE-:-OTTO 2,1
KANKAKEE-:-PEMBROKE 1,1
KANKAKEE-:-PEMBROKE 2,1
KANKAKEE-:-PILOT,10
KANKAKEE-:-ROCKVILLE,15
KANKAKEE-:-SALINA,10
KANKAKEE-:-ST. ANNE,1
KANKAKEE-:-SUMNER,10
KANKAKEE-:-YELLOWHEAD 1,10
KANKAKEE-:-YELLOWHEAD 2,1
KENDALL-:-BIG GROVE 1,15
KENDALL-:-BRISTOL 1,8
KENDALL-:-BRISTOL 10,15
KENDALL-:-BRISTOL 11,15
KENDALL-:-BRISTOL 12,15
KENDALL-:-BRISTOL 13,15
KENDALL-:-BRISTOL 14,15
KENDALL-:-BRISTOL 15,15
KENDALL-:-BRISTOL 16,15
KENDALL-:-BRISTOL 17,15
KENDALL-:-BRISTOL 18,8
KENDALL-:-BRISTOL 2,15
KENDALL-:-BRISTOL 3,15
KENDALL-:-BRISTOL 4,15
KENDALL-:-BRISTOL 5,15
KENDALL-:-BRISTOL 6,15
KENDALL-:-BRISTOL 7,15
KENDALL-:-BRISTOL 8,8
KENDALL-:-BRISTOL 9,15
KENDALL-:-FOX 1,8
KENDALL-:-FOX 2,8
KENDALL-:-KENDALL 1,15
KENDALL-:-KENDALL 2,15
KENDALL-:-KENDALL 3,15
KENDALL-:-KENDALL 4,15
KENDALL-:-KENDALL 5,15
KENDALL-:-KENDALL 6,15
KENDALL-:-LISBON 1,15
KENDALL-:-LITTLE ROCK 1,15
KENDALL-:-LITTLE ROCK 2,15
KENDALL-:-LITTLE ROCK 3,8
KENDALL-:-LITTLE ROCK 4,8
KENDALL-:-LITTLE ROCK 5,8
KENDALL-:-LITTLE ROCK 6,15
KENDALL-:-LITTLE ROCK 7,15
KENDALL-:-LITTLE ROCK 8,15
KENDALL-:-NA AU SAY 1,15
KENDALL-:-NA AU SAY 2,15
KENDALL-:-NA AU SAY 3,15
KENDALL-:-NA AU SAY 4,15
KENDALL-:-NA AU SAY 5,15
KENDALL-:-NA AU SAY 6,15
KENDALL-:-OSWEGO 1,8
KENDALL-:-OSWEGO 10,15
KENDALL-:-OSWEGO 11,15
KENDALL-:-OSWEGO 12,8
KENDALL-:-OSWEGO 13,8
KENDALL-:-OSWEGO 14,15
KENDALL-:-OSWEGO 15,1
KENDALL-:-OSWEGO 16,15
KENDALL-:-OSWEGO 17,8
KENDALL-:-OSWEGO 18,1
KENDALL-:-OSWEGO 19,1
KENDALL-:-OSWEGO 2,15
KENDALL-:-OSWEGO 20,8
KENDALL-:-OSWEGO 21,15
KENDALL-:-OSWEGO 22,15
KENDALL-:-OSWEGO 23,1
KENDALL-:-OSWEGO 24,15
KENDALL-:-OSWEGO 25,15
KENDALL-:-OSWEGO 26,15
KENDALL-:-OSWEGO 27,15
KENDALL-:-OSWEGO 28,15
KENDALL-:-OSWEGO 29,8
KENDALL-:-OSWEGO 3,8
KENDALL-:-OSWEGO 30,15
KENDALL-:-OSWEGO 31,15
KENDALL-:-OSWEGO 32,8
KENDALL-:-OSWEGO 33,15
KENDALL-:-OSWEGO 4,15
KENDALL-:-OSWEGO 5,8
KENDALL-:-OSWEGO 6,8
KENDALL-:-OSWEGO 7,15
KENDALL-:-OSWEGO 8,8
KENDALL-:-OSWEGO 9,8
KENDALL-:-SEWARD 1,15
KENDALL-:-SEWARD 2,15
KENDALL-:-SEWARD 3,15
KNOX-:-CEDAR FIRST,6
KNOX-:-CEDAR FOURTH,6
KNOX-:-CEDAR SECOND,6
KNOX-:-CEDAR THIRD,6
KNOX-:-CHESTNUT,6
KNOX-:-COPLEY,15
KNOX-:-ELBA,6
KNOX-:-GALESBURG,6
KNOX-:-HAW CREEK,15
KNOX-:-HENDERSON,15
KNOX-:-INDIAN POINT,6
KNOX-:-KNOX FIFTH,15
KNOX-:-KNOX FIRST,15
KNOX-:-KNOX FOURTH,15
KNOX-:-KNOX SECOND,15
KNOX-:-KNOX SIX,15
KNOX-:-KNOX THIRD,15
KNOX-:-LYNN,8
KNOX-:-MAQUON,6
KNOX-:-ONTARIO,8
KNOX-:-ORANGE,6
KNOX-:-PERSIFER,15
KNOX-:-RIO TWP,15
KNOX-:-SALEM,6
KNOX-:-SPARTA,8
KNOX-:-TRURO,15
KNOX-:-VICTORIA,15
KNOX-:-WALNUT GROVE,8
LAKE-:-ANTIOCH 1,4
LAKE-:-ANTIOCH 10,4
LAKE-:-ANTIOCH 11,4
LAKE-:-ANTIOCH 12,4
LAKE-:-ANTIOCH 13,4
LAKE-:-ANTIOCH 14,4
LAKE-:-ANTIOCH 15,4
LAKE-:-ANTIOCH 16,4
LAKE-:-ANTIOCH 17,4
LAKE-:-ANTIOCH 18,4
LAKE-:-ANTIOCH 19,4
LAKE-:-ANTIOCH 2,4
LAKE-:-ANTIOCH 3,4
LAKE-:-ANTIOCH 4,4
LAKE-:-ANTIOCH 5,4
LAKE-:-ANTIOCH 6,4
LAKE-:-ANTIOCH 7,4
LAKE-:-ANTIOCH 8,4
LAKE-:-ANTIOCH 9,4
LAKE-:-AVON 20,4
LAKE-:-AVON 21,4
LAKE-:-AVON 22,4
LAKE-:-AVON 23,4
LAKE-:-AVON 24,4
LAKE-:-AVON 25,4
LAKE-:-AVON 26,4
LAKE-:-AVON 27,4
LAKE-:-AVON 28,4
LAKE-:-AVON 29,4
LAKE-:-AVON 30,4
LAKE-:-AVON 31,4
LAKE-:-AVON 32,4
LAKE-:-AVON 33,4
LAKE-:-AVON 34,4
LAKE-:-AVON 35,4
LAKE-:-AVON 36,4
LAKE-:-AVON 37,4
LAKE-:-AVON 38,4
LAKE-:-AVON 39,4
LAKE-:-AVON 40,4
LAKE-:-AVON 41,4
LAKE-:-AVON 42,4
LAKE-:-AVON 43,4
LAKE-:-AVON 44,4
LAKE-:-AVON 45,4
LAKE-:-AVON 46,4
LAKE-:-AVON 47,4
LAKE-:-AVON 48,4
LAKE-:-AVON 49,4
LAKE-:-AVON 50,4
LAKE-:-AVON 51,4
LAKE-:-AVON 52,16
LAKE-:-BENTON 53,4
LAKE-:-BENTON 54,4
LAKE-:-BENTON 55,4
LAKE-:-BENTON 56,4
LAKE-:-BENTON 57,4
LAKE-:-BENTON 58,4
LAKE-:-BENTON 59,4
LAKE-:-BENTON 60,4
LAKE-:-BENTON 61,4
LAKE-:-BENTON 62,4
LAKE-:-BENTON 63,4
LAKE-:-BENTON 64,4
LAKE-:-BENTON 65,4
LAKE-:-CUBA 66,16
LAKE-:-CUBA 67,16
LAKE-:-CUBA 68,16
LAKE-:-CUBA 69,16
LAKE-:-CUBA 70,16
LAKE-:-CUBA 71,16
LAKE-:-CUBA 72,16
LAKE-:-CUBA 73,16
LAKE-:-CUBA 74,4
LAKE-:-CUBA 75,16
LAKE-:-CUBA 76,16
LAKE-:-CUBA 77,16
LAKE-:-CUBA 78,16
LAKE-:-ELA 100,16
LAKE-:-ELA 101,16
LAKE-:-ELA 102,16
LAKE-:-ELA 103,16
LAKE-:-ELA 104,16
LAKE-:-ELA 105,4
LAKE-:-ELA 106,4
LAKE-:-ELA 107,16
LAKE-:-ELA 79,4
LAKE-:-ELA 80,4
LAKE-:-ELA 81,16
LAKE-:-ELA 82,16
LAKE-:-ELA 83,16
LAKE-:-ELA 84,4
LAKE-:-ELA 85,4
LAKE-:-ELA 86,16
LAKE-:-ELA 87,16
LAKE-:-ELA 88,16
LAKE-:-ELA 89,16
LAKE-:-ELA 90,16
LAKE-:-ELA 91,4
LAKE-:-ELA 92,16
LAKE-:-ELA 93,4
LAKE-:-ELA 94,16
LAKE-:-ELA 95,4
LAKE-:-ELA 96,16
LAKE-:-ELA 97,16
LAKE-:-ELA 98,4
LAKE-:-ELA 99,16
LAKE-:-FREMONT 108,4
LAKE-:-FREMONT 109,4
LAKE-:-FREMONT 110,4
LAKE-:-FREMONT 111,4
LAKE-:-FREMONT 112,4
LAKE-:-FREMONT 113,16
LAKE-:-FREMONT 114,16
LAKE-:-FREMONT 115,16
LAKE-:-FREMONT 116,16
LAKE-:-FREMONT 117,16
LAKE-:-FREMONT 118,16
LAKE-:-FREMONT 119,16
LAKE-:-FREMONT 120,2
LAKE-:-FREMONT 121,16
LAKE-:-FREMONT 122,16
LAKE-:-FREMONT 123,16
LAKE-:-FREMONT 124,2
LAKE-:-FREMONT 125,16
LAKE-:-FREMONT 126,2
LAKE-:-FREMONT 127,16
LAKE-:-FREMONT 128,2
LAKE-:-FREMONT 129,16
LAKE-:-GRANT 130,4
LAKE-:-GRANT 131,4
LAKE-:-GRANT 132,4
LAKE-:-GRANT 133,4
LAKE-:-GRANT 134,4
LAKE-:-GRANT 135,4
LAKE-:-GRANT 136,4
LAKE-:-GRANT 137,4
LAKE-:-GRANT 138,4
LAKE-:-GRANT 139,4
LAKE-:-GRANT 140,4
LAKE-:-GRANT 141,4
LAKE-:-GRANT 142,16
LAKE-:-GRANT 143,16
LAKE-:-GRANT 144,16
LAKE-:-GRANT 145,16
LAKE-:-GRANT 146,4
LAKE-:-GRANT 147,4
LAKE-:-LAKE VILLA 148,4
LAKE-:-LAKE VILLA 149,4
LAKE-:-LAKE VILLA 150,4
LAKE-:-LAKE VILLA 151,4
LAKE-:-LAKE VILLA 152,4
LAKE-:-LAKE VILLA 153,4
LAKE-:-LAKE VILLA 154,4
LAKE-:-LAKE VILLA 155,4
LAKE-:-LAKE VILLA 156,4
LAKE-:-LAKE VILLA 157,4
LAKE-:-LAKE VILLA 158,4
LAKE-:-LAKE VILLA 159,4
LAKE-:-LAKE VILLA 160,4
LAKE-:-LAKE VILLA 161,4
LAKE-:-LAKE VILLA 162,4
LAKE-:-LAKE VILLA 163,4
LAKE-:-LAKE VILLA 164,4
LAKE-:-LAKE VILLA 165,4
LAKE-:-LAKE VILLA 166,4
LAKE-:-LAKE VILLA 167,4
LAKE-:-LAKE VILLA 168,4
LAKE-:-LAKE VILLA 169,4
LAKE-:-LAKE VILLA 170,4
LAKE-:-LAKE VILLA 171,4
LAKE-:-LAKE VILLA 172,4
LAKE-:-LAKE VILLA 173,4
LAKE-:-LIBERTYVILLE 174,16
LAKE-:-LIBERTYVILLE 175,16
LAKE-:-LIBERTYVILLE 176,16
LAKE-:-LIBERTYVILLE 177,16
LAKE-:-LIBERTYVILLE 178,16
LAKE-:-LIBERTYVILLE 179,16
LAKE-:-LIBERTYVILLE 180,2
LAKE-:-LIBERTYVILLE 181,2
LAKE-:-LIBERTYVILLE 182,2
LAKE-:-LIBERTYVILLE 183,2
LAKE-:-LIBERTYVILLE 184,16
LAKE-:-LIBERTYVILLE 185,16
LAKE-:-LIBERTYVILLE 186,2
LAKE-:-LIBERTYVILLE 187,16
LAKE-:-LIBERTYVILLE 188,16
LAKE-:-LIBERTYVILLE 189,16
LAKE-:-LIBERTYVILLE 190,2
LAKE-:-LIBERTYVILLE 191,2
LAKE-:-LIBERTYVILLE 192,2
LAKE-:-LIBERTYVILLE 193,2
LAKE-:-LIBERTYVILLE 194,2
LAKE-:-LIBERTYVILLE 195,16
LAKE-:-LIBERTYVILLE 196,16
LAKE-:-LIBERTYVILLE 197,2
LAKE-:-LIBERTYVILLE 198,2
LAKE-:-LIBERTYVILLE 199,2
LAKE-:-LIBERTYVILLE 200,2
LAKE-:-LIBERTYVILLE 201,2
LAKE-:-LIBERTYVILLE 202,2
LAKE-:-LIBERTYVILLE 203,2
LAKE-:-LIBERTYVILLE 204,2
LAKE-:-LIBERTYVILLE 205,2
LAKE-:-LIBERTYVILLE 206,2
LAKE-:-LIBERTYVILLE 207,2
LAKE-:-LIBERTYVILLE 208,2
LAKE-:-LIBERTYVILLE 209,2
LAKE-:-MORAINE 210,2
LAKE-:-MORAINE 211,2
LAKE-:-MORAINE 212,2
LAKE-:-MORAINE 213,2
LAKE-:-MORAINE 214,2
LAKE-:-MORAINE 215,2
LAKE-:-MORAINE 216,2
LAKE-:-MORAINE 217,2
LAKE-:-MORAINE 218,2
LAKE-:-MORAINE 219,2
LAKE-:-MORAINE 220,2
LAKE-:-MORAINE 221,2
LAKE-:-MORAINE 222,2
LAKE-:-MORAINE 223,2
LAKE-:-MORAINE 224,2
LAKE-:-MORAINE 225,2
LAKE-:-MORAINE 226,2
LAKE-:-MORAINE 227,2
LAKE-:-MORAINE 228,2
LAKE-:-MORAINE 229,2
LAKE-:-MORAINE 230,2
LAKE-:-MORAINE 231,2
LAKE-:-MORAINE 232,2
LAKE-:-NEWPORT 233,4
LAKE-:-NEWPORT 234,4
LAKE-:-NEWPORT 235,4
LAKE-:-NEWPORT 236,4
LAKE-:-NEWPORT 237,4
LAKE-:-SHIELDS 238,16
LAKE-:-SHIELDS 239,16
LAKE-:-SHIELDS 240,16
LAKE-:-SHIELDS 241,16
LAKE-:-SHIELDS 242,16
LAKE-:-SHIELDS 243,2
LAKE-:-SHIELDS 244,2
LAKE-:-SHIELDS 245,16
LAKE-:-SHIELDS 246,16
LAKE-:-SHIELDS 247,2
LAKE-:-SHIELDS 248,16
LAKE-:-SHIELDS 249,16
LAKE-:-SHIELDS 250,16
LAKE-:-SHIELDS 251,16
LAKE-:-SHIELDS 252,16
LAKE-:-SHIELDS 253,16
LAKE-:-SHIELDS 254,16
LAKE-:-SHIELDS 255,16
LAKE-:-VERNON 256,16
LAKE-:-VERNON 257,2
LAKE-:-VERNON 258,2
LAKE-:-VERNON 259,2
LAKE-:-VERNON 260,2
LAKE-:-VERNON 261,2
LAKE-:-VERNON 262,2
LAKE-:-VERNON 263,2
LAKE-:-VERNON 264,2
LAKE-:-VERNON 265,16
LAKE-:-VERNON 266,16
LAKE-:-VERNON 267,2
LAKE-:-VERNON 268,2
LAKE-:-VERNON 269,2
LAKE-:-VERNON 270,16
LAKE-:-VERNON 271,2
LAKE-:-VERNON 272,2
LAKE-:-VERNON 273,2
LAKE-:-VERNON 274,2
LAKE-:-VERNON 275,16
LAKE-:-VERNON 276,16
LAKE-:-VERNON 277,2
LAKE-:-VERNON 278,2
LAKE-:-VERNON 279,2
LAKE-:-VERNON 280,2
LAKE-:-VERNON 281,2
LAKE-:-VERNON 282,2
LAKE-:-VERNON 283,2
LAKE-:-VERNON 284,2
LAKE-:-VERNON 285,2
LAKE-:-VERNON 286,2
LAKE-:-VERNON 287,2
LAKE-:-VERNON 288,2
LAKE-:-VERNON 289,2
LAKE-:-VERNON 290,2
LAKE-:-VERNON 291,2
LAKE-:-VERNON 292,2
LAKE-:-VERNON 293,4
LAKE-:-VERNON 294,4
LAKE-:-VERNON 295,4
LAKE-:-VERNON 296,2
LAKE-:-VERNON 297,2
LAKE-:-VERNON 298,2
LAKE-:-WARREN 299,4
LAKE-:-WARREN 300,4
LAKE-:-WARREN 301,4
LAKE-:-WARREN 302,4
LAKE-:-WARREN 303,4
LAKE-:-WARREN 304,4
LAKE-:-WARREN 305,4
LAKE-:-WARREN 306,4
LAKE-:-WARREN 307,4
LAKE-:-WARREN 308,4
LAKE-:-WARREN 309,4
LAKE-:-WARREN 310,4
LAKE-:-WARREN 311,4
LAKE-:-WARREN 312,4
LAKE-:-WARREN 313,4
LAKE-:-WARREN 314,4
LAKE-:-WARREN 315,4
LAKE-:-WARREN 316,4
LAKE-:-WARREN 317,4
LAKE-:-WARREN 318,4
LAKE-:-WARREN 319,4
LAKE-:-WARREN 320,4
LAKE-:-WARREN 321,4
LAKE-:-WARREN 322,4
LAKE-:-WARREN 323,4
LAKE-:-WARREN 324,4
LAKE-:-WARREN 325,4
LAKE-:-WARREN 326,4
LAKE-:-WARREN 327,4
LAKE-:-WARREN 328,4
LAKE-:-WARREN 329,4
LAKE-:-WARREN 330,4
LAKE-:-WARREN 331,16
LAKE-:-WARREN 332,16
LAKE-:-WARREN 333,16
LAKE-:-WARREN 334,16
LAKE-:-WARREN 335,16
LAKE-:-WARREN 336,16
LAKE-:-WARREN 337,16
LAKE-:-WARREN 338,16
LAKE-:-WAUCONDA 339,4
LAKE-:-WAUCONDA 340,4
LAKE-:-WAUCONDA 341,4
LAKE-:-WAUCONDA 342,4
LAKE-:-WAUCONDA 343,16
LAKE-:-WAUCONDA 345,4
LAKE-:-WAUCONDA 346,16
LAKE-:-WAUCONDA 347,16
LAKE-:-WAUCONDA 348,4
LAKE-:-WAUCONDA 349,4
LAKE-:-WAUCONDA 351,16
LAKE-:-WAUCONDA 352,16
LAKE-:-WAUCONDA 353,4
LAKE-:-WAUCONDA 354,4
LAKE-:-WAUKEGAN 355,4
LAKE-:-WAUKEGAN 356,4
LAKE-:-WAUKEGAN 357,4
LAKE-:-WAUKEGAN 358,4
LAKE-:-WAUKEGAN 359,4
LAKE-:-WAUKEGAN 360,4
LAKE-:-WAUKEGAN 361,4
LAKE-:-WAUKEGAN 362,4
LAKE-:-WAUKEGAN 363,4
LAKE-:-WAUKEGAN 364,4
LAKE-:-WAUKEGAN 365,4
LAKE-:-WAUKEGAN 366,4
LAKE-:-WAUKEGAN 367,4
LAKE-:-WAUKEGAN 368,4
LAKE-:-WAUKEGAN 369,4
LAKE-:-WAUKEGAN 370,4
LAKE-:-WAUKEGAN 371,4
LAKE-:-WAUKEGAN 372,4
LAKE-:-WAUKEGAN 373,4
LAKE-:-WAUKEGAN 374,4
LAKE-:-WAUKEGAN 375,4
LAKE-:-WAUKEGAN 376,4
LAKE-:-WAUKEGAN 377,16
LAKE-:-WAUKEGAN 378,16
LAKE-:-WAUKEGAN 379,16
LAKE-:-WAUKEGAN 380,16
LAKE-:-WAUKEGAN 381,16
LAKE-:-WAUKEGAN 382,16
LAKE-:-WAUKEGAN 383,16
LAKE-:-WAUKEGAN 384,16
LAKE-:-WAUKEGAN 385,16
LAKE-:-WAUKEGAN 386,16
LAKE-:-WAUKEGAN 387,16
LAKE-:-WAUKEGAN 388,16
LAKE-:-WAUKEGAN 389,16
LAKE-:-WAUKEGAN 390,16
LAKE-:-WAUKEGAN 391,16
LAKE-:-WAUKEGAN 392,16
LAKE-:-WAUKEGAN 393,16
LAKE-:-WEST DEERFIELD 394,2
LAKE-:-WEST DEERFIELD 395,2
LAKE-:-WEST DEERFIELD 396,2
LAKE-:-WEST DEERFIELD 397,2
LAKE-:-WEST DEERFIELD 398,2
LAKE-:-WEST DEERFIELD 399,2
LAKE-:-WEST DEERFIELD 400,2
LAKE-:-WEST DEERFIELD 401,2
LAKE-:-WEST DEERFIELD 402,2
LAKE-:-WEST DEERFIELD 403,2
LAKE-:-WEST DEERFIELD 404,2
LAKE-:-WEST DEERFIELD 405,2
LAKE-:-WEST DEERFIELD 406,2
LAKE-:-WEST DEERFIELD 407,2
LAKE-:-WEST DEERFIELD 408,2
LAKE-:-WEST DEERFIELD 409,2
LAKE-:-WEST DEERFIELD 410,2
LAKE-:-WEST DEERFIELD 411,2
LAKE-:-WEST DEERFIELD 412,2
LAKE-:-WEST DEERFIELD 413,2
LAKE-:-WEST DEERFIELD 414,2
LAKE-:-WEST DEERFIELD 415,2
LAKE-:-WEST DEERFIELD 416,2
LAKE-:-WEST DEERFIELD 417,2
LAKE-:-WEST DEERFIELD 418,2
LAKE-:-ZION 419,4
LAKE-:-ZION 420,4
LAKE-:-ZION 421,4
LAKE-:-ZION 422,4
LAKE-:-ZION 423,4
LAKE-:-ZION 424,4
LAKE-:-ZION 425,4
LAKE-:-ZION 426,4
LAKE-:-ZION 427,4
LAKE-:-ZION 428,4
LAKE-:-ZION 429,4
LAKE-:-ZION 430,4
LAKE-:-ZION 431,4
LASALLE-:-ADAMS 1,8
LASALLE-:-ADAMS 2,8
LASALLE-:-ALLEN,15
LASALLE-:-BROOKFIELD,10
LASALLE-:-BRUCE 1,10
LASALLE-:-BRUCE 10,10
LASALLE-:-BRUCE 11,15
LASALLE-:-BRUCE 12,15
LASALLE-:-BRUCE 2,10
LASALLE-:-BRUCE 3,10
LASALLE-:-BRUCE 4,10
LASALLE-:-BRUCE 5,10
LASALLE-:-BRUCE 6,10
LASALLE-:-BRUCE 7,10
LASALLE-:-BRUCE 8,10
LASALLE-:-BRUCE 9,10
LASALLE-:-DAYTON 1,15
LASALLE-:-DAYTON 2,10
LASALLE-:-DIMMICK,10
LASALLE-:-EAGLE 1,10
LASALLE-:-EAGLE 2,15
LASALLE-:-EAGLE 3,15
LASALLE-:-EARL 1,15
LASALLE-:-EARL 2,15
LASALLE-:-EDEN 2,15
LASALLE-:-FREEDOM,15
LASALLE-:-GRAND RAPIDS,15
LASALLE-:-GROVELAND,15
LASALLE-:-HOPE,10
LASALLE-:-LASALLE 1,10
LASALLE-:-LASALLE 10,10
LASALLE-:-LASALLE 11,10
LASALLE-:-LASALLE 12,10
LASALLE-:-LASALLE 13,10
LASALLE-:-LASALLE 14,10
LASALLE-:-LASALLE 2,10
LASALLE-:-LASALLE 3,10
LASALLE-:-LASALLE 4,10
LASALLE-:-LASALLE 5,10
LASALLE-:-LASALLE 6,10
LASALLE-:-LASALLE 7,10
LASALLE-:-LASALLE 8,10
LASALLE-:-LASALLE 9,10
LASALLE-:-MANLIUS 1,10
LASALLE-:-MANLIUS 2,10
LASALLE-:-MANLIUS 3,10
LASALLE-:-MANLIUS 4,10
LASALLE-:-MANLIUS 5,10
LASALLE-:-MENDOTA 1,7
LASALLE-:-MENDOTA 2,7
LASALLE-:-MENDOTA 3,7
LASALLE-:-MENDOTA 4,7
LASALLE-:-MENDOTA 5,7
LASALLE-:-MENDOTA 6,7
LASALLE-:-MENDOTA 7,7
LASALLE-:-MERIDEN,8
LASALLE-:-MILLER,15
LASALLE-:-MISSION 1,15
LASALLE-:-MISSION 2,15
LASALLE-:-NORTHVILLE 1,8
LASALLE-:-NORTHVILLE 2,8
LASALLE-:-NORTHVILLE 3,8
LASALLE-:-NORTHVILLE 4,8
LASALLE-:-NORTHVILLE 5,8
LASALLE-:-NORTHVILLE 6,8
LASALLE-:-NORTHVILLE 7,8
LASALLE-:-OPHIR,8
LASALLE-:-OSAGE,15
LASALLE-:-OTTAWA 1,10
LASALLE-:-OTTAWA 10,15
LASALLE-:-OTTAWA 11,10
LASALLE-:-OTTAWA 12,10
LASALLE-:-OTTAWA 13,10
LASALLE-:-OTTAWA 2,10
LASALLE-:-OTTAWA 3,10
LASALLE-:-OTTAWA 4,10
LASALLE-:-OTTAWA 5,10
LASALLE-:-OTTAWA 6,10
LASALLE-:-OTTAWA 7,10
LASALLE-:-OTTAWA 8,10
LASALLE-:-OTTAWA 9,10
LASALLE-:-OTTER CREEK 1,15
LASALLE-:-OTTER CREEK 2,10
LASALLE-:-OTTER CREEK 3,10
LASALLE-:-PERU 1,10
LASALLE-:-PERU 10,10
LASALLE-:-PERU 11,10
LASALLE-:-PERU 2,10
LASALLE-:-PERU 3,10
LASALLE-:-PERU 4,10
LASALLE-:-PERU 5,10
LASALLE-:-PERU 6,10
LASALLE-:-PERU 7,10
LASALLE-:-PERU 8,10
LASALLE-:-PERU 9,10
LASALLE-:-RICHLAND,15
LASALLE-:-RUTLAND 1,10
LASALLE-:-RUTLAND 2,15
LASALLE-:-RUTLAND 3,10
LASALLE-:-SERENA,15
LASALLE-:-SO. OTTAWA 1,10
LASALLE-:-SO. OTTAWA 2,10
LASALLE-:-SO. OTTAWA 3,10
LASALLE-:-SO. OTTAWA 4,10
LASALLE-:-SO. OTTAWA 5,10
LASALLE-:-SO. OTTAWA 6,10
LASALLE-:-SO. OTTAWA 7,10
LASALLE-:-SO. OTTAWA 8,15
LASALLE-:-TROY GROVE 1,8
LASALLE-:-TROY GROVE 2,7
LASALLE-:-UTICA 1,10
LASALLE-:-UTICA 2,15
LASALLE-:-VERMILLION,15
LASALLE-:-WALLACE,15
LASALLE-:-WALTHAM,8
LAWRENCE-:-ALLISON 1,13
LAWRENCE-:-BOND 3,13
LAWRENCE-:-BRIDGEPORT 4,13
LAWRENCE-:-BRIDGEPORT 6,13
LAWRENCE-:-CHRISTY 8,13
LAWRENCE-:-DENISON 10,13
LAWRENCE-:-DENISON 12,13
LAWRENCE-:-LAWRENCE 13,13
LAWRENCE-:-LAWRENCE 15,13
LAWRENCE-:-LAWRENCE 16,13
LAWRENCE-:-LAWRENCE 17,13
LAWRENCE-:-LAWRENCE 18,13
LAWRENCE-:-LAWRENCE 20,13
LAWRENCE-:-LAWRENCE 22,13
LAWRENCE-:-LUKIN 24,13
LAWRENCE-:-PETTY 25,13
LAWRENCE-:-RUSSELL 27,13
LEE-:-ALTO,8
LEE-:-AMBOY 1,7
LEE-:-AMBOY 2,7
LEE-:-AMBOY 3,7
LEE-:-ASHTON 1,8
LEE-:-ASHTON 2,8
LEE-:-BRADFORD,8
LEE-:-BROOKLYN 1,8
LEE-:-BROOKLYN 2,8
LEE-:-DIXON 1,8
LEE-:-DIXON 10,7
LEE-:-DIXON 11,7
LEE-:-DIXON 12,7
LEE-:-DIXON 13,7
LEE-:-DIXON 14,7
LEE-:-DIXON 15,7
LEE-:-DIXON 16,7
LEE-:-DIXON 17,7
LEE-:-DIXON 2,8
LEE-:-DIXON 3,7
LEE-:-DIXON 4,7
LEE-:-DIXON 5,7
LEE-:-DIXON 6,7
LEE-:-DIXON 7,7
LEE-:-DIXON 8,7
LEE-:-DIXON 9,7
LEE-:-EAST GROVE,8
LEE-:-FRANKLIN GROVE 1,8
LEE-:-FRANKLIN GROVE 2,8
LEE-:-HAMILTON,8
LEE-:-HARMON,8
LEE-:-LEE CENTER,8
LEE-:-MARION,8
LEE-:-MAY,8
LEE-:-NACHUSA,8
LEE-:-NELSON,7
LEE-:-PALMYRA 1,7
LEE-:-PALMYRA 2,7
LEE-:-PALMYRA 3,7
LEE-:-REYNOLDS,8
LEE-:-SOUTH DIXON,7
LEE-:-SUBLETTE,7
LEE-:-VIOLA,8
LEE-:-WILLOW CREEK,8
LEE-:-WYOMING 1,8
LEE-:-WYOMING 2,8
LIVINGSTON-:-AMITY,10
LIVINGSTON-:-AVOCA,1
LIVINGSTON-:-BELLE PRAIRIE,1
LIVINGSTON-:-BROUGHTON,1
LIVINGSTON-:-CHARLOTTE,1
LIVINGSTON-:-CHATSWORTH 1,1
LIVINGSTON-:-DWIGHT 1,1
LIVINGSTON-:-DWIGHT 2,1
LIVINGSTON-:-DWIGHT 3,1
LIVINGSTON-:-DWIGHT 4,1
LIVINGSTON-:-EPPARDS POINT,1
LIVINGSTON-:-FAYETTE,1
LIVINGSTON-:-FORREST 1,1
LIVINGSTON-:-GERMANVILLE,1
LIVINGSTON-:-INDIAN GRV 1,1
LIVINGSTON-:-INDIAN GRV 2,1
LIVINGSTON-:-INDIAN GRV 3,1
LIVINGSTON-:-INDIAN GRV 4,1
LIVINGSTON-:-LONG POINT,15
LIVINGSTON-:-NEBRASKA 1,10
LIVINGSTON-:-NEVADA,1
LIVINGSTON-:-NEWTOWN,15
LIVINGSTON-:-ODELL 1,1
LIVINGSTON-:-OWEGO,1
LIVINGSTON-:-PIKE,1
LIVINGSTON-:-PLEASANT RIDGE,1
LIVINGSTON-:-PONTIAC 1,1
LIVINGSTON-:-PONTIAC 2,1
LIVINGSTON-:-PONTIAC 3,1
LIVINGSTON-:-PONTIAC 4,1
LIVINGSTON-:-PONTIAC 5,1
LIVINGSTON-:-PONTIAC 6,1
LIVINGSTON-:-PONTIAC 7,1
LIVINGSTON-:-PONTIAC 8,1
LIVINGSTON-:-READING 1,10
LIVINGSTON-:-READING 2,10
LIVINGSTON-:-ROOKS CREEK,15
LIVINGSTON-:-ROUND GROVE,1
LIVINGSTON-:-SAUNEMIN,1
LIVINGSTON-:-SULLIVAN,1
LIVINGSTON-:-SUNBURY,1
LIVINGSTON-:-UNION,1
LIVINGSTON-:-WALDO,1
LOGAN-:-AETNA,13
LOGAN-:-ATLANTA,13
LOGAN-:-BROADWELL,13
LOGAN-:-CHESTER,13
LOGAN-:-CORWIN,13
LOGAN-:-EAST LINCOLN 1,13
LOGAN-:-EAST LINCOLN 2,13
LOGAN-:-EAST LINCOLN 3,13
LOGAN-:-EAST LINCOLN 4,13
LOGAN-:-EAST LINCOLN 5,13
LOGAN-:-EAST LINCOLN 6,13
LOGAN-:-ELKHART,13
LOGAN-:-EMINENCE,13
LOGAN-:-HURLBUT,14
LOGAN-:-LAKE FORK/LAENNA,13
LOGAN-:-MT. PULASKI 1,14
LOGAN-:-MT. PULASKI 2,14
LOGAN-:-ORAN,14
LOGAN-:-ORVIL 1,13
LOGAN-:-ORVIL 2,13
LOGAN-:-PRAIRIE CREEK,13
LOGAN-:-SHERIDAN,13
LOGAN-:-WEST LINCOLN 1,13
LOGAN-:-WEST LINCOLN 2,13
LOGAN-:-WEST LINCOLN 3,13
LOGAN-:-WEST LINCOLN 4,13
LOGAN-:-WEST LINCOLN 5,13
LOGAN-:-WEST LINCOLN 6,13
LOGAN-:-WEST LINCOLN 7,13
MACON-:-AUSTIN,14
MACON-:-BLUE MOUND,14
MACON-:-DECATUR 1,14
MACON-:-DECATUR 10,14
MACON-:-DECATUR 11,14
MACON-:-DECATUR 12,14
MACON-:-DECATUR 13,14
MACON-:-DECATUR 14,14
MACON-:-DECATUR 15,14
MACON-:-DECATUR 17,14
MACON-:-DECATUR 18,14
MACON-:-DECATUR 2,14
MACON-:-DECATUR 20,14
MACON-:-DECATUR 21,14
MACON-:-DECATUR 22,14
MACON-:-DECATUR 23,14
MACON-:-DECATUR 24,14
MACON-:-DECATUR 25,14
MACON-:-DECATUR 26,12
MACON-:-DECATUR 3,14
MACON-:-DECATUR 4,14
MACON-:-DECATUR 5,14
MACON-:-DECATUR 6,14
MACON-:-FRIENDS CREEK,14
MACON-:-HICKORY PT. 1,14
MACON-:-HICKORY PT. 10,14
MACON-:-HICKORY PT. 11,14
MACON-:-HICKORY PT. 4,14
MACON-:-HICKORY PT. 5,14
MACON-:-HICKORY PT. 6,14
MACON-:-HICKORY PT. 7,14
MACON-:-HICKORY PT. 8,14
MACON-:-HICKORY PT. 9,14
MACON-:-ILLINI,14
MACON-:-LONG CREEK 1,14
MACON-:-LONG CREEK 2,14
MACON-:-LONG CREEK 3,14
MACON-:-LONG CREEK 5,14
MACON-:-LONG CREEK 6,14
MACON-:-LONG CREEK 7,14
MACON-:-MAROA,14
MACON-:-MT. ZION 1,14
MACON-:-MT. ZION 2,14
MACON-:-MT. ZION 3,14
MACON-:-NIANTIC,14
MACON-:-PLEASANT VIEW,12
MACON-:-SOUTH MACON,12
MACON-:-SOUTH WHEATLAND 1,12
MACON-:-SOUTH WHEATLAND 2,14
MACON-:-SOUTH WHEATLAND 3,14
MACON-:-WHITMORE 1,14
MACON-:-WHITMORE 2,14
MACOUPIN-:-BARR,6
MACOUPIN-:-BIRD,6
MACOUPIN-:-BRIGHTON 1,13
MACOUPIN-:-BRIGHTON 2,13
MACOUPIN-:-BRIGHTON 3,13
MACOUPIN-:-BRUSHY MOUND,13
MACOUPIN-:-BUNKER HILL 1,13
MACOUPIN-:-BUNKER HILL 2,13
MACOUPIN-:-BUNKER HILL 3,13
MACOUPIN-:-CAHOKIA 1,12
MACOUPIN-:-CAHOKIA 2,12
MACOUPIN-:-CARLINVILLE 1,13
MACOUPIN-:-CARLINVILLE 2,13
MACOUPIN-:-CARLINVILLE 3,13
MACOUPIN-:-CARLINVILLE 4,13
MACOUPIN-:-CARLINVILLE 5,13
MACOUPIN-:-CHESTERFIELD,6
MACOUPIN-:-DORCHESTER,12
MACOUPIN-:-GILLESPIE 1,13
MACOUPIN-:-GILLESPIE 2,13
MACOUPIN-:-GILLESPIE 3,13
MACOUPIN-:-GIRARD 1,12
MACOUPIN-:-GIRARD 2,12
MACOUPIN-:-HILYARD,6
MACOUPIN-:-HONEY POINT,12
MACOUPIN-:-MT. OLIVE 1,13
MACOUPIN-:-MT. OLIVE 2,13
MACOUPIN-:-MT. OLIVE 3,13
MACOUPIN-:-MT. OLIVE 4,12
MACOUPIN-:-NILWOOD,13
MACOUPIN-:-NORTH OTTER,13
MACOUPIN-:-NORTH PALMYRA,13
MACOUPIN-:-POLK,6
MACOUPIN-:-SCOTTVILLE,6
MACOUPIN-:-SHAWS POINT,13
MACOUPIN-:-SHIPMAN,13
MACOUPIN-:-SOUTH OTTER,6
MACOUPIN-:-SOUTH PALMYRA,13
MACOUPIN-:-STAUNTON 1,12
MACOUPIN-:-STAUNTON 2,13
MACOUPIN-:-STAUNTON 3,13
MACOUPIN-:-STAUNTON 4,13
MACOUPIN-:-VIRDEN 1,13
MACOUPIN-:-VIRDEN 2,13
MACOUPIN-:-WESTERN MOUND,6
MADISON-:-ALHAMBRA 01,12
MADISON-:-ALTON 02,13
MADISON-:-ALTON 04,13
MADISON-:-ALTON 06,13
MADISON-:-ALTON 07,13
MADISON-:-ALTON 08,13
MADISON-:-ALTON 09,13
MADISON-:-ALTON 10,13
MADISON-:-ALTON 11,13
MADISON-:-ALTON 12,13
MADISON-:-ALTON 13,13
MADISON-:-ALTON 14,13
MADISON-:-ALTON 15,13
MADISON-:-ALTON 16,13
MADISON-:-ALTON 17,13
MADISON-:-CHOUTEAU 01,12
MADISON-:-CHOUTEAU 02,12
MADISON-:-CHOUTEAU 03,12
MADISON-:-CHOUTEAU 04,12
MADISON-:-CHOUTEAU 05,12
MADISON-:-CHOUTEAU 06,12
MADISON-:-COLLINSVILLE 02,12
MADISON-:-COLLINSVILLE 03,12
MADISON-:-COLLINSVILLE 04,12
MADISON-:-COLLINSVILLE 05,12
MADISON-:-COLLINSVILLE 06,12
MADISON-:-COLLINSVILLE 07,12
MADISON-:-COLLINSVILLE 08,12
MADISON-:-COLLINSVILLE 09,12
MADISON-:-COLLINSVILLE 10,12
MADISON-:-COLLINSVILLE 11,12
MADISON-:-COLLINSVILLE 12,12
MADISON-:-COLLINSVILLE 13,12
MADISON-:-COLLINSVILLE 14,12
MADISON-:-COLLINSVILLE 15,12
MADISON-:-COLLINSVILLE 16,12
MADISON-:-COLLINSVILLE 17,12
MADISON-:-COLLINSVILLE 18,12
MADISON-:-COLLINSVILLE 19,12
MADISON-:-COLLINSVILLE 21,12
MADISON-:-COLLINSVILLE 22,12
MADISON-:-COLLINSVILLE 23,12
MADISON-:-COLLINSVILLE 24,12
MADISON-:-COLLINSVILLE 25,12
MADISON-:-EDWARDSVILLE 01,12
MADISON-:-EDWARDSVILLE 02,12
MADISON-:-EDWARDSVILLE 03,12
MADISON-:-EDWARDSVILLE 04,12
MADISON-:-EDWARDSVILLE 05,12
MADISON-:-EDWARDSVILLE 06,12
MADISON-:-EDWARDSVILLE 07,12
MADISON-:-EDWARDSVILLE 08,12
MADISON-:-EDWARDSVILLE 09,12
MADISON-:-EDWARDSVILLE 10,12
MADISON-:-EDWARDSVILLE 11,12
MADISON-:-EDWARDSVILLE 12,12
MADISON-:-EDWARDSVILLE 13,12
MADISON-:-EDWARDSVILLE 14,12
MADISON-:-EDWARDSVILLE 15,12
MADISON-:-EDWARDSVILLE 16,12
MADISON-:-EDWARDSVILLE 17,12
MADISON-:-EDWARDSVILLE 18,12
MADISON-:-EDWARDSVILLE 19,12
MADISON-:-EDWARDSVILLE 20,12
MADISON-:-EDWARDSVILLE 21,12
MADISON-:-EDWARDSVILLE 22,12
MADISON-:-EDWARDSVILLE 23,12
MADISON-:-EDWARDSVILLE 24,12
MADISON-:-EDWARDSVILLE 25,12
MADISON-:-EDWARDSVILLE 26,12
MADISON-:-FOSTER 01,13
MADISON-:-FOSTER 03,13
MADISON-:-FOSTER 04,13
MADISON-:-FT. RUSSELL 01,12
MADISON-:-FT. RUSSELL 02,12
MADISON-:-FT. RUSSELL 03,12
MADISON-:-FT. RUSSELL 04,12
MADISON-:-FT. RUSSELL 05,13
MADISON-:-FT. RUSSELL 06,12
MADISON-:-GODFREY 01,13
MADISON-:-GODFREY 02,13
MADISON-:-GODFREY 03,13
MADISON-:-GODFREY 04,13
MADISON-:-GODFREY 05,13
MADISON-:-GODFREY 06,13
MADISON-:-GODFREY 07,13
MADISON-:-GODFREY 08,13
MADISON-:-GODFREY 09,13
MADISON-:-GODFREY 10,13
MADISON-:-GODFREY 11,13
MADISON-:-GODFREY 12,13
MADISON-:-GODFREY 13,13
MADISON-:-GODFREY 14,13
MADISON-:-GRANITE CITY 01,12
MADISON-:-GRANITE CITY 02,12
MADISON-:-GRANITE CITY 03,12
MADISON-:-GRANITE CITY 04,12
MADISON-:-GRANITE CITY 05,12
MADISON-:-GRANITE CITY 06,12
MADISON-:-GRANITE CITY 07,12
MADISON-:-GRANITE CITY 08,12
MADISON-:-GRANITE CITY 09,12
MADISON-:-GRANITE CITY 10,12
MADISON-:-GRANITE CITY 11,12
MADISON-:-GRANITE CITY 12,12
MADISON-:-GRANITE CITY 13,12
MADISON-:-GRANITE CITY 14,12
MADISON-:-GRANITE CITY 15,12
MADISON-:-GRANITE CITY 16,12
MADISON-:-GRANITE CITY 17,12
MADISON-:-HAMEL 01,13
MADISON-:-HAMEL 02,12
MADISON-:-HELVETIA 01,11
MADISON-:-HELVETIA 02,11
MADISON-:-HELVETIA 03,11
MADISON-:-HELVETIA 04,11
MADISON-:-HELVETIA 05,11
MADISON-:-HELVETIA 06,11
MADISON-:-JARVIS 01,12
MADISON-:-JARVIS 02,12
MADISON-:-JARVIS 03,12
MADISON-:-JARVIS 04,12
MADISON-:-JARVIS 05,12
MADISON-:-JARVIS 06,12
MADISON-:-JARVIS 07,12
MADISON-:-JARVIS 08,12
MADISON-:-JARVIS 09,12
MADISON-:-JARVIS 10,12
MADISON-:-JARVIS 11,12
MADISON-:-JARVIS 12,12
MADISON-:-LEEF 01,13
MADISON-:-MARINE 01,13
MADISON-:-MARINE 02,13
MADISON-:-MORO 01,13
MADISON-:-MORO 03,12
MADISON-:-NAMEOKI 01,12
MADISON-:-NAMEOKI 02,12
MADISON-:-NAMEOKI 03,12
MADISON-:-NAMEOKI 04,12
MADISON-:-NAMEOKI 05,12
MADISON-:-NAMEOKI 06,12
MADISON-:-NAMEOKI 07,12
MADISON-:-NAMEOKI 08,12
MADISON-:-NEW DOUGLAS 01,13
MADISON-:-OLIVE 01,13
MADISON-:-OLIVE 02,13
MADISON-:-OMPHGHENT 01,12
MADISON-:-OMPHGHENT 02,13
MADISON-:-PIN OAK 01,12
MADISON-:-PIN OAK 02,12
MADISON-:-PIN OAK 03,12
MADISON-:-SALINE 01,11
MADISON-:-SALINE 02,13
MADISON-:-SALINE 03,13
MADISON-:-SALINE 04,13
MADISON-:-SALINE 05,13
MADISON-:-ST. JACOB 01,11
MADISON-:-ST. JACOB 02,11
MADISON-:-VENICE 01,12
MADISON-:-VENICE 02,12
MADISON-:-VENICE 03,12
MADISON-:-VENICE 04,12
MADISON-:-WOOD RIVER 01,12
MADISON-:-WOOD RIVER 02,12
MADISON-:-WOOD RIVER 03,12
MADISON-:-WOOD RIVER 04,12
MADISON-:-WOOD RIVER 05,13
MADISON-:-WOOD RIVER 06,12
MADISON-:-WOOD RIVER 07,12
MADISON-:-WOOD RIVER 08,12
MADISON-:-WOOD RIVER 09,13
MADISON-:-WOOD RIVER 10,13
MADISON-:-WOOD RIVER 11,13
MADISON-:-WOOD RIVER 12,12
MADISON-:-WOOD RIVER 13,13
MADISON-:-WOOD RIVER 14,13
MADISON-:-WOOD RIVER 15,13
MADISON-:-WOOD RIVER 16,12
MADISON-:-WOOD RIVER 17,12
MADISON-:-WOOD RIVER 18,13
MADISON-:-WOOD RIVER 19,12
MADISON-:-WOOD RIVER 20,13
MADISON-:-WOOD RIVER 21,12
MARION-:-ALMA,11
MARION-:-CARRIGAN,13
MARION-:-CENTRALIA 1,11
MARION-:-CENTRALIA 11,11
MARION-:-CENTRALIA 12,11
MARION-:-CENTRALIA 13,11
MARION-:-CENTRALIA 14,11
MARION-:-CENTRALIA 15,11
MARION-:-CENTRALIA 17,11
MARION-:-CENTRALIA 3,11
MARION-:-CENTRALIA 4,11
MARION-:-CENTRALIA 5,11
MARION-:-CENTRALIA 6,11
MARION-:-CENTRALIA 7,11
MARION-:-CENTRALIA 9,11
MARION-:-FOSTER,13
MARION-:-HAINES,11
MARION-:-IUKA,11
MARION-:-KINMUNDY,11
MARION-:-MEACHAM,13
MARION-:-ODIN,11
MARION-:-OMEGA,13
MARION-:-PATOKA,11
MARION-:-RACCOON,11
MARION-:-ROMINE,13
MARION-:-SALEM 1,11
MARION-:-SALEM 2,11
MARION-:-SALEM 4,11
MARION-:-SALEM 5,11
MARION-:-SALEM 6,11
MARION-:-SALEM 7,11
MARION-:-SALEM 8,11
MARION-:-SALEM 9,11
MARION-:-SANDOVAL 1,11
MARION-:-SANDOVAL 3,13
MARION-:-STEVENSON,11
MARION-:-TONTI,11
MARSHALL-:-BELL PLAIN,15
MARSHALL-:-BENNINGTON,10
MARSHALL-:-EVANS,10
MARSHALL-:-HENRY 1,6
MARSHALL-:-HENRY 2,6
MARSHALL-:-HOPEWELL,6
MARSHALL-:-LA PRAIRIE,8
MARSHALL-:-LACON 1,6
MARSHALL-:-LACON 2,6
MARSHALL-:-RICHLAND,15
MARSHALL-:-ROBERTS,10
MARSHALL-:-SARATOGA,6
MARSHALL-:-STEUBEN,6
MARSHALL-:-WHITEFIELD,6
MASON-:-ALLENS GROVE,13
MASON-:-BATH 1,13
MASON-:-CRANE CREEK,13
MASON-:-FOREST CITY,13
MASON-:-HAVANA 1,13
MASON-:-HAVANA 2,13
MASON-:-HAVANA 3,13
MASON-:-HAVANA 4,13
MASON-:-HAVANA 5,13
MASON-:-HAVANA 6,13
MASON-:-KILBOURNE,13
MASON-:-LYNCHBURG,6
MASON-:-MANITO 1,13
MASON-:-MANITO 2,13
MASON-:-MASON CITY 1,13
MASON-:-MASON CITY 2,13
MASON-:-MASON CITY 3,13
MASON-:-PENNSYLVANIA,13
MASON-:-QUIVER,13
MASON-:-SALT CREEK,13
MASON-:-SHERMAN,13
MASSAC-:-ADKINS-17COMB,11
MASSAC-:-BENTON-10,11
MASSAC-:-EAST BROOKLYN-7COMB,11
MASSAC-:-FRANKLIN-15,11
MASSAC-:-GEORGE'S CREEK-11,11
MASSAC-:-GRANT-14,11
MASSAC-:-HILLERMAN-13COMB,11
MASSAC-:-JACKSON-8,11
MASSAC-:-JEFFERSON-16COMB,11
MASSAC-:-LINCOLN-5,11
MASSAC-:-LOGAN-12,11
MASSAC-:-METROPOLIS 1-1,11
MASSAC-:-METROPOLIS 2-2,11
MASSAC-:-METROPOLIS 3-3,11
MASSAC-:-METROPOLIS 4-4,11
MASSAC-:-WASHINGTON-9,11
MASSAC-:-WEST BROOKLYN-6COMB,11
MCDONOUGH-:-BETHEL-1/2,6
MCDONOUGH-:-BLANDINSVILLE-3/4,6
MCDONOUGH-:-BUSHNELL 1-5,6
MCDONOUGH-:-BUSHNELL 2-6,6
MCDONOUGH-:-CHALMERS-7/8,6
MCDONOUGH-:-COLCHESTER-9,6
MCDONOUGH-:-ELDORADO-10,6
MCDONOUGH-:-EMMET-11/12,6
MCDONOUGH-:-EMMET-13,6
MCDONOUGH-:-HIRE-14,6
MCDONOUGH-:-INDUSTRY-15,6
MCDONOUGH-:-LAMOINE-16/17,6
MCDONOUGH-:-MACOMB CITY 1-18,6
MCDONOUGH-:-MACOMB CITY 1-19,6
MCDONOUGH-:-MACOMB CITY 2-20,6
MCDONOUGH-:-MACOMB CITY 2-21,6
MCDONOUGH-:-MACOMB CITY 3-22,6
MCDONOUGH-:-MACOMB CITY 3-23,6
MCDONOUGH-:-MACOMB CITY 4-24,6
MCDONOUGH-:-MACOMB CITY 5-25,6
MCDONOUGH-:-MACOMB CITY 5-26,6
MCDONOUGH-:-MACOMB CITY 6-27,6
MCDONOUGH-:-MACOMB CITY 7-28,6
MCDONOUGH-:-MACOMB CITY 7-29,6
MCDONOUGH-:-MACOMB CITY 7-30,6
MCDONOUGH-:-MACOMB CITY 8-31,6
MCDONOUGH-:-MACOMB TOWNSHIP-32/33,6
MCDONOUGH-:-MOUND-34,6
MCDONOUGH-:-MOUND-35,6
MCDONOUGH-:-NEW SALEM-36,6
MCDONOUGH-:-PRAIRIE CITY-37,6
MCDONOUGH-:-SCIOTA-38/39,6
MCDONOUGH-:-SCOTLAND-40,6
MCDONOUGH-:-SCOTLAND-41,6
MCDONOUGH-:-TENNESSEE-43,6
MCDONOUGH-:-WALNUT GROVE-44/45,6
MCHENRY-:-ALDEN ALD 01,4
MCHENRY-:-ALGONQUIN ALG 01,16
MCHENRY-:-ALGONQUIN ALG 02,16
MCHENRY-:-ALGONQUIN ALG 03,16
MCHENRY-:-ALGONQUIN ALG 04,16
MCHENRY-:-ALGONQUIN ALG 05,16
MCHENRY-:-ALGONQUIN ALG 06,16
MCHENRY-:-ALGONQUIN ALG 07,16
MCHENRY-:-ALGONQUIN ALG 08,16
MCHENRY-:-ALGONQUIN ALG 09,16
MCHENRY-:-ALGONQUIN ALG 10,16
MCHENRY-:-ALGONQUIN ALG 11,16
MCHENRY-:-ALGONQUIN ALG 12,16
MCHENRY-:-ALGONQUIN ALG 13,16
MCHENRY-:-ALGONQUIN ALG 14,16
MCHENRY-:-ALGONQUIN ALG 15,16
MCHENRY-:-ALGONQUIN ALG 16,16
MCHENRY-:-ALGONQUIN ALG 17,16
MCHENRY-:-ALGONQUIN ALG 18,16
MCHENRY-:-ALGONQUIN ALG 19,16
MCHENRY-:-ALGONQUIN ALG 20,16
MCHENRY-:-ALGONQUIN ALG 21,16
MCHENRY-:-ALGONQUIN ALG 22,16
MCHENRY-:-ALGONQUIN ALG 23,16
MCHENRY-:-ALGONQUIN ALG 24,16
MCHENRY-:-ALGONQUIN ALG 25,16
MCHENRY-:-ALGONQUIN ALG 26,16
MCHENRY-:-ALGONQUIN ALG 27,16
MCHENRY-:-ALGONQUIN ALG 28,16
MCHENRY-:-ALGONQUIN ALG 29,16
MCHENRY-:-ALGONQUIN ALG 30,16
MCHENRY-:-ALGONQUIN ALG 31,16
MCHENRY-:-ALGONQUIN ALG 32,16
MCHENRY-:-ALGONQUIN ALG 33,16
MCHENRY-:-ALGONQUIN ALG 34,16
MCHENRY-:-ALGONQUIN ALG 35,16
MCHENRY-:-ALGONQUIN ALG 36,16
MCHENRY-:-ALGONQUIN ALG 37,16
MCHENRY-:-ALGONQUIN ALG 38,16
MCHENRY-:-ALGONQUIN ALG 39,16
MCHENRY-:-ALGONQUIN ALG 40,16
MCHENRY-:-ALGONQUIN ALG 41,16
MCHENRY-:-ALGONQUIN ALG 42,16
MCHENRY-:-ALGONQUIN ALG 43,16
MCHENRY-:-ALGONQUIN ALG 44,16
MCHENRY-:-ALGONQUIN ALG 45,16
MCHENRY-:-ALGONQUIN ALG 46,16
MCHENRY-:-ALGONQUIN ALG 47,16
MCHENRY-:-ALGONQUIN ALG 48,16
MCHENRY-:-ALGONQUIN ALG 49,16
MCHENRY-:-ALGONQUIN ALG 50,16
MCHENRY-:-ALGONQUIN ALG 51,16
MCHENRY-:-ALGONQUIN ALG 52,16
MCHENRY-:-ALGONQUIN ALG 53,16
MCHENRY-:-ALGONQUIN ALG 54,16
MCHENRY-:-ALGONQUIN ALG 55,16
MCHENRY-:-ALGONQUIN ALG 56,16
MCHENRY-:-ALGONQUIN ALG 57,16
MCHENRY-:-ALGONQUIN ALG 58,16
MCHENRY-:-ALGONQUIN ALG 59,16
MCHENRY-:-ALGONQUIN ALG 60,16
MCHENRY-:-ALGONQUIN ALG 61,16
MCHENRY-:-ALGONQUIN ALG 62,16
MCHENRY-:-ALGONQUIN ALG 63,16
MCHENRY-:-BURTON BUR 01,4
MCHENRY-:-BURTON BUR 02,4
MCHENRY-:-BURTON BUR 03,4
MCHENRY-:-BURTON BUR 04,4
MCHENRY-:-CHEMUNG CHE 01,4
MCHENRY-:-CHEMUNG CHE 02,4
MCHENRY-:-CHEMUNG CHE 03,4
MCHENRY-:-CHEMUNG CHE 04,4
MCHENRY-:-CHEMUNG CHE 05,4
MCHENRY-:-CORAL COR 01,16
MCHENRY-:-CORAL COR 02,16
MCHENRY-:-CORAL COR 03,16
MCHENRY-:-DORR DOR 01,16
MCHENRY-:-DORR DOR 02,16
MCHENRY-:-DORR DOR 03,16
MCHENRY-:-DORR DOR 04,16
MCHENRY-:-DORR DOR 05,16
MCHENRY-:-DORR DOR 06,16
MCHENRY-:-DORR DOR 07,16
MCHENRY-:-DORR DOR 08,16
MCHENRY-:-DORR DOR 09,16
MCHENRY-:-DORR DOR 10,16
MCHENRY-:-DORR DOR 11,16
MCHENRY-:-DORR DOR 12,16
MCHENRY-:-DORR DOR 13,16
MCHENRY-:-DORR DOR 14,16
MCHENRY-:-DUNHAM DUN 01,4
MCHENRY-:-DUNHAM DUN 02,4
MCHENRY-:-GRAFTON GRA 01,16
MCHENRY-:-GRAFTON GRA 02,16
MCHENRY-:-GRAFTON GRA 03,16
MCHENRY-:-GRAFTON GRA 04,16
MCHENRY-:-GRAFTON GRA 05,16
MCHENRY-:-GRAFTON GRA 06,16
MCHENRY-:-GRAFTON GRA 07,16
MCHENRY-:-GRAFTON GRA 08,16
MCHENRY-:-GRAFTON GRA 09,16
MCHENRY-:-GRAFTON GRA 10,16
MCHENRY-:-GRAFTON GRA 11,16
MCHENRY-:-GRAFTON GRA 12,16
MCHENRY-:-GRAFTON GRA 13,16
MCHENRY-:-GRAFTON GRA 14,16
MCHENRY-:-GRAFTON GRA 15,16
MCHENRY-:-GRAFTON GRA 16,16
MCHENRY-:-GRAFTON GRA 17,16
MCHENRY-:-GRAFTON GRA 18,16
MCHENRY-:-GRAFTON GRA 19,16
MCHENRY-:-GRAFTON GRA 20,16
MCHENRY-:-GRAFTON GRA 21,16
MCHENRY-:-GRAFTON GRA 22,16
MCHENRY-:-GRAFTON GRA 23,16
MCHENRY-:-GRAFTON GRA 24,16
MCHENRY-:-GRAFTON GRA 25,16
MCHENRY-:-GRAFTON GRA 26,16
MCHENRY-:-GRAFTON GRA 27,16
MCHENRY-:-GRAFTON GRA 28,16
MCHENRY-:-GRAFTON GRA 29,16
MCHENRY-:-GRAFTON GRA 30,16
MCHENRY-:-GRAFTON GRA 31,16
MCHENRY-:-GRAFTON GRA 32,16
MCHENRY-:-GRAFTON GRA 33,16
MCHENRY-:-GRAFTON GRA 34,16
MCHENRY-:-GRAFTON GRA 35,16
MCHENRY-:-GRAFTON GRA 36,16
MCHENRY-:-GRAFTON GRA 37,16
MCHENRY-:-GRAFTON GRA 38,16
MCHENRY-:-GREENWOOD GRE 01,4
MCHENRY-:-GREENWOOD GRE 02,16
MCHENRY-:-GREENWOOD GRE 03,16
MCHENRY-:-GREENWOOD GRE 04,16
MCHENRY-:-GREENWOOD GRE 05,16
MCHENRY-:-GREENWOOD GRE 07,4
MCHENRY-:-GREENWOOD GRE 08,4
MCHENRY-:-GREENWOOD GRE 09,4
MCHENRY-:-GREENWOOD GRE 10,4
MCHENRY-:-HEBRON HEB 01,4
MCHENRY-:-HEBRON HEB 02,4
MCHENRY-:-MARENGO MAR 01,16
MCHENRY-:-MARENGO MAR 02,16
MCHENRY-:-MARENGO MAR 03,16
MCHENRY-:-MARENGO MAR 04,16
MCHENRY-:-MARENGO MAR 05,4
MCHENRY-:-MCHENRY MCH 01,4
MCHENRY-:-MCHENRY MCH 02,4
MCHENRY-:-MCHENRY MCH 03,4
MCHENRY-:-MCHENRY MCH 04,16
MCHENRY-:-MCHENRY MCH 05,16
MCHENRY-:-MCHENRY MCH 06,16
MCHENRY-:-MCHENRY MCH 08,4
MCHENRY-:-MCHENRY MCH 09,16
MCHENRY-:-MCHENRY MCH 10,16
MCHENRY-:-MCHENRY MCH 11,16
MCHENRY-:-MCHENRY MCH 12,16
MCHENRY-:-MCHENRY MCH 13,16
MCHENRY-:-MCHENRY MCH 14,4
MCHENRY-:-MCHENRY MCH 15,4
MCHENRY-:-MCHENRY MCH 16,4
MCHENRY-:-MCHENRY MCH 17,4
MCHENRY-:-MCHENRY MCH 18,16
MCHENRY-:-MCHENRY MCH 19,4
MCHENRY-:-MCHENRY MCH 20,16
MCHENRY-:-MCHENRY MCH 21,16
MCHENRY-:-MCHENRY MCH 22,16
MCHENRY-:-MCHENRY MCH 23,16
MCHENRY-:-MCHENRY MCH 24,16
MCHENRY-:-MCHENRY MCH 25,16
MCHENRY-:-MCHENRY MCH 26,16
MCHENRY-:-MCHENRY MCH 27,16
MCHENRY-:-MCHENRY MCH 28,16
MCHENRY-:-MCHENRY MCH 29,16
MCHENRY-:-MCHENRY MCH 30,16
MCHENRY-:-MCHENRY MCH 31,16
MCHENRY-:-MCHENRY MCH 32,16
MCHENRY-:-MCHENRY MCH 33,16
MCHENRY-:-MCHENRY MCH 34,16
MCHENRY-:-NUNDA NUN 01,16
MCHENRY-:-NUNDA NUN 02,16
MCHENRY-:-NUNDA NUN 03,16
MCHENRY-:-NUNDA NUN 04,16
MCHENRY-:-NUNDA NUN 05,16
MCHENRY-:-NUNDA NUN 06,16
MCHENRY-:-NUNDA NUN 07,16
MCHENRY-:-NUNDA NUN 08,16
MCHENRY-:-NUNDA NUN 09,16
MCHENRY-:-NUNDA NUN 10,16
MCHENRY-:-NUNDA NUN 11,16
MCHENRY-:-NUNDA NUN 12,16
MCHENRY-:-NUNDA NUN 13,16
MCHENRY-:-NUNDA NUN 14,16
MCHENRY-:-NUNDA NUN 15,16
MCHENRY-:-NUNDA NUN 16,16
MCHENRY-:-NUNDA NUN 17,16
MCHENRY-:-NUNDA NUN 18,16
MCHENRY-:-NUNDA NUN 19,16
MCHENRY-:-NUNDA NUN 20,16
MCHENRY-:-NUNDA NUN 21,16
MCHENRY-:-NUNDA NUN 22,16
MCHENRY-:-NUNDA NUN 23,16
MCHENRY-:-NUNDA NUN 24,16
MCHENRY-:-NUNDA NUN 25,16
MCHENRY-:-NUNDA NUN 26,16
MCHENRY-:-NUNDA NUN 27,16
MCHENRY-:-NUNDA NUN 28,16
MCHENRY-:-NUNDA NUN 29,4
MCHENRY-:-RICHMOND RIC 01,4
MCHENRY-:-RICHMOND RIC 02,4
MCHENRY-:-RICHMOND RIC 03,4
MCHENRY-:-RICHMOND RIC 04,4
MCHENRY-:-RICHMOND RIC 05,4
MCHENRY-:-RICHMOND RIC 06,4
MCHENRY-:-RILEY RIL 01,16
MCHENRY-:-RILEY RIL 02,16
MCHENRY-:-SENECA SEN 01,4
MCHENRY-:-SENECA SEN 02,4
MCHENRY-:-SENECA SEN 03,16
MCLEAN-:-ANCHOR 01,1
MCLEAN-:-ARROWSMITH 01,1
MCLEAN-:-BELLFLOWER 01,15
MCLEAN-:-BLOOMINGTON 03,13
MCLEAN-:-BLUE MOUND 01,1
MCLEAN-:-CHENEY'S GROVE 01,15
MCLEAN-:-CHENOA 01,15
MCLEAN-:-CHENOA 02,15
MCLEAN-:-CROPSEY 01,1
MCLEAN-:-DANVERS 01,13
MCLEAN-:-DANVERS 02,13
MCLEAN-:-DAWSON 01,15
MCLEAN-:-DOWNS 01,14
MCLEAN-:-DRY GROVE 01,13
MCLEAN-:-DRY GROVE 02,13
MCLEAN-:-EMPIRE 01,14
MCLEAN-:-EMPIRE 02,14
MCLEAN-:-EMPIRE 03,14
MCLEAN-:-FUNKS GROVE 01,14
MCLEAN-:-GRIDLEY 01,15
MCLEAN-:-GRIDLEY 02,15
MCLEAN-:-HUDSON 01,15
MCLEAN-:-HUDSON 02,15
MCLEAN-:-LAWNDALE 01,1
MCLEAN-:-LEXINGTON 01,15
MCLEAN-:-LEXINGTON 02,15
MCLEAN-:-MARTIN 01,15
MCLEAN-:-MONEY CREEK 01,15
MCLEAN-:-MT. HOPE 01,13
MCLEAN-:-NORMAL 01,13
MCLEAN-:-NORMAL 02,13
MCLEAN-:-NORMAL 03,14
MCLEAN-:-NORMAL 04,14
MCLEAN-:-NORMAL 05,15
MCLEAN-:-NORMAL 06,15
MCLEAN-:-NORMAL 07,14
MCLEAN-:-NORMAL 08,14
MCLEAN-:-NORMAL 09,14
MCLEAN-:-NORMAL 10,14
MCLEAN-:-NORMAL 11,14
MCLEAN-:-NORMAL 12,13
MCLEAN-:-NORMAL 13,14
MCLEAN-:-NORMAL 14,14
MCLEAN-:-NORMAL 15,15
MCLEAN-:-NORMAL 16,15
MCLEAN-:-NORMAL 17,15
MCLEAN-:-NORMAL 18,15
MCLEAN-:-NORMAL 19,15
MCLEAN-:-NORMAL 20,15
MCLEAN-:-NORMAL 21,15
MCLEAN-:-NORMAL 22,15
MCLEAN-:-NORMAL 23,14
MCLEAN-:-NORMAL 24,14
MCLEAN-:-NORMAL 25,15
MCLEAN-:-NORMAL 26,14
MCLEAN-:-NORMAL 27,15
MCLEAN-:-NORMAL 28,15
MCLEAN-:-NORMAL 29,14
MCLEAN-:-NORMAL 30,14
MCLEAN-:-NORMAL 32,15
MCLEAN-:-NORMAL 33,15
MCLEAN-:-NORMAL 34,14
MCLEAN-:-NORMAL 35,14
MCLEAN-:-NORMAL 36,15
MCLEAN-:-OLD TOWN 01,13
MCLEAN-:-OLD TOWN 02,14
MCLEAN-:-OLD TOWN 03,14
MCLEAN-:-RANDOLPH 01,14
MCLEAN-:-RANDOLPH 02,14
MCLEAN-:-RANDOLPH 03,13
MCLEAN-:-RANDOLPH 04,14
MCLEAN-:-TOWANDA 01,14
MCLEAN-:-TOWANDA 02,15
MCLEAN-:-WEST 01,1
MCLEAN-:-WHITE OAK 01,13
MCLEAN-:-YATES 01,1
MENARD-:-EAST MENARD,13
MENARD-:-EAST PETERSBURG,13
MENARD-:-GREENVIEW,13
MENARD-:-INDIAN CREEK,13
MENARD-:-NORTH ATHENS-CITY,14
MENARD-:-NORTH ATHENS-RURAL,14
MENARD-:-NORTH PETERSBURG,13
MENARD-:-NORTHWEST MENARD,13
MENARD-:-ROCK CREEK,13
MENARD-:-SOUTH ATHENS-CITY,13
MENARD-:-SOUTH ATHENS-RURAL,13
MENARD-:-SOUTH PETERSBURG,13
MENARD-:-SOUTHWEST MENARD,13
MENARD-:-WEST PETERSBURG,13
MERCER-:-ABINGTON,8
MERCER-:-DUNCAN,8
MERCER-:-ELIZA,8
MERCER-:-GREENE 1,8
MERCER-:-GREENE 2,8
MERCER-:-KEITHSBURG,8
MERCER-:-MERCER 1,8
MERCER-:-MERCER 2,8
MERCER-:-MERCER 3,8
MERCER-:-MERCER 4,8
MERCER-:-MERCER 5,8
MERCER-:-MERCER 6,8
MERCER-:-MILLERSBURG,8
MERCER-:-NEW BOSTON,8
MERCER-:-NORTH HENDERSON,15
MERCER-:-OHIO GROVE,8
MERCER-:-PERRYTON,8
MERCER-:-PREEMPTION 1,8
MERCER-:-PREEMPTION 2,8
MERCER-:-RICHLAND GROVE 1,8
MERCER-:-RICHLAND GROVE 2,8
MERCER-:-RICHLAND GROVE 3,8
MERCER-:-RIVOLI,8
MERCER-:-SUEZ,8
MONROE-:-PRECINCT 1,11
MONROE-:-PRECINCT 10,11
MONROE-:-PRECINCT 11,11
MONROE-:-PRECINCT 12,11
MONROE-:-PRECINCT 13,11
MONROE-:-PRECINCT 14,11
MONROE-:-PRECINCT 15,11
MONROE-:-PRECINCT 16,11
MONROE-:-PRECINCT 17,11
MONROE-:-PRECINCT 18,11
MONROE-:-PRECINCT 19,11
MONROE-:-PRECINCT 2,11
MONROE-:-PRECINCT 20,11
MONROE-:-PRECINCT 21,11
MONROE-:-PRECINCT 22,11
MONROE-:-PRECINCT 23,11
MONROE-:-PRECINCT 24,11
MONROE-:-PRECINCT 25,11
MONROE-:-PRECINCT 3,11
MONROE-:-PRECINCT 4,11
MONROE-:-PRECINCT 5,11
MONROE-:-PRECINCT 6,11
MONROE-:-PRECINCT 7,11
MONROE-:-PRECINCT 8,11
MONROE-:-PRECINCT 9,11
MONTGOMERY-:-AUDUBON,13
MONTGOMERY-:-BOIS D'ARC,12
MONTGOMERY-:-BUTLER GROVE,13
MONTGOMERY-:-EAST FORK 1,12
MONTGOMERY-:-EAST FORK 2,12
MONTGOMERY-:-EAST FORK 3,12
MONTGOMERY-:-FILLMORE CONS,12
MONTGOMERY-:-GRISHAM 1,12
MONTGOMERY-:-GRISHAM 2,12
MONTGOMERY-:-HARVEL,12
MONTGOMERY-:-HILLSBORO 1,12
MONTGOMERY-:-HILLSBORO 2,12
MONTGOMERY-:-HILLSBORO 3,12
MONTGOMERY-:-HILLSBORO 4,12
MONTGOMERY-:-HILLSBORO 5,12
MONTGOMERY-:-HILLSBORO 6,12
MONTGOMERY-:-IRVING,12
MONTGOMERY-:-NOKOMIS 1,12
MONTGOMERY-:-NOKOMIS 2,12
MONTGOMERY-:-NOKOMIS 3,13
MONTGOMERY-:-NOKOMIS 4,13
MONTGOMERY-:-NORTH LITCHFIELD 1,12
MONTGOMERY-:-NORTH LITCHFIELD 2,12
MONTGOMERY-:-NORTH LITCHFIELD 3,13
MONTGOMERY-:-NORTH LITCHFIELD 4,13
MONTGOMERY-:-NORTH LITCHFIELD 5,13
MONTGOMERY-:-NORTH LITCHFIELD 6,12
MONTGOMERY-:-PITMAN,12
MONTGOMERY-:-RAYMOND,12
MONTGOMERY-:-ROUNTREE,12
MONTGOMERY-:-SOUTH LITCHFIELD 1,12
MONTGOMERY-:-SOUTH LITCHFIELD 2,12
MONTGOMERY-:-SOUTH LITCHFIELD 3,13
MONTGOMERY-:-SOUTH LITCHFIELD 4,12
MONTGOMERY-:-WALSHVILLE,12
MONTGOMERY-:-WITT 1,13
MONTGOMERY-:-WITT 2,13
MONTGOMERY-:-ZANESVILLE,13
MORGAN-:-ALEX-PRENT-SINC-1/2,13
MORGAN-:-ARCADIA-1,13
MORGAN-:-CHAPIN-CONCORD-1,13
MORGAN-:-FRANKLIN-3/4,13
MORGAN-:-JACKSONVILLE 01-1,13
MORGAN-:-JACKSONVILLE 02-1,13
MORGAN-:-JACKSONVILLE 03-1,13
MORGAN-:-JACKSONVILLE 04-1,13
MORGAN-:-JACKSONVILLE 05-1,13
MORGAN-:-JACKSONVILLE 06-1,13
MORGAN-:-JACKSONVILLE 07-1,13
MORGAN-:-JACKSONVILLE 08-1,13
MORGAN-:-JACKSONVILLE 09-1,13
MORGAN-:-JACKSONVILLE 10-1,13
MORGAN-:-JACKSONVILLE 11-1,13
MORGAN-:-JACKSONVILLE 12-1,13
MORGAN-:-LITERBERRY-1,13
MORGAN-:-LYNNVL-MARKM-1,13
MORGAN-:-LYNNVL-MARKM-3,13
MORGAN-:-MEREDOSIA-3,13
MORGAN-:-MURRVL-NORTNVL-3/4,13
MORGAN-:-PISGAH-1/2/6,13
MORGAN-:-S JACKSONVILLE 1-1,13
MORGAN-:-S JACKSONVILLE 2-1,13
MORGAN-:-S JACKSONVILLE 3-1,13
MORGAN-:-WAVERLY 01-3,13
MORGAN-:-WAVERLY 02-3/4,13
MORGAN-:-WOODSON-3/5,13
MOULTRIE-:-DORA #1,14
MOULTRIE-:-EAST NELSON #1,12
MOULTRIE-:-JONATHAN CREEK #1,1
MOULTRIE-:-LOVINGTON #1,1
MOULTRIE-:-LOVINGTON #2,12
MOULTRIE-:-LOWE #1,12
MOULTRIE-:-MARROWBONE #1,14
MOULTRIE-:-MARROWBONE #2,12
MOULTRIE-:-SULLIVAN #1,12
MOULTRIE-:-SULLIVAN #2,12
MOULTRIE-:-SULLIVAN #3,12
MOULTRIE-:-SULLIVAN #4,12
MOULTRIE-:-SULLIVAN #5,12
MOULTRIE-:-SULLIVAN #6,12
MOULTRIE-:-SULLIVAN #7,12
MOULTRIE-:-WHITLEY #1,12
OGLE-:-BROOKVILLE,8
OGLE-:-BUFFALO 1,8
OGLE-:-BUFFALO 2,8
OGLE-:-BUFFALO 3,8
OGLE-:-BYRON 1,4
OGLE-:-BYRON 2,4
OGLE-:-BYRON 3,4
OGLE-:-BYRON 4,4
OGLE-:-DEMENT,7
OGLE-:-EAGLE POINT,8
OGLE-:-FLAGG 1,7
OGLE-:-FLAGG 10,7
OGLE-:-FLAGG 11,7
OGLE-:-FLAGG 2,7
OGLE-:-FLAGG 3,7
OGLE-:-FLAGG 4,7
OGLE-:-FLAGG 5,7
OGLE-:-FLAGG 6,7
OGLE-:-FLAGG 7,7
OGLE-:-FLAGG 8,7
OGLE-:-FLAGG 9,7
OGLE-:-FORRESTON 1,7
OGLE-:-FORRESTON 2,7
OGLE-:-GRAND DETOUR,8
OGLE-:-LAFAYETTE,8
OGLE-:-LEAF RIVER,7
OGLE-:-LINCOLN,8
OGLE-:-LYNNVILLE,4
OGLE-:-MARION 1,4
OGLE-:-MARION 2,4
OGLE-:-MARION 3,4
OGLE-:-MARYLAND,8
OGLE-:-MONROE,4
OGLE-:-MT. MORRIS 1,8
OGLE-:-MT. MORRIS 2,8
OGLE-:-MT. MORRIS 3,8
OGLE-:-MT. MORRIS 4,8
OGLE-:-OREGON-NASHUA 1,7
OGLE-:-OREGON-NASHUA 2,7
OGLE-:-OREGON-NASHUA 3,7
OGLE-:-OREGON-NASHUA 4,7
OGLE-:-OREGON-NASHUA 5,7
OGLE-:-OREGON-NASHUA 6,7
OGLE-:-PINE CREEK,8
OGLE-:-PINE ROCK,7
OGLE-:-ROCKVALE 1,7
OGLE-:-ROCKVALE 2,4
OGLE-:-SCOTT,4
OGLE-:-TAYLOR,8
OGLE-:-WHITE ROCK,4
OGLE-:-WOOSUNG,8
PEORIA-:-AK01 - 1,6
PEORIA-:-BR01 - 2,15
PEORIA-:-CH01 - 3,6
PEORIA-:-CH02 - 4,6
PEORIA-:-CH03 - 5,6
PEORIA-:-CH04 - 6,6
PEORIA-:-CH05 - 7,15
PEORIA-:-CH06 - 8,15
PEORIA-:-EL01 - 9,6
PEORIA-:-EL02 - 10,6
PEORIA-:-EL03 - 11,15
PEORIA-:-HA01 - 12/13,6
PEORIA-:-HO01 - 14,13
PEORIA-:-HO02 - 15,13
PEORIA-:-JU01 - 16,15
PEORIA-:-JU02 - 17/18,6
PEORIA-:-KI01 - 19,6
PEORIA-:-KI01 - 20/22,6
PEORIA-:-KI01 - 21/23,6
PEORIA-:-KI02 - 24,6
PEORIA-:-LI01 - 25,6
PEORIA-:-LI01 - 26,6
PEORIA-:-LI02 - 27/28,6
PEORIA-:-LI02 - 29,6
PEORIA-:-LI02 - 30,6
PEORIA-:-LI03 - 31/32,6
PEORIA-:-LI04 - 33,6
PEORIA-:-LI05 - 34,6
PEORIA-:-LI06 - 35,6
PEORIA-:-LI06 - 36/37,6
PEORIA-:-LI07 - 38,6
PEORIA-:-LI07 - 39/40,6
PEORIA-:-LI08 - 41,6
PEORIA-:-LI09 - 42,6
PEORIA-:-LI10 - 43/44,6
PEORIA-:-LI11 - 45/46,6
PEORIA-:-LI11 - 47/48,13
PEORIA-:-LO01 - 49,6
PEORIA-:-LO02 - 50,6
PEORIA-:-ME01 - 51,15
PEORIA-:-ME01 - 52,6
PEORIA-:-ME02 - 53/54/55,6
PEORIA-:-ME03 - 56/57,15
PEORIA-:-ME04 - 58,15
PEORIA-:-MI01 - 59/60,15
PEORIA-:-PE01 - 61,6
PEORIA-:-PE02 - 62,6
PEORIA-:-PE03 - 63/64,6
PEORIA-:-PE04 - 65,6
PEORIA-:-PE05 - 66,6
PEORIA-:-PE06 - 67,6
PEORIA-:-PE07 - 68,6
PEORIA-:-PE08 - 69/70,6
PEORIA-:-PE09 - 71,6
PEORIA-:-PE10 - 72,6
PEORIA-:-PE11 - 73/74,6
PEORIA-:-PE12 - 75,6
PEORIA-:-PE13 - 76/77,6
PEORIA-:-PE14 - 78,6
PEORIA-:-PE15 - 79,6
PEORIA-:-PE16 - 80,6
PEORIA-:-PE17 - 81,6
PEORIA-:-PE18 - 82,6
PEORIA-:-PE19 - 83,15
PEORIA-:-PE20 - 84,6
PEORIA-:-PE21 - 85,6
PEORIA-:-PE22 - 87,6
PEORIA-:-PE23 - 88,15
PEORIA-:-PE24 - 89,15
PEORIA-:-PE25 - 90/91,15
PEORIA-:-PE26 - 92/93,6
PEORIA-:-PE27 - 94,6
PEORIA-:-PE28 - 95/96/97,15
PEORIA-:-PE29 - 98/99,15
PEORIA-:-PE30 - 100,6
PEORIA-:-PE31 - 101,15
PEORIA-:-PE32 - 102,15
PEORIA-:-PE33 - 103,15
PEORIA-:-PE34 - 104/105,6
PEORIA-:-PE35 - 106,6
PEORIA-:-PE36 - 107,6
PEORIA-:-PE37 - 108,6
PEORIA-:-PE38 - 109,6
PEORIA-:-PE39 - 110,6
PEORIA-:-PE40 - 111,6
PEORIA-:-PE41 - 112,6
PEORIA-:-PE42 - 113/114,6
PEORIA-:-PE43 - 115/116,6
PEORIA-:-PE44 - 117,6
PEORIA-:-PE44 - 118,6
PEORIA-:-PE45 - 119/120,6
PEORIA-:-PE46 - 121,6
PEORIA-:-PE47 - 122/123/127,6
PEORIA-:-PE47 - 124/126,6
PEORIA-:-PE48 - 128/129,6
PEORIA-:-PE49 - 130/131/133/134,6
PEORIA-:-PE49 - 132,6
PEORIA-:-PE50 - 135/136,6
PEORIA-:-PE51 - 137/138/139/141,6
PEORIA-:-PE52 - 142/143,6
PEORIA-:-PE53 - 144,6
PEORIA-:-PE54 - 145/147,15
PEORIA-:-PE54 - 146,6
PEORIA-:-PE55 - 148,6
PEORIA-:-PE56 - 149,15
PEORIA-:-PE57 - 150,6
PEORIA-:-PE57 - 151,15
PEORIA-:-PE58 - 152,6
PEORIA-:-PE58 - 153,6
PEORIA-:-PE59 - 154,15
PEORIA-:-PE60 - 155,15
PEORIA-:-PE61 - 156,6
PEORIA-:-PE62 - 157,6
PEORIA-:-PE63 - 158/159,6
PEORIA-:-PE64 - 160,6
PEORIA-:-PE65 - 161/162,15
PEORIA-:-PE65 - 163,15
PEORIA-:-PR01 - 164,6
PEORIA-:-PR01 - 165,6
PEORIA-:-RA01 - 166,15
PEORIA-:-RA01 - 167,6
PEORIA-:-RA02 - 168,15
PEORIA-:-RA02 - 169/170,6
PEORIA-:-RA02 - 171,6
PEORIA-:-RI01 - 172,15
PEORIA-:-RI01 - 173,6
PEORIA-:-RI02 - 174,15
PEORIA-:-RI03 - 175,15
PEORIA-:-RI03 - 176,6
PEORIA-:-RI04 - 177,15
PEORIA-:-RO01 - 178,6
PEORIA-:-RO01 - 179,6
PEORIA-:-TI01 - 180/181,13
PEORIA-:-TI02 - 182,13
PEORIA-:-TR01 - 183,6
PEORIA-:-TR01 - 184,6
PEORIA-:-WP01 - 185,13
PEORIA-:-WP02 - 186,13
PEORIA-:-WP03 - 187,6
PEORIA-:-WP04 - 188,6
PERRY-:-BEAUCOUP-001,11
PERRY-:-CUTLER-001,11
PERRY-:-DUQUOIN 1-001,11
PERRY-:-DUQUOIN 10-001,11
PERRY-:-DUQUOIN 11-001,11
PERRY-:-DUQUOIN 12-001,13
PERRY-:-DUQUOIN 2-001,11
PERRY-:-DUQUOIN 3-001,11
PERRY-:-DUQUOIN 4-001,11
PERRY-:-DUQUOIN 5-001,11
PERRY-:-DUQUOIN 6-001,11
PERRY-:-DUQUOIN 7-001,11
PERRY-:-DUQUOIN 8-001,11
PERRY-:-DUQUOIN 9-001,11
PERRY-:-PINCKNEYVILLE 1-001,11
PERRY-:-PINCKNEYVILLE 2-001,11
PERRY-:-PINCKNEYVILLE 3-001,11
PERRY-:-PINCKNEYVILLE 4-001,11
PERRY-:-PINCKNEYVILLE 5-001,11
PERRY-:-PINCKNEYVILLE 6-001,11
PERRY-:-PINCKNEYVILLE 7-001,11
PERRY-:-PINCKNEYVILLE 8-001,11
PERRY-:-SUNFIELD-001,11
PERRY-:-SWANWICK-001,11
PERRY-:-TAMAROA 1-001,11
PERRY-:-TAMAROA 2-001,11
PERRY-:-WILLISVILLE-001,11
PIATT-:-BEMENT 1,1
PIATT-:-BEMENT 2,1
PIATT-:-BLUE RIDGE,14
PIATT-:-CERRO GORDO 1,1
PIATT-:-CERRO GORDO 2,1
PIATT-:-CERRO GORDO 4,1
PIATT-:-GOOSE CREEK,14
PIATT-:-MONTICELLO 1,1
PIATT-:-MONTICELLO 2,1
PIATT-:-MONTICELLO 3,1
PIATT-:-MONTICELLO 4,1
PIATT-:-SANGAMON 1,14
PIATT-:-SANGAMON 2,14
PIATT-:-UNITY 1,12
PIATT-:-UNITY 2,12
PIATT-:-WILLOW BRANCH,1
PIKE-:-ATLAS 1,6
PIKE-:-BARRY 1,6
PIKE-:-BARRY 2,6
PIKE-:-CHAMBERSBURG 1,6
PIKE-:-CINCINNATI,6
PIKE-:-DERRY 1,6
PIKE-:-DETROIT 1,6
PIKE-:-FAIRMOUNT 1,6
PIKE-:-FLINT 1,6
PIKE-:-GRIGGSVILLE 1,6
PIKE-:-GRIGGSVILLE 2,6
PIKE-:-HADLEY 1,6
PIKE-:-HARDIN 1,6
PIKE-:-KINDERHOOK 1,6
PIKE-:-KINDERHOOK 2,6
PIKE-:-LEVEE 1,6
PIKE-:-MARTINSBURG 1,6
PIKE-:-MONTEZUMA 1,6
PIKE-:-NEW SALEM 1,6
PIKE-:-NEW SALEM 2,6
PIKE-:-NEWBURG 1,6
PIKE-:-PEARL 1,6
PIKE-:-PERRY 1,6
PIKE-:-PITTSFIELD 1,6
PIKE-:-PITTSFIELD 2,6
PIKE-:-PITTSFIELD 3,6
PIKE-:-PITTSFIELD 4,6
PIKE-:-PLEASANT HILL 1,6
PIKE-:-PLEASANT VALE 1,6
PIKE-:-ROSS 1,6
PIKE-:-SPRING CREEK 1,6
POPE-:-EDDYVILLE 6,13
POPE-:-GOLCONDA 1,13
POPE-:-GOLCONDA 2,13
POPE-:-GOLCONDA 3,13
POPE-:-JEFFERSON 4,13
POPE-:-WEBSTER 5,11
PULASKI-:-GRAND CHAIN,11
PULASKI-:-KARNAK,11
PULASKI-:-MOUND CITY,11
PULASKI-:-MOUNDS 1,11
PULASKI-:-MOUNDS 2,11
PULASKI-:-MOUNDS 3,11
PULASKI-:-OLMSTED,11
PULASKI-:-PERKS-WETAUG,11
PULASKI-:-PULASKI,11
PULASKI-:-ULLIN,11
PULASKI-:-VILLA RIDGE-AMERICA,11
PUTNAM-:-GRANVILLE 1,15
PUTNAM-:-GRANVILLE 2,10
PUTNAM-:-GRANVILLE 3,10
PUTNAM-:-GRANVILLE 4,10
PUTNAM-:-MAGNOLIA 1,6
PUTNAM-:-SENACHWINE 1,6
RANDOLPH-:-BALDWIN,11
RANDOLPH-:-BREMEN,11
RANDOLPH-:-CENTRAL,11
RANDOLPH-:-CHESTER 1,11
RANDOLPH-:-CHESTER 2,11
RANDOLPH-:-CHESTER 3,11
RANDOLPH-:-CHESTER 4,11
RANDOLPH-:-CHESTER 5,11
RANDOLPH-:-CHESTER 6,11
RANDOLPH-:-CHESTER 7,11
RANDOLPH-:-COULTERVILLE 1,11
RANDOLPH-:-COULTERVILLE 2,11
RANDOLPH-:-ELLIS GROVE,11
RANDOLPH-:-EVANSVILLE,11
RANDOLPH-:-KASKASKIA,11
RANDOLPH-:-PALESTINE,11
RANDOLPH-:-PERCY,11
RANDOLPH-:-PRAIRIE DU ROCHER,11
RANDOLPH-:-RED BUD 1,11
RANDOLPH-:-RED BUD 2,11
RANDOLPH-:-RED BUD 3,11
RANDOLPH-:-RED BUD 4,11
RANDOLPH-:-RED BUD 5,11
RANDOLPH-:-ROCKWOOD,11
RANDOLPH-:-RUMA,11
RANDOLPH-:-SPARTA 1,11
RANDOLPH-:-SPARTA 2,11
RANDOLPH-:-SPARTA 3,11
RANDOLPH-:-SPARTA 4,11
RANDOLPH-:-SPARTA 5,11
RANDOLPH-:-SPARTA 6,11
RANDOLPH-:-STEELEVILLE 1,11
RANDOLPH-:-STEELEVILLE 2,11
RANDOLPH-:-STEELEVILLE 3,11
RANDOLPH-:-TILDEN,11
RANDOLPH-:-WALSH,11
RANDOLPH-:-WINE HILL,11
RICHLAND-:-BONPAS-3,13
RICHLAND-:-CLAREMONT-3,13
RICHLAND-:-DECKER-2,13
RICHLAND-:-DENVER-2,13
RICHLAND-:-GERMAN-1,13
RICHLAND-:-MADISON 1-3,13
RICHLAND-:-MADISON 2-3,13
RICHLAND-:-NOBLE 1-2,13
RICHLAND-:-NOBLE 2-2,13
RICHLAND-:-OLNEY 1-4,13
RICHLAND-:-OLNEY 10-1,13
RICHLAND-:-OLNEY 11-1,13
RICHLAND-:-OLNEY 2-1,13
RICHLAND-:-OLNEY 3-1,13
RICHLAND-:-OLNEY 4-1,13
RICHLAND-:-OLNEY 5-1,13
RICHLAND-:-OLNEY 6-1,13
RICHLAND-:-OLNEY 7-4,13
RICHLAND-:-OLNEY 9-1,13
RICHLAND-:-PRESTON 1-1,13
RICHLAND-:-PRESTON 2-1,13
ROCK ISLAND-:-ANDALUSIA,8
ROCK ISLAND-:-BLACKHAWK 1,8
ROCK ISLAND-:-BLACKHAWK 2,8
ROCK ISLAND-:-BLACKHAWK 3,8
ROCK ISLAND-:-BLACKHAWK 4,8
ROCK ISLAND-:-BLACKHAWK 5,8
ROCK ISLAND-:-BLACKHAWK 6,8
ROCK ISLAND-:-BLACKHAWK 7,8
ROCK ISLAND-:-BOWLING 1,8
ROCK ISLAND-:-BOWLING 2,8
ROCK ISLAND-:-BUFFALO PRAIRIE,8
ROCK ISLAND-:-CANOE CREEK,8
ROCK ISLAND-:-COAL VALLEY 1,8
ROCK ISLAND-:-COAL VALLEY 2,8
ROCK ISLAND-:-COAL VALLEY 3,8
ROCK ISLAND-:-COE,8
ROCK ISLAND-:-CORDOVA,7
ROCK ISLAND-:-DRURY,8
ROCK ISLAND-:-EDGINGTON 1,8
ROCK ISLAND-:-EDGINGTON 2,8
ROCK ISLAND-:-HAMPTON 1,8
ROCK ISLAND-:-HAMPTON 10,8
ROCK ISLAND-:-HAMPTON 11,8
ROCK ISLAND-:-HAMPTON 12,8
ROCK ISLAND-:-HAMPTON 13,8
ROCK ISLAND-:-HAMPTON 14,8
ROCK ISLAND-:-HAMPTON 15,8
ROCK ISLAND-:-HAMPTON 16,8
ROCK ISLAND-:-HAMPTON 17,8
ROCK ISLAND-:-HAMPTON 2,8
ROCK ISLAND-:-HAMPTON 3,8
ROCK ISLAND-:-HAMPTON 4,8
ROCK ISLAND-:-HAMPTON 5,8
ROCK ISLAND-:-HAMPTON 6,8
ROCK ISLAND-:-HAMPTON 7,8
ROCK ISLAND-:-HAMPTON 8,8
ROCK ISLAND-:-HAMPTON 9,8
ROCK ISLAND-:-MOLINE 1,8
ROCK ISLAND-:-MOLINE 10,8
ROCK ISLAND-:-MOLINE 11,8
ROCK ISLAND-:-MOLINE 12,8
ROCK ISLAND-:-MOLINE 13,8
ROCK ISLAND-:-MOLINE 14,8
ROCK ISLAND-:-MOLINE 15,8
ROCK ISLAND-:-MOLINE 16,8
ROCK ISLAND-:-MOLINE 17,8
ROCK ISLAND-:-MOLINE 18,8
ROCK ISLAND-:-MOLINE 19,8
ROCK ISLAND-:-MOLINE 2,8
ROCK ISLAND-:-MOLINE 20,8
ROCK ISLAND-:-MOLINE 3,8
ROCK ISLAND-:-MOLINE 4,8
ROCK ISLAND-:-MOLINE 5,8
ROCK ISLAND-:-MOLINE 6,8
ROCK ISLAND-:-MOLINE 7,8
ROCK ISLAND-:-MOLINE 8,8
ROCK ISLAND-:-MOLINE 9,8
ROCK ISLAND-:-PORT BYRON,8
ROCK ISLAND-:-ROCK ISLAND 1,8
ROCK ISLAND-:-ROCK ISLAND 10,8
ROCK ISLAND-:-ROCK ISLAND 11,8
ROCK ISLAND-:-ROCK ISLAND 12,8
ROCK ISLAND-:-ROCK ISLAND 13,8
ROCK ISLAND-:-ROCK ISLAND 14,8
ROCK ISLAND-:-ROCK ISLAND 15,8
ROCK ISLAND-:-ROCK ISLAND 2,8
ROCK ISLAND-:-ROCK ISLAND 3,8
ROCK ISLAND-:-ROCK ISLAND 4,8
ROCK ISLAND-:-ROCK ISLAND 5,8
ROCK ISLAND-:-ROCK ISLAND 6,8
ROCK ISLAND-:-ROCK ISLAND 7,8
ROCK ISLAND-:-ROCK ISLAND 8,8
ROCK ISLAND-:-ROCK ISLAND 9,8
ROCK ISLAND-:-RURAL,8
ROCK ISLAND-:-SO MOLINE 1,8
ROCK ISLAND-:-SO MOLINE 10,8
ROCK ISLAND-:-SO MOLINE 11,8
ROCK ISLAND-:-SO MOLINE 12,8
ROCK ISLAND-:-SO MOLINE 13,8
ROCK ISLAND-:-SO MOLINE 14,8
ROCK ISLAND-:-SO MOLINE 15,8
ROCK ISLAND-:-SO MOLINE 16,8
ROCK ISLAND-:-SO MOLINE 17,8
ROCK ISLAND-:-SO MOLINE 18,8
ROCK ISLAND-:-SO MOLINE 19,8
ROCK ISLAND-:-SO MOLINE 2,8
ROCK ISLAND-:-SO MOLINE 20,8
ROCK ISLAND-:-SO MOLINE 21,8
ROCK ISLAND-:-SO MOLINE 22,8
ROCK ISLAND-:-SO MOLINE 23,8
ROCK ISLAND-:-SO MOLINE 24,8
ROCK ISLAND-:-SO MOLINE 25,8
ROCK ISLAND-:-SO MOLINE 26,8
ROCK ISLAND-:-SO MOLINE 27,8
ROCK ISLAND-:-SO MOLINE 28,8
ROCK ISLAND-:-SO MOLINE 29,8
ROCK ISLAND-:-SO MOLINE 3,8
ROCK ISLAND-:-SO MOLINE 4,8
ROCK ISLAND-:-SO MOLINE 5,8
ROCK ISLAND-:-SO MOLINE 6,8
ROCK ISLAND-:-SO MOLINE 7,8
ROCK ISLAND-:-SO MOLINE 8,8
ROCK ISLAND-:-SO MOLINE 9,8
ROCK ISLAND-:-SO ROCK ISLAND 1,8
ROCK ISLAND-:-SO ROCK ISLAND 10,8
ROCK ISLAND-:-SO ROCK ISLAND 11,8
ROCK ISLAND-:-SO ROCK ISLAND 12,8
ROCK ISLAND-:-SO ROCK ISLAND 13,8
ROCK ISLAND-:-SO ROCK ISLAND 14,8
ROCK ISLAND-:-SO ROCK ISLAND 15,8
ROCK ISLAND-:-SO ROCK ISLAND 16,8
ROCK ISLAND-:-SO ROCK ISLAND 2,8
ROCK ISLAND-:-SO ROCK ISLAND 3,8
ROCK ISLAND-:-SO ROCK ISLAND 4,8
ROCK ISLAND-:-SO ROCK ISLAND 5,8
ROCK ISLAND-:-SO ROCK ISLAND 6,8
ROCK ISLAND-:-SO ROCK ISLAND 7,8
ROCK ISLAND-:-SO ROCK ISLAND 8,8
ROCK ISLAND-:-SO ROCK ISLAND 9,8
ROCK ISLAND-:-ZUMA,8
SALINE-:-BRUSHY,13
SALINE-:-CARRIER MILLS #1,13
SALINE-:-CARRIER MILLS #2,13
SALINE-:-COTTAGE,13
SALINE-:-EAST ELDORADO #1,13
SALINE-:-EAST ELDORADO #2,13
SALINE-:-EAST ELDORADO #3,13
SALINE-:-EAST ELDORADO #4,13
SALINE-:-EAST ELDORADO #5,13
SALINE-:-EAST ELDORADO #6,13
SALINE-:-GALATIA,13
SALINE-:-HARRISBURG # 1,13
SALINE-:-HARRISBURG # 2,13
SALINE-:-HARRISBURG # 3,13
SALINE-:-HARRISBURG # 4,13
SALINE-:-HARRISBURG # 5,13
SALINE-:-HARRISBURG # 6,13
SALINE-:-HARRISBURG # 7,13
SALINE-:-HARRISBURG # 8,13
SALINE-:-HARRISBURG # 9,13
SALINE-:-HARRISBURG #10,13
SALINE-:-INDEPENDENCE,13
SALINE-:-LONG BRANCH,13
SALINE-:-MOUNTAIN,13
SALINE-:-RALEIGH,13
SALINE-:-RECTOR,13
SALINE-:-STONEFORT,13
SALINE-:-TATE,13
SANGAMON-:-AUBURN 001,13
SANGAMON-:-AUBURN 002,13
SANGAMON-:-AUBURN 003,13
SANGAMON-:-AUBURN 004,13
SANGAMON-:-AUBURN 005,13
SANGAMON-:-BALL 001,12
SANGAMON-:-BALL 002,12
SANGAMON-:-BALL 003,12
SANGAMON-:-BALL 004,12
SANGAMON-:-BALL 005,12
SANGAMON-:-BUFFALO HART,14
SANGAMON-:-CAPITAL 001,14
SANGAMON-:-CAPITAL 002,14
SANGAMON-:-CAPITAL 003,12
SANGAMON-:-CAPITAL 004,12
SANGAMON-:-CAPITAL 005,12
SANGAMON-:-CAPITAL 006,12
SANGAMON-:-CAPITAL 007,14
SANGAMON-:-CAPITAL 008,14
SANGAMON-:-CAPITAL 009,14
SANGAMON-:-CAPITAL 010,12
SANGAMON-:-CAPITAL 011,14
SANGAMON-:-CAPITAL 013,12
SANGAMON-:-CAPITAL 014,12
SANGAMON-:-CAPITAL 015,12
SANGAMON-:-CAPITAL 017,12
SANGAMON-:-CAPITAL 018,14
SANGAMON-:-CAPITAL 019,12
SANGAMON-:-CAPITAL 021,14
SANGAMON-:-CAPITAL 022,12
SANGAMON-:-CAPITAL 023,14
SANGAMON-:-CAPITAL 024,14
SANGAMON-:-CAPITAL 026,14
SANGAMON-:-CAPITAL 027,14
SANGAMON-:-CAPITAL 028,14
SANGAMON-:-CAPITAL 030,14
SANGAMON-:-CAPITAL 031,14
SANGAMON-:-CAPITAL 032,12
SANGAMON-:-CAPITAL 033,12
SANGAMON-:-CAPITAL 034,12
SANGAMON-:-CAPITAL 035,12
SANGAMON-:-CAPITAL 036,12
SANGAMON-:-CAPITAL 037,12
SANGAMON-:-CAPITAL 038,12
SANGAMON-:-CAPITAL 039,12
SANGAMON-:-CAPITAL 040,14
SANGAMON-:-CAPITAL 041,12
SANGAMON-:-CAPITAL 042,14
SANGAMON-:-CAPITAL 043,12
SANGAMON-:-CAPITAL 044,12
SANGAMON-:-CAPITAL 045,14
SANGAMON-:-CAPITAL 046,12
SANGAMON-:-CAPITAL 047,14
SANGAMON-:-CAPITAL 048,14
SANGAMON-:-CAPITAL 049,12
SANGAMON-:-CAPITAL 050,12
SANGAMON-:-CAPITAL 051,12
SANGAMON-:-CAPITAL 052,14
SANGAMON-:-CAPITAL 053,14
SANGAMON-:-CAPITAL 054,12
SANGAMON-:-CAPITAL 055,12
SANGAMON-:-CAPITAL 056,12
SANGAMON-:-CAPITAL 057,14
SANGAMON-:-CAPITAL 058,12
SANGAMON-:-CAPITAL 059,14
SANGAMON-:-CAPITAL 060,14
SANGAMON-:-CAPITAL 061,12
SANGAMON-:-CAPITAL 062,14
SANGAMON-:-CAPITAL 063,14
SANGAMON-:-CAPITAL 064,12
SANGAMON-:-CAPITAL 065,12
SANGAMON-:-CAPITAL 066,14
SANGAMON-:-CAPITAL 067,14
SANGAMON-:-CAPITAL 068,12
SANGAMON-:-CAPITAL 069,12
SANGAMON-:-CAPITAL 070,12
SANGAMON-:-CAPITAL 071,12
SANGAMON-:-CAPITAL 072,14
SANGAMON-:-CAPITAL 073,12
SANGAMON-:-CAPITAL 074,12
SANGAMON-:-CAPITAL 075,12
SANGAMON-:-CAPITAL 076,12
SANGAMON-:-CAPITAL 077,14
SANGAMON-:-CAPITAL 078,14
SANGAMON-:-CAPITAL 079,12
SANGAMON-:-CAPITAL 082,12
SANGAMON-:-CAPITAL 083,14
SANGAMON-:-CAPITAL 084,12
SANGAMON-:-CAPITAL 085,12
SANGAMON-:-CAPITAL 086,14
SANGAMON-:-CAPITAL 087,12
SANGAMON-:-CAPITAL 088,12
SANGAMON-:-CAPITAL 089,12
SANGAMON-:-CAPITAL 090,14
SANGAMON-:-CAPITAL 091,12
SANGAMON-:-CAPITAL 092,12
SANGAMON-:-CAPITAL 093,12
SANGAMON-:-CARTWRIGHT,14
SANGAMON-:-CHATHAM 001,12
SANGAMON-:-CHATHAM 002,12
SANGAMON-:-CHATHAM 003,12
SANGAMON-:-CHATHAM 004,12
SANGAMON-:-CHATHAM 005,13
SANGAMON-:-CLEARLAKE 001,14
SANGAMON-:-CLEARLAKE 002,14
SANGAMON-:-CLEARLAKE 003,12
SANGAMON-:-CLEARLAKE 004,14
SANGAMON-:-CLEARLAKE 005,14
SANGAMON-:-CLEARLAKE 006,12
SANGAMON-:-CLEARLAKE 007,12
SANGAMON-:-COOPER,14
SANGAMON-:-COTTON HILL,12
SANGAMON-:-CURRAN 002,14
SANGAMON-:-DIVERNON 001,12
SANGAMON-:-DIVERNON 002,13
SANGAMON-:-FANCY CREEK 001,14
SANGAMON-:-FANCY CREEK 002,14
SANGAMON-:-FANCY CREEK 003,13
SANGAMON-:-FANCY CREEK 004,14
SANGAMON-:-FANCY CREEK 005,14
SANGAMON-:-GARDNER 001,14
SANGAMON-:-GARDNER 002,14
SANGAMON-:-GARDNER 003,14
SANGAMON-:-ILLIOPOLIS,14
SANGAMON-:-ISLAND GROVE,14
SANGAMON-:-LANESVILLE,14
SANGAMON-:-LOAMI,13
SANGAMON-:-MAXWELL,13
SANGAMON-:-MECHANICSBURG 001,14
SANGAMON-:-MECHANICSBURG 002,14
SANGAMON-:-MECHANICSBURG 003,14
SANGAMON-:-NEW BERLIN,13
SANGAMON-:-PAWNEE 001,12
SANGAMON-:-PAWNEE 002,12
SANGAMON-:-PAWNEE 003,12
SANGAMON-:-ROCHESTER 001,12
SANGAMON-:-ROCHESTER 002,12
SANGAMON-:-ROCHESTER 003,12
SANGAMON-:-ROCHESTER 004,14
SANGAMON-:-SPRINGFIELD 002,14
SANGAMON-:-SPRINGFIELD 003,14
SANGAMON-:-SPRINGFIELD 004,14
SANGAMON-:-SPRINGFIELD 005,14
SANGAMON-:-TALKINGTON,13
SANGAMON-:-WILLIAMS 001,14
SANGAMON-:-WILLIAMS 002,14
SANGAMON-:-WILLIAMS 003,14
SANGAMON-:-WOODSIDE 001,14
SANGAMON-:-WOODSIDE 002,12
SANGAMON-:-WOODSIDE 003,14
SANGAMON-:-WOODSIDE 004,12
SANGAMON-:-WOODSIDE 005,12
SANGAMON-:-WOODSIDE 006,12
SANGAMON-:-WOODSIDE 007,14
SANGAMON-:-WOODSIDE 008,12
SANGAMON-:-WOODSIDE 009,12
SCHUYLER-:-BAINBRIDGE-2,13
SCHUYLER-:-BIRMINGHAM-1,6
SCHUYLER-:-BROOKLYN-1,6
SCHUYLER-:-BROWNING-2,6
SCHUYLER-:-BUENAVISTA 1-2,13
SCHUYLER-:-BUENAVISTA 2-2,13
SCHUYLER-:-CAMDEN-1,6
SCHUYLER-:-FREDERICK-2,6
SCHUYLER-:-HICKORY-1,6
SCHUYLER-:-HUNTSVILLE-1,6
SCHUYLER-:-LITTLETON-1,6
SCHUYLER-:-OAKLAND-1,6
SCHUYLER-:-RUSHVILLE 1-2,13
SCHUYLER-:-RUSHVILLE 2-2,13
SCHUYLER-:-RUSHVILLE 3-2,13
SCHUYLER-:-RUSHVILLE 4-2,13
SCHUYLER-:-WOODSTOCK-2,6
SCOTT-:-ALSEY-1,13
SCOTT-:-BLOOMFIELD-1,6
SCOTT-:-EXETER-BLUFFS-1,13
SCOTT-:-GLASGOW-1,6
SCOTT-:-MANCHESTER-1,13
SCOTT-:-MERRITT-1,6
SCOTT-:-NAPLES-BLUFFS-1,13
SCOTT-:-WINCHESTER I-1,13
SCOTT-:-WINCHESTER II-1,13
SCOTT-:-WINCHESTER III-1,13
SHELBY-:-ASH GROVE,12
SHELBY-:-BIG SPRING,12
SHELBY-:-CLARKSBURG,12
SHELBY-:-COLD SPRING,12
SHELBY-:-DRY POINT,11
SHELBY-:-FLAT BRANCH,14
SHELBY-:-HERRICK,13
SHELBY-:-HOLLAND,12
SHELBY-:-LAKEWOOD,12
SHELBY-:-MOWEAQUA 1,12
SHELBY-:-MOWEAQUA 2,12
SHELBY-:-OCONEE,13
SHELBY-:-OKAW,12
SHELBY-:-PENN,14
SHELBY-:-PICKAWAY,14
SHELBY-:-PRAIRIE,11
SHELBY-:-RICHLAND,11
SHELBY-:-RIDGE,14
SHELBY-:-ROSE 1,12
SHELBY-:-ROSE 2,12
SHELBY-:-RURAL,14
SHELBY-:-SHELBYVILLE 1,11
SHELBY-:-SHELBYVILLE 2,12
SHELBY-:-SHELBYVILLE 3,12
SHELBY-:-SHELBYVILLE 4,11
SHELBY-:-SHELBYVILLE 5,11
SHELBY-:-SHELBYVILLE 6,11
SHELBY-:-SHELBYVILLE 7,12
SHELBY-:-SIGEL,11
SHELBY-:-TODDS POINT,14
SHELBY-:-TOWER HILL,12
SHELBY-:-WINDSOR 1,11
SHELBY-:-WINDSOR 2,12
ST. CLAIR-:-BELLEVILLE 1,11
ST. CLAIR-:-BELLEVILLE 10,11
ST. CLAIR-:-BELLEVILLE 11,11
ST. CLAIR-:-BELLEVILLE 12,11
ST. CLAIR-:-BELLEVILLE 13,11
ST. CLAIR-:-BELLEVILLE 14,11
ST. CLAIR-:-BELLEVILLE 15,11
ST. CLAIR-:-BELLEVILLE 16,11
ST. CLAIR-:-BELLEVILLE 17,11
ST. CLAIR-:-BELLEVILLE 18,11
ST. CLAIR-:-BELLEVILLE 19,11
ST. CLAIR-:-BELLEVILLE 2,11
ST. CLAIR-:-BELLEVILLE 21,11
ST. CLAIR-:-BELLEVILLE 23,11
ST. CLAIR-:-BELLEVILLE 24,11
ST. CLAIR-:-BELLEVILLE 25,11
ST. CLAIR-:-BELLEVILLE 3,11
ST. CLAIR-:-BELLEVILLE 4,11
ST. CLAIR-:-BELLEVILLE 5,11
ST. CLAIR-:-BELLEVILLE 6,11
ST. CLAIR-:-BELLEVILLE 7,11
ST. CLAIR-:-BELLEVILLE 8,11
ST. CLAIR-:-BELLEVILLE 9,11
ST. CLAIR-:-CANTEEN 1,11
ST. CLAIR-:-CANTEEN 2,11
ST. CLAIR-:-CANTEEN 3,11
ST. CLAIR-:-CANTEEN 4,11
ST. CLAIR-:-CANTEEN 5,11
ST. CLAIR-:-CASEYVILLE 11,12
ST. CLAIR-:-CASEYVILLE 13,11
ST. CLAIR-:-CASEYVILLE 14,11
ST. CLAIR-:-CASEYVILLE 15,11
ST. CLAIR-:-CASEYVILLE 16,12
ST. CLAIR-:-CASEYVILLE 17,12
ST. CLAIR-:-CASEYVILLE 18,12
ST. CLAIR-:-CASEYVILLE 19,12
ST. CLAIR-:-CASEYVILLE 2,11
ST. CLAIR-:-CASEYVILLE 20,12
ST. CLAIR-:-CASEYVILLE 21,12
ST. CLAIR-:-CASEYVILLE 22,11
ST. CLAIR-:-CASEYVILLE 3,11
ST. CLAIR-:-CASEYVILLE 4,11
ST. CLAIR-:-CASEYVILLE 5,12
ST. CLAIR-:-CASEYVILLE 6,12
ST. CLAIR-:-CASEYVILLE 7,11
ST. CLAIR-:-CASEYVILLE 8,11
ST. CLAIR-:-CASEYVILLE 9,11
ST. CLAIR-:-CENTREVILLE 1,11
ST. CLAIR-:-CENTREVILLE 2,11
ST. CLAIR-:-CENTREVILLE 3,11
ST. CLAIR-:-CENTREVILLE 4,11
ST. CLAIR-:-CENTREVILLE 5,11
ST. CLAIR-:-CENTREVILLE 6,11
ST. CLAIR-:-CENTREVILLE 7,11
ST. CLAIR-:-CENTREVILLE 9,11
ST. CLAIR-:-ENGELMANN 1,11
ST. CLAIR-:-FAYETTEVILLE 1,11
ST. CLAIR-:-FAYETTEVILLE 2,11
ST. CLAIR-:-FREEBURG 1,11
ST. CLAIR-:-FREEBURG 2,11
ST. CLAIR-:-FREEBURG 3,11
ST. CLAIR-:-LEBANON 1,11
ST. CLAIR-:-LEBANON 2,11
ST. CLAIR-:-LEBANON 3,11
ST. CLAIR-:-LENZBURG 1,11
ST. CLAIR-:-MARISSA 1,11
ST. CLAIR-:-MASCOUTAH 1,11
ST. CLAIR-:-MASCOUTAH 2,11
ST. CLAIR-:-MASCOUTAH 3,11
ST. CLAIR-:-MASCOUTAH 4,11
ST. CLAIR-:-MILLSTADT 1,11
ST. CLAIR-:-MILLSTADT 2,11
ST. CLAIR-:-MILLSTADT 3,11
ST. CLAIR-:-MILLSTADT 4,11
ST. CLAIR-:-MILLSTADT 5,11
ST. CLAIR-:-NEW ATHENS 1,11
ST. CLAIR-:-NEW ATHENS 2,11
ST. CLAIR-:-O FALLON 1,12
ST. CLAIR-:-O FALLON 10,12
ST. CLAIR-:-O FALLON 11,12
ST. CLAIR-:-O FALLON 12,12
ST. CLAIR-:-O FALLON 13,12
ST. CLAIR-:-O FALLON 14,12
ST. CLAIR-:-O FALLON 15,12
ST. CLAIR-:-O FALLON 16,12
ST. CLAIR-:-O FALLON 17,12
ST. CLAIR-:-O FALLON 18,12
ST. CLAIR-:-O FALLON 3,12
ST. CLAIR-:-O FALLON 4,12
ST. CLAIR-:-O FALLON 5,12
ST. CLAIR-:-O FALLON 6,12
ST. CLAIR-:-O FALLON 7,12
ST. CLAIR-:-O FALLON 8,12
ST. CLAIR-:-O FALLON 9,12
ST. CLAIR-:-PRAIRIE DU LONG 1,11
ST. CLAIR-:-PRAIRIE DU LONG 2,11
ST. CLAIR-:-SHILOH VALLEY 1,11
ST. CLAIR-:-SHILOH VALLEY 2,11
ST. CLAIR-:-SHILOH VALLEY 3,11
ST. CLAIR-:-SHILOH VALLEY 4,11
ST. CLAIR-:-SHILOH VALLEY 5,11
ST. CLAIR-:-SMITHTON 1,11
ST. CLAIR-:-SMITHTON 2,11
ST. CLAIR-:-SMITHTON 3,11
ST. CLAIR-:-ST CLAIR 1,11
ST. CLAIR-:-ST CLAIR 11,11
ST. CLAIR-:-ST CLAIR 12,11
ST. CLAIR-:-ST CLAIR 13,11
ST. CLAIR-:-ST CLAIR 14,11
ST. CLAIR-:-ST CLAIR 15,11
ST. CLAIR-:-ST CLAIR 16,11
ST. CLAIR-:-ST CLAIR 17,11
ST. CLAIR-:-ST CLAIR 18,11
ST. CLAIR-:-ST CLAIR 19,11
ST. CLAIR-:-ST CLAIR 2,11
ST. CLAIR-:-ST CLAIR 20,11
ST. CLAIR-:-ST CLAIR 21,11
ST. CLAIR-:-ST CLAIR 22,11
ST. CLAIR-:-ST CLAIR 23,11
ST. CLAIR-:-ST CLAIR 24,11
ST. CLAIR-:-ST CLAIR 3,11
ST. CLAIR-:-ST CLAIR 4,11
ST. CLAIR-:-ST CLAIR 5,11
ST. CLAIR-:-ST CLAIR 6,11
ST. CLAIR-:-ST CLAIR 7,11
ST. CLAIR-:-ST CLAIR 8,11
ST. CLAIR-:-ST CLAIR 9,11
ST. CLAIR-:-STITES 1,12
ST. CLAIR-:-STOOKEY 1,11
ST. CLAIR-:-STOOKEY 3,11
ST. CLAIR-:-STOOKEY 4,11
ST. CLAIR-:-STOOKEY 6,11
ST. CLAIR-:-STOOKEY 7,11
ST. CLAIR-:-SUGAR LOAF 1,11
ST. CLAIR-:-SUGAR LOAF 2,11
ST. CLAIR-:-SUGAR LOAF 3,11
ST. CLAIR-:-SUGAR LOAF 4,11
ST. CLAIR-:-SUGAR LOAF 5,11
STARK-:-EAST TOULON,8
STARK-:-ELMIRA,8
STARK-:-ESSEX,6
STARK-:-GOSHEN,6
STARK-:-OSCEOLA,8
STARK-:-PENN,8
STARK-:-VALLEY,6
STARK-:-WEST JERSEY,6
STARK-:-WEST TOULON,8
STEPHENSON-:-BUCKEYE,7
STEPHENSON-:-DAKOTA,7
STEPHENSON-:-ERIN,8
STEPHENSON-:-FLORENCE,7
STEPHENSON-:-FREEPORT 1,7
STEPHENSON-:-FREEPORT 10,7
STEPHENSON-:-FREEPORT 11,7
STEPHENSON-:-FREEPORT 12,7
STEPHENSON-:-FREEPORT 13,7
STEPHENSON-:-FREEPORT 14,7
STEPHENSON-:-FREEPORT 15,7
STEPHENSON-:-FREEPORT 16,7
STEPHENSON-:-FREEPORT 2,7
STEPHENSON-:-FREEPORT 3,7
STEPHENSON-:-FREEPORT 4,7
STEPHENSON-:-FREEPORT 5,7
STEPHENSON-:-FREEPORT 6,7
STEPHENSON-:-FREEPORT 7,7
STEPHENSON-:-FREEPORT 8,7
STEPHENSON-:-FREEPORT 9,7
STEPHENSON-:-HARLEM 1,7
STEPHENSON-:-HARLEM 2,7
STEPHENSON-:-JEFFERSON,8
STEPHENSON-:-KENT,8
STEPHENSON-:-LANCASTER,7
STEPHENSON-:-LORAN,7
STEPHENSON-:-ONECO,7
STEPHENSON-:-RIDOTT,7
STEPHENSON-:-ROCK GROVE,7
STEPHENSON-:-ROCK RUN 1,7
STEPHENSON-:-ROCK RUN 2,7
STEPHENSON-:-SILVER CREEK,8
STEPHENSON-:-WADDAMS,8
STEPHENSON-:-WEST POINT 1,8
STEPHENSON-:-WEST POINT 2,8
STEPHENSON-:-WINSLOW,8
TAZEWELL-:-BOYNTON,14
TAZEWELL-:-CINCINNATI 2,13
TAZEWELL-:-CINCINNATI 4,13
TAZEWELL-:-CINCINNATI 5,13
TAZEWELL-:-DEER CREEK,13
TAZEWELL-:-DELAVAN 1,13
TAZEWELL-:-DILLON,13
TAZEWELL-:-ELM GROVE 1,13
TAZEWELL-:-ELM GROVE 2,13
TAZEWELL-:-FONDULAC 1,15
TAZEWELL-:-FONDULAC 2,15
TAZEWELL-:-FONDULAC 3,15
TAZEWELL-:-FONDULAC 4,15
TAZEWELL-:-FONDULAC 5,15
TAZEWELL-:-FONDULAC 6,15
TAZEWELL-:-FONDULAC 7,15
TAZEWELL-:-GROVELAND 1,13
TAZEWELL-:-GROVELAND 10,15
TAZEWELL-:-GROVELAND 11,15
TAZEWELL-:-GROVELAND 12,15
TAZEWELL-:-GROVELAND 2,15
TAZEWELL-:-GROVELAND 3,15
TAZEWELL-:-GROVELAND 4,15
TAZEWELL-:-GROVELAND 5,15
TAZEWELL-:-GROVELAND 6,15
TAZEWELL-:-GROVELAND 7,15
TAZEWELL-:-GROVELAND 8,13
TAZEWELL-:-GROVELAND 9,15
TAZEWELL-:-HITTLE,13
TAZEWELL-:-MACKINAW 1,13
TAZEWELL-:-MACKINAW 2,13
TAZEWELL-:-MACKINAW 3,13
TAZEWELL-:-MALONE,13
TAZEWELL-:-MORTON 1,13
TAZEWELL-:-MORTON 10,13
TAZEWELL-:-MORTON 11,13
TAZEWELL-:-MORTON 2,13
TAZEWELL-:-MORTON 3,15
TAZEWELL-:-MORTON 4,13
TAZEWELL-:-MORTON 5,15
TAZEWELL-:-MORTON 6,13
TAZEWELL-:-MORTON 7,15
TAZEWELL-:-MORTON 8,13
TAZEWELL-:-MORTON 9,13
TAZEWELL-:-PEKIN 1,13
TAZEWELL-:-PEKIN 10,13
TAZEWELL-:-PEKIN 11,13
TAZEWELL-:-PEKIN 12,13
TAZEWELL-:-PEKIN 14,15
TAZEWELL-:-PEKIN 15,15
TAZEWELL-:-PEKIN 16,13
TAZEWELL-:-PEKIN 2,13
TAZEWELL-:-PEKIN 3,13
TAZEWELL-:-PEKIN 4,13
TAZEWELL-:-PEKIN 5,13
TAZEWELL-:-PEKIN 6,13
TAZEWELL-:-PEKIN 7,13
TAZEWELL-:-PEKIN 8,13
TAZEWELL-:-PEKIN 9,13
TAZEWELL-:-SAND PRAIRIE 1,13
TAZEWELL-:-SPRINGLAKE 1,13
TAZEWELL-:-TREMONT 1,13
TAZEWELL-:-TREMONT 2,13
TAZEWELL-:-WASHINGTON 1,13
TAZEWELL-:-WASHINGTON 10,13
TAZEWELL-:-WASHINGTON 11,13
TAZEWELL-:-WASHINGTON 12,15
TAZEWELL-:-WASHINGTON 13,15
TAZEWELL-:-WASHINGTON 14,15
TAZEWELL-:-WASHINGTON 2,13
TAZEWELL-:-WASHINGTON 3,15
TAZEWELL-:-WASHINGTON 4,13
TAZEWELL-:-WASHINGTON 5,13
TAZEWELL-:-WASHINGTON 6,13
TAZEWELL-:-WASHINGTON 7,13
TAZEWELL-:-WASHINGTON 8,15
TAZEWELL-:-WASHINGTON 9,13
UNION-:-ALTO PASS,11
UNION-:-ANNA 1,11
UNION-:-ANNA 2,11
UNION-:-ANNA 3,11
UNION-:-ANNA 4,13
UNION-:-ANNA 5,11
UNION-:-ANNA 6,11
UNION-:-ANNA 7,11
UNION-:-BALCOM,11
UNION-:-COBDEN 1,13
UNION-:-COBDEN 2,13
UNION-:-DONGOLA 1,11
UNION-:-DONGOLA 2,11
UNION-:-JONESBORO 1,11
UNION-:-JONESBORO 2,11
UNION-:-JONESBORO 3,13
UNION-:-LICK CREEK,13
UNION-:-MILL CREEK,11
UNION-:-STOKES,11
UNION-:-UNION,11
VERMILION-:-BLOUNT 1,11
VERMILION-:-BLOUNT 2,11
VERMILION-:-BUTLER,11
VERMILION-:-CARROLL,11
VERMILION-:-CATLIN 1,11
VERMILION-:-CATLIN 3,11
VERMILION-:-DANVILLE 1,11
VERMILION-:-DANVILLE 13,11
VERMILION-:-DANVILLE 2,11
VERMILION-:-DANVILLE 3,11
VERMILION-:-DANVILLE 5,11
VERMILION-:-DANVILLE 6,11
VERMILION-:-DANVILLE 7,11
VERMILION-:-DANVILLE 8,11
VERMILION-:-ELWOOD,11
VERMILION-:-GEORGETOWN 1,11
VERMILION-:-GEORGETOWN 3,11
VERMILION-:-GRANT 1,11
VERMILION-:-GRANT 2,11
VERMILION-:-GRANT 4,11
VERMILION-:-JAMAICA,11
VERMILION-:-LOVE,11
VERMILION-:-MIDDLEFORK,11
VERMILION-:-NEWELL 1,11
VERMILION-:-NEWELL 2,11
VERMILION-:-NEWELL 3,11
VERMILION-:-OAKWOOD 1,11
VERMILION-:-OAKWOOD 5,11
VERMILION-:-PILOT,11
VERMILION-:-ROSS,11
VERMILION-:-SIDELL,11
VERMILION-:-SOUTH ROSS,11
WABASH-:-BELLMONT,13
WABASH-:-COFFEE,13
WABASH-:-COMPTON,13
WABASH-:-FRIENDSVILLE,13
WABASH-:-LANCASTER,13
WABASH-:-LICK PRAIRIE,13
WABASH-:-MT. CARMEL 1,13
WABASH-:-MT. CARMEL 2,13
WABASH-:-MT. CARMEL 3,13
WABASH-:-MT. CARMEL 4,13
WABASH-:-MT. CARMEL 5,13
WABASH-:-MT. CARMEL 6,13
WABASH-:-MT. CARMEL 7,13
WABASH-:-MT. CARMEL 8,13
WABASH-:-MT. CARMEL 9,13
WABASH-:-WABASH,13
WARREN-:-BERWICK 1-1,6
WARREN-:-COLDBROOK 1-2,15
WARREN-:-ELLISON 1-6,15
WARREN-:-FLOYD 1-1,15
WARREN-:-GREENBUSH 1-1,15
WARREN-:-HALE 1-7,15
WARREN-:-KELLY 1-2,15
WARREN-:-LENOX 1-1,15
WARREN-:-MONMOUTH  1-3,15
WARREN-:-MONMOUTH  2-4,15
WARREN-:-MONMOUTH  3-3,15
WARREN-:-MONMOUTH  4-3,15
WARREN-:-MONMOUTH  5-4,15
WARREN-:-MONMOUTH  6-3,15
WARREN-:-MONMOUTH  7-4,15
WARREN-:-MONMOUTH  8-5,15
WARREN-:-MONMOUTH  9-4,15
WARREN-:-MONMOUTH 10-4,15
WARREN-:-MONMOUTH 11-3,15
WARREN-:-MONMOUTH 12-2/5,15
WARREN-:-POINT PLEASANT 1-6,6
WARREN-:-ROSEVILLE 1-1,15
WARREN-:-ROSEVILLE 2-1,15
WARREN-:-SPRING GROVE-ALEXIS 1-2,8
WARREN-:-SPRING GROVE-GERLAW 2-2,15
WARREN-:-SUMNER 1-7/8,8
WARREN-:-SWAN 1-1,6
WARREN-:-TOMPKINS 1-6,15
WASHINGTON-:-ASHLEY-001,11
WASHINGTON-:-BEAUCOUP-001,11
WASHINGTON-:-BOLO-002,13
WASHINGTON-:-COVINGTON-003,13
WASHINGTON-:-DUBOIS-004,13
WASHINGTON-:-DUBOIS-005,13
WASHINGTON-:-HOYLETON-001,11
WASHINGTON-:-IRVINGTON-001,11
WASHINGTON-:-JOHANNISBURG-3/9,13
WASHINGTON-:-LIVELY GROVE-6/10,11
WASHINGTON-:-NASHVILLE 1-007,11
WASHINGTON-:-NASHVILLE 3-007,11
WASHINGTON-:-NASHVILLE 4-007,11
WASHINGTON-:-OAKDALE-006,11
WASHINGTON-:-OKAWVILLE 1-003,11
WASHINGTON-:-OKAWVILLE 2-003,13
WASHINGTON-:-PILOT KNOB-002,13
WASHINGTON-:-PLUM HILL-003,13
WASHINGTON-:-RICHVIEW-001,11
WASHINGTON-:-VENEDY-3/9,13
WAYNE-:-ARRINGTON,13
WAYNE-:-BARNHILL,13
WAYNE-:-BEDFORD,13
WAYNE-:-BERRY,13
WAYNE-:-BIG MOUND 1,13
WAYNE-:-BIG MOUND 2,13
WAYNE-:-ELM RIVER,13
WAYNE-:-FAIRFIELD 1,13
WAYNE-:-FAIRFIELD 2,13
WAYNE-:-FOUR MILE,13
WAYNE-:-GARDEN HILL,13
WAYNE-:-GOLDENGATE,13
WAYNE-:-GROVER,13
WAYNE-:-HICKORY HILL,13
WAYNE-:-INDIAN PRAIRIE,13
WAYNE-:-JASPER 1,13
WAYNE-:-JASPER 2,13
WAYNE-:-KEITH,13
WAYNE-:-LAMARD 1,13
WAYNE-:-LAMARD 2,13
WAYNE-:-MASSILON,13
WAYNE-:-MERRIAM,13
WAYNE-:-MT. ERIE,13
WAYNE-:-ORCHARD,13
WAYNE-:-OREL,13
WAYNE-:-RIDER,13
WAYNE-:-ZIF,13
WHITE-:-BURNT PRAIRIE 10-1,13
WHITE-:-CARMI 12-1,13
WHITE-:-CARMI 13-2,13
WHITE-:-CARMI 14-1,13
WHITE-:-CARMI 16-1,13
WHITE-:-CARMI 18-4,13
WHITE-:-CARMI 19-4,13
WHITE-:-CARMI 20-4,13
WHITE-:-CARMI 20-5,13
WHITE-:-EMMA 30-3,13
WHITE-:-ENFIELD 4-2,13
WHITE-:-GRAY 24-2,13
WHITE-:-HAWTHORNE 28-2,13
WHITE-:-HAWTHORNE 28-3,13
WHITE-:-HERALDS PRAIRIE 22-3,13
WHITE-:-INDIAN CREEK 6-3,13
WHITE-:-INDIAN CREEK 8-3,13
WHITE-:-MILL SHOALS 1-1,13
WHITE-:-MILL SHOALS 2-2,13
WHITE-:-PHILLIPS 26-2,13
WHITESIDE-:-ALBANY 1,7
WHITESIDE-:-CLYDE 1,8
WHITESIDE-:-COLOMA 1,7
WHITESIDE-:-COLOMA 10,7
WHITESIDE-:-COLOMA 2,7
WHITESIDE-:-COLOMA 3,7
WHITESIDE-:-COLOMA 4,7
WHITESIDE-:-COLOMA 5,7
WHITESIDE-:-COLOMA 6,7
WHITESIDE-:-COLOMA 7,7
WHITESIDE-:-COLOMA 8,7
WHITESIDE-:-COLOMA 9,7
WHITESIDE-:-ERIE 1,7
WHITESIDE-:-ERIE 2,7
WHITESIDE-:-FENTON 1,8
WHITESIDE-:-FULTON 1,7
WHITESIDE-:-FULTON 2,7
WHITESIDE-:-FULTON 3,7
WHITESIDE-:-FULTON 4,7
WHITESIDE-:-GARDEN PLAIN 1,7
WHITESIDE-:-GENESEE 1,8
WHITESIDE-:-HAHNAMAN 1,8
WHITESIDE-:-HOPKINS 1,7
WHITESIDE-:-HOPKINS 2,7
WHITESIDE-:-HUME 1,8
WHITESIDE-:-JORDAN 1,7
WHITESIDE-:-LYNDON 1,7
WHITESIDE-:-MONTMORENCY 1,7
WHITESIDE-:-MONTMORENCY 2,7
WHITESIDE-:-MT. PLEASANT 1,7
WHITESIDE-:-MT. PLEASANT 2,7
WHITESIDE-:-MT. PLEASANT 3,7
WHITESIDE-:-MT. PLEASANT 4,7
WHITESIDE-:-MT. PLEASANT 5,8
WHITESIDE-:-NEWTON 1,8
WHITESIDE-:-PORTLAND 1,8
WHITESIDE-:-PROPHETSTOWN 1,7
WHITESIDE-:-PROPHETSTOWN 2,8
WHITESIDE-:-PROPHETSTOWN 3,7
WHITESIDE-:-STERLING 1,7
WHITESIDE-:-STERLING 10,7
WHITESIDE-:-STERLING 11,7
WHITESIDE-:-STERLING 12,7
WHITESIDE-:-STERLING 13,7
WHITESIDE-:-STERLING 14,7
WHITESIDE-:-STERLING 15,7
WHITESIDE-:-STERLING 16,7
WHITESIDE-:-STERLING 17,7
WHITESIDE-:-STERLING 18,7
WHITESIDE-:-STERLING 2,7
WHITESIDE-:-STERLING 3,7
WHITESIDE-:-STERLING 4,7
WHITESIDE-:-STERLING 5,7
WHITESIDE-:-STERLING 6,7
WHITESIDE-:-STERLING 7,7
WHITESIDE-:-STERLING 8,7
WHITESIDE-:-STERLING 9,7
WHITESIDE-:-TAMPICO 1,7
WHITESIDE-:-UNION GROVE 1,7
WHITESIDE-:-USTICK 1,8
WILL-:-CHANNAHON PCT 001-STYLE 1,15
WILL-:-CHANNAHON PCT 002-STYLE 2,15
WILL-:-CHANNAHON PCT 003-STYLE 3,15
WILL-:-CHANNAHON PCT 004-STYLE 4,15
WILL-:-CHANNAHON PCT 005-STYLE 5,15
WILL-:-CRETE PCT 001-STYLE 6/7,10
WILL-:-CRETE PCT 002-STYLE 8,10
WILL-:-CRETE PCT 003-STYLE 9,10
WILL-:-CRETE PCT 004-STYLE 10,15
WILL-:-CRETE PCT 004-STYLE 11,10
WILL-:-CRETE PCT 005-STYLE 12,15
WILL-:-CRETE PCT 006-STYLE 13,15
WILL-:-CRETE PCT 006-STYLE 14,15
WILL-:-CRETE PCT 007-STYLE 15,15
WILL-:-CRETE PCT 008-STYLE 16,10
WILL-:-CRETE PCT 008-STYLE 17,10
WILL-:-CRETE PCT 009-STYLE 18,10
WILL-:-CRETE PCT 010-STYLE 19,10
WILL-:-CRETE PCT 011-STYLE 20,15
WILL-:-CRETE PCT 011-STYLE 21,10
WILL-:-CRETE PCT 012-STYLE 22,15
WILL-:-CUSTER PCT 001-STYLE 23,15
WILL-:-CUSTER PCT 001-STYLE 24,1
WILL-:-DUPAGE PCT 001-STYLE 25/26,1
WILL-:-DUPAGE PCT 002-STYLE 27,1
WILL-:-DUPAGE PCT 003-STYLE 28,1
WILL-:-DUPAGE PCT 004-STYLE 29,1
WILL-:-DUPAGE PCT 005-STYLE 30/31,1
WILL-:-DUPAGE PCT 006-STYLE 32,1
WILL-:-DUPAGE PCT 007-STYLE 33,1
WILL-:-DUPAGE PCT 008-STYLE 34,1
WILL-:-DUPAGE PCT 009-STYLE 35/37,1
WILL-:-DUPAGE PCT 010-STYLE 38,1
WILL-:-DUPAGE PCT 011-STYLE 39,1
WILL-:-DUPAGE PCT 012-STYLE 40,1
WILL-:-DUPAGE PCT 013-STYLE 41,1
WILL-:-DUPAGE PCT 014-STYLE 42/43,1
WILL-:-DUPAGE PCT 015-STYLE 44,1
WILL-:-DUPAGE PCT 016-STYLE 45,1
WILL-:-DUPAGE PCT 017-STYLE 46,1
WILL-:-DUPAGE PCT 017-STYLE 47,1
WILL-:-DUPAGE PCT 018-STYLE 48,1
WILL-:-DUPAGE PCT 019-STYLE 49,1
WILL-:-DUPAGE PCT 020-STYLE 50,1
WILL-:-DUPAGE PCT 021-STYLE 51,1
WILL-:-DUPAGE PCT 022-STYLE 52,1
WILL-:-DUPAGE PCT 023-STYLE 53,1
WILL-:-DUPAGE PCT 024-STYLE 54,1
WILL-:-DUPAGE PCT 025-STYLE 56,1
WILL-:-DUPAGE PCT 025-STYLE 57,1
WILL-:-DUPAGE PCT 026-STYLE 58,1
WILL-:-DUPAGE PCT 027-STYLE 59,1
WILL-:-DUPAGE PCT 027-STYLE 60,1
WILL-:-DUPAGE PCT 028-STYLE 61/62,1
WILL-:-DUPAGE PCT 029-STYLE 63,1
WILL-:-DUPAGE PCT 030-STYLE 64,1
WILL-:-DUPAGE PCT 031-STYLE 65/66,15
WILL-:-DUPAGE PCT 032-STYLE 67,5
WILL-:-DUPAGE PCT 032-STYLE 68,5
WILL-:-DUPAGE PCT 033-STYLE 69/71,5
WILL-:-DUPAGE PCT 033-STYLE 70/72,10
WILL-:-DUPAGE PCT 034-STYLE 73,15
WILL-:-DUPAGE PCT 035-STYLE 74,1
WILL-:-DUPAGE PCT 036-STYLE 75,15
WILL-:-DUPAGE PCT 036-STYLE 76,1
WILL-:-DUPAGE PCT 037-STYLE 77,5
WILL-:-FLORENCE PCT 001-STYLE 78,1
WILL-:-FRANKFORT PCT 001-STYLE 79,10
WILL-:-FRANKFORT PCT 002-STYLE 80/81,10
WILL-:-FRANKFORT PCT 003-STYLE 83/85,10
WILL-:-FRANKFORT PCT 003-STYLE 84,10
WILL-:-FRANKFORT PCT 004-STYLE 86,10
WILL-:-FRANKFORT PCT 004-STYLE 87,10
WILL-:-FRANKFORT PCT 005-STYLE 88,10
WILL-:-FRANKFORT PCT 006-STYLE 89,10
WILL-:-FRANKFORT PCT 007-STYLE 90/91,10
WILL-:-FRANKFORT PCT 008-STYLE 92,10
WILL-:-FRANKFORT PCT 008-STYLE 93/94,10
WILL-:-FRANKFORT PCT 009-STYLE 95,10
WILL-:-FRANKFORT PCT 010-STYLE 96/97,10
WILL-:-FRANKFORT PCT 011-STYLE 98,10
WILL-:-FRANKFORT PCT 011-STYLE 99,10
WILL-:-FRANKFORT PCT 012-STYLE 100,10
WILL-:-FRANKFORT PCT 013-STYLE 101,10
WILL-:-FRANKFORT PCT 014-STYLE 102/103,10
WILL-:-FRANKFORT PCT 015-STYLE 104,10
WILL-:-FRANKFORT PCT 016-STYLE 105/106,10
WILL-:-FRANKFORT PCT 017-STYLE 107,10
WILL-:-FRANKFORT PCT 017-STYLE 108,10
WILL-:-FRANKFORT PCT 018-STYLE 109,10
WILL-:-FRANKFORT PCT 019-STYLE 110,10
WILL-:-FRANKFORT PCT 020-STYLE 111,10
WILL-:-FRANKFORT PCT 021-STYLE 112,10
WILL-:-FRANKFORT PCT 021-STYLE 113,10
WILL-:-FRANKFORT PCT 022-STYLE 114/115,10
WILL-:-FRANKFORT PCT 023-STYLE 116,10
WILL-:-FRANKFORT PCT 023-STYLE 117,10
WILL-:-FRANKFORT PCT 024-STYLE 118,10
WILL-:-FRANKFORT PCT 025-STYLE 119,10
WILL-:-FRANKFORT PCT 026-STYLE 120,10
WILL-:-FRANKFORT PCT 027-STYLE 121,10
WILL-:-FRANKFORT PCT 027-STYLE 122,10
WILL-:-FRANKFORT PCT 028-STYLE 123,10
WILL-:-GREEN GARDEN PCT 001-STYLE 124,10
WILL-:-GREEN GARDEN PCT 002-STYLE 125,15
WILL-:-GREEN GARDEN PCT 002-STYLE 126,15
WILL-:-HOMER PCT 001-STYLE 127/128,10
WILL-:-HOMER PCT 002-STYLE 129,10
WILL-:-HOMER PCT 003-STYLE 130,10
WILL-:-HOMER PCT 004-STYLE 131,10
WILL-:-HOMER PCT 004-STYLE 132,10
WILL-:-HOMER PCT 005-STYLE 133,10
WILL-:-HOMER PCT 005-STYLE 134,10
WILL-:-HOMER PCT 006-STYLE 135,10
WILL-:-HOMER PCT 007-STYLE 136,10
WILL-:-HOMER PCT 008-STYLE 137,10
WILL-:-HOMER PCT 009-STYLE 138,10
WILL-:-HOMER PCT 009-STYLE 139,10
WILL-:-HOMER PCT 010-STYLE 140,10
WILL-:-HOMER PCT 011-STYLE 141,10
WILL-:-HOMER PCT 012-STYLE 142,10
WILL-:-HOMER PCT 013-STYLE 143,10
WILL-:-HOMER PCT 014-STYLE 144,10
WILL-:-HOMER PCT 015-STYLE 145,10
WILL-:-HOMER PCT 016-STYLE 146,10
WILL-:-HOMER PCT 017-STYLE 147,10
WILL-:-HOMER PCT 018-STYLE 148,10
WILL-:-HOMER PCT 019-STYLE 149,10
WILL-:-JACKSON PCT 001-STYLE 150,1
WILL-:-JACKSON PCT 002-STYLE 151,1
WILL-:-JOLIET PCT 001-STYLE 152/153,1
WILL-:-JOLIET PCT 002-STYLE 154/155,1
WILL-:-JOLIET PCT 003-STYLE 156/157,1
WILL-:-JOLIET PCT 003-STYLE 158,10
WILL-:-JOLIET PCT 004-STYLE 159,1
WILL-:-JOLIET PCT 004-STYLE 160,10
WILL-:-JOLIET PCT 005-STYLE 161,1
WILL-:-JOLIET PCT 006-STYLE 162,1
WILL-:-JOLIET PCT 007-STYLE 163/165,1
WILL-:-JOLIET PCT 007-STYLE 164/166,10
WILL-:-JOLIET PCT 008-STYLE 167,1
WILL-:-JOLIET PCT 009-STYLE 168,1
WILL-:-JOLIET PCT 009-STYLE 169,1
WILL-:-JOLIET PCT 010-STYLE 170,1
WILL-:-JOLIET PCT 011-STYLE 171/172,1
WILL-:-JOLIET PCT 012-STYLE 173,10
WILL-:-JOLIET PCT 012-STYLE 174,1
WILL-:-JOLIET PCT 013-STYLE 175,1
WILL-:-JOLIET PCT 014-STYLE 176,1
WILL-:-JOLIET PCT 015-STYLE 177/178,1
WILL-:-JOLIET PCT 016-STYLE 179/181/182,1
WILL-:-JOLIET PCT 016-STYLE 180,10
WILL-:-JOLIET PCT 017-STYLE 183,1
WILL-:-JOLIET PCT 018-STYLE 184,1
WILL-:-JOLIET PCT 018-STYLE 185,1
WILL-:-JOLIET PCT 019-STYLE 186,1
WILL-:-JOLIET PCT 019-STYLE 187,1
WILL-:-JOLIET PCT 020-STYLE 188/189,1
WILL-:-JOLIET PCT 021-STYLE 190,1
WILL-:-JOLIET PCT 022-STYLE 191,1
WILL-:-JOLIET PCT 023-STYLE 192,1
WILL-:-JOLIET PCT 024-STYLE 193,1
WILL-:-JOLIET PCT 025-STYLE 194,1
WILL-:-JOLIET PCT 026-STYLE 195/196,1
WILL-:-JOLIET PCT 027-STYLE 197,1
WILL-:-JOLIET PCT 028-STYLE 198,1
WILL-:-JOLIET PCT 029-STYLE 199,1
WILL-:-JOLIET PCT 030-STYLE 200,1
WILL-:-JOLIET PCT 031-STYLE 201/202,1
WILL-:-JOLIET PCT 032-STYLE 203,1
WILL-:-JOLIET PCT 033-STYLE 204,1
WILL-:-JOLIET PCT 034-STYLE 205,1
WILL-:-JOLIET PCT 035-STYLE 206,1
WILL-:-JOLIET PCT 036-STYLE 207/208/209/210,1
WILL-:-JOLIET PCT 037-STYLE 211,1
WILL-:-LOCKPORT PCT 001-STYLE 212,1
WILL-:-LOCKPORT PCT 002-STYLE 213,15
WILL-:-LOCKPORT PCT 003-STYLE 214,1
WILL-:-LOCKPORT PCT 004-STYLE 215,1
WILL-:-LOCKPORT PCT 005-STYLE 216/217,10
WILL-:-LOCKPORT PCT 006-STYLE 218,1
WILL-:-LOCKPORT PCT 007-STYLE 219,1
WILL-:-LOCKPORT PCT 008-STYLE 220,1
WILL-:-LOCKPORT PCT 009-STYLE 221,1
WILL-:-LOCKPORT PCT 010-STYLE 222,10
WILL-:-LOCKPORT PCT 011-STYLE 223,10
WILL-:-LOCKPORT PCT 012-STYLE 224,10
WILL-:-LOCKPORT PCT 012-STYLE 225,10
WILL-:-LOCKPORT PCT 013-STYLE 226,1
WILL-:-LOCKPORT PCT 014-STYLE 227,10
WILL-:-LOCKPORT PCT 015-STYLE 228,10
WILL-:-LOCKPORT PCT 015-STYLE 229,1
WILL-:-LOCKPORT PCT 016-STYLE 230,10
WILL-:-LOCKPORT PCT 017-STYLE 231,10
WILL-:-LOCKPORT PCT 018-STYLE 232,10
WILL-:-LOCKPORT PCT 019-STYLE 233,1
WILL-:-LOCKPORT PCT 020-STYLE 234,10
WILL-:-LOCKPORT PCT 021-STYLE 235,1
WILL-:-LOCKPORT PCT 022-STYLE 236,10
WILL-:-LOCKPORT PCT 023-STYLE 237,1
WILL-:-LOCKPORT PCT 023-STYLE 238,10
WILL-:-LOCKPORT PCT 024-STYLE 239,1
WILL-:-MANHATTAN PCT 001-STYLE 240,10
WILL-:-MANHATTAN PCT 002-STYLE 241,10
WILL-:-MANHATTAN PCT 003-STYLE 242,10
WILL-:-MANHATTAN PCT 004-STYLE 243,10
WILL-:-MANHATTAN PCT 005-STYLE 244,10
WILL-:-MONEE PCT 001-STYLE 245/246,15
WILL-:-MONEE PCT 001-STYLE 247,15
WILL-:-MONEE PCT 002-STYLE 248,15
WILL-:-MONEE PCT 002-STYLE 249/250,10
WILL-:-MONEE PCT 003-STYLE 251,10
WILL-:-MONEE PCT 003-STYLE 252,10
WILL-:-MONEE PCT 004-STYLE 253,10
WILL-:-MONEE PCT 005-STYLE 254,10
WILL-:-MONEE PCT 006-STYLE 255,10
WILL-:-MONEE PCT 007-STYLE 256,10
WILL-:-MONEE PCT 008-STYLE 257,10
WILL-:-MONEE PCT 008-STYLE 258,10
WILL-:-NEW LENOX PCT 001-STYLE 259,10
WILL-:-NEW LENOX PCT 002-STYLE 260,10
WILL-:-NEW LENOX PCT 003-STYLE 261,10
WILL-:-NEW LENOX PCT 004-STYLE 262,10
WILL-:-NEW LENOX PCT 005-STYLE 263,10
WILL-:-NEW LENOX PCT 006-STYLE 264,10
WILL-:-NEW LENOX PCT 007-STYLE 265,10
WILL-:-NEW LENOX PCT 008-STYLE 266,10
WILL-:-NEW LENOX PCT 009-STYLE 267,1
WILL-:-NEW LENOX PCT 010-STYLE 268,1
WILL-:-NEW LENOX PCT 010-STYLE 269,10
WILL-:-NEW LENOX PCT 011-STYLE 270,10
WILL-:-NEW LENOX PCT 011-STYLE 271,10
WILL-:-NEW LENOX PCT 012-STYLE 272,10
WILL-:-NEW LENOX PCT 012-STYLE 273,10
WILL-:-NEW LENOX PCT 013-STYLE 274,10
WILL-:-NEW LENOX PCT 013-STYLE 275,10
WILL-:-NEW LENOX PCT 014-STYLE 276,10
WILL-:-NEW LENOX PCT 014-STYLE 277,10
WILL-:-NEW LENOX PCT 015-STYLE 278,10
WILL-:-NEW LENOX PCT 016-STYLE 279,1
WILL-:-NEW LENOX PCT 017-STYLE 280,10
WILL-:-NEW LENOX PCT 018-STYLE 281,10
WILL-:-NEW LENOX PCT 019-STYLE 282,10
WILL-:-NEW LENOX PCT 020-STYLE 283,10
WILL-:-PEOTONE PCT 001-STYLE 284/286,15
WILL-:-PEOTONE PCT 001-STYLE 285,10
WILL-:-PEOTONE PCT 001-STYLE 287,15
WILL-:-PEOTONE PCT 002-STYLE 288/289,10
WILL-:-PEOTONE PCT 002-STYLE 290,15
WILL-:-PEOTONE PCT 002-STYLE 291,10
WILL-:-PEOTONE PCT 002-STYLE 292,10
WILL-:-PLAINFIELD PCT 001-STYLE 293,15
WILL-:-PLAINFIELD PCT 002-STYLE 294,15
WILL-:-PLAINFIELD PCT 003-STYLE 295,15
WILL-:-PLAINFIELD PCT 003-STYLE 296,15
WILL-:-PLAINFIELD PCT 004-STYLE 297,1
WILL-:-PLAINFIELD PCT 005-STYLE 298,15
WILL-:-PLAINFIELD PCT 006-STYLE 299,1
WILL-:-PLAINFIELD PCT 007-STYLE 300,1
WILL-:-PLAINFIELD PCT 008-STYLE 301,15
WILL-:-PLAINFIELD PCT 009-STYLE 302,15
WILL-:-PLAINFIELD PCT 010-STYLE 303,15
WILL-:-PLAINFIELD PCT 010-STYLE 304,15
WILL-:-PLAINFIELD PCT 011-STYLE 305,1
WILL-:-PLAINFIELD PCT 012-STYLE 306,1
WILL-:-PLAINFIELD PCT 013-STYLE 307,15
WILL-:-PLAINFIELD PCT 014-STYLE 308,15
WILL-:-PLAINFIELD PCT 014-STYLE 309,15
WILL-:-PLAINFIELD PCT 015-STYLE 310/311,15
WILL-:-PLAINFIELD PCT 016-STYLE 312,15
WILL-:-PLAINFIELD PCT 017-STYLE 313,15
WILL-:-PLAINFIELD PCT 018-STYLE 314,15
WILL-:-PLAINFIELD PCT 019-STYLE 315,15
WILL-:-PLAINFIELD PCT 020-STYLE 316,15
WILL-:-PLAINFIELD PCT 021-STYLE 317,15
WILL-:-PLAINFIELD PCT 022-STYLE 318,15
WILL-:-PLAINFIELD PCT 023-STYLE 319,15
WILL-:-PLAINFIELD PCT 024-STYLE 320,15
WILL-:-PLAINFIELD PCT 025-STYLE 321/322,15
WILL-:-PLAINFIELD PCT 026-STYLE 323/324,15
WILL-:-PLAINFIELD PCT 027-STYLE 325,15
WILL-:-PLAINFIELD PCT 028-STYLE 326,15
WILL-:-PLAINFIELD PCT 029-STYLE 327,15
WILL-:-PLAINFIELD PCT 030-STYLE 328,15
WILL-:-PLAINFIELD PCT 031-STYLE 329,15
WILL-:-PLAINFIELD PCT 032-STYLE 330,15
WILL-:-PLAINFIELD PCT 033-STYLE 331,15
WILL-:-PLAINFIELD PCT 034-STYLE 332/333,10
WILL-:-PLAINFIELD PCT 035-STYLE 334,15
WILL-:-REED PCT 001-STYLE 335,1
WILL-:-REED PCT 001-STYLE 336,1
WILL-:-REED PCT 001-STYLE 337,1
WILL-:-REED PCT 001-STYLE 338,1
WILL-:-REED PCT 002-STYLE 339,10
WILL-:-REED PCT 002-STYLE 340,1
WILL-:-REED PCT 002-STYLE 341,1
WILL-:-REED PCT 003-STYLE 342,10
WILL-:-REED PCT 003-STYLE 343,1
WILL-:-TROY PCT 001-STYLE 344,15
WILL-:-TROY PCT 002-STYLE 345,15
WILL-:-TROY PCT 003-STYLE 346,15
WILL-:-TROY PCT 003-STYLE 347,15
WILL-:-TROY PCT 004-STYLE 348,15
WILL-:-TROY PCT 005-STYLE 349,15
WILL-:-TROY PCT 006-STYLE 350,1
WILL-:-TROY PCT 007-STYLE 351,15
WILL-:-TROY PCT 008-STYLE 352,15
WILL-:-TROY PCT 008-STYLE 353,15
WILL-:-TROY PCT 009-STYLE 354,15
WILL-:-TROY PCT 009-STYLE 355,15
WILL-:-TROY PCT 010-STYLE 356,15
WILL-:-TROY PCT 010-STYLE 357,15
WILL-:-TROY PCT 011-STYLE 358,15
WILL-:-TROY PCT 012-STYLE 359,1
WILL-:-TROY PCT 013-STYLE 360,15
WILL-:-TROY PCT 014-STYLE 361,15
WILL-:-TROY PCT 014-STYLE 362,15
WILL-:-TROY PCT 015-STYLE 363,15
WILL-:-TROY PCT 015-STYLE 364,15
WILL-:-TROY PCT 016-STYLE 365,1
WILL-:-TROY PCT 017-STYLE 366,15
WILL-:-TROY PCT 018-STYLE 367,1
WILL-:-TROY PCT 019-STYLE 368,1
WILL-:-TROY PCT 020-STYLE 369,15
WILL-:-TROY PCT 021-STYLE 370,15
WILL-:-TROY PCT 022-STYLE 371,15
WILL-:-TROY PCT 022-STYLE 372,15
WILL-:-WASHINGTON PCT 001-STYLE 373,10
WILL-:-WASHINGTON PCT 002-STYLE 374,10
WILL-:-WASHINGTON PCT 002-STYLE 375,10
WILL-:-WASHINGTON PCT 003-STYLE 376,10
WILL-:-WASHINGTON PCT 003-STYLE 377,10
WILL-:-WESLEY PCT 001-STYLE 378,15
WILL-:-WESLEY PCT 001-STYLE 379,1
WILL-:-WHEATLAND PCT 001-STYLE 380,15
WILL-:-WHEATLAND PCT 002-STYLE 381,1
WILL-:-WHEATLAND PCT 003-STYLE 382,1
WILL-:-WHEATLAND PCT 004-STYLE 383,1
WILL-:-WHEATLAND PCT 005-STYLE 384,1
WILL-:-WHEATLAND PCT 006-STYLE 385,1
WILL-:-WHEATLAND PCT 007-STYLE 386,1
WILL-:-WHEATLAND PCT 008-STYLE 387/388,1
WILL-:-WHEATLAND PCT 009-STYLE 389,1
WILL-:-WHEATLAND PCT 010-STYLE 390,1
WILL-:-WHEATLAND PCT 011-STYLE 391,1
WILL-:-WHEATLAND PCT 011-STYLE 392,15
WILL-:-WHEATLAND PCT 012-STYLE 393,1
WILL-:-WHEATLAND PCT 012-STYLE 394,1
WILL-:-WHEATLAND PCT 012-STYLE 395,15
WILL-:-WHEATLAND PCT 013-STYLE 396,1
WILL-:-WHEATLAND PCT 014-STYLE 397,1
WILL-:-WHEATLAND PCT 015-STYLE 398,1
WILL-:-WHEATLAND PCT 016-STYLE 399/401,1
WILL-:-WHEATLAND PCT 016-STYLE 400,15
WILL-:-WHEATLAND PCT 017-STYLE 402,1
WILL-:-WHEATLAND PCT 018-STYLE 403,1
WILL-:-WHEATLAND PCT 019-STYLE 404/405,1
WILL-:-WHEATLAND PCT 020-STYLE 406,1
WILL-:-WHEATLAND PCT 021-STYLE 407,1
WILL-:-WHEATLAND PCT 021-STYLE 408,1
WILL-:-WHEATLAND PCT 022-STYLE 409/412,15
WILL-:-WHEATLAND PCT 022-STYLE 410/411,1
WILL-:-WHEATLAND PCT 023-STYLE 413/414,1
WILL-:-WHEATLAND PCT 024-STYLE 415/416/417,1
WILL-:-WHEATLAND PCT 025-STYLE 418,15
WILL-:-WHEATLAND PCT 026-STYLE 419,15
WILL-:-WHEATLAND PCT 026-STYLE 420,15
WILL-:-WHEATLAND PCT 027-STYLE 421,15
WILL-:-WHEATLAND PCT 027-STYLE 422,15
WILL-:-WHEATLAND PCT 028-STYLE 423,15
WILL-:-WHEATLAND PCT 028-STYLE 424,15
WILL-:-WHEATLAND PCT 029-STYLE 425,15
WILL-:-WHEATLAND PCT 030-STYLE 426,15
WILL-:-WHEATLAND PCT 031-STYLE 427,1
WILL-:-WHEATLAND PCT 032-STYLE 428,1
WILL-:-WHEATLAND PCT 033-STYLE 429,1
WILL-:-WHEATLAND PCT 034-STYLE 431,1
WILL-:-WHEATLAND PCT 035-STYLE 432,1
WILL-:-WHEATLAND PCT 035-STYLE 433,15
WILL-:-WHEATLAND PCT 036-STYLE 434,15
WILL-:-WHEATLAND PCT 037-STYLE 435/436,1
WILL-:-WHEATLAND PCT 038-STYLE 437/438,1
WILL-:-WILL PCT 001-STYLE 439/440,10
WILL-:-WILL PCT 001-STYLE 441,10
WILL-:-WILMINGTON PCT 001-STYLE 442,15
WILL-:-WILMINGTON PCT 001-STYLE 443,1
WILL-:-WILMINGTON PCT 002-STYLE 444,15
WILL-:-WILMINGTON PCT 002-STYLE 445,1
WILL-:-WILMINGTON PCT 003-STYLE 446,15
WILL-:-WILTON PCT 001-STYLE 447,15
WILLIAMSON-:-BLAIRSVILLE 1,13
WILLIAMSON-:-BLAIRSVILLE 2,11
WILLIAMSON-:-BLAIRSVILLE 3,11
WILLIAMSON-:-BLAIRSVILLE 4,13
WILLIAMSON-:-BLAIRSVILLE 5,13
WILLIAMSON-:-CARTERVILLE 1,11
WILLIAMSON-:-CARTERVILLE 2,13
WILLIAMSON-:-CARTERVILLE 3,11
WILLIAMSON-:-CARTERVILLE 4,11
WILLIAMSON-:-CARTERVILLE 5,13
WILLIAMSON-:-CARTERVILLE 6,13
WILLIAMSON-:-CARTERVILLE 7,11
WILLIAMSON-:-CARTERVILLE 8,11
WILLIAMSON-:-CORINTH 1,13
WILLIAMSON-:-CRAB ORCHARD,13
WILLIAMSON-:-CREAL SPRINGS 1,13
WILLIAMSON-:-CREAL SPRINGS 2,13
WILLIAMSON-:-EAST MARION 1,13
WILLIAMSON-:-EAST MARION 2,13
WILLIAMSON-:-EAST MARION 3,13
WILLIAMSON-:-EAST MARION 4,13
WILLIAMSON-:-EAST MARION 5,13
WILLIAMSON-:-EAST MARION 6,13
WILLIAMSON-:-EAST MARION 7,13
WILLIAMSON-:-EAST MARION 8,13
WILLIAMSON-:-EAST MARION 9,13
WILLIAMSON-:-GRASSY,13
WILLIAMSON-:-HERRIN 1,13
WILLIAMSON-:-HERRIN 10,13
WILLIAMSON-:-HERRIN 11,13
WILLIAMSON-:-HERRIN 12,13
WILLIAMSON-:-HERRIN 13,13
WILLIAMSON-:-HERRIN 2,13
WILLIAMSON-:-HERRIN 3,13
WILLIAMSON-:-HERRIN 4,13
WILLIAMSON-:-HERRIN 5,13
WILLIAMSON-:-HERRIN 6,13
WILLIAMSON-:-HERRIN 7,13
WILLIAMSON-:-HERRIN 8,13
WILLIAMSON-:-HERRIN 9,13
WILLIAMSON-:-LAKE CREEK 1,13
WILLIAMSON-:-LAKE CREEK 2,13
WILLIAMSON-:-LAKE CREEK 3,13
WILLIAMSON-:-SOUTHERN 1,13
WILLIAMSON-:-SOUTHERN 2,13
WILLIAMSON-:-STONEFORT,13
WILLIAMSON-:-WEST MARION 1,13
WILLIAMSON-:-WEST MARION 10,13
WILLIAMSON-:-WEST MARION 2,13
WILLIAMSON-:-WEST MARION 3,13
WILLIAMSON-:-WEST MARION 4,13
WILLIAMSON-:-WEST MARION 5,13
WILLIAMSON-:-WEST MARION 6,13
WILLIAMSON-:-WEST MARION 7,13
WILLIAMSON-:-WEST MARION 8,13
WILLIAMSON-:-WEST MARION 9,13
WINNEBAGO-:-BURRITT 1,7
WINNEBAGO-:-CHERRY VALLEY 1,4
WINNEBAGO-:-CHERRY VALLEY 11,4
WINNEBAGO-:-CHERRY VALLEY 4,4
WINNEBAGO-:-CHERRY VALLEY 5,4
WINNEBAGO-:-CHERRY VALLEY 9,4
WINNEBAGO-:-DURAND 1,7
WINNEBAGO-:-DURAND 2,7
WINNEBAGO-:-HARLEM 10,4
WINNEBAGO-:-HARLEM 11,4
WINNEBAGO-:-HARLEM 12,4
WINNEBAGO-:-HARLEM 13,4
WINNEBAGO-:-HARLEM 14,4
WINNEBAGO-:-HARLEM 15,4
WINNEBAGO-:-HARLEM 16,4
WINNEBAGO-:-HARLEM 17,4
WINNEBAGO-:-HARLEM 18,4
WINNEBAGO-:-HARLEM 19,4
WINNEBAGO-:-HARLEM 2,4
WINNEBAGO-:-HARLEM 21,4
WINNEBAGO-:-HARLEM 22,4
WINNEBAGO-:-HARLEM 24,4
WINNEBAGO-:-HARLEM 25,4
WINNEBAGO-:-HARLEM 26,4
WINNEBAGO-:-HARLEM 27,4
WINNEBAGO-:-HARLEM 4,4
WINNEBAGO-:-HARLEM 5,4
WINNEBAGO-:-HARLEM 6,4
WINNEBAGO-:-HARLEM 7,4
WINNEBAGO-:-HARLEM 8,4
WINNEBAGO-:-HARRISON 1,4
WINNEBAGO-:-LAONA 1,7
WINNEBAGO-:-OWEN 1,4
WINNEBAGO-:-OWEN 2,4
WINNEBAGO-:-OWEN 3,4
WINNEBAGO-:-PECATONICA 2,7
WINNEBAGO-:-PECATONICA 3,7
WINNEBAGO-:-PECATONICA 4,7
WINNEBAGO-:-ROCKFORD 12,4
WINNEBAGO-:-ROCKFORD 13,4
WINNEBAGO-:-ROCKFORD 14,4
WINNEBAGO-:-ROCKFORD 26,4
WINNEBAGO-:-ROCKFORD 30,4
WINNEBAGO-:-ROCKFORD 4,4
WINNEBAGO-:-ROCKFORD 5,4
WINNEBAGO-:-ROCKFORD 54,4
WINNEBAGO-:-ROCKFORD 55,4
WINNEBAGO-:-ROCKFORD 8,4
WINNEBAGO-:-ROCKTON 1,7
WINNEBAGO-:-ROCKTON 10,7
WINNEBAGO-:-ROCKTON 11,7
WINNEBAGO-:-ROCKTON 13,4
WINNEBAGO-:-ROCKTON 2,7
WINNEBAGO-:-ROCKTON 3,7
WINNEBAGO-:-ROCKTON 5,4
WINNEBAGO-:-ROCKTON 6,4
WINNEBAGO-:-ROCKTON 8,7
WINNEBAGO-:-ROCKTON 9,7
WINNEBAGO-:-ROSCOE 1,4
WINNEBAGO-:-ROSCOE 10,4
WINNEBAGO-:-ROSCOE 11,4
WINNEBAGO-:-ROSCOE 12,4
WINNEBAGO-:-ROSCOE 14,4
WINNEBAGO-:-ROSCOE 15,7
WINNEBAGO-:-ROSCOE 2,4
WINNEBAGO-:-ROSCOE 3,4
WINNEBAGO-:-ROSCOE 4,4
WINNEBAGO-:-ROSCOE 5,4
WINNEBAGO-:-ROSCOE 6,4
WINNEBAGO-:-ROSCOE 7,4
WINNEBAGO-:-ROSCOE 8,4
WINNEBAGO-:-ROSCOE 9,4
WINNEBAGO-:-SEWARD 1,4
WINNEBAGO-:-SHIRLAND 1,7
WINNEBAGO-:-WINNEBAGO 3,4
WINNEBAGO-:-WINNEBAGO 4,4
WOODFORD-:-CAZENOVIA 1,6
WOODFORD-:-CAZENOVIA 3,6
WOODFORD-:-CLAYTON,15
WOODFORD-:-CRUGER 1,15
WOODFORD-:-CRUGER 2,13
WOODFORD-:-EL PASO 1,15
WOODFORD-:-EL PASO 2,15
WOODFORD-:-EL PASO 3,15
WOODFORD-:-GREENE,15
WOODFORD-:-KANSAS,15
WOODFORD-:-LINN,6
WOODFORD-:-METAMORA 1,15
WOODFORD-:-METAMORA 2,15
WOODFORD-:-METAMORA 3,15
WOODFORD-:-METAMORA 4,15
WOODFORD-:-MINONK 1,10
WOODFORD-:-MINONK 2,10
WOODFORD-:-MONTGOMERY 1,13
WOODFORD-:-MONTGOMERY 2,13
WOODFORD-:-OLIO 1,15
WOODFORD-:-OLIO 2,15
WOODFORD-:-OLIO 3,15
WOODFORD-:-OLIO 4,13
WOODFORD-:-PALESTINE,15
WOODFORD-:-PANOLA,1
WOODFORD-:-PARTRIDGE,6
WOODFORD-:-ROANOKE 1,15
WOODFORD-:-ROANOKE 2,15
WOODFORD-:-SPRING BAY 1,15
WOODFORD-:-SPRING BAY 2,15
WOODFORD-:-WORTH 1,15
WOODFORD-:-WORTH 3,15
WOODFORD-:-WORTH 4,15
WOODFORD-:-WORTH 5,15
WOODFORD-:-WORTH 6,15
WOODFORD-:-WORTH 7,15
WOODFORD-:-WORTH 9,15
