unit_id,district
BOONE-:-FLORA 1-(CONG-11),2
BOONE-:-FLORA 1-(CONG-16),2
BUREAU-:-ARISPIE-(CONG-14),4
BUREAU-:-ARISPIE-(CONG-16),4
BUREAU-:-PRINCETON 6-(CONG-14),4
BUREAU-:-PRINCETON 6-(CONG-16),14
BUREAU-:-SELBY 2-(CONG-14),14
BUREAU-:-SELBY 2-(CONG-16),4
CHAMPAIGN-:-HENSLEY-(CONG-13),10
CHAMPAIGN-:-HENSLEY-(CONG-15),10
CHAMPAIGN-:-RANTOUL 4-(CONG-02),10
CHAMPAIGN-:-RANTOUL 4-(CONG-15),10
CHAMPAIGN-:-SOMER-(CONG-13),10
CHAMPAIGN-:-SOMER-(CONG-15),10
CITY OF BLOOMINGTON-:-PRECINCT 10-(CONG-16),4
CITY OF BLOOMINGTON-:-PRECINCT 10-(CONG-17),4
CITY OF BLOOMINGTON-:-PRECINCT 15-(CONG-16),4
CITY OF BLOOMINGTON-:-PRECINCT 15-(CONG-17),4
CITY OF BLOOMINGTON-:-PRECINCT 17-(CONG-16),2
CITY OF BLOOMINGTON-:-PRECINCT 17-(CONG-17),2
CITY OF BLOOMINGTON-:-PRECINCT 2-(CONG-16),2
CITY OF BLOOMINGTON-:-PRECINCT 2-(CONG-17),2
CITY OF BLOOMINGTON-:-PRECINCT 52-(CONG-16),4
CITY OF BLOOMINGTON-:-PRECINCT 52-(CONG-17),4
CITY OF CHICAGO-:-WARD 01 PRECINCT 21-(CONG-05),1
CITY OF CHICAGO-:-WARD 01 PRECINCT 21-(CONG-07),1
CITY OF CHICAGO-:-WARD 02 PRECINCT 23-(CONG-05),1
CITY OF CHICAGO-:-WARD 02 PRECINCT 23-(CONG-07),1
CITY OF CHICAGO-:-WARD 03 PRECINCT 02-(CONG-01),12
CITY OF CHICAGO-:-WARD 03 PRECINCT 02-(CONG-07),12
CITY OF CHICAGO-:-WARD 03 PRECINCT 07-(CONG-01),12
CITY OF CHICAGO-:-WARD 03 PRECINCT 07-(CONG-07),12
CITY OF CHICAGO-:-WARD 03 PRECINCT 19-(CONG-01),12
CITY OF CHICAGO-:-WARD 03 PRECINCT 19-(CONG-07),12
CITY OF CHICAGO-:-WARD 03 PRECINCT 20-(CONG-01),12
CITY OF CHICAGO-:-WARD 03 PRECINCT 20-(CONG-07),12
CITY OF CHICAGO-:-WARD 03 PRECINCT 22-(CONG-01),12
CITY OF CHICAGO-:-WARD 03 PRECINCT 22-(CONG-07),12
CITY OF CHICAGO-:-WARD 04 PRECINCT 01-(CONG-01),12
CITY OF CHICAGO-:-WARD 04 PRECINCT 01-(CONG-02),12
CITY OF CHICAGO-:-WARD 04 PRECINCT 03-(CONG-01),12
CITY OF CHICAGO-:-WARD 04 PRECINCT 03-(CONG-02),12
CITY OF CHICAGO-:-WARD 04 PRECINCT 24-(CONG-01),12
CITY OF CHICAGO-:-WARD 04 PRECINCT 24-(CONG-07),12
CITY OF CHICAGO-:-WARD 05 PRECINCT 01-(CONG-01),12
CITY OF CHICAGO-:-WARD 05 PRECINCT 01-(CONG-02),12
CITY OF CHICAGO-:-WARD 05 PRECINCT 09-(CONG-01),12
CITY OF CHICAGO-:-WARD 05 PRECINCT 09-(CONG-02),12
CITY OF CHICAGO-:-WARD 05 PRECINCT 15-(CONG-01),12
CITY OF CHICAGO-:-WARD 05 PRECINCT 15-(CONG-02),12
CITY OF CHICAGO-:-WARD 07 PRECINCT 02-(CONG-01),12
CITY OF CHICAGO-:-WARD 07 PRECINCT 02-(CONG-02),12
CITY OF CHICAGO-:-WARD 07 PRECINCT 10-(CONG-01),12
CITY OF CHICAGO-:-WARD 07 PRECINCT 10-(CONG-02),12
CITY OF CHICAGO-:-WARD 07 PRECINCT 12-(CONG-01),12
CITY OF CHICAGO-:-WARD 07 PRECINCT 12-(CONG-02),12
CITY OF CHICAGO-:-WARD 07 PRECINCT 13-(CONG-01),12
CITY OF CHICAGO-:-WARD 07 PRECINCT 13-(CONG-02),12
CITY OF CHICAGO-:-WARD 07 PRECINCT 16-(CONG-01),12
CITY OF CHICAGO-:-WARD 07 PRECINCT 16-(CONG-02),12
CITY OF CHICAGO-:-WARD 07 PRECINCT 17-(CONG-01),12
CITY OF CHICAGO-:-WARD 07 PRECINCT 17-(CONG-02),12
CITY OF CHICAGO-:-WARD 09 PRECINCT 08-(CONG-01),12
CITY OF CHICAGO-:-WARD 09 PRECINCT 08-(CONG-02),12
CITY OF CHICAGO-:-WARD 14 PRECINCT 01-(CONG-04),12
CITY OF CHICAGO-:-WARD 14 PRECINCT 01-(CONG-07),12
CITY OF CHICAGO-:-WARD 15 PRECINCT 10-(CONG-04),12
CITY OF CHICAGO-:-WARD 15 PRECINCT 10-(CONG-07),12
CITY OF CHICAGO-:-WARD 16 PRECINCT 07-(CONG-04),12
CITY OF CHICAGO-:-WARD 16 PRECINCT 07-(CONG-07),12
CITY OF CHICAGO-:-WARD 16 PRECINCT 20-(CONG-01),12
CITY OF CHICAGO-:-WARD 16 PRECINCT 20-(CONG-07),12
CITY OF CHICAGO-:-WARD 16 PRECINCT 23-(CONG-04),12
CITY OF CHICAGO-:-WARD 16 PRECINCT 23-(CONG-07),12
CITY OF CHICAGO-:-WARD 17 PRECINCT 02-(CONG-01),12
CITY OF CHICAGO-:-WARD 17 PRECINCT 02-(CONG-07),12
CITY OF CHICAGO-:-WARD 17 PRECINCT 14-(CONG-01),12
CITY OF CHICAGO-:-WARD 17 PRECINCT 14-(CONG-07),12
CITY OF CHICAGO-:-WARD 18 PRECINCT 18-(CONG-01),3
CITY OF CHICAGO-:-WARD 18 PRECINCT 18-(CONG-04),3
CITY OF CHICAGO-:-WARD 19 PRECINCT 10-(CONG-01),3
CITY OF CHICAGO-:-WARD 19 PRECINCT 10-(CONG-06),3
CITY OF CHICAGO-:-WARD 19 PRECINCT 11-(CONG-01),3
CITY OF CHICAGO-:-WARD 19 PRECINCT 11-(CONG-06),3
CITY OF CHICAGO-:-WARD 19 PRECINCT 19-(CONG-01),3
CITY OF CHICAGO-:-WARD 19 PRECINCT 19-(CONG-06),3
CITY OF CHICAGO-:-WARD 19 PRECINCT 25-(CONG-01),3
CITY OF CHICAGO-:-WARD 19 PRECINCT 25-(CONG-06),3
CITY OF CHICAGO-:-WARD 19 PRECINCT 26-(CONG-01),3
CITY OF CHICAGO-:-WARD 19 PRECINCT 26-(CONG-06),3
CITY OF CHICAGO-:-WARD 19 PRECINCT 31-(CONG-01),3
CITY OF CHICAGO-:-WARD 19 PRECINCT 31-(CONG-06),3
CITY OF CHICAGO-:-WARD 19 PRECINCT 36-(CONG-01),3
CITY OF CHICAGO-:-WARD 19 PRECINCT 36-(CONG-06),3
CITY OF CHICAGO-:-WARD 20 PRECINCT 01-(CONG-04),12
CITY OF CHICAGO-:-WARD 20 PRECINCT 01-(CONG-07),12
CITY OF CHICAGO-:-WARD 20 PRECINCT 03-(CONG-04),12
CITY OF CHICAGO-:-WARD 20 PRECINCT 03-(CONG-07),12
CITY OF CHICAGO-:-WARD 20 PRECINCT 05-(CONG-04),12
CITY OF CHICAGO-:-WARD 20 PRECINCT 05-(CONG-07),12
CITY OF CHICAGO-:-WARD 20 PRECINCT 08-(CONG-01),12
CITY OF CHICAGO-:-WARD 20 PRECINCT 08-(CONG-07),12
CITY OF CHICAGO-:-WARD 20 PRECINCT 14-(CONG-01),12
CITY OF CHICAGO-:-WARD 20 PRECINCT 14-(CONG-07),12
CITY OF CHICAGO-:-WARD 22 PRECINCT 02-(CONG-04),3
CITY OF CHICAGO-:-WARD 22 PRECINCT 02-(CONG-07),3
CITY OF CHICAGO-:-WARD 24 PRECINCT 18-(CONG-04),3
CITY OF CHICAGO-:-WARD 24 PRECINCT 18-(CONG-07),3
CITY OF CHICAGO-:-WARD 25 PRECINCT 03-(CONG-04),3
CITY OF CHICAGO-:-WARD 25 PRECINCT 03-(CONG-07),3
CITY OF CHICAGO-:-WARD 25 PRECINCT 13-(CONG-04),3
CITY OF CHICAGO-:-WARD 25 PRECINCT 13-(CONG-07),1
CITY OF CHICAGO-:-WARD 26 PRECINCT 27-(CONG-03),1
CITY OF CHICAGO-:-WARD 26 PRECINCT 27-(CONG-07),1
CITY OF CHICAGO-:-WARD 27 PRECINCT 09-(CONG-05),1
CITY OF CHICAGO-:-WARD 27 PRECINCT 09-(CONG-07),1
CITY OF CHICAGO-:-WARD 27 PRECINCT 12-(CONG-05),12
CITY OF CHICAGO-:-WARD 27 PRECINCT 12-(CONG-07),12
CITY OF CHICAGO-:-WARD 27 PRECINCT 13-(CONG-05),1
CITY OF CHICAGO-:-WARD 27 PRECINCT 13-(CONG-07),1
CITY OF CHICAGO-:-WARD 27 PRECINCT 21-(CONG-05),1
CITY OF CHICAGO-:-WARD 27 PRECINCT 21-(CONG-07),1
CITY OF CHICAGO-:-WARD 28 PRECINCT 17-(CONG-04),1
CITY OF CHICAGO-:-WARD 28 PRECINCT 17-(CONG-07),3
CITY OF CHICAGO-:-WARD 29 PRECINCT 04-(CONG-03),3
CITY OF CHICAGO-:-WARD 29 PRECINCT 04-(CONG-07),3
CITY OF CHICAGO-:-WARD 29 PRECINCT 05-(CONG-03),3
CITY OF CHICAGO-:-WARD 29 PRECINCT 05-(CONG-07),3
CITY OF CHICAGO-:-WARD 30 PRECINCT 03-(CONG-03),1
CITY OF CHICAGO-:-WARD 30 PRECINCT 03-(CONG-05),1
CITY OF CHICAGO-:-WARD 30 PRECINCT 15-(CONG-03),1
CITY OF CHICAGO-:-WARD 30 PRECINCT 15-(CONG-05),1
CITY OF CHICAGO-:-WARD 30 PRECINCT 22-(CONG-03),1
CITY OF CHICAGO-:-WARD 30 PRECINCT 22-(CONG-05),1
CITY OF CHICAGO-:-WARD 30 PRECINCT 23-(CONG-03),1
CITY OF CHICAGO-:-WARD 30 PRECINCT 23-(CONG-05),1
CITY OF CHICAGO-:-WARD 32 PRECINCT 19-(CONG-03),1
CITY OF CHICAGO-:-WARD 32 PRECINCT 19-(CONG-05),1
CITY OF CHICAGO-:-WARD 33 PRECINCT 16-(CONG-03),1
CITY OF CHICAGO-:-WARD 33 PRECINCT 16-(CONG-05),1
CITY OF CHICAGO-:-WARD 35 PRECINCT 22-(CONG-03),3
CITY OF CHICAGO-:-WARD 35 PRECINCT 22-(CONG-05),1
CITY OF CHICAGO-:-WARD 37 PRECINCT 16-(CONG-03),3
CITY OF CHICAGO-:-WARD 37 PRECINCT 16-(CONG-07),3
CITY OF CHICAGO-:-WARD 38 PRECINCT 06-(CONG-03),2
CITY OF CHICAGO-:-WARD 38 PRECINCT 06-(CONG-05),2
CITY OF CHICAGO-:-WARD 38 PRECINCT 11-(CONG-03),3
CITY OF CHICAGO-:-WARD 38 PRECINCT 11-(CONG-05),3
CITY OF CHICAGO-:-WARD 38 PRECINCT 17-(CONG-03),3
CITY OF CHICAGO-:-WARD 38 PRECINCT 17-(CONG-05),3
CITY OF CHICAGO-:-WARD 38 PRECINCT 24-(CONG-03),3
CITY OF CHICAGO-:-WARD 38 PRECINCT 24-(CONG-05),3
CITY OF CHICAGO-:-WARD 39 PRECINCT 28-(CONG-03),3
CITY OF CHICAGO-:-WARD 39 PRECINCT 28-(CONG-05),3
CITY OF CHICAGO-:-WARD 40 PRECINCT 04-(CONG-05),3
CITY OF CHICAGO-:-WARD 40 PRECINCT 04-(CONG-09),3
CITY OF CHICAGO-:-WARD 40 PRECINCT 19-(CONG-05),1
CITY OF CHICAGO-:-WARD 40 PRECINCT 19-(CONG-09),1
CITY OF CHICAGO-:-WARD 40 PRECINCT 23-(CONG-03),1
CITY OF CHICAGO-:-WARD 40 PRECINCT 23-(CONG-05),1
CITY OF CHICAGO-:-WARD 41 PRECINCT 28-(CONG-05),3
CITY OF CHICAGO-:-WARD 41 PRECINCT 28-(CONG-09),3
CITY OF CHICAGO-:-WARD 42 PRECINCT 09-(CONG-05),12
CITY OF CHICAGO-:-WARD 42 PRECINCT 09-(CONG-07),12
CITY OF CHICAGO-:-WARD 42 PRECINCT 22-(CONG-05),12
CITY OF CHICAGO-:-WARD 42 PRECINCT 22-(CONG-07),12
CITY OF CHICAGO-:-WARD 43 PRECINCT 15-(CONG-05),1
CITY OF CHICAGO-:-WARD 43 PRECINCT 15-(CONG-07),1
CITY OF CHICAGO-:-WARD 45 PRECINCT 24-(CONG-03),3
CITY OF CHICAGO-:-WARD 45 PRECINCT 24-(CONG-05),3
CITY OF CHICAGO-:-WARD 45 PRECINCT 27-(CONG-03),3
CITY OF CHICAGO-:-WARD 45 PRECINCT 27-(CONG-05),1
CITY OF CHICAGO-:-WARD 45 PRECINCT 29-(CONG-03),1
CITY OF CHICAGO-:-WARD 45 PRECINCT 29-(CONG-05),1
CITY OF CHICAGO-:-WARD 46 PRECINCT 07-(CONG-05),1
CITY OF CHICAGO-:-WARD 46 PRECINCT 07-(CONG-09),1
CITY OF CHICAGO-:-WARD 46 PRECINCT 08-(CONG-05),1
CITY OF CHICAGO-:-WARD 46 PRECINCT 08-(CONG-09),1
CITY OF CHICAGO-:-WARD 46 PRECINCT 10-(CONG-05),1
CITY OF CHICAGO-:-WARD 46 PRECINCT 10-(CONG-09),1
CITY OF CHICAGO-:-WARD 47 PRECINCT 02-(CONG-05),1
CITY OF CHICAGO-:-WARD 47 PRECINCT 02-(CONG-09),1
CITY OF CHICAGO-:-WARD 47 PRECINCT 03-(CONG-05),1
CITY OF CHICAGO-:-WARD 47 PRECINCT 03-(CONG-09),1
CITY OF CHICAGO-:-WARD 47 PRECINCT 28-(CONG-03),3
CITY OF CHICAGO-:-WARD 47 PRECINCT 28-(CONG-05),1
CITY OF CHICAGO-:-WARD 50 PRECINCT 24-(CONG-05),3
CITY OF CHICAGO-:-WARD 50 PRECINCT 24-(CONG-09),3
CITY OF ROCKFORD-:-WARD 1 PRECINCT 2-(CONG-16),2
CITY OF ROCKFORD-:-WARD 1 PRECINCT 2-(CONG-17),2
CITY OF ROCKFORD-:-WARD 1 PRECINCT 5-(CONG-16),2
CITY OF ROCKFORD-:-WARD 1 PRECINCT 5-(CONG-17),2
CITY OF ROCKFORD-:-WARD 12 PRECINCT 2-(CONG-16),2
CITY OF ROCKFORD-:-WARD 12 PRECINCT 2-(CONG-17),2
CITY OF ROCKFORD-:-WARD 12 PRECINCT 5-(CONG-16),2
CITY OF ROCKFORD-:-WARD 12 PRECINCT 5-(CONG-17),2
CITY OF ROCKFORD-:-WARD 4 PRECINCT 1-(CONG-16),2
CITY OF ROCKFORD-:-WARD 4 PRECINCT 1-(CONG-17),2
CITY OF ROCKFORD-:-WARD 4 PRECINCT 4-(CONG-16),2
CITY OF ROCKFORD-:-WARD 4 PRECINCT 4-(CONG-17),2
CITY OF ROCKFORD-:-WARD 4 PRECINCT 8-(CONG-16),2
CITY OF ROCKFORD-:-WARD 4 PRECINCT 8-(CONG-17),2
CITY OF ROCKFORD-:-WARD 5 PRECINCT 3-(CONG-16),2
CITY OF ROCKFORD-:-WARD 5 PRECINCT 3-(CONG-17),2
CITY OF ROCKFORD-:-WARD 6 PRECINCT 1-(CONG-16),2
CITY OF ROCKFORD-:-WARD 6 PRECINCT 1-(CONG-17),2
CITY OF ROCKFORD-:-WARD 6 PRECINCT 3-(CONG-16),2
CITY OF ROCKFORD-:-WARD 6 PRECINCT 3-(CONG-17),2
CITY OF ROCKFORD-:-WARD 7 PRECINCT 4-(CONG-16),2
CITY OF ROCKFORD-:-WARD 7 PRECINCT 4-(CONG-17),2
CITY OF ROCKFORD-:-WARD 9 PRECINCT 3-(CONG-16),2
CITY OF ROCKFORD-:-WARD 9 PRECINCT 3-(CONG-17),2
COOK-:-7000004-(CONG-05),5
COOK-:-7000004-(CONG-08),5
COOK-:-7000008-(CONG-05),5
COOK-:-7000008-(CONG-08),5
COOK-:-7200003-(CONG-01),16
COOK-:-7200003-(CONG-02),16
COOK-:-7200007-(CONG-01),9
COOK-:-7200007-(CONG-02),9
COOK-:-7200012-(CONG-01),9
COOK-:-7200012-(CONG-02),9
COOK-:-7200021-(CONG-01),9
COOK-:-7200021-(CONG-02),9
COOK-:-7200030-(CONG-01),16
COOK-:-7200030-(CONG-06),16
COOK-:-7200045-(CONG-01),9
COOK-:-7200045-(CONG-02),9
COOK-:-7300001-(CONG-01),9
COOK-:-7300001-(CONG-02),9
COOK-:-7300002-(CONG-01),9
COOK-:-7300002-(CONG-02),9
COOK-:-7400014-(CONG-05),5
COOK-:-7400014-(CONG-08),5
COOK-:-7400016-(CONG-05),5
COOK-:-7400016-(CONG-08),5
COOK-:-7400017-(CONG-03),5
COOK-:-7400017-(CONG-08),5
COOK-:-7400023-(CONG-05),5
COOK-:-7400023-(CONG-08),5
COOK-:-7400027-(CONG-05),5
COOK-:-7400027-(CONG-08),5
COOK-:-7400044-(CONG-05),5
COOK-:-7400044-(CONG-08),5
COOK-:-7600004-(CONG-03),5
COOK-:-7600004-(CONG-08),5
COOK-:-7600015-(CONG-03),5
COOK-:-7600015-(CONG-08),5
COOK-:-7700013-(CONG-01),16
COOK-:-7700013-(CONG-11),16
COOK-:-7800026-(CONG-03),16
COOK-:-7800026-(CONG-07),16
COOK-:-7800042-(CONG-05),11
COOK-:-7800042-(CONG-08),11
COOK-:-7900010-(CONG-04),9
COOK-:-7900010-(CONG-06),16
COOK-:-7900012-(CONG-04),16
COOK-:-7900012-(CONG-06),16
COOK-:-7900026-(CONG-04),16
COOK-:-7900026-(CONG-06),16
COOK-:-7900040-(CONG-04),16
COOK-:-7900040-(CONG-06),9
COOK-:-7900043-(CONG-04),9
COOK-:-7900043-(CONG-06),16
COOK-:-7900047-(CONG-04),9
COOK-:-7900047-(CONG-06),16
COOK-:-7900050-(CONG-04),16
COOK-:-7900050-(CONG-06),16
COOK-:-8000004-(CONG-05),5
COOK-:-8000004-(CONG-08),5
COOK-:-8000012-(CONG-05),5
COOK-:-8000012-(CONG-08),5
COOK-:-8000016-(CONG-05),5
COOK-:-8000016-(CONG-08),5
COOK-:-8000017-(CONG-05),5
COOK-:-8000017-(CONG-08),5
COOK-:-8000018-(CONG-05),5
COOK-:-8000018-(CONG-08),5
COOK-:-8000020-(CONG-05),5
COOK-:-8000020-(CONG-09),5
COOK-:-8000035-(CONG-05),5
COOK-:-8000035-(CONG-08),5
COOK-:-8000069-(CONG-05),5
COOK-:-8000069-(CONG-09),5
COOK-:-8100018-(CONG-09),5
COOK-:-8100018-(CONG-10),5
COOK-:-8100027-(CONG-09),5
COOK-:-8100027-(CONG-10),5
COOK-:-8100031-(CONG-09),5
COOK-:-8100031-(CONG-10),5
COOK-:-8100032-(CONG-09),5
COOK-:-8100032-(CONG-10),5
COOK-:-8200001-(CONG-05),5
COOK-:-8200001-(CONG-09),5
COOK-:-8200026-(CONG-05),5
COOK-:-8200026-(CONG-09),5
COOK-:-8300008-(CONG-09),5
COOK-:-8300008-(CONG-10),5
COOK-:-8300033-(CONG-05),5
COOK-:-8300033-(CONG-09),5
COOK-:-8300043-(CONG-09),5
COOK-:-8300043-(CONG-10),5
COOK-:-8500030-(CONG-04),16
COOK-:-8500030-(CONG-07),16
COOK-:-8600015-(CONG-01),16
COOK-:-8600015-(CONG-06),16
COOK-:-8700002-(CONG-05),5
COOK-:-8700002-(CONG-08),5
COOK-:-8700018-(CONG-05),5
COOK-:-8700018-(CONG-08),5
COOK-:-8700027-(CONG-05),5
COOK-:-8700027-(CONG-08),5
COOK-:-8700035-(CONG-05),5
COOK-:-8700035-(CONG-08),5
COOK-:-8700038-(CONG-05),5
COOK-:-8700047-(CONG-05),5
COOK-:-8700047-(CONG-08),5
COOK-:-8700059-(CONG-05),5
COOK-:-8700059-(CONG-08),5
COOK-:-8900023-(CONG-04),9
COOK-:-8900023-(CONG-06),16
COOK-:-8900025-(CONG-04),9
COOK-:-8900025-(CONG-07),9
COOK-:-8900030-(CONG-04),16
COOK-:-8900030-(CONG-07),16
COOK-:-8900071-(CONG-04),16
COOK-:-8900071-(CONG-07),16
COOK-:-9400012-(CONG-04),9
COOK-:-9400012-(CONG-06),9
COOK-:-9500049-(CONG-01),9
COOK-:-9500049-(CONG-02),9
COOK-:-9600011-(CONG-05),5
COOK-:-9600011-(CONG-09),5
COOK-:-9600021-(CONG-05),5
COOK-:-9600021-(CONG-09),5
COOK-:-9600040-(CONG-05),5
COOK-:-9600040-(CONG-09),5
COOK-:-9600046-(CONG-05),5
COOK-:-9600046-(CONG-09),5
COOK-:-9600047-(CONG-09),5
COOK-:-9600047-(CONG-10),5
COOK-:-9600048-(CONG-09),5
COOK-:-9600048-(CONG-10),5
COOK-:-9600054-(CONG-09),5
COOK-:-9600054-(CONG-10),5
COOK-:-9600060-(CONG-05),5
COOK-:-9600060-(CONG-09),5
COOK-:-9600063-(CONG-05),5
COOK-:-9600063-(CONG-09),5
COOK-:-9600068-(CONG-05),5
COOK-:-9600068-(CONG-09),5
COOK-:-9700001-(CONG-04),9
COOK-:-9700001-(CONG-06),9
COOK-:-9700024-(CONG-01),9
COOK-:-9700024-(CONG-02),9
COOK-:-9700043-(CONG-01),9
COOK-:-9700043-(CONG-06),9
COOK-:-9700058-(CONG-04),9
COOK-:-9700058-(CONG-06),9
COOK-:-9700073-(CONG-01),9
COOK-:-9700073-(CONG-06),9
DEKALB-:-MAYFIELD 1-(CONG-14),2
DEKALB-:-MAYFIELD 1-(CONG-16),2
DEKALB-:-SYCAMORE 7-(CONG-11),2
DEKALB-:-SYCAMORE 7-(CONG-14),2
DEKALB-:-SYCAMORE 9-(CONG-11),4
DEKALB-:-SYCAMORE 9-(CONG-14),4
HENRY-:-COLONA 1-(CONG-16),11
HENRY-:-COLONA 1-(CONG-17),11
KANKAKEE-:-BOURBONNAIS 10-(CONG-01),10
KANKAKEE-:-BOURBONNAIS 10-(CONG-02),10
KANKAKEE-:-BOURBONNAIS 11-(CONG-01),10
KANKAKEE-:-BOURBONNAIS 11-(CONG-02),10
KANKAKEE-:-BOURBONNAIS 13-(CONG-01),10
KANKAKEE-:-BOURBONNAIS 13-(CONG-02),10
KANKAKEE-:-BOURBONNAIS 14-(CONG-01),10
KANKAKEE-:-BOURBONNAIS 14-(CONG-02),10
KANKAKEE-:-BOURBONNAIS 17-(CONG-01),10
KANKAKEE-:-BOURBONNAIS 17-(CONG-02),10
KANKAKEE-:-BOURBONNAIS 5-(CONG-01),10
KANKAKEE-:-BOURBONNAIS 5-(CONG-02),10
KANKAKEE-:-MANTENO 4-(CONG-01),10
KANKAKEE-:-MANTENO 4-(CONG-02),10
LAKE-:-WAUCONDA 344-(CONG-09),13
LAKE-:-WAUCONDA 344-(CONG-11),13
LAKE-:-WAUCONDA 350-(CONG-09),13
LAKE-:-WAUCONDA 350-(CONG-11),13
LASALLE-:-DEER PARK-(CONG-14),10
LASALLE-:-DEER PARK-(CONG-16),10
LASALLE-:-EDEN 1-(CONG-14),10
LASALLE-:-EDEN 1-(CONG-16),10
LASALLE-:-FALL RIVER-(CONG-14),10
LASALLE-:-FALL RIVER-(CONG-16),10
LASALLE-:-FARM RIDGE-(CONG-14),10
LASALLE-:-FARM RIDGE-(CONG-16),10
LIVINGSTON-:-ESMEN-(CONG-02),10
LIVINGSTON-:-ESMEN-(CONG-16),10
LIVINGSTON-:-PONTIAC 10-(CONG-02),10
LIVINGSTON-:-PONTIAC 10-(CONG-16),10
LIVINGSTON-:-PONTIAC 9-(CONG-02),10
LIVINGSTON-:-PONTIAC 9-(CONG-16),10
MACON-:-DECATUR 16-(CONG-13),10
MACON-:-DECATUR 16-(CONG-15),10
MACON-:-DECATUR 19-(CONG-13),10
MACON-:-DECATUR 19-(CONG-15),10
MACON-:-DECATUR 27-(CONG-13),10
MACON-:-DECATUR 27-(CONG-15),10
MACON-:-DECATUR 28-(CONG-13),10
MACON-:-DECATUR 28-(CONG-15),10
MACON-:-DECATUR 7-(CONG-13),10
MACON-:-DECATUR 7-(CONG-15),10
MACON-:-DECATUR 8-(CONG-13),10
MACON-:-DECATUR 8-(CONG-15),10
MACON-:-DECATUR 9-(CONG-13),10
MACON-:-DECATUR 9-(CONG-15),10
MACON-:-HARRISTOWN-(CONG-13),10
MACON-:-HARRISTOWN-(CONG-15),10
MACON-:-HICKORY PT. 2-(CONG-13),10
MACON-:-HICKORY PT. 2-(CONG-15),10
MACON-:-HICKORY PT. 3-(CONG-13),10
MACON-:-HICKORY PT. 3-(CONG-15),10
MACON-:-LONG CREEK 4-(CONG-13),10
MACON-:-LONG CREEK 4-(CONG-15),10
MACON-:-OAKLEY-(CONG-13),10
MACON-:-OAKLEY-(CONG-15),10
MADISON-:-ALTON 01-(CONG-13),8
MADISON-:-ALTON 01-(CONG-15),8
MADISON-:-ALTON 03-(CONG-13),8
MADISON-:-ALTON 03-(CONG-15),8
MADISON-:-ALTON 05-(CONG-13),8
MADISON-:-ALTON 05-(CONG-15),8
MADISON-:-COLLINSVILLE 01-(CONG-13),8
MADISON-:-COLLINSVILLE 01-(CONG-15),8
MADISON-:-COLLINSVILLE 20-(CONG-13),8
MADISON-:-COLLINSVILLE 20-(CONG-15),8
MADISON-:-FOSTER 02-(CONG-13),8
MADISON-:-FOSTER 02-(CONG-15),8
MADISON-:-FT. RUSSELL 07-(CONG-13),8
MADISON-:-FT. RUSSELL 07-(CONG-15),8
MADISON-:-MORO 02-(CONG-13),8
MADISON-:-MORO 02-(CONG-15),8
MCHENRY-:-GREENWOOD GRE 06-(CONG-10),7
MCHENRY-:-GREENWOOD GRE 06-(CONG-11),7
MCHENRY-:-HARTLAND HAR 01-(CONG-11),7
MCHENRY-:-HARTLAND HAR 01-(CONG-16),7
MCHENRY-:-HARTLAND HAR 02-(CONG-11),7
MCHENRY-:-HARTLAND HAR 02-(CONG-16),7
MCHENRY-:-MCHENRY MCH 07-(CONG-10),7
MCHENRY-:-MCHENRY MCH 07-(CONG-11),7
MCLEAN-:-ALLIN 01-(CONG-16),11
MCLEAN-:-ALLIN 01-(CONG-17),11
MCLEAN-:-BLOOMINGTON 01-(CONG-16),11
MCLEAN-:-BLOOMINGTON 01-(CONG-17),11
MCLEAN-:-BLOOMINGTON 02-(CONG-16),11
MCLEAN-:-BLOOMINGTON 02-(CONG-17),11
MCLEAN-:-DALE 01-(CONG-16),11
MCLEAN-:-DALE 01-(CONG-17),11
MCLEAN-:-NORMAL 31-(CONG-16),11
MCLEAN-:-NORMAL 31-(CONG-17),11
PUTNAM-:-HENNEPIN 1-(CONG-14),14
PUTNAM-:-HENNEPIN 1-(CONG-16),14
PUTNAM-:-MAGNOLIA 2-(CONG-14),14
PUTNAM-:-MAGNOLIA 2-(CONG-16),14
SANGAMON-:-CAPITAL 012-(CONG-13),15
SANGAMON-:-CAPITAL 012-(CONG-15),15
SANGAMON-:-CAPITAL 016-(CONG-13),15
SANGAMON-:-CAPITAL 016-(CONG-15),15
SANGAMON-:-CAPITAL 020-(CONG-13),15
SANGAMON-:-CAPITAL 020-(CONG-15),15
SANGAMON-:-CAPITAL 025-(CONG-13),15
SANGAMON-:-CAPITAL 025-(CONG-15),15
SANGAMON-:-CAPITAL 029-(CONG-13),15
SANGAMON-:-CAPITAL 029-(CONG-15),15
SANGAMON-:-CAPITAL 080-(CONG-13),15
SANGAMON-:-CAPITAL 080-(CONG-15),15
SANGAMON-:-CAPITAL 081-(CONG-13),15
SANGAMON-:-CAPITAL 081-(CONG-15),15
SANGAMON-:-CURRAN 001-(CONG-13),15
SANGAMON-:-CURRAN 001-(CONG-15),15
SANGAMON-:-GARDNER 004-(CONG-13),15
SANGAMON-:-GARDNER 004-(CONG-15),15
SANGAMON-:-SPRINGFIELD 001-(CONG-13),15
SANGAMON-:-SPRINGFIELD 001-(CONG-15),15
ST. CLAIR-:-BELLEVILLE 20-(CONG-12),2
ST. CLAIR-:-BELLEVILLE 20-(CONG-13),2
ST. CLAIR-:-BELLEVILLE 22-(CONG-12),15
ST. CLAIR-:-BELLEVILLE 22-(CONG-13),2
ST. CLAIR-:-CASEYVILLE 1-(CONG-12),4
ST. CLAIR-:-CASEYVILLE 1-(CONG-13),4
ST. CLAIR-:-CASEYVILLE 10-(CONG-12),4
ST. CLAIR-:-CASEYVILLE 10-(CONG-13),4
ST. CLAIR-:-CASEYVILLE 12-(CONG-12),4
ST. CLAIR-:-CASEYVILLE 12-(CONG-13),4
ST. CLAIR-:-CENTREVILLE 10-(CONG-12),15
ST. CLAIR-:-CENTREVILLE 10-(CONG-13),15
ST. CLAIR-:-CENTREVILLE 8-(CONG-12),15
ST. CLAIR-:-CENTREVILLE 8-(CONG-13),15
ST. CLAIR-:-O FALLON 2-(CONG-12),4
ST. CLAIR-:-O FALLON 2-(CONG-13),4
ST. CLAIR-:-ST CLAIR 10-(CONG-12),2
ST. CLAIR-:-ST CLAIR 10-(CONG-13),2
ST. CLAIR-:-STOOKEY 2-(CONG-12),15
ST. CLAIR-:-STOOKEY 2-(CONG-13),2
ST. CLAIR-:-STOOKEY 5-(CONG-12),15
ST. CLAIR-:-STOOKEY 5-(CONG-13),2
TAZEWELL-:-CINCINNATI 1-(CONG-16),14
TAZEWELL-:-CINCINNATI 1-(CONG-17),14
TAZEWELL-:-CINCINNATI 3-(CONG-16),14
TAZEWELL-:-CINCINNATI 3-(CONG-17),14
TAZEWELL-:-HOPEDALE 1-(CONG-16),14
TAZEWELL-:-HOPEDALE 1-(CONG-17),14
TAZEWELL-:-LT MACKINAW 1-(CONG-16),14
TAZEWELL-:-LT MACKINAW 1-(CONG-17),14
TAZEWELL-:-PEKIN 13-(CONG-16),14
TAZEWELL-:-PEKIN 13-(CONG-17),14
VERMILION-:-CATLIN 2-(CONG-02),10
VERMILION-:-CATLIN 2-(CONG-15),10
VERMILION-:-GEORGETOWN 5-(CONG-02),10
VERMILION-:-GEORGETOWN 5-(CONG-15),10
VERMILION-:-GEORGETOWN 7-(CONG-02),10
VERMILION-:-GEORGETOWN 7-(CONG-15),10
VERMILION-:-MCKENDREE-(CONG-02),10
VERMILION-:-MCKENDREE-(CONG-15),10
VERMILION-:-OAKWOOD 2-(CONG-02),10
VERMILION-:-OAKWOOD 2-(CONG-15),10
VERMILION-:-VANCE-(CONG-02),10
VERMILION-:-VANCE-(CONG-15),10
WINNEBAGO-:-CHERRY VALLEY 2-(CONG-16),2
WINNEBAGO-:-CHERRY VALLEY 2-(CONG-17),2
WINNEBAGO-:-CHERRY VALLEY 3-(CONG-16),2
WINNEBAGO-:-CHERRY VALLEY 3-(CONG-17),2
WINNEBAGO-:-CHERRY VALLEY 6-(CONG-16),2
WINNEBAGO-:-CHERRY VALLEY 6-(CONG-17),2
WINNEBAGO-:-HARLEM 1-(CONG-16),2
WINNEBAGO-:-HARLEM 1-(CONG-17),2
WINNEBAGO-:-HARLEM 23-(CONG-16),2
WINNEBAGO-:-HARLEM 23-(CONG-17),2
WINNEBAGO-:-ROCKFORD 1-(CONG-16),2
WINNEBAGO-:-ROCKFORD 1-(CONG-17),2
WINNEBAGO-:-ROCKFORD 15-(CONG-16),4
WINNEBAGO-:-ROCKFORD 15-(CONG-17),2
WINNEBAGO-:-ROCKFORD 2-(CONG-16),2
WINNEBAGO-:-ROCKFORD 2-(CONG-17),2
WINNEBAGO-:-ROCKFORD 25-(CONG-16),2
WINNEBAGO-:-ROCKFORD 25-(CONG-17),2
WINNEBAGO-:-ROCKFORD 27-(CONG-16),2
WINNEBAGO-:-ROCKFORD 27-(CONG-17),2
WINNEBAGO-:-ROCKFORD 31-(CONG-16),2
WINNEBAGO-:-ROCKFORD 31-(CONG-17),2
WINNEBAGO-:-ROCKFORD 32-(CONG-16),2
WINNEBAGO-:-ROCKFORD 32-(CONG-17),2
WINNEBAGO-:-ROCKFORD 33-(CONG-16),2
WINNEBAGO-:-ROCKFORD 33-(CONG-17),2
WINNEBAGO-:-ROCKFORD 51-(CONG-16),2
WINNEBAGO-:-ROCKFORD 51-(CONG-17),2
WINNEBAGO-:-ROCKFORD 52-(CONG-16),2
WINNEBAGO-:-ROCKFORD 52-(CONG-17),2
WINNEBAGO-:-ROCKFORD 9-(CONG-16),2
WINNEBAGO-:-ROCKFORD 9-(CONG-17),2
WINNEBAGO-:-WINNEBAGO 1-(CONG-16),2
WINNEBAGO-:-WINNEBAGO 1-(CONG-17),2
WINNEBAGO-:-WINNEBAGO 2-(CONG-16),2
WINNEBAGO-:-WINNEBAGO 2-(CONG-17),2
ADAMS-:-BEVERLY PCT 1,4
ADAMS-:-BURTON PCT 1,4
ADAMS-:-CAMP POINT PCT 1,4
ADAMS-:-CAMP POINT PCT 2,4
ADAMS-:-CLAYTON PCT 1,4
ADAMS-:-COLUMBUS PCT 1,4
ADAMS-:-CONCORD PCT 1,4
ADAMS-:-ELLINGTON PCT 1,4
ADAMS-:-ELLINGTON PCT 2,4
ADAMS-:-ELLINGTON PCT 3,4
ADAMS-:-FALL CREEK PCT 1,4
ADAMS-:-GILMER PCT 1,4
ADAMS-:-HONEY CREEK PCT 1,4
ADAMS-:-HOUSTON PCT 1,4
ADAMS-:-KEENE PCT 1,4
ADAMS-:-LIBERTY PCT 1,4
ADAMS-:-LIMA PCT 1,4
ADAMS-:-MCKEE PCT 1,4
ADAMS-:-MELROSE PCT 1,4
ADAMS-:-MELROSE PCT 2,4
ADAMS-:-MELROSE PCT 3,4
ADAMS-:-MELROSE PCT 4,4
ADAMS-:-MELROSE PCT 5,4
ADAMS-:-MELROSE PCT 6,4
ADAMS-:-MENDON PCT 1,4
ADAMS-:-MENDON PCT 2,4
ADAMS-:-NORTHEAST PCT 1,4
ADAMS-:-PAYSON PCT 1,4
ADAMS-:-PAYSON PCT 2,4
ADAMS-:-QUINCY PCT 1,4
ADAMS-:-QUINCY PCT 10,4
ADAMS-:-QUINCY PCT 11,4
ADAMS-:-QUINCY PCT 12,4
ADAMS-:-QUINCY PCT 13,4
ADAMS-:-QUINCY PCT 14,4
ADAMS-:-QUINCY PCT 15,4
ADAMS-:-QUINCY PCT 16,4
ADAMS-:-QUINCY PCT 17,4
ADAMS-:-QUINCY PCT 18,4
ADAMS-:-QUINCY PCT 19,4
ADAMS-:-QUINCY PCT 2,4
ADAMS-:-QUINCY PCT 20,4
ADAMS-:-QUINCY PCT 21,4
ADAMS-:-QUINCY PCT 22,4
ADAMS-:-QUINCY PCT 23,4
ADAMS-:-QUINCY PCT 24,4
ADAMS-:-QUINCY PCT 25,4
ADAMS-:-QUINCY PCT 26,4
ADAMS-:-QUINCY PCT 27,4
ADAMS-:-QUINCY PCT 28,4
ADAMS-:-QUINCY PCT 29,4
ADAMS-:-QUINCY PCT 3,4
ADAMS-:-QUINCY PCT 30,4
ADAMS-:-QUINCY PCT 31,4
ADAMS-:-QUINCY PCT 32,4
ADAMS-:-QUINCY PCT 33,4
ADAMS-:-QUINCY PCT 34,4
ADAMS-:-QUINCY PCT 35,4
ADAMS-:-QUINCY PCT 36,4
ADAMS-:-QUINCY PCT 37,4
ADAMS-:-QUINCY PCT 38,4
ADAMS-:-QUINCY PCT 39,4
ADAMS-:-QUINCY PCT 4,4
ADAMS-:-QUINCY PCT 40,4
ADAMS-:-QUINCY PCT 5,4
ADAMS-:-QUINCY PCT 6,4
ADAMS-:-QUINCY PCT 7,4
ADAMS-:-QUINCY PCT 8,4
ADAMS-:-QUINCY PCT 9,4
ADAMS-:-RICHFIELD PCT 1,4
ADAMS-:-RIVERSIDE PCT 1,4
ADAMS-:-RIVERSIDE PCT 2,4
ADAMS-:-RIVERSIDE PCT 3,4
ADAMS-:-URSA PCT 1,4
ALEXANDER-:-CACHE,8
ALEXANDER-:-CAIRO 1,8
ALEXANDER-:-CAIRO 2,8
ALEXANDER-:-CAIRO 3,8
ALEXANDER-:-CAIRO 4,8
ALEXANDER-:-CAIRO 5,8
ALEXANDER-:-MCCLURE,8
ALEXANDER-:-OLIVE BRANCH,8
ALEXANDER-:-SANDUSKY,8
ALEXANDER-:-TAMMS,8
ALEXANDER-:-THEBES,8
BOND-:-BURGESS 1,8
BOND-:-BURGESS 2,8
BOND-:-BURGESS 3,8
BOND-:-CENTRAL 1,8
BOND-:-CENTRAL 1-A,8
BOND-:-CENTRAL 2,8
BOND-:-CENTRAL 3,8
BOND-:-CENTRAL 4,8
BOND-:-CENTRAL 6,8
BOND-:-CENTRAL 7,8
BOND-:-LAGRANGE,8
BOND-:-MILLS,8
BOND-:-MULBERRY GROVE 1,8
BOND-:-MULBERRY GROVE 2,8
BOND-:-OLD RIPLEY,8
BOND-:-PLEASANT MOUND 1,8
BOND-:-PLEASANT MOUND 2,8
BOND-:-SHOAL CREEK 1,8
BOND-:-SHOAL CREEK 2,8
BOND-:-TAMALCO,8
BOONE-:-BELVIDERE 1,2
BOONE-:-BELVIDERE 10,14
BOONE-:-BELVIDERE 11,2
BOONE-:-BELVIDERE 12,2
BOONE-:-BELVIDERE 13,2
BOONE-:-BELVIDERE 14,2
BOONE-:-BELVIDERE 15,2
BOONE-:-BELVIDERE 16,2
BOONE-:-BELVIDERE 17,2
BOONE-:-BELVIDERE 18,2
BOONE-:-BELVIDERE 2,2
BOONE-:-BELVIDERE 3,2
BOONE-:-BELVIDERE 4,2
BOONE-:-BELVIDERE 5,2
BOONE-:-BELVIDERE 6,2
BOONE-:-BELVIDERE 7,2
BOONE-:-BELVIDERE 8,2
BOONE-:-BELVIDERE 9,2
BOONE-:-BONUS 1,2
BOONE-:-BONUS 2,11
BOONE-:-BOONE 1,2
BOONE-:-CALEDONIA 1,2
BOONE-:-CALEDONIA 2,2
BOONE-:-CALEDONIA 3,2
BOONE-:-CALEDONIA 4,2
BOONE-:-CALEDONIA 5,2
BOONE-:-FLORA 2,2
BOONE-:-FLORA 3,2
BOONE-:-LE ROY,2
BOONE-:-MANCHESTER,2
BOONE-:-POPLAR GROVE 1,2
BOONE-:-POPLAR GROVE 2,2
BOONE-:-POPLAR GROVE 3,2
BOONE-:-POPLAR GROVE 4,2
BOONE-:-POPLAR GROVE 5,2
BOONE-:-SPRING,2
BROWN-:-BUCKHORN,4
BROWN-:-COOPERSTOWN,4
BROWN-:-ELKHORN,4
BROWN-:-LEE,4
BROWN-:-MISSOURI,4
BROWN-:-MT. STERLING 1,4
BROWN-:-MT. STERLING 2,4
BROWN-:-MT. STERLING 3,4
BROWN-:-MT. STERLING 4,4
BROWN-:-MT. STERLING 5,4
BROWN-:-PEA RIDGE,4
BROWN-:-RIPLEY,4
BROWN-:-VERSAILLES 1,4
BROWN-:-VERSAILLES 2,4
BUREAU-:-BERLIN,14
BUREAU-:-BUREAU,4
BUREAU-:-CLARION,14
BUREAU-:-CONCORD 1,4
BUREAU-:-CONCORD 2,4
BUREAU-:-DOVER,14
BUREAU-:-FAIRFIELD,4
BUREAU-:-GOLD,4
BUREAU-:-GREENVILLE,4
BUREAU-:-HALL 1,14
BUREAU-:-HALL 10,14
BUREAU-:-HALL 2,14
BUREAU-:-HALL 3,14
BUREAU-:-HALL 4,14
BUREAU-:-HALL 5,14
BUREAU-:-HALL 6,14
BUREAU-:-HALL 7,14
BUREAU-:-HALL 8,14
BUREAU-:-HALL 9,14
BUREAU-:-INDIANTOWN,4
BUREAU-:-LA MOILLE 1,14
BUREAU-:-LA MOILLE 2,14
BUREAU-:-LEEPERTOWN,14
BUREAU-:-MACON,4
BUREAU-:-MANLIUS,4
BUREAU-:-MILO,4
BUREAU-:-MINERAL,4
BUREAU-:-NEPONSET,4
BUREAU-:-OHIO 1,14
BUREAU-:-OHIO 2,14
BUREAU-:-PRINCETON 1,4
BUREAU-:-PRINCETON 2,4
BUREAU-:-PRINCETON 3,4
BUREAU-:-PRINCETON 4,4
BUREAU-:-PRINCETON 5,14
BUREAU-:-PRINCETON 7,4
BUREAU-:-PRINCETON 8,4
BUREAU-:-PRINCETON 9,4
BUREAU-:-SELBY 1,14
BUREAU-:-SELBY 3,14
BUREAU-:-WALNUT 1,4
BUREAU-:-WALNUT 2,4
BUREAU-:-WESTFIELD 1,14
BUREAU-:-WESTFIELD 2,14
BUREAU-:-WHEATLAND,4
BUREAU-:-WYANET 1,4
BUREAU-:-WYANET 2,4
CALHOUN-:-BELLEVIEW-HAMBURG,8
CALHOUN-:-CRATER-CARLIN,8
CALHOUN-:-HARDIN-GILEAD,8
CALHOUN-:-POINT,8
CALHOUN-:-RICHWOODS,8
CARROLL-:-CHERRY GROVE/SHANNON 1,11
CARROLL-:-CHERRY GROVE/SHANNON 2,11
CARROLL-:-ELKHORN GROVE,11
CARROLL-:-FAIR HAVEN,11
CARROLL-:-FREEDOM,11
CARROLL-:-MT. CARROLL 1,11
CARROLL-:-MT. CARROLL 2,11
CARROLL-:-MT. CARROLL 3,11
CARROLL-:-ROCK CREEK-LIMA 1,11
CARROLL-:-ROCK CREEK-LIMA 2,11
CARROLL-:-SALEM,11
CARROLL-:-SAVANNA 1,11
CARROLL-:-SAVANNA 2,11
CARROLL-:-SAVANNA 3,11
CARROLL-:-SAVANNA 4,11
CARROLL-:-SAVANNA 5,11
CARROLL-:-SAVANNA 6,11
CARROLL-:-WASHINGTON,11
CARROLL-:-WOODLAND,11
CARROLL-:-WYSOX 1,11
CARROLL-:-WYSOX 2,11
CARROLL-:-YORK,11
CASS-:-ARENZVILLE 11-001,10
CASS-:-ASHLAND 20-002,10
CASS-:-ASHLAND 21-002,10
CASS-:-BEARDSTOWN 1-003,10
CASS-:-BEARDSTOWN 2-003,10
CASS-:-BEARDSTOWN 3-003,4
CASS-:-BEARDSTOWN 4-003,4
CASS-:-BEARDSTOWN 5-004,4
CASS-:-BEARDSTOWN 6-004,4
CASS-:-BEARDSTOWN 7-004,4
CASS-:-BEARDSTOWN 8-004,4
CASS-:-BLUFF SPRINGS 10-001,10
CASS-:-CHANDLERVILLE 18-002,10
CASS-:-HAGENER 9-004,4
CASS-:-NEWMANSVILLE 19-002,10
CASS-:-PANTHER CREEK 17-002,10
CASS-:-PHILADELPHIA 16-002,10
CASS-:-SANGAMON VALLEY 12-001,10
CASS-:-VIRGINIA 13-001,10
CASS-:-VIRGINIA 14-001,10
CASS-:-VIRGINIA 15-001,10
CHAMPAIGN-:-AYERS,10
CHAMPAIGN-:-BROWN FISHER,10
CHAMPAIGN-:-BROWN FOOSLAND,10
CHAMPAIGN-:-CHAMPAIGN 1,10
CHAMPAIGN-:-CHAMPAIGN 2,10
CHAMPAIGN-:-CHAMPAIGN 3,10
CHAMPAIGN-:-CHAMPAIGN 4,10
CHAMPAIGN-:-CHAMPAIGN 5,10
CHAMPAIGN-:-CHAMPAIGN 6,10
CHAMPAIGN-:-CITY OF CHAMPAIGN 1,10
CHAMPAIGN-:-CITY OF CHAMPAIGN 10,10
CHAMPAIGN-:-CITY OF CHAMPAIGN 11,10
CHAMPAIGN-:-CITY OF CHAMPAIGN 12,10
CHAMPAIGN-:-CITY OF CHAMPAIGN 13,10
CHAMPAIGN-:-CITY OF CHAMPAIGN 14,10
CHAMPAIGN-:-CITY OF CHAMPAIGN 15,10
CHAMPAIGN-:-CITY OF CHAMPAIGN 16,10
CHAMPAIGN-:-CITY OF CHAMPAIGN 17,10
CHAMPAIGN-:-CITY OF CHAMPAIGN 18,10
CHAMPAIGN-:-CITY OF CHAMPAIGN 19,10
CHAMPAIGN-:-CITY OF CHAMPAIGN 2,10
CHAMPAIGN-:-CITY OF CHAMPAIGN 20,10
CHAMPAIGN-:-CITY OF CHAMPAIGN 21,10
CHAMPAIGN-:-CITY OF CHAMPAIGN 22,10
CHAMPAIGN-:-CITY OF CHAMPAIGN 23,10
CHAMPAIGN-:-CITY OF CHAMPAIGN 24,10
CHAMPAIGN-:-CITY OF CHAMPAIGN 25,10
CHAMPAIGN-:-CITY OF CHAMPAIGN 26,10
CHAMPAIGN-:-CITY OF CHAMPAIGN 27,10
CHAMPAIGN-:-CITY OF CHAMPAIGN 28,10
CHAMPAIGN-:-CITY OF CHAMPAIGN 29,10
CHAMPAIGN-:-CITY OF CHAMPAIGN 3,10
CHAMPAIGN-:-CITY OF CHAMPAIGN 30,10
CHAMPAIGN-:-CITY OF CHAMPAIGN 31,10
CHAMPAIGN-:-CITY OF CHAMPAIGN 32,10
CHAMPAIGN-:-CITY OF CHAMPAIGN 33,10
CHAMPAIGN-:-CITY OF CHAMPAIGN 34,10
CHAMPAIGN-:-CITY OF CHAMPAIGN 35,10
CHAMPAIGN-:-CITY OF CHAMPAIGN 36,10
CHAMPAIGN-:-CITY OF CHAMPAIGN 37,10
CHAMPAIGN-:-CITY OF CHAMPAIGN 38,10
CHAMPAIGN-:-CITY OF CHAMPAIGN 39,10
CHAMPAIGN-:-CITY OF CHAMPAIGN 4,10
CHAMPAIGN-:-CITY OF CHAMPAIGN 5,10
CHAMPAIGN-:-CITY OF CHAMPAIGN 6,10
CHAMPAIGN-:-CITY OF CHAMPAIGN 7,10
CHAMPAIGN-:-CITY OF CHAMPAIGN 8,10
CHAMPAIGN-:-CITY OF CHAMPAIGN 9,10
CHAMPAIGN-:-COLFAX,10
CHAMPAIGN-:-COMPROMISE GIFFORD,10
CHAMPAIGN-:-COMPROMISE PENFIELD,10
CHAMPAIGN-:-CONDIT,10
CHAMPAIGN-:-CRITTENDEN,10
CHAMPAIGN-:-CUNNINGHAM 1,10
CHAMPAIGN-:-CUNNINGHAM 10,10
CHAMPAIGN-:-CUNNINGHAM 11,10
CHAMPAIGN-:-CUNNINGHAM 12,10
CHAMPAIGN-:-CUNNINGHAM 13,10
CHAMPAIGN-:-CUNNINGHAM 14,10
CHAMPAIGN-:-CUNNINGHAM 15,10
CHAMPAIGN-:-CUNNINGHAM 16,10
CHAMPAIGN-:-CUNNINGHAM 17,10
CHAMPAIGN-:-CUNNINGHAM 18,10
CHAMPAIGN-:-CUNNINGHAM 19,10
CHAMPAIGN-:-CUNNINGHAM 2,10
CHAMPAIGN-:-CUNNINGHAM 20,10
CHAMPAIGN-:-CUNNINGHAM 21,10
CHAMPAIGN-:-CUNNINGHAM 22,10
CHAMPAIGN-:-CUNNINGHAM 23,10
CHAMPAIGN-:-CUNNINGHAM 3,10
CHAMPAIGN-:-CUNNINGHAM 4,10
CHAMPAIGN-:-CUNNINGHAM 5,10
CHAMPAIGN-:-CUNNINGHAM 6,10
CHAMPAIGN-:-CUNNINGHAM 7,10
CHAMPAIGN-:-CUNNINGHAM 8,10
CHAMPAIGN-:-CUNNINGHAM 9,10
CHAMPAIGN-:-EAST BEND,10
CHAMPAIGN-:-HARWOOD,10
CHAMPAIGN-:-KERR,10
CHAMPAIGN-:-LUDLOW 1,10
CHAMPAIGN-:-LUDLOW 2,10
CHAMPAIGN-:-LUDLOW 3,10
CHAMPAIGN-:-MAHOMET 1,10
CHAMPAIGN-:-MAHOMET 2,10
CHAMPAIGN-:-MAHOMET 3,10
CHAMPAIGN-:-MAHOMET 4,10
CHAMPAIGN-:-MAHOMET 5,10
CHAMPAIGN-:-NEWCOMB,10
CHAMPAIGN-:-OGDEN 1,10
CHAMPAIGN-:-OGDEN 2,10
CHAMPAIGN-:-PESOTUM,10
CHAMPAIGN-:-PHILO,10
CHAMPAIGN-:-RANTOUL 1,10
CHAMPAIGN-:-RANTOUL 2,10
CHAMPAIGN-:-RANTOUL 3,10
CHAMPAIGN-:-RANTOUL 5,10
CHAMPAIGN-:-RANTOUL 6,10
CHAMPAIGN-:-RAYMOND,10
CHAMPAIGN-:-SADORUS IVESDALE,10
CHAMPAIGN-:-SADORUS SADORUS,10
CHAMPAIGN-:-SCOTT BONDVILLE,10
CHAMPAIGN-:-SCOTT SEYMOUR,10
CHAMPAIGN-:-SIDNEY,10
CHAMPAIGN-:-SOUTH HOMER,10
CHAMPAIGN-:-ST. JOSEPH 1,10
CHAMPAIGN-:-ST. JOSEPH 2,10
CHAMPAIGN-:-ST. JOSEPH 3,10
CHAMPAIGN-:-STANTON,10
CHAMPAIGN-:-TOLONO 1,10
CHAMPAIGN-:-TOLONO 2,10
CHAMPAIGN-:-TOLONO 3,10
CHAMPAIGN-:-URBANA 1,10
CHAMPAIGN-:-URBANA 2,10
CHAMPAIGN-:-URBANA 3,10
CHAMPAIGN-:-URBANA 4,10
CHRISTIAN-:-ASSUMPTION,8
CHRISTIAN-:-BEAR CREEK,8
CHRISTIAN-:-BUCKHART,8
CHRISTIAN-:-GREENWOOD,8
CHRISTIAN-:-JOHNSON,8
CHRISTIAN-:-KING,8
CHRISTIAN-:-LOCUST,8
CHRISTIAN-:-MAY,8
CHRISTIAN-:-MOSQUITO,8
CHRISTIAN-:-MT AUBURN,8
CHRISTIAN-:-PANA #1,8
CHRISTIAN-:-PANA #2,8
CHRISTIAN-:-PANA #3,8
CHRISTIAN-:-PANA #4,8
CHRISTIAN-:-PRAIRIETON,8
CHRISTIAN-:-RICKS,8
CHRISTIAN-:-ROSAMOND,8
CHRISTIAN-:-SOUTH FORK #1,8
CHRISTIAN-:-SOUTH FORK #2,8
CHRISTIAN-:-STONINGTON,8
CHRISTIAN-:-TAYLORVILLE #1,8
CHRISTIAN-:-TAYLORVILLE #2,8
CHRISTIAN-:-TAYLORVILLE #3,8
CHRISTIAN-:-TAYLORVILLE #4,8
CHRISTIAN-:-TAYLORVILLE #5,8
CHRISTIAN-:-TAYLORVILLE #6,8
CHRISTIAN-:-TAYLORVILLE #7,8
CHRISTIAN-:-TAYLORVILLE #8,8
CHRISTIAN-:-TAYLORVILLE #9,8
CITY OF BLOOMINGTON-:-PRECINCT 1,15
CITY OF BLOOMINGTON-:-PRECINCT 11,4
CITY OF BLOOMINGTON-:-PRECINCT 12,14
CITY OF BLOOMINGTON-:-PRECINCT 13,11
CITY OF BLOOMINGTON-:-PRECINCT 14,14
CITY OF BLOOMINGTON-:-PRECINCT 16,4
CITY OF BLOOMINGTON-:-PRECINCT 18,2
CITY OF BLOOMINGTON-:-PRECINCT 19,14
CITY OF BLOOMINGTON-:-PRECINCT 20,2
CITY OF BLOOMINGTON-:-PRECINCT 21,2
CITY OF BLOOMINGTON-:-PRECINCT 22,2
CITY OF BLOOMINGTON-:-PRECINCT 23,2
CITY OF BLOOMINGTON-:-PRECINCT 24,2
CITY OF BLOOMINGTON-:-PRECINCT 25,4
CITY OF BLOOMINGTON-:-PRECINCT 26,4
CITY OF BLOOMINGTON-:-PRECINCT 27,2
CITY OF BLOOMINGTON-:-PRECINCT 28,2
CITY OF BLOOMINGTON-:-PRECINCT 29,4
CITY OF BLOOMINGTON-:-PRECINCT 3,14
CITY OF BLOOMINGTON-:-PRECINCT 30,4
CITY OF BLOOMINGTON-:-PRECINCT 31,4
CITY OF BLOOMINGTON-:-PRECINCT 32,4
CITY OF BLOOMINGTON-:-PRECINCT 33,4
CITY OF BLOOMINGTON-:-PRECINCT 34,4
CITY OF BLOOMINGTON-:-PRECINCT 35,14
CITY OF BLOOMINGTON-:-PRECINCT 36,4
CITY OF BLOOMINGTON-:-PRECINCT 37,4
CITY OF BLOOMINGTON-:-PRECINCT 38,4
CITY OF BLOOMINGTON-:-PRECINCT 39,4
CITY OF BLOOMINGTON-:-PRECINCT 4,2
CITY OF BLOOMINGTON-:-PRECINCT 40,14
CITY OF BLOOMINGTON-:-PRECINCT 41,2
CITY OF BLOOMINGTON-:-PRECINCT 42,4
CITY OF BLOOMINGTON-:-PRECINCT 43,4
CITY OF BLOOMINGTON-:-PRECINCT 44,4
CITY OF BLOOMINGTON-:-PRECINCT 45,14
CITY OF BLOOMINGTON-:-PRECINCT 46,2
CITY OF BLOOMINGTON-:-PRECINCT 47,14
CITY OF BLOOMINGTON-:-PRECINCT 48,11
CITY OF BLOOMINGTON-:-PRECINCT 49,4
CITY OF BLOOMINGTON-:-PRECINCT 5,2
CITY OF BLOOMINGTON-:-PRECINCT 50,4
CITY OF BLOOMINGTON-:-PRECINCT 51,14
CITY OF BLOOMINGTON-:-PRECINCT 53,14
CITY OF BLOOMINGTON-:-PRECINCT 54,4
CITY OF BLOOMINGTON-:-PRECINCT 55,4
CITY OF BLOOMINGTON-:-PRECINCT 56,14
CITY OF BLOOMINGTON-:-PRECINCT 57,2
CITY OF BLOOMINGTON-:-PRECINCT 58,2
CITY OF BLOOMINGTON-:-PRECINCT 59,2
CITY OF BLOOMINGTON-:-PRECINCT 6,2
CITY OF BLOOMINGTON-:-PRECINCT 60,4
CITY OF BLOOMINGTON-:-PRECINCT 7,2
CITY OF BLOOMINGTON-:-PRECINCT 8,4
CITY OF BLOOMINGTON-:-PRECINCT 9,2
CITY OF CHICAGO-:-WARD 01 PRECINCT 01,1
CITY OF CHICAGO-:-WARD 01 PRECINCT 02,1
CITY OF CHICAGO-:-WARD 01 PRECINCT 03,1
CITY OF CHICAGO-:-WARD 01 PRECINCT 04,1
CITY OF CHICAGO-:-WARD 01 PRECINCT 05,1
CITY OF CHICAGO-:-WARD 01 PRECINCT 06,1
CITY OF CHICAGO-:-WARD 01 PRECINCT 07,1
CITY OF CHICAGO-:-WARD 01 PRECINCT 08,1
CITY OF CHICAGO-:-WARD 01 PRECINCT 09,1
CITY OF CHICAGO-:-WARD 01 PRECINCT 10,1
CITY OF CHICAGO-:-WARD 01 PRECINCT 11,1
CITY OF CHICAGO-:-WARD 01 PRECINCT 12,1
CITY OF CHICAGO-:-WARD 01 PRECINCT 13,1
CITY OF CHICAGO-:-WARD 01 PRECINCT 14,1
CITY OF CHICAGO-:-WARD 01 PRECINCT 15,1
CITY OF CHICAGO-:-WARD 01 PRECINCT 16,1
CITY OF CHICAGO-:-WARD 01 PRECINCT 17,1
CITY OF CHICAGO-:-WARD 01 PRECINCT 18,1
CITY OF CHICAGO-:-WARD 01 PRECINCT 19,1
CITY OF CHICAGO-:-WARD 01 PRECINCT 20,1
CITY OF CHICAGO-:-WARD 01 PRECINCT 22,1
CITY OF CHICAGO-:-WARD 01 PRECINCT 23,1
CITY OF CHICAGO-:-WARD 01 PRECINCT 24,1
CITY OF CHICAGO-:-WARD 01 PRECINCT 25,1
CITY OF CHICAGO-:-WARD 01 PRECINCT 26,1
CITY OF CHICAGO-:-WARD 02 PRECINCT 01,12
CITY OF CHICAGO-:-WARD 02 PRECINCT 02,12
CITY OF CHICAGO-:-WARD 02 PRECINCT 03,12
CITY OF CHICAGO-:-WARD 02 PRECINCT 04,12
CITY OF CHICAGO-:-WARD 02 PRECINCT 05,12
CITY OF CHICAGO-:-WARD 02 PRECINCT 06,1
CITY OF CHICAGO-:-WARD 02 PRECINCT 07,1
CITY OF CHICAGO-:-WARD 02 PRECINCT 08,1
CITY OF CHICAGO-:-WARD 02 PRECINCT 09,1
CITY OF CHICAGO-:-WARD 02 PRECINCT 10,12
CITY OF CHICAGO-:-WARD 02 PRECINCT 11,12
CITY OF CHICAGO-:-WARD 02 PRECINCT 12,12
CITY OF CHICAGO-:-WARD 02 PRECINCT 13,12
CITY OF CHICAGO-:-WARD 02 PRECINCT 14,1
CITY OF CHICAGO-:-WARD 02 PRECINCT 15,1
CITY OF CHICAGO-:-WARD 02 PRECINCT 16,1
CITY OF CHICAGO-:-WARD 02 PRECINCT 17,1
CITY OF CHICAGO-:-WARD 02 PRECINCT 18,12
CITY OF CHICAGO-:-WARD 02 PRECINCT 19,12
CITY OF CHICAGO-:-WARD 02 PRECINCT 20,1
CITY OF CHICAGO-:-WARD 02 PRECINCT 21,12
CITY OF CHICAGO-:-WARD 02 PRECINCT 22,12
CITY OF CHICAGO-:-WARD 02 PRECINCT 24,1
CITY OF CHICAGO-:-WARD 02 PRECINCT 25,1
CITY OF CHICAGO-:-WARD 03 PRECINCT 01,12
CITY OF CHICAGO-:-WARD 03 PRECINCT 03,12
CITY OF CHICAGO-:-WARD 03 PRECINCT 04,12
CITY OF CHICAGO-:-WARD 03 PRECINCT 05,12
CITY OF CHICAGO-:-WARD 03 PRECINCT 06,12
CITY OF CHICAGO-:-WARD 03 PRECINCT 08,12
CITY OF CHICAGO-:-WARD 03 PRECINCT 09,12
CITY OF CHICAGO-:-WARD 03 PRECINCT 10,12
CITY OF CHICAGO-:-WARD 03 PRECINCT 11,12
CITY OF CHICAGO-:-WARD 03 PRECINCT 12,12
CITY OF CHICAGO-:-WARD 03 PRECINCT 13,12
CITY OF CHICAGO-:-WARD 03 PRECINCT 14,12
CITY OF CHICAGO-:-WARD 03 PRECINCT 15,12
CITY OF CHICAGO-:-WARD 03 PRECINCT 16,12
CITY OF CHICAGO-:-WARD 03 PRECINCT 17,12
CITY OF CHICAGO-:-WARD 03 PRECINCT 18,12
CITY OF CHICAGO-:-WARD 03 PRECINCT 21,12
CITY OF CHICAGO-:-WARD 03 PRECINCT 23,12
CITY OF CHICAGO-:-WARD 03 PRECINCT 24,12
CITY OF CHICAGO-:-WARD 03 PRECINCT 25,12
CITY OF CHICAGO-:-WARD 03 PRECINCT 26,12
CITY OF CHICAGO-:-WARD 03 PRECINCT 27,12
CITY OF CHICAGO-:-WARD 04 PRECINCT 02,12
CITY OF CHICAGO-:-WARD 04 PRECINCT 04,12
CITY OF CHICAGO-:-WARD 04 PRECINCT 05,12
CITY OF CHICAGO-:-WARD 04 PRECINCT 06,12
CITY OF CHICAGO-:-WARD 04 PRECINCT 07,12
CITY OF CHICAGO-:-WARD 04 PRECINCT 08,12
CITY OF CHICAGO-:-WARD 04 PRECINCT 09,12
CITY OF CHICAGO-:-WARD 04 PRECINCT 10,12
CITY OF CHICAGO-:-WARD 04 PRECINCT 11,12
CITY OF CHICAGO-:-WARD 04 PRECINCT 12,12
CITY OF CHICAGO-:-WARD 04 PRECINCT 13,12
CITY OF CHICAGO-:-WARD 04 PRECINCT 14,12
CITY OF CHICAGO-:-WARD 04 PRECINCT 15,12
CITY OF CHICAGO-:-WARD 04 PRECINCT 16,12
CITY OF CHICAGO-:-WARD 04 PRECINCT 17,12
CITY OF CHICAGO-:-WARD 04 PRECINCT 18,12
CITY OF CHICAGO-:-WARD 04 PRECINCT 19,12
CITY OF CHICAGO-:-WARD 04 PRECINCT 20,12
CITY OF CHICAGO-:-WARD 04 PRECINCT 21,12
CITY OF CHICAGO-:-WARD 04 PRECINCT 22,12
CITY OF CHICAGO-:-WARD 04 PRECINCT 23,12
CITY OF CHICAGO-:-WARD 04 PRECINCT 25,12
CITY OF CHICAGO-:-WARD 04 PRECINCT 26,12
CITY OF CHICAGO-:-WARD 04 PRECINCT 27,12
CITY OF CHICAGO-:-WARD 04 PRECINCT 28,12
CITY OF CHICAGO-:-WARD 05 PRECINCT 02,12
CITY OF CHICAGO-:-WARD 05 PRECINCT 03,12
CITY OF CHICAGO-:-WARD 05 PRECINCT 04,12
CITY OF CHICAGO-:-WARD 05 PRECINCT 05,12
CITY OF CHICAGO-:-WARD 05 PRECINCT 06,12
CITY OF CHICAGO-:-WARD 05 PRECINCT 07,12
CITY OF CHICAGO-:-WARD 05 PRECINCT 08,12
CITY OF CHICAGO-:-WARD 05 PRECINCT 10,12
CITY OF CHICAGO-:-WARD 05 PRECINCT 11,12
CITY OF CHICAGO-:-WARD 05 PRECINCT 12,12
CITY OF CHICAGO-:-WARD 05 PRECINCT 13,12
CITY OF CHICAGO-:-WARD 05 PRECINCT 14,12
CITY OF CHICAGO-:-WARD 05 PRECINCT 16,12
CITY OF CHICAGO-:-WARD 05 PRECINCT 17,12
CITY OF CHICAGO-:-WARD 05 PRECINCT 18,12
CITY OF CHICAGO-:-WARD 05 PRECINCT 19,12
CITY OF CHICAGO-:-WARD 05 PRECINCT 20,12
CITY OF CHICAGO-:-WARD 05 PRECINCT 21,12
CITY OF CHICAGO-:-WARD 05 PRECINCT 22,12
CITY OF CHICAGO-:-WARD 05 PRECINCT 23,12
CITY OF CHICAGO-:-WARD 05 PRECINCT 24,12
CITY OF CHICAGO-:-WARD 05 PRECINCT 25,12
CITY OF CHICAGO-:-WARD 06 PRECINCT 01,12
CITY OF CHICAGO-:-WARD 06 PRECINCT 02,12
CITY OF CHICAGO-:-WARD 06 PRECINCT 03,12
CITY OF CHICAGO-:-WARD 06 PRECINCT 04,12
CITY OF CHICAGO-:-WARD 06 PRECINCT 05,12
CITY OF CHICAGO-:-WARD 06 PRECINCT 06,12
CITY OF CHICAGO-:-WARD 06 PRECINCT 07,12
CITY OF CHICAGO-:-WARD 06 PRECINCT 08,12
CITY OF CHICAGO-:-WARD 06 PRECINCT 09,12
CITY OF CHICAGO-:-WARD 06 PRECINCT 10,12
CITY OF CHICAGO-:-WARD 06 PRECINCT 11,12
CITY OF CHICAGO-:-WARD 06 PRECINCT 12,12
CITY OF CHICAGO-:-WARD 06 PRECINCT 13,12
CITY OF CHICAGO-:-WARD 06 PRECINCT 14,12
CITY OF CHICAGO-:-WARD 06 PRECINCT 15,12
CITY OF CHICAGO-:-WARD 06 PRECINCT 16,12
CITY OF CHICAGO-:-WARD 06 PRECINCT 17,12
CITY OF CHICAGO-:-WARD 06 PRECINCT 18,12
CITY OF CHICAGO-:-WARD 06 PRECINCT 19,12
CITY OF CHICAGO-:-WARD 06 PRECINCT 20,3
CITY OF CHICAGO-:-WARD 06 PRECINCT 21,12
CITY OF CHICAGO-:-WARD 06 PRECINCT 22,12
CITY OF CHICAGO-:-WARD 06 PRECINCT 23,12
CITY OF CHICAGO-:-WARD 06 PRECINCT 24,3
CITY OF CHICAGO-:-WARD 06 PRECINCT 25,3
CITY OF CHICAGO-:-WARD 06 PRECINCT 26,3
CITY OF CHICAGO-:-WARD 06 PRECINCT 27,3
CITY OF CHICAGO-:-WARD 07 PRECINCT 01,12
CITY OF CHICAGO-:-WARD 07 PRECINCT 03,12
CITY OF CHICAGO-:-WARD 07 PRECINCT 04,12
CITY OF CHICAGO-:-WARD 07 PRECINCT 05,12
CITY OF CHICAGO-:-WARD 07 PRECINCT 06,12
CITY OF CHICAGO-:-WARD 07 PRECINCT 07,12
CITY OF CHICAGO-:-WARD 07 PRECINCT 08,12
CITY OF CHICAGO-:-WARD 07 PRECINCT 09,12
CITY OF CHICAGO-:-WARD 07 PRECINCT 11,12
CITY OF CHICAGO-:-WARD 07 PRECINCT 14,12
CITY OF CHICAGO-:-WARD 07 PRECINCT 15,12
CITY OF CHICAGO-:-WARD 07 PRECINCT 18,12
CITY OF CHICAGO-:-WARD 07 PRECINCT 19,12
CITY OF CHICAGO-:-WARD 07 PRECINCT 20,12
CITY OF CHICAGO-:-WARD 07 PRECINCT 21,12
CITY OF CHICAGO-:-WARD 07 PRECINCT 22,12
CITY OF CHICAGO-:-WARD 07 PRECINCT 23,12
CITY OF CHICAGO-:-WARD 07 PRECINCT 24,12
CITY OF CHICAGO-:-WARD 07 PRECINCT 25,12
CITY OF CHICAGO-:-WARD 07 PRECINCT 26,12
CITY OF CHICAGO-:-WARD 07 PRECINCT 27,12
CITY OF CHICAGO-:-WARD 07 PRECINCT 28,12
CITY OF CHICAGO-:-WARD 07 PRECINCT 29,12
CITY OF CHICAGO-:-WARD 07 PRECINCT 30,12
CITY OF CHICAGO-:-WARD 07 PRECINCT 31,12
CITY OF CHICAGO-:-WARD 08 PRECINCT 01,12
CITY OF CHICAGO-:-WARD 08 PRECINCT 02,12
CITY OF CHICAGO-:-WARD 08 PRECINCT 03,12
CITY OF CHICAGO-:-WARD 08 PRECINCT 04,12
CITY OF CHICAGO-:-WARD 08 PRECINCT 05,12
CITY OF CHICAGO-:-WARD 08 PRECINCT 06,12
CITY OF CHICAGO-:-WARD 08 PRECINCT 07,12
CITY OF CHICAGO-:-WARD 08 PRECINCT 08,3
CITY OF CHICAGO-:-WARD 08 PRECINCT 09,12
CITY OF CHICAGO-:-WARD 08 PRECINCT 10,12
CITY OF CHICAGO-:-WARD 08 PRECINCT 11,12
CITY OF CHICAGO-:-WARD 08 PRECINCT 12,12
CITY OF CHICAGO-:-WARD 08 PRECINCT 13,12
CITY OF CHICAGO-:-WARD 08 PRECINCT 14,12
CITY OF CHICAGO-:-WARD 08 PRECINCT 15,12
CITY OF CHICAGO-:-WARD 08 PRECINCT 16,12
CITY OF CHICAGO-:-WARD 08 PRECINCT 17,12
CITY OF CHICAGO-:-WARD 08 PRECINCT 18,3
CITY OF CHICAGO-:-WARD 08 PRECINCT 19,12
CITY OF CHICAGO-:-WARD 08 PRECINCT 20,12
CITY OF CHICAGO-:-WARD 08 PRECINCT 21,12
CITY OF CHICAGO-:-WARD 08 PRECINCT 22,12
CITY OF CHICAGO-:-WARD 08 PRECINCT 23,3
CITY OF CHICAGO-:-WARD 08 PRECINCT 24,3
CITY OF CHICAGO-:-WARD 08 PRECINCT 25,12
CITY OF CHICAGO-:-WARD 08 PRECINCT 26,12
CITY OF CHICAGO-:-WARD 08 PRECINCT 27,12
CITY OF CHICAGO-:-WARD 08 PRECINCT 28,12
CITY OF CHICAGO-:-WARD 08 PRECINCT 29,12
CITY OF CHICAGO-:-WARD 08 PRECINCT 30,12
CITY OF CHICAGO-:-WARD 09 PRECINCT 01,3
CITY OF CHICAGO-:-WARD 09 PRECINCT 02,12
CITY OF CHICAGO-:-WARD 09 PRECINCT 03,12
CITY OF CHICAGO-:-WARD 09 PRECINCT 04,3
CITY OF CHICAGO-:-WARD 09 PRECINCT 05,3
CITY OF CHICAGO-:-WARD 09 PRECINCT 06,3
CITY OF CHICAGO-:-WARD 09 PRECINCT 07,12
CITY OF CHICAGO-:-WARD 09 PRECINCT 09,12
CITY OF CHICAGO-:-WARD 09 PRECINCT 10,3
CITY OF CHICAGO-:-WARD 09 PRECINCT 11,12
CITY OF CHICAGO-:-WARD 09 PRECINCT 12,3
CITY OF CHICAGO-:-WARD 09 PRECINCT 13,3
CITY OF CHICAGO-:-WARD 09 PRECINCT 14,12
CITY OF CHICAGO-:-WARD 09 PRECINCT 15,12
CITY OF CHICAGO-:-WARD 09 PRECINCT 16,12
CITY OF CHICAGO-:-WARD 09 PRECINCT 17,12
CITY OF CHICAGO-:-WARD 09 PRECINCT 18,12
CITY OF CHICAGO-:-WARD 09 PRECINCT 19,12
CITY OF CHICAGO-:-WARD 09 PRECINCT 20,12
CITY OF CHICAGO-:-WARD 09 PRECINCT 21,12
CITY OF CHICAGO-:-WARD 09 PRECINCT 22,12
CITY OF CHICAGO-:-WARD 09 PRECINCT 23,12
CITY OF CHICAGO-:-WARD 09 PRECINCT 24,12
CITY OF CHICAGO-:-WARD 09 PRECINCT 25,12
CITY OF CHICAGO-:-WARD 09 PRECINCT 26,12
CITY OF CHICAGO-:-WARD 09 PRECINCT 27,12
CITY OF CHICAGO-:-WARD 09 PRECINCT 28,12
CITY OF CHICAGO-:-WARD 09 PRECINCT 29,12
CITY OF CHICAGO-:-WARD 09 PRECINCT 30,12
CITY OF CHICAGO-:-WARD 10 PRECINCT 01,12
CITY OF CHICAGO-:-WARD 10 PRECINCT 02,12
CITY OF CHICAGO-:-WARD 10 PRECINCT 03,12
CITY OF CHICAGO-:-WARD 10 PRECINCT 04,12
CITY OF CHICAGO-:-WARD 10 PRECINCT 05,12
CITY OF CHICAGO-:-WARD 10 PRECINCT 06,12
CITY OF CHICAGO-:-WARD 10 PRECINCT 07,12
CITY OF CHICAGO-:-WARD 10 PRECINCT 08,12
CITY OF CHICAGO-:-WARD 10 PRECINCT 09,12
CITY OF CHICAGO-:-WARD 10 PRECINCT 10,12
CITY OF CHICAGO-:-WARD 10 PRECINCT 11,12
CITY OF CHICAGO-:-WARD 10 PRECINCT 12,12
CITY OF CHICAGO-:-WARD 10 PRECINCT 13,12
CITY OF CHICAGO-:-WARD 10 PRECINCT 14,12
CITY OF CHICAGO-:-WARD 10 PRECINCT 15,12
CITY OF CHICAGO-:-WARD 10 PRECINCT 16,12
CITY OF CHICAGO-:-WARD 10 PRECINCT 17,12
CITY OF CHICAGO-:-WARD 10 PRECINCT 18,12
CITY OF CHICAGO-:-WARD 10 PRECINCT 19,12
CITY OF CHICAGO-:-WARD 10 PRECINCT 20,12
CITY OF CHICAGO-:-WARD 10 PRECINCT 21,12
CITY OF CHICAGO-:-WARD 10 PRECINCT 22,12
CITY OF CHICAGO-:-WARD 10 PRECINCT 23,12
CITY OF CHICAGO-:-WARD 10 PRECINCT 24,12
CITY OF CHICAGO-:-WARD 10 PRECINCT 25,12
CITY OF CHICAGO-:-WARD 11 PRECINCT 01,12
CITY OF CHICAGO-:-WARD 11 PRECINCT 02,12
CITY OF CHICAGO-:-WARD 11 PRECINCT 03,3
CITY OF CHICAGO-:-WARD 11 PRECINCT 04,3
CITY OF CHICAGO-:-WARD 11 PRECINCT 05,3
CITY OF CHICAGO-:-WARD 11 PRECINCT 06,3
CITY OF CHICAGO-:-WARD 11 PRECINCT 07,12
CITY OF CHICAGO-:-WARD 11 PRECINCT 08,12
CITY OF CHICAGO-:-WARD 11 PRECINCT 09,3
CITY OF CHICAGO-:-WARD 11 PRECINCT 10,12
CITY OF CHICAGO-:-WARD 11 PRECINCT 11,12
CITY OF CHICAGO-:-WARD 11 PRECINCT 12,12
CITY OF CHICAGO-:-WARD 11 PRECINCT 13,12
CITY OF CHICAGO-:-WARD 11 PRECINCT 14,3
CITY OF CHICAGO-:-WARD 11 PRECINCT 15,3
CITY OF CHICAGO-:-WARD 11 PRECINCT 16,3
CITY OF CHICAGO-:-WARD 11 PRECINCT 17,3
CITY OF CHICAGO-:-WARD 11 PRECINCT 18,3
CITY OF CHICAGO-:-WARD 11 PRECINCT 19,3
CITY OF CHICAGO-:-WARD 11 PRECINCT 20,3
CITY OF CHICAGO-:-WARD 11 PRECINCT 21,3
CITY OF CHICAGO-:-WARD 11 PRECINCT 22,12
CITY OF CHICAGO-:-WARD 11 PRECINCT 23,12
CITY OF CHICAGO-:-WARD 12 PRECINCT 01,3
CITY OF CHICAGO-:-WARD 12 PRECINCT 02,3
CITY OF CHICAGO-:-WARD 12 PRECINCT 03,3
CITY OF CHICAGO-:-WARD 12 PRECINCT 04,3
CITY OF CHICAGO-:-WARD 12 PRECINCT 05,3
CITY OF CHICAGO-:-WARD 12 PRECINCT 06,3
CITY OF CHICAGO-:-WARD 12 PRECINCT 07,3
CITY OF CHICAGO-:-WARD 12 PRECINCT 08,3
CITY OF CHICAGO-:-WARD 12 PRECINCT 09,3
CITY OF CHICAGO-:-WARD 12 PRECINCT 10,3
CITY OF CHICAGO-:-WARD 12 PRECINCT 11,3
CITY OF CHICAGO-:-WARD 12 PRECINCT 12,3
CITY OF CHICAGO-:-WARD 12 PRECINCT 13,3
CITY OF CHICAGO-:-WARD 12 PRECINCT 14,3
CITY OF CHICAGO-:-WARD 12 PRECINCT 15,3
CITY OF CHICAGO-:-WARD 12 PRECINCT 16,3
CITY OF CHICAGO-:-WARD 12 PRECINCT 17,3
CITY OF CHICAGO-:-WARD 12 PRECINCT 18,3
CITY OF CHICAGO-:-WARD 12 PRECINCT 19,3
CITY OF CHICAGO-:-WARD 12 PRECINCT 20,3
CITY OF CHICAGO-:-WARD 12 PRECINCT 21,3
CITY OF CHICAGO-:-WARD 12 PRECINCT 22,3
CITY OF CHICAGO-:-WARD 13 PRECINCT 01,3
CITY OF CHICAGO-:-WARD 13 PRECINCT 02,3
CITY OF CHICAGO-:-WARD 13 PRECINCT 03,3
CITY OF CHICAGO-:-WARD 13 PRECINCT 04,3
CITY OF CHICAGO-:-WARD 13 PRECINCT 05,3
CITY OF CHICAGO-:-WARD 13 PRECINCT 06,3
CITY OF CHICAGO-:-WARD 13 PRECINCT 07,3
CITY OF CHICAGO-:-WARD 13 PRECINCT 08,3
CITY OF CHICAGO-:-WARD 13 PRECINCT 09,3
CITY OF CHICAGO-:-WARD 13 PRECINCT 10,3
CITY OF CHICAGO-:-WARD 13 PRECINCT 11,3
CITY OF CHICAGO-:-WARD 13 PRECINCT 12,12
CITY OF CHICAGO-:-WARD 13 PRECINCT 13,3
CITY OF CHICAGO-:-WARD 13 PRECINCT 14,3
CITY OF CHICAGO-:-WARD 13 PRECINCT 15,3
CITY OF CHICAGO-:-WARD 13 PRECINCT 16,3
CITY OF CHICAGO-:-WARD 13 PRECINCT 17,3
CITY OF CHICAGO-:-WARD 13 PRECINCT 18,12
CITY OF CHICAGO-:-WARD 13 PRECINCT 19,3
CITY OF CHICAGO-:-WARD 13 PRECINCT 20,3
CITY OF CHICAGO-:-WARD 13 PRECINCT 21,3
CITY OF CHICAGO-:-WARD 13 PRECINCT 22,3
CITY OF CHICAGO-:-WARD 13 PRECINCT 23,3
CITY OF CHICAGO-:-WARD 13 PRECINCT 24,3
CITY OF CHICAGO-:-WARD 13 PRECINCT 25,12
CITY OF CHICAGO-:-WARD 13 PRECINCT 26,3
CITY OF CHICAGO-:-WARD 13 PRECINCT 27,12
CITY OF CHICAGO-:-WARD 13 PRECINCT 28,12
CITY OF CHICAGO-:-WARD 13 PRECINCT 29,12
CITY OF CHICAGO-:-WARD 13 PRECINCT 30,3
CITY OF CHICAGO-:-WARD 13 PRECINCT 31,3
CITY OF CHICAGO-:-WARD 13 PRECINCT 32,3
CITY OF CHICAGO-:-WARD 13 PRECINCT 33,3
CITY OF CHICAGO-:-WARD 13 PRECINCT 34,3
CITY OF CHICAGO-:-WARD 13 PRECINCT 35,3
CITY OF CHICAGO-:-WARD 13 PRECINCT 36,12
CITY OF CHICAGO-:-WARD 13 PRECINCT 37,3
CITY OF CHICAGO-:-WARD 13 PRECINCT 38,3
CITY OF CHICAGO-:-WARD 13 PRECINCT 39,3
CITY OF CHICAGO-:-WARD 13 PRECINCT 40,3
CITY OF CHICAGO-:-WARD 14 PRECINCT 02,3
CITY OF CHICAGO-:-WARD 14 PRECINCT 03,12
CITY OF CHICAGO-:-WARD 14 PRECINCT 04,12
CITY OF CHICAGO-:-WARD 14 PRECINCT 05,12
CITY OF CHICAGO-:-WARD 14 PRECINCT 06,3
CITY OF CHICAGO-:-WARD 14 PRECINCT 07,3
CITY OF CHICAGO-:-WARD 14 PRECINCT 08,3
CITY OF CHICAGO-:-WARD 14 PRECINCT 09,12
CITY OF CHICAGO-:-WARD 14 PRECINCT 10,3
CITY OF CHICAGO-:-WARD 14 PRECINCT 11,12
CITY OF CHICAGO-:-WARD 14 PRECINCT 12,12
CITY OF CHICAGO-:-WARD 14 PRECINCT 13,3
CITY OF CHICAGO-:-WARD 14 PRECINCT 14,12
CITY OF CHICAGO-:-WARD 14 PRECINCT 15,12
CITY OF CHICAGO-:-WARD 15 PRECINCT 01,12
CITY OF CHICAGO-:-WARD 15 PRECINCT 02,12
CITY OF CHICAGO-:-WARD 15 PRECINCT 03,12
CITY OF CHICAGO-:-WARD 15 PRECINCT 04,12
CITY OF CHICAGO-:-WARD 15 PRECINCT 05,3
CITY OF CHICAGO-:-WARD 15 PRECINCT 06,3
CITY OF CHICAGO-:-WARD 15 PRECINCT 07,3
CITY OF CHICAGO-:-WARD 15 PRECINCT 08,3
CITY OF CHICAGO-:-WARD 15 PRECINCT 09,12
CITY OF CHICAGO-:-WARD 15 PRECINCT 11,12
CITY OF CHICAGO-:-WARD 15 PRECINCT 12,12
CITY OF CHICAGO-:-WARD 15 PRECINCT 13,12
CITY OF CHICAGO-:-WARD 15 PRECINCT 14,12
CITY OF CHICAGO-:-WARD 15 PRECINCT 15,12
CITY OF CHICAGO-:-WARD 15 PRECINCT 16,12
CITY OF CHICAGO-:-WARD 15 PRECINCT 17,12
CITY OF CHICAGO-:-WARD 15 PRECINCT 18,12
CITY OF CHICAGO-:-WARD 15 PRECINCT 19,12
CITY OF CHICAGO-:-WARD 15 PRECINCT 20,3
CITY OF CHICAGO-:-WARD 16 PRECINCT 01,12
CITY OF CHICAGO-:-WARD 16 PRECINCT 02,12
CITY OF CHICAGO-:-WARD 16 PRECINCT 03,12
CITY OF CHICAGO-:-WARD 16 PRECINCT 04,12
CITY OF CHICAGO-:-WARD 16 PRECINCT 05,12
CITY OF CHICAGO-:-WARD 16 PRECINCT 06,12
CITY OF CHICAGO-:-WARD 16 PRECINCT 08,12
CITY OF CHICAGO-:-WARD 16 PRECINCT 09,12
CITY OF CHICAGO-:-WARD 16 PRECINCT 10,12
CITY OF CHICAGO-:-WARD 16 PRECINCT 11,12
CITY OF CHICAGO-:-WARD 16 PRECINCT 12,12
CITY OF CHICAGO-:-WARD 16 PRECINCT 13,12
CITY OF CHICAGO-:-WARD 16 PRECINCT 14,12
CITY OF CHICAGO-:-WARD 16 PRECINCT 15,12
CITY OF CHICAGO-:-WARD 16 PRECINCT 16,12
CITY OF CHICAGO-:-WARD 16 PRECINCT 17,12
CITY OF CHICAGO-:-WARD 16 PRECINCT 18,12
CITY OF CHICAGO-:-WARD 16 PRECINCT 19,12
CITY OF CHICAGO-:-WARD 16 PRECINCT 21,12
CITY OF CHICAGO-:-WARD 16 PRECINCT 22,12
CITY OF CHICAGO-:-WARD 16 PRECINCT 24,12
CITY OF CHICAGO-:-WARD 16 PRECINCT 25,12
CITY OF CHICAGO-:-WARD 17 PRECINCT 01,3
CITY OF CHICAGO-:-WARD 17 PRECINCT 03,12
CITY OF CHICAGO-:-WARD 17 PRECINCT 04,12
CITY OF CHICAGO-:-WARD 17 PRECINCT 05,12
CITY OF CHICAGO-:-WARD 17 PRECINCT 06,12
CITY OF CHICAGO-:-WARD 17 PRECINCT 07,12
CITY OF CHICAGO-:-WARD 17 PRECINCT 08,12
CITY OF CHICAGO-:-WARD 17 PRECINCT 09,12
CITY OF CHICAGO-:-WARD 17 PRECINCT 10,12
CITY OF CHICAGO-:-WARD 17 PRECINCT 11,12
CITY OF CHICAGO-:-WARD 17 PRECINCT 12,12
CITY OF CHICAGO-:-WARD 17 PRECINCT 13,12
CITY OF CHICAGO-:-WARD 17 PRECINCT 15,12
CITY OF CHICAGO-:-WARD 17 PRECINCT 16,12
CITY OF CHICAGO-:-WARD 17 PRECINCT 17,12
CITY OF CHICAGO-:-WARD 17 PRECINCT 18,12
CITY OF CHICAGO-:-WARD 17 PRECINCT 19,12
CITY OF CHICAGO-:-WARD 17 PRECINCT 20,12
CITY OF CHICAGO-:-WARD 17 PRECINCT 21,12
CITY OF CHICAGO-:-WARD 17 PRECINCT 22,12
CITY OF CHICAGO-:-WARD 17 PRECINCT 23,12
CITY OF CHICAGO-:-WARD 17 PRECINCT 24,12
CITY OF CHICAGO-:-WARD 17 PRECINCT 25,12
CITY OF CHICAGO-:-WARD 17 PRECINCT 26,12
CITY OF CHICAGO-:-WARD 17 PRECINCT 27,12
CITY OF CHICAGO-:-WARD 17 PRECINCT 28,12
CITY OF CHICAGO-:-WARD 17 PRECINCT 29,12
CITY OF CHICAGO-:-WARD 18 PRECINCT 01,12
CITY OF CHICAGO-:-WARD 18 PRECINCT 02,3
CITY OF CHICAGO-:-WARD 18 PRECINCT 03,3
CITY OF CHICAGO-:-WARD 18 PRECINCT 04,3
CITY OF CHICAGO-:-WARD 18 PRECINCT 05,3
CITY OF CHICAGO-:-WARD 18 PRECINCT 06,3
CITY OF CHICAGO-:-WARD 18 PRECINCT 07,3
CITY OF CHICAGO-:-WARD 18 PRECINCT 08,3
CITY OF CHICAGO-:-WARD 18 PRECINCT 09,3
CITY OF CHICAGO-:-WARD 18 PRECINCT 10,3
CITY OF CHICAGO-:-WARD 18 PRECINCT 11,12
CITY OF CHICAGO-:-WARD 18 PRECINCT 12,3
CITY OF CHICAGO-:-WARD 18 PRECINCT 13,3
CITY OF CHICAGO-:-WARD 18 PRECINCT 14,12
CITY OF CHICAGO-:-WARD 18 PRECINCT 15,12
CITY OF CHICAGO-:-WARD 18 PRECINCT 16,12
CITY OF CHICAGO-:-WARD 18 PRECINCT 17,3
CITY OF CHICAGO-:-WARD 18 PRECINCT 19,3
CITY OF CHICAGO-:-WARD 18 PRECINCT 20,3
CITY OF CHICAGO-:-WARD 18 PRECINCT 21,3
CITY OF CHICAGO-:-WARD 18 PRECINCT 22,3
CITY OF CHICAGO-:-WARD 18 PRECINCT 23,3
CITY OF CHICAGO-:-WARD 18 PRECINCT 24,3
CITY OF CHICAGO-:-WARD 18 PRECINCT 25,3
CITY OF CHICAGO-:-WARD 18 PRECINCT 26,3
CITY OF CHICAGO-:-WARD 19 PRECINCT 01,3
CITY OF CHICAGO-:-WARD 19 PRECINCT 02,3
CITY OF CHICAGO-:-WARD 19 PRECINCT 03,3
CITY OF CHICAGO-:-WARD 19 PRECINCT 04,3
CITY OF CHICAGO-:-WARD 19 PRECINCT 05,3
CITY OF CHICAGO-:-WARD 19 PRECINCT 06,3
CITY OF CHICAGO-:-WARD 19 PRECINCT 07,3
CITY OF CHICAGO-:-WARD 19 PRECINCT 08,3
CITY OF CHICAGO-:-WARD 19 PRECINCT 09,3
CITY OF CHICAGO-:-WARD 19 PRECINCT 12,3
CITY OF CHICAGO-:-WARD 19 PRECINCT 13,3
CITY OF CHICAGO-:-WARD 19 PRECINCT 14,3
CITY OF CHICAGO-:-WARD 19 PRECINCT 15,3
CITY OF CHICAGO-:-WARD 19 PRECINCT 16,3
CITY OF CHICAGO-:-WARD 19 PRECINCT 17,3
CITY OF CHICAGO-:-WARD 19 PRECINCT 18,3
CITY OF CHICAGO-:-WARD 19 PRECINCT 20,3
CITY OF CHICAGO-:-WARD 19 PRECINCT 21,3
CITY OF CHICAGO-:-WARD 19 PRECINCT 22,3
CITY OF CHICAGO-:-WARD 19 PRECINCT 23,3
CITY OF CHICAGO-:-WARD 19 PRECINCT 24,3
CITY OF CHICAGO-:-WARD 19 PRECINCT 27,3
CITY OF CHICAGO-:-WARD 19 PRECINCT 28,3
CITY OF CHICAGO-:-WARD 19 PRECINCT 29,3
CITY OF CHICAGO-:-WARD 19 PRECINCT 30,3
CITY OF CHICAGO-:-WARD 19 PRECINCT 32,3
CITY OF CHICAGO-:-WARD 19 PRECINCT 33,3
CITY OF CHICAGO-:-WARD 19 PRECINCT 34,3
CITY OF CHICAGO-:-WARD 19 PRECINCT 35,3
CITY OF CHICAGO-:-WARD 20 PRECINCT 02,12
CITY OF CHICAGO-:-WARD 20 PRECINCT 04,12
CITY OF CHICAGO-:-WARD 20 PRECINCT 06,12
CITY OF CHICAGO-:-WARD 20 PRECINCT 07,12
CITY OF CHICAGO-:-WARD 20 PRECINCT 09,12
CITY OF CHICAGO-:-WARD 20 PRECINCT 10,12
CITY OF CHICAGO-:-WARD 20 PRECINCT 11,12
CITY OF CHICAGO-:-WARD 20 PRECINCT 12,12
CITY OF CHICAGO-:-WARD 20 PRECINCT 13,12
CITY OF CHICAGO-:-WARD 20 PRECINCT 15,12
CITY OF CHICAGO-:-WARD 20 PRECINCT 16,12
CITY OF CHICAGO-:-WARD 20 PRECINCT 17,12
CITY OF CHICAGO-:-WARD 20 PRECINCT 18,12
CITY OF CHICAGO-:-WARD 20 PRECINCT 19,12
CITY OF CHICAGO-:-WARD 20 PRECINCT 20,12
CITY OF CHICAGO-:-WARD 20 PRECINCT 21,12
CITY OF CHICAGO-:-WARD 20 PRECINCT 22,12
CITY OF CHICAGO-:-WARD 20 PRECINCT 23,12
CITY OF CHICAGO-:-WARD 21 PRECINCT 01,12
CITY OF CHICAGO-:-WARD 21 PRECINCT 02,12
CITY OF CHICAGO-:-WARD 21 PRECINCT 03,12
CITY OF CHICAGO-:-WARD 21 PRECINCT 04,12
CITY OF CHICAGO-:-WARD 21 PRECINCT 05,12
CITY OF CHICAGO-:-WARD 21 PRECINCT 06,12
CITY OF CHICAGO-:-WARD 21 PRECINCT 07,12
CITY OF CHICAGO-:-WARD 21 PRECINCT 08,3
CITY OF CHICAGO-:-WARD 21 PRECINCT 09,12
CITY OF CHICAGO-:-WARD 21 PRECINCT 10,3
CITY OF CHICAGO-:-WARD 21 PRECINCT 11,3
CITY OF CHICAGO-:-WARD 21 PRECINCT 12,12
CITY OF CHICAGO-:-WARD 21 PRECINCT 13,12
CITY OF CHICAGO-:-WARD 21 PRECINCT 14,3
CITY OF CHICAGO-:-WARD 21 PRECINCT 15,3
CITY OF CHICAGO-:-WARD 21 PRECINCT 16,12
CITY OF CHICAGO-:-WARD 21 PRECINCT 17,3
CITY OF CHICAGO-:-WARD 21 PRECINCT 18,3
CITY OF CHICAGO-:-WARD 21 PRECINCT 19,3
CITY OF CHICAGO-:-WARD 21 PRECINCT 20,3
CITY OF CHICAGO-:-WARD 21 PRECINCT 21,3
CITY OF CHICAGO-:-WARD 21 PRECINCT 22,3
CITY OF CHICAGO-:-WARD 21 PRECINCT 23,12
CITY OF CHICAGO-:-WARD 21 PRECINCT 24,12
CITY OF CHICAGO-:-WARD 21 PRECINCT 25,12
CITY OF CHICAGO-:-WARD 21 PRECINCT 26,12
CITY OF CHICAGO-:-WARD 21 PRECINCT 27,12
CITY OF CHICAGO-:-WARD 21 PRECINCT 28,3
CITY OF CHICAGO-:-WARD 21 PRECINCT 29,3
CITY OF CHICAGO-:-WARD 22 PRECINCT 01,3
CITY OF CHICAGO-:-WARD 22 PRECINCT 03,3
CITY OF CHICAGO-:-WARD 22 PRECINCT 04,3
CITY OF CHICAGO-:-WARD 22 PRECINCT 05,3
CITY OF CHICAGO-:-WARD 22 PRECINCT 06,3
CITY OF CHICAGO-:-WARD 22 PRECINCT 07,3
CITY OF CHICAGO-:-WARD 22 PRECINCT 08,3
CITY OF CHICAGO-:-WARD 22 PRECINCT 09,3
CITY OF CHICAGO-:-WARD 22 PRECINCT 10,3
CITY OF CHICAGO-:-WARD 22 PRECINCT 11,3
CITY OF CHICAGO-:-WARD 22 PRECINCT 12,3
CITY OF CHICAGO-:-WARD 22 PRECINCT 13,3
CITY OF CHICAGO-:-WARD 22 PRECINCT 14,3
CITY OF CHICAGO-:-WARD 22 PRECINCT 15,3
CITY OF CHICAGO-:-WARD 22 PRECINCT 16,3
CITY OF CHICAGO-:-WARD 22 PRECINCT 17,3
CITY OF CHICAGO-:-WARD 22 PRECINCT 18,3
CITY OF CHICAGO-:-WARD 22 PRECINCT 19,3
CITY OF CHICAGO-:-WARD 23 PRECINCT 01,3
CITY OF CHICAGO-:-WARD 23 PRECINCT 02,3
CITY OF CHICAGO-:-WARD 23 PRECINCT 03,3
CITY OF CHICAGO-:-WARD 23 PRECINCT 04,3
CITY OF CHICAGO-:-WARD 23 PRECINCT 05,3
CITY OF CHICAGO-:-WARD 23 PRECINCT 06,3
CITY OF CHICAGO-:-WARD 23 PRECINCT 07,3
CITY OF CHICAGO-:-WARD 23 PRECINCT 08,3
CITY OF CHICAGO-:-WARD 23 PRECINCT 09,3
CITY OF CHICAGO-:-WARD 23 PRECINCT 10,3
CITY OF CHICAGO-:-WARD 23 PRECINCT 11,3
CITY OF CHICAGO-:-WARD 23 PRECINCT 12,3
CITY OF CHICAGO-:-WARD 23 PRECINCT 13,3
CITY OF CHICAGO-:-WARD 23 PRECINCT 14,3
CITY OF CHICAGO-:-WARD 23 PRECINCT 15,3
CITY OF CHICAGO-:-WARD 23 PRECINCT 16,3
CITY OF CHICAGO-:-WARD 23 PRECINCT 17,3
CITY OF CHICAGO-:-WARD 23 PRECINCT 18,3
CITY OF CHICAGO-:-WARD 23 PRECINCT 19,12
CITY OF CHICAGO-:-WARD 23 PRECINCT 20,3
CITY OF CHICAGO-:-WARD 23 PRECINCT 21,12
CITY OF CHICAGO-:-WARD 23 PRECINCT 22,3
CITY OF CHICAGO-:-WARD 23 PRECINCT 23,12
CITY OF CHICAGO-:-WARD 23 PRECINCT 24,3
CITY OF CHICAGO-:-WARD 23 PRECINCT 25,3
CITY OF CHICAGO-:-WARD 23 PRECINCT 26,12
CITY OF CHICAGO-:-WARD 23 PRECINCT 27,12
CITY OF CHICAGO-:-WARD 23 PRECINCT 28,3
CITY OF CHICAGO-:-WARD 23 PRECINCT 29,3
CITY OF CHICAGO-:-WARD 23 PRECINCT 30,3
CITY OF CHICAGO-:-WARD 23 PRECINCT 31,3
CITY OF CHICAGO-:-WARD 23 PRECINCT 32,3
CITY OF CHICAGO-:-WARD 23 PRECINCT 33,3
CITY OF CHICAGO-:-WARD 24 PRECINCT 01,3
CITY OF CHICAGO-:-WARD 24 PRECINCT 02,3
CITY OF CHICAGO-:-WARD 24 PRECINCT 03,3
CITY OF CHICAGO-:-WARD 24 PRECINCT 04,3
CITY OF CHICAGO-:-WARD 24 PRECINCT 05,3
CITY OF CHICAGO-:-WARD 24 PRECINCT 06,3
CITY OF CHICAGO-:-WARD 24 PRECINCT 07,3
CITY OF CHICAGO-:-WARD 24 PRECINCT 08,3
CITY OF CHICAGO-:-WARD 24 PRECINCT 09,3
CITY OF CHICAGO-:-WARD 24 PRECINCT 10,3
CITY OF CHICAGO-:-WARD 24 PRECINCT 11,3
CITY OF CHICAGO-:-WARD 24 PRECINCT 12,3
CITY OF CHICAGO-:-WARD 24 PRECINCT 13,3
CITY OF CHICAGO-:-WARD 24 PRECINCT 14,3
CITY OF CHICAGO-:-WARD 24 PRECINCT 15,3
CITY OF CHICAGO-:-WARD 24 PRECINCT 16,3
CITY OF CHICAGO-:-WARD 24 PRECINCT 17,3
CITY OF CHICAGO-:-WARD 24 PRECINCT 19,3
CITY OF CHICAGO-:-WARD 24 PRECINCT 20,3
CITY OF CHICAGO-:-WARD 25 PRECINCT 01,3
CITY OF CHICAGO-:-WARD 25 PRECINCT 02,3
CITY OF CHICAGO-:-WARD 25 PRECINCT 04,3
CITY OF CHICAGO-:-WARD 25 PRECINCT 05,3
CITY OF CHICAGO-:-WARD 25 PRECINCT 06,3
CITY OF CHICAGO-:-WARD 25 PRECINCT 07,3
CITY OF CHICAGO-:-WARD 25 PRECINCT 08,3
CITY OF CHICAGO-:-WARD 25 PRECINCT 09,3
CITY OF CHICAGO-:-WARD 25 PRECINCT 10,3
CITY OF CHICAGO-:-WARD 25 PRECINCT 11,3
CITY OF CHICAGO-:-WARD 25 PRECINCT 12,3
CITY OF CHICAGO-:-WARD 25 PRECINCT 14,1
CITY OF CHICAGO-:-WARD 25 PRECINCT 15,1
CITY OF CHICAGO-:-WARD 25 PRECINCT 16,1
CITY OF CHICAGO-:-WARD 25 PRECINCT 17,1
CITY OF CHICAGO-:-WARD 26 PRECINCT 01,3
CITY OF CHICAGO-:-WARD 26 PRECINCT 02,1
CITY OF CHICAGO-:-WARD 26 PRECINCT 03,1
CITY OF CHICAGO-:-WARD 26 PRECINCT 04,3
CITY OF CHICAGO-:-WARD 26 PRECINCT 05,1
CITY OF CHICAGO-:-WARD 26 PRECINCT 06,3
CITY OF CHICAGO-:-WARD 26 PRECINCT 07,1
CITY OF CHICAGO-:-WARD 26 PRECINCT 08,3
CITY OF CHICAGO-:-WARD 26 PRECINCT 09,3
CITY OF CHICAGO-:-WARD 26 PRECINCT 10,1
CITY OF CHICAGO-:-WARD 26 PRECINCT 11,1
CITY OF CHICAGO-:-WARD 26 PRECINCT 12,1
CITY OF CHICAGO-:-WARD 26 PRECINCT 13,1
CITY OF CHICAGO-:-WARD 26 PRECINCT 14,3
CITY OF CHICAGO-:-WARD 26 PRECINCT 15,3
CITY OF CHICAGO-:-WARD 26 PRECINCT 16,1
CITY OF CHICAGO-:-WARD 26 PRECINCT 17,1
CITY OF CHICAGO-:-WARD 26 PRECINCT 18,3
CITY OF CHICAGO-:-WARD 26 PRECINCT 19,1
CITY OF CHICAGO-:-WARD 26 PRECINCT 20,1
CITY OF CHICAGO-:-WARD 26 PRECINCT 21,3
CITY OF CHICAGO-:-WARD 26 PRECINCT 22,3
CITY OF CHICAGO-:-WARD 26 PRECINCT 23,3
CITY OF CHICAGO-:-WARD 26 PRECINCT 24,3
CITY OF CHICAGO-:-WARD 26 PRECINCT 25,1
CITY OF CHICAGO-:-WARD 26 PRECINCT 26,1
CITY OF CHICAGO-:-WARD 26 PRECINCT 28,1
CITY OF CHICAGO-:-WARD 26 PRECINCT 29,3
CITY OF CHICAGO-:-WARD 26 PRECINCT 30,1
CITY OF CHICAGO-:-WARD 26 PRECINCT 31,3
CITY OF CHICAGO-:-WARD 26 PRECINCT 32,1
CITY OF CHICAGO-:-WARD 27 PRECINCT 01,1
CITY OF CHICAGO-:-WARD 27 PRECINCT 02,1
CITY OF CHICAGO-:-WARD 27 PRECINCT 03,3
CITY OF CHICAGO-:-WARD 27 PRECINCT 04,1
CITY OF CHICAGO-:-WARD 27 PRECINCT 05,3
CITY OF CHICAGO-:-WARD 27 PRECINCT 06,1
CITY OF CHICAGO-:-WARD 27 PRECINCT 07,1
CITY OF CHICAGO-:-WARD 27 PRECINCT 08,3
CITY OF CHICAGO-:-WARD 27 PRECINCT 10,1
CITY OF CHICAGO-:-WARD 27 PRECINCT 11,1
CITY OF CHICAGO-:-WARD 27 PRECINCT 14,1
CITY OF CHICAGO-:-WARD 27 PRECINCT 15,1
CITY OF CHICAGO-:-WARD 27 PRECINCT 16,1
CITY OF CHICAGO-:-WARD 27 PRECINCT 17,1
CITY OF CHICAGO-:-WARD 27 PRECINCT 18,1
CITY OF CHICAGO-:-WARD 27 PRECINCT 19,3
CITY OF CHICAGO-:-WARD 27 PRECINCT 20,12
CITY OF CHICAGO-:-WARD 27 PRECINCT 22,1
CITY OF CHICAGO-:-WARD 27 PRECINCT 23,3
CITY OF CHICAGO-:-WARD 27 PRECINCT 24,3
CITY OF CHICAGO-:-WARD 27 PRECINCT 25,1
CITY OF CHICAGO-:-WARD 27 PRECINCT 26,1
CITY OF CHICAGO-:-WARD 27 PRECINCT 27,1
CITY OF CHICAGO-:-WARD 27 PRECINCT 28,1
CITY OF CHICAGO-:-WARD 27 PRECINCT 29,1
CITY OF CHICAGO-:-WARD 28 PRECINCT 01,3
CITY OF CHICAGO-:-WARD 28 PRECINCT 02,3
CITY OF CHICAGO-:-WARD 28 PRECINCT 03,3
CITY OF CHICAGO-:-WARD 28 PRECINCT 04,3
CITY OF CHICAGO-:-WARD 28 PRECINCT 05,3
CITY OF CHICAGO-:-WARD 28 PRECINCT 06,3
CITY OF CHICAGO-:-WARD 28 PRECINCT 07,1
CITY OF CHICAGO-:-WARD 28 PRECINCT 08,1
CITY OF CHICAGO-:-WARD 28 PRECINCT 09,3
CITY OF CHICAGO-:-WARD 28 PRECINCT 10,3
CITY OF CHICAGO-:-WARD 28 PRECINCT 11,1
CITY OF CHICAGO-:-WARD 28 PRECINCT 12,1
CITY OF CHICAGO-:-WARD 28 PRECINCT 13,12
CITY OF CHICAGO-:-WARD 28 PRECINCT 14,1
CITY OF CHICAGO-:-WARD 28 PRECINCT 15,12
CITY OF CHICAGO-:-WARD 28 PRECINCT 16,1
CITY OF CHICAGO-:-WARD 28 PRECINCT 18,1
CITY OF CHICAGO-:-WARD 28 PRECINCT 19,3
CITY OF CHICAGO-:-WARD 28 PRECINCT 20,3
CITY OF CHICAGO-:-WARD 28 PRECINCT 21,3
CITY OF CHICAGO-:-WARD 28 PRECINCT 22,3
CITY OF CHICAGO-:-WARD 28 PRECINCT 23,3
CITY OF CHICAGO-:-WARD 28 PRECINCT 24,3
CITY OF CHICAGO-:-WARD 28 PRECINCT 25,3
CITY OF CHICAGO-:-WARD 28 PRECINCT 26,3
CITY OF CHICAGO-:-WARD 29 PRECINCT 01,3
CITY OF CHICAGO-:-WARD 29 PRECINCT 02,3
CITY OF CHICAGO-:-WARD 29 PRECINCT 03,3
CITY OF CHICAGO-:-WARD 29 PRECINCT 06,3
CITY OF CHICAGO-:-WARD 29 PRECINCT 07,3
CITY OF CHICAGO-:-WARD 29 PRECINCT 08,3
CITY OF CHICAGO-:-WARD 29 PRECINCT 09,3
CITY OF CHICAGO-:-WARD 29 PRECINCT 10,3
CITY OF CHICAGO-:-WARD 29 PRECINCT 11,3
CITY OF CHICAGO-:-WARD 29 PRECINCT 12,3
CITY OF CHICAGO-:-WARD 29 PRECINCT 13,3
CITY OF CHICAGO-:-WARD 29 PRECINCT 14,3
CITY OF CHICAGO-:-WARD 29 PRECINCT 15,3
CITY OF CHICAGO-:-WARD 29 PRECINCT 16,3
CITY OF CHICAGO-:-WARD 29 PRECINCT 17,3
CITY OF CHICAGO-:-WARD 29 PRECINCT 18,3
CITY OF CHICAGO-:-WARD 29 PRECINCT 19,3
CITY OF CHICAGO-:-WARD 29 PRECINCT 20,3
CITY OF CHICAGO-:-WARD 29 PRECINCT 21,3
CITY OF CHICAGO-:-WARD 29 PRECINCT 22,3
CITY OF CHICAGO-:-WARD 29 PRECINCT 23,3
CITY OF CHICAGO-:-WARD 29 PRECINCT 24,3
CITY OF CHICAGO-:-WARD 30 PRECINCT 01,3
CITY OF CHICAGO-:-WARD 30 PRECINCT 02,3
CITY OF CHICAGO-:-WARD 30 PRECINCT 04,3
CITY OF CHICAGO-:-WARD 30 PRECINCT 05,3
CITY OF CHICAGO-:-WARD 30 PRECINCT 06,1
CITY OF CHICAGO-:-WARD 30 PRECINCT 07,3
CITY OF CHICAGO-:-WARD 30 PRECINCT 08,1
CITY OF CHICAGO-:-WARD 30 PRECINCT 09,3
CITY OF CHICAGO-:-WARD 30 PRECINCT 10,3
CITY OF CHICAGO-:-WARD 30 PRECINCT 11,3
CITY OF CHICAGO-:-WARD 30 PRECINCT 12,3
CITY OF CHICAGO-:-WARD 30 PRECINCT 13,3
CITY OF CHICAGO-:-WARD 30 PRECINCT 14,3
CITY OF CHICAGO-:-WARD 30 PRECINCT 16,3
CITY OF CHICAGO-:-WARD 30 PRECINCT 17,3
CITY OF CHICAGO-:-WARD 30 PRECINCT 18,3
CITY OF CHICAGO-:-WARD 30 PRECINCT 19,3
CITY OF CHICAGO-:-WARD 30 PRECINCT 20,3
CITY OF CHICAGO-:-WARD 30 PRECINCT 21,3
CITY OF CHICAGO-:-WARD 30 PRECINCT 24,3
CITY OF CHICAGO-:-WARD 30 PRECINCT 25,3
CITY OF CHICAGO-:-WARD 30 PRECINCT 26,1
CITY OF CHICAGO-:-WARD 31 PRECINCT 01,3
CITY OF CHICAGO-:-WARD 31 PRECINCT 02,1
CITY OF CHICAGO-:-WARD 31 PRECINCT 03,3
CITY OF CHICAGO-:-WARD 31 PRECINCT 04,3
CITY OF CHICAGO-:-WARD 31 PRECINCT 05,3
CITY OF CHICAGO-:-WARD 31 PRECINCT 06,3
CITY OF CHICAGO-:-WARD 31 PRECINCT 07,3
CITY OF CHICAGO-:-WARD 31 PRECINCT 08,3
CITY OF CHICAGO-:-WARD 31 PRECINCT 09,3
CITY OF CHICAGO-:-WARD 31 PRECINCT 10,3
CITY OF CHICAGO-:-WARD 31 PRECINCT 11,3
CITY OF CHICAGO-:-WARD 31 PRECINCT 12,3
CITY OF CHICAGO-:-WARD 31 PRECINCT 13,3
CITY OF CHICAGO-:-WARD 31 PRECINCT 14,3
CITY OF CHICAGO-:-WARD 31 PRECINCT 15,3
CITY OF CHICAGO-:-WARD 31 PRECINCT 16,3
CITY OF CHICAGO-:-WARD 31 PRECINCT 17,3
CITY OF CHICAGO-:-WARD 31 PRECINCT 18,3
CITY OF CHICAGO-:-WARD 31 PRECINCT 19,3
CITY OF CHICAGO-:-WARD 31 PRECINCT 20,3
CITY OF CHICAGO-:-WARD 31 PRECINCT 21,3
CITY OF CHICAGO-:-WARD 31 PRECINCT 22,3
CITY OF CHICAGO-:-WARD 31 PRECINCT 23,3
CITY OF CHICAGO-:-WARD 32 PRECINCT 01,1
CITY OF CHICAGO-:-WARD 32 PRECINCT 02,1
CITY OF CHICAGO-:-WARD 32 PRECINCT 03,1
CITY OF CHICAGO-:-WARD 32 PRECINCT 04,1
CITY OF CHICAGO-:-WARD 32 PRECINCT 05,1
CITY OF CHICAGO-:-WARD 32 PRECINCT 06,1
CITY OF CHICAGO-:-WARD 32 PRECINCT 07,1
CITY OF CHICAGO-:-WARD 32 PRECINCT 08,1
CITY OF CHICAGO-:-WARD 32 PRECINCT 09,1
CITY OF CHICAGO-:-WARD 32 PRECINCT 10,1
CITY OF CHICAGO-:-WARD 32 PRECINCT 11,1
CITY OF CHICAGO-:-WARD 32 PRECINCT 12,1
CITY OF CHICAGO-:-WARD 32 PRECINCT 13,1
CITY OF CHICAGO-:-WARD 32 PRECINCT 14,1
CITY OF CHICAGO-:-WARD 32 PRECINCT 15,1
CITY OF CHICAGO-:-WARD 32 PRECINCT 16,1
CITY OF CHICAGO-:-WARD 32 PRECINCT 17,1
CITY OF CHICAGO-:-WARD 32 PRECINCT 18,1
CITY OF CHICAGO-:-WARD 32 PRECINCT 20,1
CITY OF CHICAGO-:-WARD 32 PRECINCT 21,1
CITY OF CHICAGO-:-WARD 32 PRECINCT 22,1
CITY OF CHICAGO-:-WARD 32 PRECINCT 23,1
CITY OF CHICAGO-:-WARD 32 PRECINCT 24,1
CITY OF CHICAGO-:-WARD 32 PRECINCT 25,1
CITY OF CHICAGO-:-WARD 32 PRECINCT 26,1
CITY OF CHICAGO-:-WARD 32 PRECINCT 27,1
CITY OF CHICAGO-:-WARD 32 PRECINCT 28,1
CITY OF CHICAGO-:-WARD 32 PRECINCT 29,1
CITY OF CHICAGO-:-WARD 32 PRECINCT 30,1
CITY OF CHICAGO-:-WARD 33 PRECINCT 01,1
CITY OF CHICAGO-:-WARD 33 PRECINCT 02,1
CITY OF CHICAGO-:-WARD 33 PRECINCT 03,1
CITY OF CHICAGO-:-WARD 33 PRECINCT 04,1
CITY OF CHICAGO-:-WARD 33 PRECINCT 05,3
CITY OF CHICAGO-:-WARD 33 PRECINCT 06,1
CITY OF CHICAGO-:-WARD 33 PRECINCT 07,3
CITY OF CHICAGO-:-WARD 33 PRECINCT 08,1
CITY OF CHICAGO-:-WARD 33 PRECINCT 09,3
CITY OF CHICAGO-:-WARD 33 PRECINCT 10,3
CITY OF CHICAGO-:-WARD 33 PRECINCT 11,3
CITY OF CHICAGO-:-WARD 33 PRECINCT 12,3
CITY OF CHICAGO-:-WARD 33 PRECINCT 13,3
CITY OF CHICAGO-:-WARD 33 PRECINCT 14,1
CITY OF CHICAGO-:-WARD 33 PRECINCT 15,3
CITY OF CHICAGO-:-WARD 33 PRECINCT 17,3
CITY OF CHICAGO-:-WARD 34 PRECINCT 01,1
CITY OF CHICAGO-:-WARD 34 PRECINCT 02,12
CITY OF CHICAGO-:-WARD 34 PRECINCT 03,1
CITY OF CHICAGO-:-WARD 34 PRECINCT 04,12
CITY OF CHICAGO-:-WARD 34 PRECINCT 05,12
CITY OF CHICAGO-:-WARD 34 PRECINCT 06,1
CITY OF CHICAGO-:-WARD 34 PRECINCT 07,1
CITY OF CHICAGO-:-WARD 34 PRECINCT 08,1
CITY OF CHICAGO-:-WARD 34 PRECINCT 09,1
CITY OF CHICAGO-:-WARD 34 PRECINCT 10,12
CITY OF CHICAGO-:-WARD 34 PRECINCT 11,12
CITY OF CHICAGO-:-WARD 34 PRECINCT 12,12
CITY OF CHICAGO-:-WARD 34 PRECINCT 13,12
CITY OF CHICAGO-:-WARD 34 PRECINCT 14,12
CITY OF CHICAGO-:-WARD 34 PRECINCT 15,12
CITY OF CHICAGO-:-WARD 34 PRECINCT 16,12
CITY OF CHICAGO-:-WARD 34 PRECINCT 17,12
CITY OF CHICAGO-:-WARD 34 PRECINCT 18,12
CITY OF CHICAGO-:-WARD 34 PRECINCT 19,12
CITY OF CHICAGO-:-WARD 34 PRECINCT 20,12
CITY OF CHICAGO-:-WARD 35 PRECINCT 01,3
CITY OF CHICAGO-:-WARD 35 PRECINCT 02,3
CITY OF CHICAGO-:-WARD 35 PRECINCT 03,1
CITY OF CHICAGO-:-WARD 35 PRECINCT 04,1
CITY OF CHICAGO-:-WARD 35 PRECINCT 05,1
CITY OF CHICAGO-:-WARD 35 PRECINCT 06,1
CITY OF CHICAGO-:-WARD 35 PRECINCT 07,1
CITY OF CHICAGO-:-WARD 35 PRECINCT 08,1
CITY OF CHICAGO-:-WARD 35 PRECINCT 09,1
CITY OF CHICAGO-:-WARD 35 PRECINCT 10,1
CITY OF CHICAGO-:-WARD 35 PRECINCT 11,1
CITY OF CHICAGO-:-WARD 35 PRECINCT 12,1
CITY OF CHICAGO-:-WARD 35 PRECINCT 13,1
CITY OF CHICAGO-:-WARD 35 PRECINCT 14,1
CITY OF CHICAGO-:-WARD 35 PRECINCT 15,1
CITY OF CHICAGO-:-WARD 35 PRECINCT 16,1
CITY OF CHICAGO-:-WARD 35 PRECINCT 17,1
CITY OF CHICAGO-:-WARD 35 PRECINCT 18,1
CITY OF CHICAGO-:-WARD 35 PRECINCT 19,1
CITY OF CHICAGO-:-WARD 35 PRECINCT 20,1
CITY OF CHICAGO-:-WARD 35 PRECINCT 21,1
CITY OF CHICAGO-:-WARD 36 PRECINCT 01,3
CITY OF CHICAGO-:-WARD 36 PRECINCT 02,3
CITY OF CHICAGO-:-WARD 36 PRECINCT 03,3
CITY OF CHICAGO-:-WARD 36 PRECINCT 04,3
CITY OF CHICAGO-:-WARD 36 PRECINCT 05,3
CITY OF CHICAGO-:-WARD 36 PRECINCT 06,3
CITY OF CHICAGO-:-WARD 36 PRECINCT 07,3
CITY OF CHICAGO-:-WARD 36 PRECINCT 08,3
CITY OF CHICAGO-:-WARD 36 PRECINCT 09,3
CITY OF CHICAGO-:-WARD 36 PRECINCT 10,3
CITY OF CHICAGO-:-WARD 36 PRECINCT 11,3
CITY OF CHICAGO-:-WARD 36 PRECINCT 12,3
CITY OF CHICAGO-:-WARD 36 PRECINCT 13,3
CITY OF CHICAGO-:-WARD 36 PRECINCT 14,3
CITY OF CHICAGO-:-WARD 36 PRECINCT 15,3
CITY OF CHICAGO-:-WARD 36 PRECINCT 16,3
CITY OF CHICAGO-:-WARD 36 PRECINCT 17,1
CITY OF CHICAGO-:-WARD 36 PRECINCT 18,1
CITY OF CHICAGO-:-WARD 36 PRECINCT 19,1
CITY OF CHICAGO-:-WARD 36 PRECINCT 20,1
CITY OF CHICAGO-:-WARD 36 PRECINCT 21,1
CITY OF CHICAGO-:-WARD 36 PRECINCT 22,1
CITY OF CHICAGO-:-WARD 36 PRECINCT 23,1
CITY OF CHICAGO-:-WARD 36 PRECINCT 24,1
CITY OF CHICAGO-:-WARD 36 PRECINCT 25,1
CITY OF CHICAGO-:-WARD 36 PRECINCT 26,1
CITY OF CHICAGO-:-WARD 36 PRECINCT 27,1
CITY OF CHICAGO-:-WARD 37 PRECINCT 01,3
CITY OF CHICAGO-:-WARD 37 PRECINCT 02,3
CITY OF CHICAGO-:-WARD 37 PRECINCT 03,3
CITY OF CHICAGO-:-WARD 37 PRECINCT 04,3
CITY OF CHICAGO-:-WARD 37 PRECINCT 05,3
CITY OF CHICAGO-:-WARD 37 PRECINCT 06,3
CITY OF CHICAGO-:-WARD 37 PRECINCT 07,3
CITY OF CHICAGO-:-WARD 37 PRECINCT 08,3
CITY OF CHICAGO-:-WARD 37 PRECINCT 09,3
CITY OF CHICAGO-:-WARD 37 PRECINCT 10,3
CITY OF CHICAGO-:-WARD 37 PRECINCT 11,3
CITY OF CHICAGO-:-WARD 37 PRECINCT 12,3
CITY OF CHICAGO-:-WARD 37 PRECINCT 13,3
CITY OF CHICAGO-:-WARD 37 PRECINCT 14,3
CITY OF CHICAGO-:-WARD 37 PRECINCT 15,3
CITY OF CHICAGO-:-WARD 37 PRECINCT 17,3
CITY OF CHICAGO-:-WARD 37 PRECINCT 18,3
CITY OF CHICAGO-:-WARD 37 PRECINCT 19,3
CITY OF CHICAGO-:-WARD 37 PRECINCT 20,3
CITY OF CHICAGO-:-WARD 37 PRECINCT 21,3
CITY OF CHICAGO-:-WARD 37 PRECINCT 22,3
CITY OF CHICAGO-:-WARD 38 PRECINCT 01,3
CITY OF CHICAGO-:-WARD 38 PRECINCT 02,3
CITY OF CHICAGO-:-WARD 38 PRECINCT 03,3
CITY OF CHICAGO-:-WARD 38 PRECINCT 04,3
CITY OF CHICAGO-:-WARD 38 PRECINCT 05,3
CITY OF CHICAGO-:-WARD 38 PRECINCT 07,3
CITY OF CHICAGO-:-WARD 38 PRECINCT 08,3
CITY OF CHICAGO-:-WARD 38 PRECINCT 09,3
CITY OF CHICAGO-:-WARD 38 PRECINCT 10,3
CITY OF CHICAGO-:-WARD 38 PRECINCT 12,3
CITY OF CHICAGO-:-WARD 38 PRECINCT 13,3
CITY OF CHICAGO-:-WARD 38 PRECINCT 14,3
CITY OF CHICAGO-:-WARD 38 PRECINCT 15,3
CITY OF CHICAGO-:-WARD 38 PRECINCT 16,3
CITY OF CHICAGO-:-WARD 38 PRECINCT 18,3
CITY OF CHICAGO-:-WARD 38 PRECINCT 19,3
CITY OF CHICAGO-:-WARD 38 PRECINCT 20,3
CITY OF CHICAGO-:-WARD 38 PRECINCT 21,3
CITY OF CHICAGO-:-WARD 38 PRECINCT 22,3
CITY OF CHICAGO-:-WARD 38 PRECINCT 23,3
CITY OF CHICAGO-:-WARD 38 PRECINCT 25,3
CITY OF CHICAGO-:-WARD 39 PRECINCT 01,3
CITY OF CHICAGO-:-WARD 39 PRECINCT 02,3
CITY OF CHICAGO-:-WARD 39 PRECINCT 03,1
CITY OF CHICAGO-:-WARD 39 PRECINCT 04,3
CITY OF CHICAGO-:-WARD 39 PRECINCT 05,3
CITY OF CHICAGO-:-WARD 39 PRECINCT 06,3
CITY OF CHICAGO-:-WARD 39 PRECINCT 07,3
CITY OF CHICAGO-:-WARD 39 PRECINCT 08,3
CITY OF CHICAGO-:-WARD 39 PRECINCT 09,3
CITY OF CHICAGO-:-WARD 39 PRECINCT 10,3
CITY OF CHICAGO-:-WARD 39 PRECINCT 11,3
CITY OF CHICAGO-:-WARD 39 PRECINCT 12,3
CITY OF CHICAGO-:-WARD 39 PRECINCT 13,1
CITY OF CHICAGO-:-WARD 39 PRECINCT 14,3
CITY OF CHICAGO-:-WARD 39 PRECINCT 15,3
CITY OF CHICAGO-:-WARD 39 PRECINCT 16,1
CITY OF CHICAGO-:-WARD 39 PRECINCT 17,3
CITY OF CHICAGO-:-WARD 39 PRECINCT 18,3
CITY OF CHICAGO-:-WARD 39 PRECINCT 19,3
CITY OF CHICAGO-:-WARD 39 PRECINCT 20,3
CITY OF CHICAGO-:-WARD 39 PRECINCT 21,3
CITY OF CHICAGO-:-WARD 39 PRECINCT 22,3
CITY OF CHICAGO-:-WARD 39 PRECINCT 23,3
CITY OF CHICAGO-:-WARD 39 PRECINCT 24,1
CITY OF CHICAGO-:-WARD 39 PRECINCT 25,3
CITY OF CHICAGO-:-WARD 39 PRECINCT 26,3
CITY OF CHICAGO-:-WARD 39 PRECINCT 27,3
CITY OF CHICAGO-:-WARD 39 PRECINCT 29,3
CITY OF CHICAGO-:-WARD 39 PRECINCT 30,3
CITY OF CHICAGO-:-WARD 39 PRECINCT 31,3
CITY OF CHICAGO-:-WARD 39 PRECINCT 32,3
CITY OF CHICAGO-:-WARD 39 PRECINCT 33,3
CITY OF CHICAGO-:-WARD 39 PRECINCT 34,3
CITY OF CHICAGO-:-WARD 39 PRECINCT 35,3
CITY OF CHICAGO-:-WARD 40 PRECINCT 01,1
CITY OF CHICAGO-:-WARD 40 PRECINCT 02,3
CITY OF CHICAGO-:-WARD 40 PRECINCT 03,3
CITY OF CHICAGO-:-WARD 40 PRECINCT 05,3
CITY OF CHICAGO-:-WARD 40 PRECINCT 06,3
CITY OF CHICAGO-:-WARD 40 PRECINCT 07,1
CITY OF CHICAGO-:-WARD 40 PRECINCT 08,3
CITY OF CHICAGO-:-WARD 40 PRECINCT 09,3
CITY OF CHICAGO-:-WARD 40 PRECINCT 10,1
CITY OF CHICAGO-:-WARD 40 PRECINCT 11,3
CITY OF CHICAGO-:-WARD 40 PRECINCT 12,1
CITY OF CHICAGO-:-WARD 40 PRECINCT 13,1
CITY OF CHICAGO-:-WARD 40 PRECINCT 14,1
CITY OF CHICAGO-:-WARD 40 PRECINCT 15,1
CITY OF CHICAGO-:-WARD 40 PRECINCT 16,1
CITY OF CHICAGO-:-WARD 40 PRECINCT 17,1
CITY OF CHICAGO-:-WARD 40 PRECINCT 18,1
CITY OF CHICAGO-:-WARD 40 PRECINCT 20,1
CITY OF CHICAGO-:-WARD 40 PRECINCT 21,1
CITY OF CHICAGO-:-WARD 40 PRECINCT 22,1
CITY OF CHICAGO-:-WARD 41 PRECINCT 01,3
CITY OF CHICAGO-:-WARD 41 PRECINCT 02,3
CITY OF CHICAGO-:-WARD 41 PRECINCT 03,3
CITY OF CHICAGO-:-WARD 41 PRECINCT 04,3
CITY OF CHICAGO-:-WARD 41 PRECINCT 05,3
CITY OF CHICAGO-:-WARD 41 PRECINCT 06,3
CITY OF CHICAGO-:-WARD 41 PRECINCT 07,3
CITY OF CHICAGO-:-WARD 41 PRECINCT 08,3
CITY OF CHICAGO-:-WARD 41 PRECINCT 09,3
CITY OF CHICAGO-:-WARD 41 PRECINCT 10,3
CITY OF CHICAGO-:-WARD 41 PRECINCT 11,3
CITY OF CHICAGO-:-WARD 41 PRECINCT 12,3
CITY OF CHICAGO-:-WARD 41 PRECINCT 13,3
CITY OF CHICAGO-:-WARD 41 PRECINCT 14,3
CITY OF CHICAGO-:-WARD 41 PRECINCT 15,3
CITY OF CHICAGO-:-WARD 41 PRECINCT 16,3
CITY OF CHICAGO-:-WARD 41 PRECINCT 17,3
CITY OF CHICAGO-:-WARD 41 PRECINCT 18,3
CITY OF CHICAGO-:-WARD 41 PRECINCT 19,3
CITY OF CHICAGO-:-WARD 41 PRECINCT 20,3
CITY OF CHICAGO-:-WARD 41 PRECINCT 21,3
CITY OF CHICAGO-:-WARD 41 PRECINCT 22,3
CITY OF CHICAGO-:-WARD 41 PRECINCT 23,3
CITY OF CHICAGO-:-WARD 41 PRECINCT 24,3
CITY OF CHICAGO-:-WARD 41 PRECINCT 25,3
CITY OF CHICAGO-:-WARD 41 PRECINCT 26,3
CITY OF CHICAGO-:-WARD 41 PRECINCT 27,3
CITY OF CHICAGO-:-WARD 41 PRECINCT 29,3
CITY OF CHICAGO-:-WARD 41 PRECINCT 30,3
CITY OF CHICAGO-:-WARD 41 PRECINCT 31,3
CITY OF CHICAGO-:-WARD 42 PRECINCT 01,12
CITY OF CHICAGO-:-WARD 42 PRECINCT 02,12
CITY OF CHICAGO-:-WARD 42 PRECINCT 03,12
CITY OF CHICAGO-:-WARD 42 PRECINCT 04,12
CITY OF CHICAGO-:-WARD 42 PRECINCT 05,12
CITY OF CHICAGO-:-WARD 42 PRECINCT 06,12
CITY OF CHICAGO-:-WARD 42 PRECINCT 07,12
CITY OF CHICAGO-:-WARD 42 PRECINCT 08,12
CITY OF CHICAGO-:-WARD 42 PRECINCT 10,12
CITY OF CHICAGO-:-WARD 42 PRECINCT 11,12
CITY OF CHICAGO-:-WARD 42 PRECINCT 12,12
CITY OF CHICAGO-:-WARD 42 PRECINCT 13,12
CITY OF CHICAGO-:-WARD 42 PRECINCT 14,12
CITY OF CHICAGO-:-WARD 42 PRECINCT 15,12
CITY OF CHICAGO-:-WARD 42 PRECINCT 16,12
CITY OF CHICAGO-:-WARD 42 PRECINCT 17,12
CITY OF CHICAGO-:-WARD 42 PRECINCT 18,12
CITY OF CHICAGO-:-WARD 42 PRECINCT 19,12
CITY OF CHICAGO-:-WARD 42 PRECINCT 20,12
CITY OF CHICAGO-:-WARD 42 PRECINCT 21,12
CITY OF CHICAGO-:-WARD 42 PRECINCT 23,12
CITY OF CHICAGO-:-WARD 42 PRECINCT 24,1
CITY OF CHICAGO-:-WARD 43 PRECINCT 01,1
CITY OF CHICAGO-:-WARD 43 PRECINCT 02,1
CITY OF CHICAGO-:-WARD 43 PRECINCT 03,1
CITY OF CHICAGO-:-WARD 43 PRECINCT 04,1
CITY OF CHICAGO-:-WARD 43 PRECINCT 05,1
CITY OF CHICAGO-:-WARD 43 PRECINCT 06,1
CITY OF CHICAGO-:-WARD 43 PRECINCT 07,1
CITY OF CHICAGO-:-WARD 43 PRECINCT 08,1
CITY OF CHICAGO-:-WARD 43 PRECINCT 09,1
CITY OF CHICAGO-:-WARD 43 PRECINCT 10,1
CITY OF CHICAGO-:-WARD 43 PRECINCT 11,1
CITY OF CHICAGO-:-WARD 43 PRECINCT 12,12
CITY OF CHICAGO-:-WARD 43 PRECINCT 13,1
CITY OF CHICAGO-:-WARD 43 PRECINCT 14,1
CITY OF CHICAGO-:-WARD 43 PRECINCT 16,1
CITY OF CHICAGO-:-WARD 43 PRECINCT 17,1
CITY OF CHICAGO-:-WARD 43 PRECINCT 18,1
CITY OF CHICAGO-:-WARD 43 PRECINCT 19,1
CITY OF CHICAGO-:-WARD 43 PRECINCT 20,1
CITY OF CHICAGO-:-WARD 43 PRECINCT 21,1
CITY OF CHICAGO-:-WARD 43 PRECINCT 22,1
CITY OF CHICAGO-:-WARD 43 PRECINCT 23,1
CITY OF CHICAGO-:-WARD 44 PRECINCT 01,1
CITY OF CHICAGO-:-WARD 44 PRECINCT 02,1
CITY OF CHICAGO-:-WARD 44 PRECINCT 03,1
CITY OF CHICAGO-:-WARD 44 PRECINCT 04,1
CITY OF CHICAGO-:-WARD 44 PRECINCT 05,1
CITY OF CHICAGO-:-WARD 44 PRECINCT 06,1
CITY OF CHICAGO-:-WARD 44 PRECINCT 07,1
CITY OF CHICAGO-:-WARD 44 PRECINCT 08,1
CITY OF CHICAGO-:-WARD 44 PRECINCT 09,1
CITY OF CHICAGO-:-WARD 44 PRECINCT 10,1
CITY OF CHICAGO-:-WARD 44 PRECINCT 11,1
CITY OF CHICAGO-:-WARD 44 PRECINCT 12,1
CITY OF CHICAGO-:-WARD 44 PRECINCT 13,1
CITY OF CHICAGO-:-WARD 44 PRECINCT 14,1
CITY OF CHICAGO-:-WARD 44 PRECINCT 15,1
CITY OF CHICAGO-:-WARD 44 PRECINCT 16,1
CITY OF CHICAGO-:-WARD 44 PRECINCT 17,1
CITY OF CHICAGO-:-WARD 44 PRECINCT 18,1
CITY OF CHICAGO-:-WARD 44 PRECINCT 19,1
CITY OF CHICAGO-:-WARD 44 PRECINCT 20,1
CITY OF CHICAGO-:-WARD 44 PRECINCT 21,1
CITY OF CHICAGO-:-WARD 45 PRECINCT 01,3
CITY OF CHICAGO-:-WARD 45 PRECINCT 02,3
CITY OF CHICAGO-:-WARD 45 PRECINCT 03,3
CITY OF CHICAGO-:-WARD 45 PRECINCT 04,3
CITY OF CHICAGO-:-WARD 45 PRECINCT 05,3
CITY OF CHICAGO-:-WARD 45 PRECINCT 06,3
CITY OF CHICAGO-:-WARD 45 PRECINCT 07,3
CITY OF CHICAGO-:-WARD 45 PRECINCT 08,3
CITY OF CHICAGO-:-WARD 45 PRECINCT 09,3
CITY OF CHICAGO-:-WARD 45 PRECINCT 10,3
CITY OF CHICAGO-:-WARD 45 PRECINCT 11,3
CITY OF CHICAGO-:-WARD 45 PRECINCT 12,3
CITY OF CHICAGO-:-WARD 45 PRECINCT 13,3
CITY OF CHICAGO-:-WARD 45 PRECINCT 14,3
CITY OF CHICAGO-:-WARD 45 PRECINCT 15,3
CITY OF CHICAGO-:-WARD 45 PRECINCT 16,3
CITY OF CHICAGO-:-WARD 45 PRECINCT 17,3
CITY OF CHICAGO-:-WARD 45 PRECINCT 18,3
CITY OF CHICAGO-:-WARD 45 PRECINCT 19,3
CITY OF CHICAGO-:-WARD 45 PRECINCT 20,3
CITY OF CHICAGO-:-WARD 45 PRECINCT 21,3
CITY OF CHICAGO-:-WARD 45 PRECINCT 22,1
CITY OF CHICAGO-:-WARD 45 PRECINCT 23,3
CITY OF CHICAGO-:-WARD 45 PRECINCT 25,3
CITY OF CHICAGO-:-WARD 45 PRECINCT 26,3
CITY OF CHICAGO-:-WARD 45 PRECINCT 28,3
CITY OF CHICAGO-:-WARD 46 PRECINCT 01,1
CITY OF CHICAGO-:-WARD 46 PRECINCT 02,1
CITY OF CHICAGO-:-WARD 46 PRECINCT 03,1
CITY OF CHICAGO-:-WARD 46 PRECINCT 04,1
CITY OF CHICAGO-:-WARD 46 PRECINCT 05,1
CITY OF CHICAGO-:-WARD 46 PRECINCT 06,1
CITY OF CHICAGO-:-WARD 46 PRECINCT 09,1
CITY OF CHICAGO-:-WARD 46 PRECINCT 11,1
CITY OF CHICAGO-:-WARD 46 PRECINCT 12,1
CITY OF CHICAGO-:-WARD 46 PRECINCT 13,1
CITY OF CHICAGO-:-WARD 46 PRECINCT 14,1
CITY OF CHICAGO-:-WARD 46 PRECINCT 15,1
CITY OF CHICAGO-:-WARD 46 PRECINCT 16,1
CITY OF CHICAGO-:-WARD 46 PRECINCT 17,1
CITY OF CHICAGO-:-WARD 46 PRECINCT 18,1
CITY OF CHICAGO-:-WARD 46 PRECINCT 19,1
CITY OF CHICAGO-:-WARD 46 PRECINCT 20,1
CITY OF CHICAGO-:-WARD 46 PRECINCT 21,1
CITY OF CHICAGO-:-WARD 46 PRECINCT 22,1
CITY OF CHICAGO-:-WARD 46 PRECINCT 23,1
CITY OF CHICAGO-:-WARD 47 PRECINCT 01,1
CITY OF CHICAGO-:-WARD 47 PRECINCT 04,1
CITY OF CHICAGO-:-WARD 47 PRECINCT 05,1
CITY OF CHICAGO-:-WARD 47 PRECINCT 06,1
CITY OF CHICAGO-:-WARD 47 PRECINCT 07,1
CITY OF CHICAGO-:-WARD 47 PRECINCT 08,1
CITY OF CHICAGO-:-WARD 47 PRECINCT 09,1
CITY OF CHICAGO-:-WARD 47 PRECINCT 10,1
CITY OF CHICAGO-:-WARD 47 PRECINCT 11,1
CITY OF CHICAGO-:-WARD 47 PRECINCT 12,1
CITY OF CHICAGO-:-WARD 47 PRECINCT 13,1
CITY OF CHICAGO-:-WARD 47 PRECINCT 14,1
CITY OF CHICAGO-:-WARD 47 PRECINCT 15,1
CITY OF CHICAGO-:-WARD 47 PRECINCT 16,1
CITY OF CHICAGO-:-WARD 47 PRECINCT 17,1
CITY OF CHICAGO-:-WARD 47 PRECINCT 18,1
CITY OF CHICAGO-:-WARD 47 PRECINCT 19,1
CITY OF CHICAGO-:-WARD 47 PRECINCT 20,1
CITY OF CHICAGO-:-WARD 47 PRECINCT 21,1
CITY OF CHICAGO-:-WARD 47 PRECINCT 22,1
CITY OF CHICAGO-:-WARD 47 PRECINCT 23,1
CITY OF CHICAGO-:-WARD 47 PRECINCT 24,1
CITY OF CHICAGO-:-WARD 47 PRECINCT 25,1
CITY OF CHICAGO-:-WARD 47 PRECINCT 26,1
CITY OF CHICAGO-:-WARD 47 PRECINCT 27,1
CITY OF CHICAGO-:-WARD 48 PRECINCT 01,1
CITY OF CHICAGO-:-WARD 48 PRECINCT 02,1
CITY OF CHICAGO-:-WARD 48 PRECINCT 03,1
CITY OF CHICAGO-:-WARD 48 PRECINCT 04,1
CITY OF CHICAGO-:-WARD 48 PRECINCT 05,1
CITY OF CHICAGO-:-WARD 48 PRECINCT 06,1
CITY OF CHICAGO-:-WARD 48 PRECINCT 07,1
CITY OF CHICAGO-:-WARD 48 PRECINCT 08,1
CITY OF CHICAGO-:-WARD 48 PRECINCT 09,1
CITY OF CHICAGO-:-WARD 48 PRECINCT 10,1
CITY OF CHICAGO-:-WARD 48 PRECINCT 11,1
CITY OF CHICAGO-:-WARD 48 PRECINCT 12,1
CITY OF CHICAGO-:-WARD 48 PRECINCT 13,1
CITY OF CHICAGO-:-WARD 48 PRECINCT 14,1
CITY OF CHICAGO-:-WARD 48 PRECINCT 15,1
CITY OF CHICAGO-:-WARD 48 PRECINCT 16,1
CITY OF CHICAGO-:-WARD 48 PRECINCT 17,1
CITY OF CHICAGO-:-WARD 48 PRECINCT 18,1
CITY OF CHICAGO-:-WARD 48 PRECINCT 19,1
CITY OF CHICAGO-:-WARD 48 PRECINCT 20,1
CITY OF CHICAGO-:-WARD 48 PRECINCT 21,1
CITY OF CHICAGO-:-WARD 48 PRECINCT 22,1
CITY OF CHICAGO-:-WARD 48 PRECINCT 23,1
CITY OF CHICAGO-:-WARD 48 PRECINCT 24,1
CITY OF CHICAGO-:-WARD 48 PRECINCT 25,1
CITY OF CHICAGO-:-WARD 48 PRECINCT 26,1
CITY OF CHICAGO-:-WARD 48 PRECINCT 27,1
CITY OF CHICAGO-:-WARD 48 PRECINCT 28,1
CITY OF CHICAGO-:-WARD 48 PRECINCT 29,1
CITY OF CHICAGO-:-WARD 48 PRECINCT 30,1
CITY OF CHICAGO-:-WARD 48 PRECINCT 31,1
CITY OF CHICAGO-:-WARD 48 PRECINCT 32,1
CITY OF CHICAGO-:-WARD 48 PRECINCT 33,1
CITY OF CHICAGO-:-WARD 48 PRECINCT 34,1
CITY OF CHICAGO-:-WARD 48 PRECINCT 35,1
CITY OF CHICAGO-:-WARD 49 PRECINCT 01,1
CITY OF CHICAGO-:-WARD 49 PRECINCT 02,1
CITY OF CHICAGO-:-WARD 49 PRECINCT 03,1
CITY OF CHICAGO-:-WARD 49 PRECINCT 04,1
CITY OF CHICAGO-:-WARD 49 PRECINCT 05,1
CITY OF CHICAGO-:-WARD 49 PRECINCT 06,1
CITY OF CHICAGO-:-WARD 49 PRECINCT 07,1
CITY OF CHICAGO-:-WARD 49 PRECINCT 08,1
CITY OF CHICAGO-:-WARD 49 PRECINCT 09,1
CITY OF CHICAGO-:-WARD 49 PRECINCT 10,1
CITY OF CHICAGO-:-WARD 49 PRECINCT 11,1
CITY OF CHICAGO-:-WARD 49 PRECINCT 12,1
CITY OF CHICAGO-:-WARD 49 PRECINCT 13,1
CITY OF CHICAGO-:-WARD 49 PRECINCT 14,1
CITY OF CHICAGO-:-WARD 49 PRECINCT 15,1
CITY OF CHICAGO-:-WARD 49 PRECINCT 16,1
CITY OF CHICAGO-:-WARD 49 PRECINCT 17,1
CITY OF CHICAGO-:-WARD 50 PRECINCT 01,3
CITY OF CHICAGO-:-WARD 50 PRECINCT 02,3
CITY OF CHICAGO-:-WARD 50 PRECINCT 03,3
CITY OF CHICAGO-:-WARD 50 PRECINCT 04,3
CITY OF CHICAGO-:-WARD 50 PRECINCT 05,3
CITY OF CHICAGO-:-WARD 50 PRECINCT 06,3
CITY OF CHICAGO-:-WARD 50 PRECINCT 07,1
CITY OF CHICAGO-:-WARD 50 PRECINCT 08,3
CITY OF CHICAGO-:-WARD 50 PRECINCT 09,3
CITY OF CHICAGO-:-WARD 50 PRECINCT 10,3
CITY OF CHICAGO-:-WARD 50 PRECINCT 11,3
CITY OF CHICAGO-:-WARD 50 PRECINCT 12,3
CITY OF CHICAGO-:-WARD 50 PRECINCT 13,3
CITY OF CHICAGO-:-WARD 50 PRECINCT 14,3
CITY OF CHICAGO-:-WARD 50 PRECINCT 15,3
CITY OF CHICAGO-:-WARD 50 PRECINCT 16,3
CITY OF CHICAGO-:-WARD 50 PRECINCT 17,3
CITY OF CHICAGO-:-WARD 50 PRECINCT 18,3
CITY OF CHICAGO-:-WARD 50 PRECINCT 19,3
CITY OF CHICAGO-:-WARD 50 PRECINCT 20,3
CITY OF CHICAGO-:-WARD 50 PRECINCT 21,3
CITY OF CHICAGO-:-WARD 50 PRECINCT 22,3
CITY OF CHICAGO-:-WARD 50 PRECINCT 23,3
CITY OF CHICAGO-:-WARD 50 PRECINCT 25,3
CITY OF CHICAGO-:-WARD 50 PRECINCT 26,3
CITY OF CHICAGO-:-WARD 50 PRECINCT 27,3
CITY OF CHICAGO-:-WARD 50 PRECINCT 28,3
CITY OF DANVILLE-:-PRECINCT 1,10
CITY OF DANVILLE-:-PRECINCT 10,10
CITY OF DANVILLE-:-PRECINCT 11,10
CITY OF DANVILLE-:-PRECINCT 12,10
CITY OF DANVILLE-:-PRECINCT 13,10
CITY OF DANVILLE-:-PRECINCT 14,10
CITY OF DANVILLE-:-PRECINCT 15,10
CITY OF DANVILLE-:-PRECINCT 16,10
CITY OF DANVILLE-:-PRECINCT 17,10
CITY OF DANVILLE-:-PRECINCT 18,10
CITY OF DANVILLE-:-PRECINCT 19,10
CITY OF DANVILLE-:-PRECINCT 2,10
CITY OF DANVILLE-:-PRECINCT 20,10
CITY OF DANVILLE-:-PRECINCT 21,10
CITY OF DANVILLE-:-PRECINCT 22,10
CITY OF DANVILLE-:-PRECINCT 3,10
CITY OF DANVILLE-:-PRECINCT 4,10
CITY OF DANVILLE-:-PRECINCT 5,10
CITY OF DANVILLE-:-PRECINCT 6,10
CITY OF DANVILLE-:-PRECINCT 7,10
CITY OF DANVILLE-:-PRECINCT 8,10
CITY OF DANVILLE-:-PRECINCT 9,10
CITY OF EAST ST. LOUIS-:-PRECINCT 1,15
CITY OF EAST ST. LOUIS-:-PRECINCT 10,15
CITY OF EAST ST. LOUIS-:-PRECINCT 11,15
CITY OF EAST ST. LOUIS-:-PRECINCT 12,15
CITY OF EAST ST. LOUIS-:-PRECINCT 13,15
CITY OF EAST ST. LOUIS-:-PRECINCT 2,15
CITY OF EAST ST. LOUIS-:-PRECINCT 3,15
CITY OF EAST ST. LOUIS-:-PRECINCT 4,15
CITY OF EAST ST. LOUIS-:-PRECINCT 5,15
CITY OF EAST ST. LOUIS-:-PRECINCT 6,15
CITY OF EAST ST. LOUIS-:-PRECINCT 7,15
CITY OF EAST ST. LOUIS-:-PRECINCT 8,15
CITY OF EAST ST. LOUIS-:-PRECINCT 9,15
CITY OF GALESBURG-:-PRECINCT 1,4
CITY OF GALESBURG-:-PRECINCT 10,4
CITY OF GALESBURG-:-PRECINCT 11,4
CITY OF GALESBURG-:-PRECINCT 12,4
CITY OF GALESBURG-:-PRECINCT 13,4
CITY OF GALESBURG-:-PRECINCT 14,4
CITY OF GALESBURG-:-PRECINCT 15,4
CITY OF GALESBURG-:-PRECINCT 16,4
CITY OF GALESBURG-:-PRECINCT 17,4
CITY OF GALESBURG-:-PRECINCT 18,4
CITY OF GALESBURG-:-PRECINCT 19,4
CITY OF GALESBURG-:-PRECINCT 2,4
CITY OF GALESBURG-:-PRECINCT 20,4
CITY OF GALESBURG-:-PRECINCT 3,4
CITY OF GALESBURG-:-PRECINCT 4,4
CITY OF GALESBURG-:-PRECINCT 5,4
CITY OF GALESBURG-:-PRECINCT 6,4
CITY OF GALESBURG-:-PRECINCT 7,4
CITY OF GALESBURG-:-PRECINCT 8,4
CITY OF GALESBURG-:-PRECINCT 9,4
CITY OF ROCKFORD-:-WARD 1 PRECINCT 1,2
CITY OF ROCKFORD-:-WARD 1 PRECINCT 3,2
CITY OF ROCKFORD-:-WARD 1 PRECINCT 4,2
CITY OF ROCKFORD-:-WARD 1 PRECINCT 6,2
CITY OF ROCKFORD-:-WARD 1 PRECINCT 7,2
CITY OF ROCKFORD-:-WARD 1 PRECINCT 8,2
CITY OF ROCKFORD-:-WARD 10 PRECINCT 1,2
CITY OF ROCKFORD-:-WARD 10 PRECINCT 2,2
CITY OF ROCKFORD-:-WARD 10 PRECINCT 3,2
CITY OF ROCKFORD-:-WARD 10 PRECINCT 4,2
CITY OF ROCKFORD-:-WARD 10 PRECINCT 5,2
CITY OF ROCKFORD-:-WARD 10 PRECINCT 6,2
CITY OF ROCKFORD-:-WARD 10 PRECINCT 7,2
CITY OF ROCKFORD-:-WARD 11 PRECINCT 1,2
CITY OF ROCKFORD-:-WARD 11 PRECINCT 2,2
CITY OF ROCKFORD-:-WARD 11 PRECINCT 3,2
CITY OF ROCKFORD-:-WARD 11 PRECINCT 4,2
CITY OF ROCKFORD-:-WARD 12 PRECINCT 1,2
CITY OF ROCKFORD-:-WARD 12 PRECINCT 3,2
CITY OF ROCKFORD-:-WARD 12 PRECINCT 4,2
CITY OF ROCKFORD-:-WARD 12 PRECINCT 6,2
CITY OF ROCKFORD-:-WARD 12 PRECINCT 7,2
CITY OF ROCKFORD-:-WARD 13 PRECINCT 1,2
CITY OF ROCKFORD-:-WARD 13 PRECINCT 2,2
CITY OF ROCKFORD-:-WARD 13 PRECINCT 3,2
CITY OF ROCKFORD-:-WARD 13 PRECINCT 4,2
CITY OF ROCKFORD-:-WARD 13 PRECINCT 5,2
CITY OF ROCKFORD-:-WARD 14 PRECINCT 1,2
CITY OF ROCKFORD-:-WARD 14 PRECINCT 2,2
CITY OF ROCKFORD-:-WARD 14 PRECINCT 3,2
CITY OF ROCKFORD-:-WARD 14 PRECINCT 4,2
CITY OF ROCKFORD-:-WARD 14 PRECINCT 5,2
CITY OF ROCKFORD-:-WARD 14 PRECINCT 6,2
CITY OF ROCKFORD-:-WARD 2 PRECINCT 1,2
CITY OF ROCKFORD-:-WARD 2 PRECINCT 2,2
CITY OF ROCKFORD-:-WARD 2 PRECINCT 3,2
CITY OF ROCKFORD-:-WARD 2 PRECINCT 4,2
CITY OF ROCKFORD-:-WARD 2 PRECINCT 5,2
CITY OF ROCKFORD-:-WARD 2 PRECINCT 6,2
CITY OF ROCKFORD-:-WARD 3 PRECINCT 1,2
CITY OF ROCKFORD-:-WARD 3 PRECINCT 2,2
CITY OF ROCKFORD-:-WARD 3 PRECINCT 3,2
CITY OF ROCKFORD-:-WARD 3 PRECINCT 4,2
CITY OF ROCKFORD-:-WARD 3 PRECINCT 5,2
CITY OF ROCKFORD-:-WARD 3 PRECINCT 6,2
CITY OF ROCKFORD-:-WARD 3 PRECINCT 7,2
CITY OF ROCKFORD-:-WARD 4 PRECINCT 2,2
CITY OF ROCKFORD-:-WARD 4 PRECINCT 3,2
CITY OF ROCKFORD-:-WARD 4 PRECINCT 5,2
CITY OF ROCKFORD-:-WARD 4 PRECINCT 6,2
CITY OF ROCKFORD-:-WARD 4 PRECINCT 7,2
CITY OF ROCKFORD-:-WARD 5 PRECINCT 1,2
CITY OF ROCKFORD-:-WARD 5 PRECINCT 2,2
CITY OF ROCKFORD-:-WARD 5 PRECINCT 4,2
CITY OF ROCKFORD-:-WARD 5 PRECINCT 5,2
CITY OF ROCKFORD-:-WARD 6 PRECINCT 2,2
CITY OF ROCKFORD-:-WARD 6 PRECINCT 4,2
CITY OF ROCKFORD-:-WARD 6 PRECINCT 5,2
CITY OF ROCKFORD-:-WARD 7 PRECINCT 1,2
CITY OF ROCKFORD-:-WARD 7 PRECINCT 2,2
CITY OF ROCKFORD-:-WARD 7 PRECINCT 3,2
CITY OF ROCKFORD-:-WARD 7 PRECINCT 5,2
CITY OF ROCKFORD-:-WARD 7 PRECINCT 6,2
CITY OF ROCKFORD-:-WARD 8 PRECINCT 1,2
CITY OF ROCKFORD-:-WARD 8 PRECINCT 2,2
CITY OF ROCKFORD-:-WARD 8 PRECINCT 3,2
CITY OF ROCKFORD-:-WARD 8 PRECINCT 4,2
CITY OF ROCKFORD-:-WARD 8 PRECINCT 5,2
CITY OF ROCKFORD-:-WARD 8 PRECINCT 6,2
CITY OF ROCKFORD-:-WARD 9 PRECINCT 1,2
CITY OF ROCKFORD-:-WARD 9 PRECINCT 2,2
CITY OF ROCKFORD-:-WARD 9 PRECINCT 4,2
CITY OF ROCKFORD-:-WARD 9 PRECINCT 5,2
CITY OF ROCKFORD-:-WARD 9 PRECINCT 6,2
CLARK-:-ANDERSON,10
CLARK-:-AUBURN,10
CLARK-:-CASEY 1,10
CLARK-:-CASEY 2,10
CLARK-:-CASEY 3,10
CLARK-:-CASEY 4,10
CLARK-:-DARWIN,10
CLARK-:-DOLSON,10
CLARK-:-DOUGLAS,10
CLARK-:-JOHNSON,10
CLARK-:-MARSHALL 1,10
CLARK-:-MARSHALL 2,10
CLARK-:-MARSHALL 3,10
CLARK-:-MARSHALL 4,10
CLARK-:-MARTINSVILLE 1,10
CLARK-:-MARTINSVILLE 2,10
CLARK-:-MELROSE,10
CLARK-:-ORANGE,10
CLARK-:-PARKER,10
CLARK-:-WABASH 1,10
CLARK-:-WABASH 2,10
CLARK-:-WESTFIELD,10
CLARK-:-YORK,10
CLAY-:-BIBLE GROVE,10
CLAY-:-BLAIR,10
CLAY-:-CLAY CITY,8
CLAY-:-HARTER 1,8
CLAY-:-HARTER 3,8
CLAY-:-HARTER 4,8
CLAY-:-HARTER 5,10
CLAY-:-HARTER 6,8
CLAY-:-HARTER 7,8
CLAY-:-HOOSIER,10
CLAY-:-LARKINSBURG,10
CLAY-:-LOUISVILLE 1,10
CLAY-:-LOUISVILLE 2,10
CLAY-:-OSKALOOSA,10
CLAY-:-PIXLEY,10
CLAY-:-SONGER,10
CLAY-:-STANFORD,8
CLAY-:-XENIA,10
CLINTON-:-BREESE 1,8
CLINTON-:-BREESE 2,8
CLINTON-:-BREESE 3,8
CLINTON-:-BREESE 4,8
CLINTON-:-BROOKSIDE 1,8
CLINTON-:-BROOKSIDE 2,8
CLINTON-:-BROOKSIDE 3,8
CLINTON-:-CARLYLE 1,8
CLINTON-:-CARLYLE 2,8
CLINTON-:-CARLYLE 3,8
CLINTON-:-CARLYLE 4,8
CLINTON-:-CLEMENT,8
CLINTON-:-EAST FORK,8
CLINTON-:-GERMANTOWN 1,8
CLINTON-:-GERMANTOWN 2,8
CLINTON-:-IRISHTOWN,8
CLINTON-:-LAKE,8
CLINTON-:-LOOKINGGLASS 1,8
CLINTON-:-LOOKINGGLASS 2,8
CLINTON-:-LOOKINGGLASS 3,8
CLINTON-:-LOOKINGGLASS 4,8
CLINTON-:-LOOKINGGLASS 5,8
CLINTON-:-LOOKINGGLASS 6,8
CLINTON-:-MERIDIAN,8
CLINTON-:-SANTA FE,8
CLINTON-:-ST ROSE,8
CLINTON-:-SUGAR CREEK 1,8
CLINTON-:-SUGAR CREEK 2,8
CLINTON-:-SUGAR CREEK 3,8
CLINTON-:-SUGAR CREEK 4,8
CLINTON-:-SUGAR CREEK 5,8
CLINTON-:-WADE 1,8
CLINTON-:-WADE 2,8
CLINTON-:-WHEATFIELD,8
COLES-:-ASHMORE 1,14
COLES-:-CHARLESTON 1,15
COLES-:-CHARLESTON 10,15
COLES-:-CHARLESTON 11,15
COLES-:-CHARLESTON 12,15
COLES-:-CHARLESTON 13,14
COLES-:-CHARLESTON 14,15
COLES-:-CHARLESTON 15,15
COLES-:-CHARLESTON 16,15
COLES-:-CHARLESTON 17,15
COLES-:-CHARLESTON 18,15
COLES-:-CHARLESTON 19,15
COLES-:-CHARLESTON 2,15
COLES-:-CHARLESTON 3,14
COLES-:-CHARLESTON 4,15
COLES-:-CHARLESTON 5,14
COLES-:-CHARLESTON 6,15
COLES-:-CHARLESTON 8,15
COLES-:-EAST OAKLAND 1,14
COLES-:-HUMBOLDT 1,14
COLES-:-HUTTON 1,14
COLES-:-LAFAYETTE 1,15
COLES-:-LAFAYETTE 2,15
COLES-:-LAFAYETTE 3,14
COLES-:-LAFAYETTE 4,15
COLES-:-MATTOON 10,14
COLES-:-MATTOON 12,14
COLES-:-MATTOON 13,14
COLES-:-MATTOON 16,14
COLES-:-MATTOON 17,14
COLES-:-MATTOON 18,14
COLES-:-MATTOON 19,14
COLES-:-MATTOON 21,14
COLES-:-MATTOON 22,14
COLES-:-MATTOON 3,14
COLES-:-MATTOON 4,11
COLES-:-MATTOON 5,15
COLES-:-MATTOON 6,14
COLES-:-MATTOON 8,14
COLES-:-MORGAN 1,14
COLES-:-NORTH OKAW 1,14
COLES-:-PARADISE 1,15
COLES-:-PLEASANT GROVE 1,15
COLES-:-SEVEN HICKORY 1,14
COOK-:-7000001,5
COOK-:-7000002,5
COOK-:-7000003,5
COOK-:-7000005,5
COOK-:-7000006,5
COOK-:-7000007,5
COOK-:-7000009,5
COOK-:-7000010,15
COOK-:-7000011,5
COOK-:-7100001,9
COOK-:-7100002,9
COOK-:-7100003,9
COOK-:-7100004,9
COOK-:-7100005,9
COOK-:-7100006,9
COOK-:-7100007,9
COOK-:-7100008,9
COOK-:-7100009,9
COOK-:-7100010,9
COOK-:-7100011,9
COOK-:-7100012,9
COOK-:-7100013,9
COOK-:-7100014,9
COOK-:-7100015,9
COOK-:-7100016,9
COOK-:-7100017,9
COOK-:-7100018,9
COOK-:-7100019,9
COOK-:-7100020,9
COOK-:-7100021,9
COOK-:-7100022,9
COOK-:-7100023,9
COOK-:-7100024,9
COOK-:-7100025,9
COOK-:-7100026,9
COOK-:-7100027,9
COOK-:-7100028,9
COOK-:-7100029,9
COOK-:-7100030,9
COOK-:-7100031,9
COOK-:-7100032,9
COOK-:-7100033,9
COOK-:-7100034,9
COOK-:-7100035,9
COOK-:-7100036,9
COOK-:-7100037,9
COOK-:-7100038,9
COOK-:-7100039,9
COOK-:-7100040,9
COOK-:-7100041,9
COOK-:-7100042,9
COOK-:-7100043,9
COOK-:-7100044,9
COOK-:-7100045,9
COOK-:-7100046,9
COOK-:-7100047,9
COOK-:-7100048,9
COOK-:-7100049,9
COOK-:-7100050,9
COOK-:-7100051,9
COOK-:-7100052,9
COOK-:-7100053,9
COOK-:-7100054,9
COOK-:-7200001,9
COOK-:-7200002,9
COOK-:-7200004,9
COOK-:-7200005,9
COOK-:-7200006,9
COOK-:-7200008,9
COOK-:-7200009,9
COOK-:-7200010,16
COOK-:-7200011,9
COOK-:-7200013,9
COOK-:-7200014,9
COOK-:-7200015,9
COOK-:-7200016,16
COOK-:-7200017,9
COOK-:-7200018,16
COOK-:-7200019,9
COOK-:-7200020,16
COOK-:-7200022,16
COOK-:-7200023,9
COOK-:-7200024,16
COOK-:-7200025,9
COOK-:-7200026,9
COOK-:-7200027,9
COOK-:-7200028,9
COOK-:-7200029,9
COOK-:-7200031,9
COOK-:-7200032,9
COOK-:-7200033,16
COOK-:-7200034,16
COOK-:-7200035,9
COOK-:-7200036,9
COOK-:-7200037,9
COOK-:-7200038,9
COOK-:-7200039,9
COOK-:-7200040,9
COOK-:-7200041,9
COOK-:-7200042,16
COOK-:-7200043,9
COOK-:-7200044,9
COOK-:-7200046,9
COOK-:-7200047,9
COOK-:-7200048,9
COOK-:-7200049,9
COOK-:-7200050,16
COOK-:-7200051,9
COOK-:-7200052,9
COOK-:-7200053,16
COOK-:-7200054,16
COOK-:-7200055,9
COOK-:-7200056,9
COOK-:-7200057,16
COOK-:-7200058,9
COOK-:-7200059,9
COOK-:-7200060,9
COOK-:-7200061,16
COOK-:-7200062,9
COOK-:-7200063,9
COOK-:-7200064,9
COOK-:-7200065,16
COOK-:-7200066,9
COOK-:-7300003,9
COOK-:-7300004,9
COOK-:-7300005,9
COOK-:-7300006,9
COOK-:-7300007,9
COOK-:-7300008,9
COOK-:-7300009,9
COOK-:-7300010,9
COOK-:-7300011,9
COOK-:-7400001,5
COOK-:-7400002,5
COOK-:-7400003,5
COOK-:-7400004,5
COOK-:-7400005,5
COOK-:-7400006,5
COOK-:-7400007,5
COOK-:-7400008,5
COOK-:-7400009,5
COOK-:-7400010,5
COOK-:-7400011,5
COOK-:-7400012,5
COOK-:-7400013,5
COOK-:-7400015,5
COOK-:-7400018,5
COOK-:-7400019,5
COOK-:-7400020,5
COOK-:-7400021,5
COOK-:-7400022,5
COOK-:-7400024,5
COOK-:-7400025,5
COOK-:-7400026,5
COOK-:-7400028,5
COOK-:-7400029,5
COOK-:-7400030,5
COOK-:-7400031,5
COOK-:-7400032,5
COOK-:-7400033,5
COOK-:-7400034,5
COOK-:-7400035,5
COOK-:-7400036,5
COOK-:-7400037,5
COOK-:-7400038,5
COOK-:-7400039,5
COOK-:-7400040,5
COOK-:-7400041,5
COOK-:-7400042,5
COOK-:-7400043,5
COOK-:-7400045,5
COOK-:-7501001,11
COOK-:-7501002,5
COOK-:-7501003,5
COOK-:-7501004,5
COOK-:-7502001,5
COOK-:-7502002,5
COOK-:-7502003,5
COOK-:-7502004,5
COOK-:-7502005,5
COOK-:-7503001,5
COOK-:-7503002,5
COOK-:-7503003,5
COOK-:-7503004,5
COOK-:-7503005,5
COOK-:-7504001,5
COOK-:-7504002,5
COOK-:-7504003,5
COOK-:-7504004,5
COOK-:-7504005,5
COOK-:-7504006,5
COOK-:-7504007,5
COOK-:-7505001,5
COOK-:-7505002,5
COOK-:-7505003,5
COOK-:-7506001,5
COOK-:-7506002,5
COOK-:-7506003,5
COOK-:-7506004,5
COOK-:-7506005,5
COOK-:-7506006,5
COOK-:-7507001,5
COOK-:-7507002,5
COOK-:-7507003,5
COOK-:-7507004,5
COOK-:-7507005,5
COOK-:-7508001,5
COOK-:-7508002,5
COOK-:-7508003,5
COOK-:-7508004,5
COOK-:-7508005,5
COOK-:-7509001,5
COOK-:-7509002,5
COOK-:-7509003,5
COOK-:-7509004,5
COOK-:-7509005,5
COOK-:-7600001,5
COOK-:-7600002,5
COOK-:-7600003,5
COOK-:-7600005,5
COOK-:-7600006,5
COOK-:-7600007,5
COOK-:-7600008,5
COOK-:-7600009,5
COOK-:-7600010,5
COOK-:-7600011,5
COOK-:-7600012,5
COOK-:-7600013,5
COOK-:-7600014,5
COOK-:-7600016,5
COOK-:-7600017,5
COOK-:-7600018,5
COOK-:-7600019,5
COOK-:-7600020,5
COOK-:-7600021,5
COOK-:-7600022,5
COOK-:-7600023,5
COOK-:-7600024,5
COOK-:-7600025,5
COOK-:-7600026,5
COOK-:-7600027,5
COOK-:-7600028,5
COOK-:-7600029,5
COOK-:-7600030,5
COOK-:-7600031,5
COOK-:-7600032,5
COOK-:-7600033,5
COOK-:-7600034,5
COOK-:-7600035,5
COOK-:-7600036,5
COOK-:-7600037,5
COOK-:-7600038,5
COOK-:-7600039,5
COOK-:-7600040,5
COOK-:-7600041,5
COOK-:-7600042,5
COOK-:-7600043,5
COOK-:-7700001,16
COOK-:-7700002,16
COOK-:-7700003,16
COOK-:-7700004,16
COOK-:-7700005,16
COOK-:-7700006,16
COOK-:-7700007,16
COOK-:-7700008,16
COOK-:-7700009,16
COOK-:-7700010,16
COOK-:-7700011,16
COOK-:-7700012,16
COOK-:-7700014,16
COOK-:-7800001,16
COOK-:-7800002,16
COOK-:-7800003,16
COOK-:-7800004,16
COOK-:-7800005,16
COOK-:-7800006,16
COOK-:-7800007,16
COOK-:-7800008,16
COOK-:-7800009,16
COOK-:-7800010,16
COOK-:-7800011,16
COOK-:-7800012,5
COOK-:-7800013,16
COOK-:-7800014,16
COOK-:-7800015,16
COOK-:-7800016,16
COOK-:-7800017,16
COOK-:-7800018,16
COOK-:-7800019,16
COOK-:-7800020,16
COOK-:-7800021,16
COOK-:-7800022,16
COOK-:-7800023,5
COOK-:-7800024,16
COOK-:-7800025,16
COOK-:-7800027,16
COOK-:-7800028,16
COOK-:-7800029,16
COOK-:-7800030,16
COOK-:-7800031,16
COOK-:-7800032,16
COOK-:-7800033,16
COOK-:-7800034,16
COOK-:-7800035,16
COOK-:-7800036,16
COOK-:-7800037,16
COOK-:-7800038,5
COOK-:-7800039,16
COOK-:-7800040,16
COOK-:-7800041,16
COOK-:-7800043,16
COOK-:-7800044,16
COOK-:-7800045,16
COOK-:-7800046,16
COOK-:-7800047,16
COOK-:-7800048,16
COOK-:-7800049,16
COOK-:-7800050,16
COOK-:-7900001,16
COOK-:-7900002,16
COOK-:-7900003,16
COOK-:-7900004,16
COOK-:-7900005,16
COOK-:-7900006,16
COOK-:-7900007,9
COOK-:-7900008,16
COOK-:-7900009,9
COOK-:-7900011,9
COOK-:-7900013,16
COOK-:-7900014,9
COOK-:-7900015,9
COOK-:-7900016,9
COOK-:-7900017,16
COOK-:-7900018,9
COOK-:-7900019,16
COOK-:-7900020,16
COOK-:-7900021,16
COOK-:-7900022,16
COOK-:-7900023,16
COOK-:-7900024,16
COOK-:-7900025,16
COOK-:-7900027,16
COOK-:-7900028,16
COOK-:-7900029,16
COOK-:-7900030,16
COOK-:-7900031,16
COOK-:-7900032,9
COOK-:-7900033,16
COOK-:-7900034,16
COOK-:-7900035,16
COOK-:-7900036,16
COOK-:-7900037,16
COOK-:-7900038,16
COOK-:-7900039,16
COOK-:-7900041,16
COOK-:-7900042,16
COOK-:-7900044,16
COOK-:-7900045,16
COOK-:-7900046,16
COOK-:-7900048,16
COOK-:-7900049,16
COOK-:-7900051,16
COOK-:-7900052,16
COOK-:-7900053,16
COOK-:-7900054,16
COOK-:-7900055,16
COOK-:-7900056,9
COOK-:-7900057,9
COOK-:-7900058,16
COOK-:-7900059,16
COOK-:-7900060,9
COOK-:-7900061,16
COOK-:-7900062,16
COOK-:-7900063,16
COOK-:-7900064,9
COOK-:-7900065,16
COOK-:-7900066,16
COOK-:-7900067,16
COOK-:-7900068,16
COOK-:-7900069,16
COOK-:-8000001,5
COOK-:-8000002,5
COOK-:-8000003,5
COOK-:-8000005,5
COOK-:-8000006,5
COOK-:-8000007,5
COOK-:-8000008,5
COOK-:-8000009,5
COOK-:-8000010,5
COOK-:-8000011,5
COOK-:-8000013,5
COOK-:-8000014,5
COOK-:-8000015,5
COOK-:-8000019,5
COOK-:-8000021,5
COOK-:-8000022,5
COOK-:-8000023,5
COOK-:-8000024,5
COOK-:-8000025,5
COOK-:-8000026,5
COOK-:-8000027,5
COOK-:-8000028,5
COOK-:-8000029,5
COOK-:-8000030,5
COOK-:-8000031,5
COOK-:-8000032,5
COOK-:-8000033,5
COOK-:-8000034,5
COOK-:-8000036,5
COOK-:-8000037,5
COOK-:-8000038,5
COOK-:-8000039,5
COOK-:-8000040,5
COOK-:-8000041,5
COOK-:-8000042,5
COOK-:-8000043,5
COOK-:-8000044,5
COOK-:-8000045,5
COOK-:-8000046,5
COOK-:-8000047,5
COOK-:-8000048,5
COOK-:-8000049,5
COOK-:-8000050,5
COOK-:-8000051,5
COOK-:-8000052,5
COOK-:-8000053,5
COOK-:-8000054,5
COOK-:-8000055,5
COOK-:-8000056,5
COOK-:-8000057,5
COOK-:-8000058,5
COOK-:-8000059,5
COOK-:-8000060,5
COOK-:-8000061,5
COOK-:-8000062,5
COOK-:-8000063,5
COOK-:-8000064,5
COOK-:-8000065,5
COOK-:-8000066,5
COOK-:-8000067,5
COOK-:-8000068,5
COOK-:-8000070,5
COOK-:-8000071,5
COOK-:-8000072,5
COOK-:-8000073,5
COOK-:-8000074,5
COOK-:-8000075,5
COOK-:-8000076,5
COOK-:-8000077,5
COOK-:-8000078,5
COOK-:-8000079,5
COOK-:-8000080,5
COOK-:-8000081,5
COOK-:-8000082,5
COOK-:-8000083,5
COOK-:-8100001,5
COOK-:-8100002,5
COOK-:-8100003,5
COOK-:-8100004,5
COOK-:-8100005,5
COOK-:-8100006,5
COOK-:-8100007,5
COOK-:-8100008,5
COOK-:-8100009,5
COOK-:-8100010,5
COOK-:-8100011,5
COOK-:-8100012,5
COOK-:-8100013,5
COOK-:-8100014,5
COOK-:-8100015,5
COOK-:-8100016,5
COOK-:-8100017,5
COOK-:-8100019,5
COOK-:-8100020,5
COOK-:-8100021,5
COOK-:-8100022,5
COOK-:-8100023,5
COOK-:-8100024,5
COOK-:-8100025,5
COOK-:-8100026,5
COOK-:-8100028,5
COOK-:-8100029,5
COOK-:-8100030,5
COOK-:-8100033,5
COOK-:-8100034,5
COOK-:-8100035,5
COOK-:-8100036,5
COOK-:-8100037,5
COOK-:-8100038,5
COOK-:-8100039,5
COOK-:-8200002,5
COOK-:-8200003,5
COOK-:-8200004,5
COOK-:-8200005,5
COOK-:-8200006,5
COOK-:-8200007,5
COOK-:-8200008,5
COOK-:-8200009,5
COOK-:-8200010,5
COOK-:-8200011,5
COOK-:-8200012,5
COOK-:-8200013,5
COOK-:-8200014,5
COOK-:-8200015,5
COOK-:-8200016,5
COOK-:-8200017,5
COOK-:-8200018,5
COOK-:-8200019,5
COOK-:-8200020,5
COOK-:-8200021,5
COOK-:-8200022,5
COOK-:-8200023,5
COOK-:-8200024,5
COOK-:-8200025,5
COOK-:-8200027,5
COOK-:-8200028,5
COOK-:-8200029,5
COOK-:-8200030,5
COOK-:-8200031,5
COOK-:-8200032,5
COOK-:-8200033,5
COOK-:-8200034,5
COOK-:-8200035,5
COOK-:-8200036,5
COOK-:-8200037,5
COOK-:-8200038,5
COOK-:-8200039,5
COOK-:-8200040,5
COOK-:-8200041,5
COOK-:-8200042,5
COOK-:-8200043,5
COOK-:-8200044,5
COOK-:-8200045,5
COOK-:-8200046,5
COOK-:-8200047,5
COOK-:-8200048,5
COOK-:-8200049,5
COOK-:-8200050,5
COOK-:-8200051,5
COOK-:-8200052,5
COOK-:-8200053,5
COOK-:-8200054,5
COOK-:-8200055,5
COOK-:-8200056,5
COOK-:-8200057,5
COOK-:-8200058,5
COOK-:-8200059,5
COOK-:-8200060,5
COOK-:-8200061,5
COOK-:-8200062,5
COOK-:-8300001,5
COOK-:-8300002,5
COOK-:-8300003,5
COOK-:-8300004,5
COOK-:-8300005,5
COOK-:-8300006,5
COOK-:-8300007,5
COOK-:-8300009,5
COOK-:-8300010,5
COOK-:-8300011,5
COOK-:-8300012,5
COOK-:-8300013,5
COOK-:-8300014,5
COOK-:-8300015,5
COOK-:-8300016,5
COOK-:-8300017,5
COOK-:-8300018,5
COOK-:-8300019,5
COOK-:-8300020,5
COOK-:-8300021,5
COOK-:-8300022,5
COOK-:-8300023,5
COOK-:-8300024,5
COOK-:-8300025,5
COOK-:-8300026,5
COOK-:-8300027,5
COOK-:-8300028,5
COOK-:-8300029,5
COOK-:-8300030,5
COOK-:-8300031,5
COOK-:-8300032,5
COOK-:-8300034,5
COOK-:-8300035,5
COOK-:-8300036,5
COOK-:-8300037,5
COOK-:-8300038,5
COOK-:-8300039,5
COOK-:-8300040,5
COOK-:-8300041,5
COOK-:-8300042,5
COOK-:-8300044,5
COOK-:-8300045,5
COOK-:-8300046,5
COOK-:-8300047,5
COOK-:-8300048,5
COOK-:-8300049,5
COOK-:-8300050,5
COOK-:-8300051,5
COOK-:-8300052,5
COOK-:-8300053,5
COOK-:-8300054,5
COOK-:-8300055,5
COOK-:-8300056,5
COOK-:-8300057,5
COOK-:-8300058,5
COOK-:-8400001,15
COOK-:-8400002,11
COOK-:-8400003,5
COOK-:-8400004,11
COOK-:-8400005,15
COOK-:-8400006,11
COOK-:-8400007,11
COOK-:-8400008,11
COOK-:-8400009,11
COOK-:-8400010,14
COOK-:-8400011,5
COOK-:-8400012,15
COOK-:-8400013,11
COOK-:-8400014,5
COOK-:-8500001,9
COOK-:-8500002,9
COOK-:-8500003,9
COOK-:-8500004,16
COOK-:-8500005,9
COOK-:-8500006,16
COOK-:-8500007,9
COOK-:-8500008,9
COOK-:-8500009,9
COOK-:-8500010,9
COOK-:-8500011,9
COOK-:-8500012,16
COOK-:-8500013,9
COOK-:-8500014,9
COOK-:-8500015,9
COOK-:-8500016,9
COOK-:-8500017,9
COOK-:-8500018,9
COOK-:-8500019,9
COOK-:-8500020,16
COOK-:-8500021,9
COOK-:-8500022,16
COOK-:-8500023,9
COOK-:-8500024,9
COOK-:-8500025,9
COOK-:-8500026,9
COOK-:-8500027,9
COOK-:-8500028,16
COOK-:-8500029,9
COOK-:-8500031,9
COOK-:-8500032,9
COOK-:-8600001,9
COOK-:-8600002,16
COOK-:-8600003,9
COOK-:-8600004,9
COOK-:-8600005,16
COOK-:-8600006,9
COOK-:-8600007,16
COOK-:-8600008,16
COOK-:-8600009,9
COOK-:-8600010,16
COOK-:-8600011,16
COOK-:-8600012,16
COOK-:-8600013,9
COOK-:-8600014,9
COOK-:-8600016,16
COOK-:-8600017,16
COOK-:-8600018,16
COOK-:-8600019,16
COOK-:-8600020,9
COOK-:-8600021,16
COOK-:-8600022,9
COOK-:-8600023,9
COOK-:-8600024,16
COOK-:-8600025,16
COOK-:-8600026,9
COOK-:-8600027,9
COOK-:-8600028,16
COOK-:-8600029,16
COOK-:-8600030,16
COOK-:-8600031,16
COOK-:-8600032,16
COOK-:-8600033,16
COOK-:-8600034,16
COOK-:-8600035,16
COOK-:-8600036,16
COOK-:-8600037,16
COOK-:-8600038,9
COOK-:-8600039,16
COOK-:-8600040,16
COOK-:-8600041,16
COOK-:-8600042,9
COOK-:-8600043,16
COOK-:-8600044,9
COOK-:-8600045,16
COOK-:-8600046,16
COOK-:-8600047,16
COOK-:-8600048,16
COOK-:-8600049,9
COOK-:-8600050,9
COOK-:-8600051,16
COOK-:-8600052,16
COOK-:-8600053,16
COOK-:-8600054,16
COOK-:-8600055,16
COOK-:-8600056,16
COOK-:-8600057,16
COOK-:-8600058,16
COOK-:-8600059,16
COOK-:-8600060,16
COOK-:-8600061,16
COOK-:-8600062,16
COOK-:-8700001,5
COOK-:-8700003,5
COOK-:-8700004,5
COOK-:-8700005,5
COOK-:-8700006,5
COOK-:-8700007,5
COOK-:-8700008,5
COOK-:-8700009,5
COOK-:-8700010,5
COOK-:-8700011,5
COOK-:-8700012,5
COOK-:-8700013,5
COOK-:-8700014,5
COOK-:-8700015,5
COOK-:-8700016,5
COOK-:-8700017,5
COOK-:-8700019,5
COOK-:-8700020,5
COOK-:-8700021,5
COOK-:-8700022,5
COOK-:-8700023,5
COOK-:-8700024,5
COOK-:-8700025,5
COOK-:-8700026,5
COOK-:-8700028,5
COOK-:-8700029,5
COOK-:-8700030,5
COOK-:-8700031,5
COOK-:-8700032,5
COOK-:-8700033,5
COOK-:-8700034,5
COOK-:-8700036,5
COOK-:-8700037,5
COOK-:-8700039,5
COOK-:-8700040,5
COOK-:-8700041,5
COOK-:-8700042,5
COOK-:-8700043,5
COOK-:-8700044,5
COOK-:-8700045,5
COOK-:-8700046,5
COOK-:-8700048,5
COOK-:-8700049,5
COOK-:-8700050,5
COOK-:-8700051,5
COOK-:-8700052,5
COOK-:-8700053,5
COOK-:-8700054,5
COOK-:-8700055,5
COOK-:-8700056,5
COOK-:-8700057,5
COOK-:-8700058,5
COOK-:-8700060,5
COOK-:-8700061,5
COOK-:-8700062,5
COOK-:-8700063,5
COOK-:-8700064,5
COOK-:-8700065,5
COOK-:-8800001,16
COOK-:-8800002,16
COOK-:-8800003,16
COOK-:-8800004,16
COOK-:-8800005,16
COOK-:-8800006,9
COOK-:-8800007,16
COOK-:-8800008,16
COOK-:-8800009,16
COOK-:-8800010,16
COOK-:-8800011,16
COOK-:-8800012,16
COOK-:-8800013,16
COOK-:-8800014,16
COOK-:-8800015,16
COOK-:-8800016,16
COOK-:-8800017,16
COOK-:-8800018,16
COOK-:-8800019,16
COOK-:-8800020,16
COOK-:-8800021,16
COOK-:-8800022,16
COOK-:-8800023,16
COOK-:-8800024,16
COOK-:-8800025,16
COOK-:-8800026,16
COOK-:-8800027,16
COOK-:-8800028,16
COOK-:-8800029,16
COOK-:-8800030,16
COOK-:-8800031,16
COOK-:-8800032,16
COOK-:-8800033,16
COOK-:-8800034,16
COOK-:-8800035,16
COOK-:-8900001,16
COOK-:-8900002,16
COOK-:-8900003,16
COOK-:-8900004,16
COOK-:-8900005,16
COOK-:-8900006,16
COOK-:-8900007,16
COOK-:-8900008,9
COOK-:-8900009,16
COOK-:-8900010,16
COOK-:-8900011,16
COOK-:-8900012,16
COOK-:-8900013,16
COOK-:-8900014,16
COOK-:-8900015,16
COOK-:-8900016,16
COOK-:-8900017,16
COOK-:-8900018,16
COOK-:-8900019,16
COOK-:-8900020,16
COOK-:-8900021,16
COOK-:-8900022,16
COOK-:-8900024,9
COOK-:-8900026,9
COOK-:-8900027,9
COOK-:-8900028,16
COOK-:-8900029,9
COOK-:-8900031,16
COOK-:-8900032,9
COOK-:-8900033,9
COOK-:-8900034,9
COOK-:-8900035,16
COOK-:-8900036,16
COOK-:-8900037,16
COOK-:-8900038,9
COOK-:-8900039,16
COOK-:-8900040,9
COOK-:-8900041,16
COOK-:-8900042,16
COOK-:-8900043,16
COOK-:-8900044,16
COOK-:-8900045,16
COOK-:-8900046,16
COOK-:-8900047,16
COOK-:-8900048,16
COOK-:-8900049,16
COOK-:-8900050,16
COOK-:-8900051,16
COOK-:-8900052,16
COOK-:-8900053,16
COOK-:-8900054,9
COOK-:-8900055,16
COOK-:-8900056,16
COOK-:-8900057,16
COOK-:-8900058,16
COOK-:-8900059,16
COOK-:-8900060,16
COOK-:-8900061,16
COOK-:-8900062,9
COOK-:-8900063,16
COOK-:-8900064,16
COOK-:-8900065,16
COOK-:-8900066,9
COOK-:-8900067,9
COOK-:-8900068,16
COOK-:-8900069,16
COOK-:-8900070,16
COOK-:-8900072,16
COOK-:-8900073,16
COOK-:-8900074,16
COOK-:-8900075,9
COOK-:-8900076,16
COOK-:-8900077,16
COOK-:-8900078,16
COOK-:-8900079,9
COOK-:-8900080,16
COOK-:-8900081,16
COOK-:-8900082,16
COOK-:-8900083,16
COOK-:-8900084,16
COOK-:-8900085,16
COOK-:-8900086,9
COOK-:-8900087,16
COOK-:-8900088,9
COOK-:-8900089,9
COOK-:-9000001,9
COOK-:-9000002,9
COOK-:-9000003,9
COOK-:-9000004,9
COOK-:-9000005,9
COOK-:-9000006,9
COOK-:-9000007,9
COOK-:-9000008,9
COOK-:-9000009,9
COOK-:-9000010,9
COOK-:-9000011,9
COOK-:-9000012,9
COOK-:-9000013,9
COOK-:-9000014,9
COOK-:-9000015,9
COOK-:-9000016,9
COOK-:-9000017,9
COOK-:-9000018,9
COOK-:-9000019,9
COOK-:-9000020,9
COOK-:-9000021,9
COOK-:-9000022,9
COOK-:-9000023,9
COOK-:-9000024,9
COOK-:-9000025,9
COOK-:-9000026,9
COOK-:-9000027,9
COOK-:-9000028,9
COOK-:-9000029,9
COOK-:-9000030,9
COOK-:-9000031,9
COOK-:-9000032,9
COOK-:-9000033,9
COOK-:-9000034,9
COOK-:-9000035,9
COOK-:-9000036,9
COOK-:-9000037,9
COOK-:-9000038,9
COOK-:-9000039,9
COOK-:-9000040,9
COOK-:-9000041,9
COOK-:-9000042,9
COOK-:-9000043,9
COOK-:-9000044,9
COOK-:-9000045,9
COOK-:-9000046,9
COOK-:-9000047,9
COOK-:-9100001,16
COOK-:-9100002,16
COOK-:-9100003,16
COOK-:-9100004,16
COOK-:-9100005,16
COOK-:-9100006,16
COOK-:-9100007,16
COOK-:-9200001,9
COOK-:-9200002,16
COOK-:-9200003,9
COOK-:-9200004,16
COOK-:-9200005,16
COOK-:-9200006,16
COOK-:-9200007,16
COOK-:-9200008,9
COOK-:-9200009,9
COOK-:-9200010,9
COOK-:-9200011,9
COOK-:-9200012,16
COOK-:-9300001,5
COOK-:-9300002,5
COOK-:-9300003,5
COOK-:-9300004,5
COOK-:-9300005,5
COOK-:-9300006,5
COOK-:-9300007,5
COOK-:-9300008,5
COOK-:-9300009,5
COOK-:-9300010,5
COOK-:-9300011,5
COOK-:-9300012,5
COOK-:-9300013,5
COOK-:-9300014,5
COOK-:-9300015,5
COOK-:-9300016,5
COOK-:-9300017,5
COOK-:-9300018,5
COOK-:-9300019,5
COOK-:-9300020,5
COOK-:-9300021,5
COOK-:-9300022,5
COOK-:-9300023,5
COOK-:-9300024,5
COOK-:-9300025,5
COOK-:-9300026,5
COOK-:-9300027,5
COOK-:-9300028,5
COOK-:-9300029,5
COOK-:-9300030,5
COOK-:-9300031,5
COOK-:-9300032,5
COOK-:-9300033,5
COOK-:-9300034,5
COOK-:-9300035,5
COOK-:-9300036,5
COOK-:-9300037,5
COOK-:-9300038,5
COOK-:-9300039,5
COOK-:-9300040,5
COOK-:-9300041,5
COOK-:-9300042,5
COOK-:-9300043,5
COOK-:-9300044,5
COOK-:-9300045,5
COOK-:-9300046,5
COOK-:-9300047,5
COOK-:-9300048,5
COOK-:-9300049,5
COOK-:-9300050,5
COOK-:-9300051,5
COOK-:-9300052,5
COOK-:-9300053,5
COOK-:-9300054,5
COOK-:-9300055,5
COOK-:-9300056,5
COOK-:-9300057,5
COOK-:-9300058,5
COOK-:-9300059,5
COOK-:-9300060,5
COOK-:-9300061,5
COOK-:-9300062,5
COOK-:-9300063,5
COOK-:-9300064,5
COOK-:-9300065,5
COOK-:-9300066,5
COOK-:-9300067,5
COOK-:-9300068,5
COOK-:-9300069,5
COOK-:-9400001,16
COOK-:-9400002,16
COOK-:-9400003,9
COOK-:-9400004,9
COOK-:-9400005,9
COOK-:-9400006,9
COOK-:-9400007,9
COOK-:-9400008,9
COOK-:-9400009,9
COOK-:-9400010,16
COOK-:-9400011,9
COOK-:-9400013,9
COOK-:-9400014,9
COOK-:-9400015,9
COOK-:-9400016,9
COOK-:-9400017,16
COOK-:-9400018,9
COOK-:-9400019,9
COOK-:-9400020,9
COOK-:-9500001,9
COOK-:-9500002,9
COOK-:-9500003,9
COOK-:-9500004,9
COOK-:-9500005,9
COOK-:-9500006,9
COOK-:-9500007,9
COOK-:-9500008,9
COOK-:-9500009,9
COOK-:-9500010,9
COOK-:-9500011,9
COOK-:-9500012,9
COOK-:-9500013,9
COOK-:-9500014,9
COOK-:-9500015,9
COOK-:-9500016,9
COOK-:-9500017,9
COOK-:-9500018,9
COOK-:-9500019,9
COOK-:-9500020,9
COOK-:-9500021,9
COOK-:-9500022,9
COOK-:-9500023,9
COOK-:-9500024,9
COOK-:-9500025,9
COOK-:-9500026,9
COOK-:-9500027,9
COOK-:-9500028,9
COOK-:-9500029,9
COOK-:-9500030,9
COOK-:-9500031,9
COOK-:-9500032,9
COOK-:-9500033,9
COOK-:-9500034,9
COOK-:-9500035,9
COOK-:-9500036,9
COOK-:-9500037,9
COOK-:-9500038,9
COOK-:-9500039,9
COOK-:-9500040,9
COOK-:-9500041,9
COOK-:-9500042,9
COOK-:-9500043,9
COOK-:-9500044,9
COOK-:-9500045,9
COOK-:-9500046,9
COOK-:-9500047,9
COOK-:-9500048,9
COOK-:-9500050,9
COOK-:-9500051,9
COOK-:-9500052,9
COOK-:-9500053,9
COOK-:-9500054,9
COOK-:-9500055,9
COOK-:-9500056,9
COOK-:-9500057,9
COOK-:-9500058,9
COOK-:-9500059,9
COOK-:-9500060,9
COOK-:-9500061,9
COOK-:-9500062,9
COOK-:-9500063,9
COOK-:-9500064,9
COOK-:-9500065,9
COOK-:-9500066,9
COOK-:-9500067,9
COOK-:-9500068,9
COOK-:-9500069,9
COOK-:-9500070,9
COOK-:-9500071,9
COOK-:-9500072,9
COOK-:-9500073,9
COOK-:-9500074,9
COOK-:-9500075,9
COOK-:-9500076,9
COOK-:-9500077,9
COOK-:-9500078,9
COOK-:-9500079,9
COOK-:-9500080,9
COOK-:-9500081,9
COOK-:-9500082,9
COOK-:-9500083,9
COOK-:-9500084,9
COOK-:-9500085,9
COOK-:-9500086,9
COOK-:-9500087,9
COOK-:-9500088,9
COOK-:-9500089,9
COOK-:-9500090,9
COOK-:-9500091,9
COOK-:-9500092,9
COOK-:-9500093,9
COOK-:-9500094,9
COOK-:-9500095,9
COOK-:-9500096,9
COOK-:-9500097,9
COOK-:-9500098,9
COOK-:-9500099,9
COOK-:-9500100,9
COOK-:-9500101,9
COOK-:-9500102,9
COOK-:-9500103,9
COOK-:-9500104,9
COOK-:-9600001,5
COOK-:-9600002,5
COOK-:-9600003,5
COOK-:-9600004,5
COOK-:-9600005,5
COOK-:-9600006,5
COOK-:-9600007,5
COOK-:-9600008,5
COOK-:-9600009,5
COOK-:-9600010,5
COOK-:-9600012,5
COOK-:-9600013,5
COOK-:-9600014,5
COOK-:-9600015,5
COOK-:-9600016,5
COOK-:-9600017,5
COOK-:-9600018,5
COOK-:-9600019,5
COOK-:-9600020,5
COOK-:-9600022,5
COOK-:-9600023,5
COOK-:-9600024,5
COOK-:-9600025,5
COOK-:-9600026,5
COOK-:-9600027,5
COOK-:-9600028,5
COOK-:-9600029,5
COOK-:-9600030,5
COOK-:-9600031,5
COOK-:-9600032,5
COOK-:-9600033,5
COOK-:-9600034,5
COOK-:-9600035,5
COOK-:-9600036,5
COOK-:-9600037,5
COOK-:-9600038,5
COOK-:-9600039,5
COOK-:-9600041,5
COOK-:-9600042,5
COOK-:-9600043,5
COOK-:-9600044,5
COOK-:-9600045,5
COOK-:-9600049,5
COOK-:-9600050,5
COOK-:-9600051,5
COOK-:-9600052,5
COOK-:-9600053,5
COOK-:-9600055,5
COOK-:-9600056,5
COOK-:-9600057,5
COOK-:-9600058,5
COOK-:-9600059,5
COOK-:-9600061,5
COOK-:-9600062,5
COOK-:-9600064,5
COOK-:-9600065,5
COOK-:-9600066,5
COOK-:-9600067,5
COOK-:-9600069,5
COOK-:-9600070,5
COOK-:-9600071,5
COOK-:-9600072,5
COOK-:-9600073,5
COOK-:-9600074,5
COOK-:-9600075,5
COOK-:-9600076,5
COOK-:-9600077,5
COOK-:-9600078,5
COOK-:-9600079,5
COOK-:-9600080,5
COOK-:-9600081,5
COOK-:-9700002,9
COOK-:-9700003,9
COOK-:-9700004,9
COOK-:-9700005,9
COOK-:-9700006,16
COOK-:-9700007,16
COOK-:-9700008,9
COOK-:-9700009,9
COOK-:-9700010,9
COOK-:-9700011,9
COOK-:-9700012,9
COOK-:-9700013,9
COOK-:-9700014,9
COOK-:-9700015,9
COOK-:-9700016,16
COOK-:-9700017,9
COOK-:-9700018,9
COOK-:-9700019,9
COOK-:-9700020,9
COOK-:-9700021,9
COOK-:-9700022,9
COOK-:-9700023,16
COOK-:-9700025,9
COOK-:-9700026,9
COOK-:-9700027,9
COOK-:-9700028,9
COOK-:-9700029,9
COOK-:-9700030,9
COOK-:-9700031,9
COOK-:-9700032,9
COOK-:-9700033,9
COOK-:-9700034,9
COOK-:-9700035,9
COOK-:-9700036,9
COOK-:-9700037,9
COOK-:-9700038,9
COOK-:-9700039,9
COOK-:-9700040,9
COOK-:-9700041,9
COOK-:-9700042,9
COOK-:-9700044,9
COOK-:-9700045,9
COOK-:-9700046,9
COOK-:-9700047,9
COOK-:-9700048,9
COOK-:-9700049,16
COOK-:-9700050,9
COOK-:-9700051,16
COOK-:-9700052,9
COOK-:-9700053,9
COOK-:-9700054,9
COOK-:-9700055,9
COOK-:-9700056,9
COOK-:-9700057,9
COOK-:-9700059,9
COOK-:-9700060,9
COOK-:-9700061,9
COOK-:-9700062,9
COOK-:-9700063,9
COOK-:-9700064,16
COOK-:-9700065,16
COOK-:-9700066,16
COOK-:-9700067,16
COOK-:-9700068,9
COOK-:-9700069,9
COOK-:-9700070,9
COOK-:-9700071,16
COOK-:-9700072,9
COOK-:-9700074,9
COOK-:-9700075,9
COOK-:-9700076,16
COOK-:-9700077,9
COOK-:-9700078,9
COOK-:-9700079,9
COOK-:-9700080,9
COOK-:-9700081,9
COOK-:-9700082,9
COOK-:-9800001,16
COOK-:-9800002,16
COOK-:-9800003,16
COOK-:-9800004,16
COOK-:-9800005,16
COOK-:-9800006,16
COOK-:-9800007,16
COOK-:-9800008,16
COOK-:-9800009,16
COOK-:-9800010,16
COOK-:-9800011,16
COOK-:-9800012,16
COOK-:-9800013,16
COOK-:-9800014,16
COOK-:-9800015,16
COOK-:-9800016,16
COOK-:-9800017,16
COOK-:-9800018,16
COOK-:-9800019,16
COOK-:-9800020,16
COOK-:-9800021,16
COOK-:-9800022,16
COOK-:-9800023,16
COOK-:-9800024,16
COOK-:-9800025,16
COOK-:-9800026,16
COOK-:-9800027,16
COOK-:-9800028,16
COOK-:-9800029,16
COOK-:-9800030,16
COOK-:-9800031,16
COOK-:-9901001,9
COOK-:-9901002,9
COOK-:-9901003,16
COOK-:-9901004,9
COOK-:-9902001,16
COOK-:-9902002,16
COOK-:-9902003,16
COOK-:-9902004,16
COOK-:-9903001,9
COOK-:-9903002,9
COOK-:-9903003,9
COOK-:-9903004,16
COOK-:-9904001,16
COOK-:-9904002,16
COOK-:-9904003,16
COOK-:-9904004,16
COOK-:-9905001,16
COOK-:-9905002,16
COOK-:-9905003,16
COOK-:-9906001,16
COOK-:-9906002,16
COOK-:-9906003,16
COOK-:-9906004,16
COOK-:-9907001,16
COOK-:-9907002,9
COOK-:-9907003,16
COOK-:-9907004,16
COOK-:-9908001,16
COOK-:-9908002,16
COOK-:-9908003,16
CRAWFORD-:-HONEY CREEK 1,10
CRAWFORD-:-HONEY CREEK 2,10
CRAWFORD-:-HUTSONVILLE 1,10
CRAWFORD-:-HUTSONVILLE 2,10
CRAWFORD-:-LAMOTTE 1,10
CRAWFORD-:-LAMOTTE 2,10
CRAWFORD-:-LICKING,10
CRAWFORD-:-MARTIN,10
CRAWFORD-:-MONTGOMERY,10
CRAWFORD-:-OBLONG 1,10
CRAWFORD-:-OBLONG 2,10
CRAWFORD-:-OBLONG 3,10
CRAWFORD-:-PRAIRIE 1,10
CRAWFORD-:-PRAIRIE 2,10
CRAWFORD-:-ROBINSON 1,10
CRAWFORD-:-ROBINSON 2,10
CRAWFORD-:-ROBINSON 3,10
CRAWFORD-:-ROBINSON 4,10
CRAWFORD-:-ROBINSON 5,10
CRAWFORD-:-ROBINSON 6,10
CRAWFORD-:-ROBINSON 7,10
CRAWFORD-:-ROBINSON 8,10
CRAWFORD-:-ROBINSON 9,10
CRAWFORD-:-SOUTHWEST,10
CUMBERLAND-:-COTTONWOOD-2,10
CUMBERLAND-:-CROOKED CREEK-1,10
CUMBERLAND-:-GREENUP 1-1,10
CUMBERLAND-:-GREENUP 2-1,10
CUMBERLAND-:-GREENUP 3-1,10
CUMBERLAND-:-NEOGA 1-2,10
CUMBERLAND-:-NEOGA 1-3,10
CUMBERLAND-:-NEOGA 2-2,10
CUMBERLAND-:-NEOGA 2-3,10
CUMBERLAND-:-SPRING POINT-3,10
CUMBERLAND-:-SPRING POINT-4,10
CUMBERLAND-:-SUMPTER 1-2,10
CUMBERLAND-:-SUMPTER 2-2,10
CUMBERLAND-:-UNION-1,10
CUMBERLAND-:-WOODBURY-2,10
DEKALB-:-AFTON 1,15
DEKALB-:-CLINTON 1,15
DEKALB-:-CORTLAND 1,15
DEKALB-:-CORTLAND 2,15
DEKALB-:-CORTLAND 3,15
DEKALB-:-CORTLAND 4,2
DEKALB-:-CORTLAND 5,14
DEKALB-:-CORTLAND 6,15
DEKALB-:-CORTLAND 7,14
DEKALB-:-CORTLAND 8,14
DEKALB-:-CORTLAND 9,15
DEKALB-:-DEKALB 1,2
DEKALB-:-DEKALB 10,2
DEKALB-:-DEKALB 11,2
DEKALB-:-DEKALB 12,2
DEKALB-:-DEKALB 13,2
DEKALB-:-DEKALB 14,2
DEKALB-:-DEKALB 15,2
DEKALB-:-DEKALB 16,2
DEKALB-:-DEKALB 17,2
DEKALB-:-DEKALB 18,2
DEKALB-:-DEKALB 19,2
DEKALB-:-DEKALB 2,2
DEKALB-:-DEKALB 20,2
DEKALB-:-DEKALB 21,2
DEKALB-:-DEKALB 22,2
DEKALB-:-DEKALB 23,2
DEKALB-:-DEKALB 24,2
DEKALB-:-DEKALB 3,2
DEKALB-:-DEKALB 4,2
DEKALB-:-DEKALB 5,2
DEKALB-:-DEKALB 6,2
DEKALB-:-DEKALB 7,14
DEKALB-:-DEKALB 8,2
DEKALB-:-DEKALB 9,15
DEKALB-:-FRANKLIN 1,2
DEKALB-:-FRANKLIN 2,2
DEKALB-:-GENOA 1,11
DEKALB-:-GENOA 2,15
DEKALB-:-GENOA 3,11
DEKALB-:-KINGSTON 1,2
DEKALB-:-KINGSTON 2,2
DEKALB-:-MALTA 1,2
DEKALB-:-MILAN 1,2
DEKALB-:-PAW PAW 1,15
DEKALB-:-PIERCE 1,15
DEKALB-:-SANDWICH 1,11
DEKALB-:-SANDWICH 2,11
DEKALB-:-SANDWICH 3,11
DEKALB-:-SANDWICH 4,11
DEKALB-:-SANDWICH 5,11
DEKALB-:-SHABBONA 1,15
DEKALB-:-SOMONAUK 1,11
DEKALB-:-SOUTH GROVE 1,2
DEKALB-:-SQUAW GROVE 1,15
DEKALB-:-SQUAW GROVE 2,15
DEKALB-:-SYCAMORE 1,15
DEKALB-:-SYCAMORE 10,2
DEKALB-:-SYCAMORE 11,2
DEKALB-:-SYCAMORE 2,11
DEKALB-:-SYCAMORE 3,2
DEKALB-:-SYCAMORE 4,14
DEKALB-:-SYCAMORE 5,2
DEKALB-:-SYCAMORE 6,15
DEKALB-:-SYCAMORE 8,2
DEKALB-:-VICTOR 1,15
DEWITT-:-BARNETT,10
DEWITT-:-CLINTONIA 1,10
DEWITT-:-CLINTONIA 2,10
DEWITT-:-CLINTONIA 3,10
DEWITT-:-CLINTONIA 4,10
DEWITT-:-CLINTONIA 5,10
DEWITT-:-CLINTONIA 6,10
DEWITT-:-CLINTONIA 7,10
DEWITT-:-CLINTONIA 8,10
DEWITT-:-CLINTONIA 9,10
DEWITT-:-CREEK,10
DEWITT-:-DEWITT,10
DEWITT-:-HARP,10
DEWITT-:-NIXON,10
DEWITT-:-RUTLEDGE,10
DEWITT-:-SANTA ANNA 1,10
DEWITT-:-SANTA ANNA 2,10
DEWITT-:-SANTA ANNA 3,10
DEWITT-:-TEXAS,10
DEWITT-:-TUNBRIDGE,10
DEWITT-:-WAPELLA,10
DEWITT-:-WAYNESVILLE,10
DEWITT-:-WILSON,10
DOUGLAS-:-ARCOLA 1,10
DOUGLAS-:-ARCOLA 2,10
DOUGLAS-:-ARCOLA 3,10
DOUGLAS-:-BOURBON 1,10
DOUGLAS-:-BOURBON 2,10
DOUGLAS-:-BOWDRE,10
DOUGLAS-:-CAMARGO 1,10
DOUGLAS-:-CAMARGO 2,10
DOUGLAS-:-CAMARGO 3,10
DOUGLAS-:-GARRETT,10
DOUGLAS-:-MURDOCK,10
DOUGLAS-:-NEWMAN,10
DOUGLAS-:-SARGENT,10
DOUGLAS-:-TUSCOLA 1,10
DOUGLAS-:-TUSCOLA 2,10
DOUGLAS-:-TUSCOLA 3,10
DOUGLAS-:-TUSCOLA 4,10
DUPAGE-:-ADDISON 001-0152,15
DUPAGE-:-ADDISON 002-0153,15
DUPAGE-:-ADDISON 003-0154,15
DUPAGE-:-ADDISON 004-0155,6
DUPAGE-:-ADDISON 005-0156,6
DUPAGE-:-ADDISON 006-0157,6
DUPAGE-:-ADDISON 007-0158,6
DUPAGE-:-ADDISON 008-0159,6
DUPAGE-:-ADDISON 009-0160,6
DUPAGE-:-ADDISON 010-0161,6
DUPAGE-:-ADDISON 011-0162,6
DUPAGE-:-ADDISON 012-0163/0164,6
DUPAGE-:-ADDISON 013-0165,6
DUPAGE-:-ADDISON 014-0166,6
DUPAGE-:-ADDISON 015-0167,6
DUPAGE-:-ADDISON 016-0168,6
DUPAGE-:-ADDISON 017-0169,6
DUPAGE-:-ADDISON 018-0170,6
DUPAGE-:-ADDISON 019-0171,6
DUPAGE-:-ADDISON 020-0172,6
DUPAGE-:-ADDISON 021-0173,6
DUPAGE-:-ADDISON 022-0174/0175,6
DUPAGE-:-ADDISON 023-0176,6
DUPAGE-:-ADDISON 024-0177,6
DUPAGE-:-ADDISON 025-0178,6
DUPAGE-:-ADDISON 026-0179,6
DUPAGE-:-ADDISON 027-0180,6
DUPAGE-:-ADDISON 028-0181,6
DUPAGE-:-ADDISON 029-0182,6
DUPAGE-:-ADDISON 030-0183,6
DUPAGE-:-ADDISON 031-0184,6
DUPAGE-:-ADDISON 032-0185,6
DUPAGE-:-ADDISON 033-0186/0187,6
DUPAGE-:-ADDISON 034-0188,6
DUPAGE-:-ADDISON 035-0189,6
DUPAGE-:-ADDISON 036-0190,6
DUPAGE-:-ADDISON 037-0191/0192,6
DUPAGE-:-ADDISON 038-0193,6
DUPAGE-:-ADDISON 039-0194,6
DUPAGE-:-ADDISON 040-0195,6
DUPAGE-:-ADDISON 041-0196,6
DUPAGE-:-ADDISON 042-0197,6
DUPAGE-:-ADDISON 043-0198,6
DUPAGE-:-ADDISON 044-0199/0200,6
DUPAGE-:-ADDISON 045-0201,6
DUPAGE-:-ADDISON 046-0202,6
DUPAGE-:-ADDISON 047-0203/0204,6
DUPAGE-:-ADDISON 048-0205,6
DUPAGE-:-ADDISON 049-0207,6
DUPAGE-:-ADDISON 050-0208,6
DUPAGE-:-ADDISON 051-0209,6
DUPAGE-:-ADDISON 052-0210,6
DUPAGE-:-ADDISON 053-0211,6
DUPAGE-:-BLOOMINGDALE 001-0046,6
DUPAGE-:-BLOOMINGDALE 002-0047/0048,6
DUPAGE-:-BLOOMINGDALE 003-0050,6
DUPAGE-:-BLOOMINGDALE 004-0051,6
DUPAGE-:-BLOOMINGDALE 005-0052,6
DUPAGE-:-BLOOMINGDALE 006-0053/0054,6
DUPAGE-:-BLOOMINGDALE 007-0055,6
DUPAGE-:-BLOOMINGDALE 008-0056,6
DUPAGE-:-BLOOMINGDALE 009-0057/0058,6
DUPAGE-:-BLOOMINGDALE 010-0059,6
DUPAGE-:-BLOOMINGDALE 011-0060,6
DUPAGE-:-BLOOMINGDALE 012-0061/0062,6
DUPAGE-:-BLOOMINGDALE 013-0063,6
DUPAGE-:-BLOOMINGDALE 014-0064,6
DUPAGE-:-BLOOMINGDALE 015-0065/0066,6
DUPAGE-:-BLOOMINGDALE 016-0067/0068,6
DUPAGE-:-BLOOMINGDALE 017-0069/0070,6
DUPAGE-:-BLOOMINGDALE 018-0071/0072/0073,6
DUPAGE-:-BLOOMINGDALE 019-0074/0075/0076/0077,6
DUPAGE-:-BLOOMINGDALE 020-0078/0079,6
DUPAGE-:-BLOOMINGDALE 021-0080,6
DUPAGE-:-BLOOMINGDALE 022-0081,6
DUPAGE-:-BLOOMINGDALE 023-0083/0084/0085,6
DUPAGE-:-BLOOMINGDALE 024-0086,6
DUPAGE-:-BLOOMINGDALE 025-0087,6
DUPAGE-:-BLOOMINGDALE 026-0088/0089,6
DUPAGE-:-BLOOMINGDALE 027-0090,6
DUPAGE-:-BLOOMINGDALE 028-0091,6
DUPAGE-:-BLOOMINGDALE 029-0092,6
DUPAGE-:-BLOOMINGDALE 030-0093,6
DUPAGE-:-BLOOMINGDALE 031-0094,6
DUPAGE-:-BLOOMINGDALE 032-0095/0096,6
DUPAGE-:-BLOOMINGDALE 033-0097,6
DUPAGE-:-BLOOMINGDALE 034-0098,6
DUPAGE-:-BLOOMINGDALE 035-0099,6
DUPAGE-:-BLOOMINGDALE 036-0101,6
DUPAGE-:-BLOOMINGDALE 037-0102/0103,6
DUPAGE-:-BLOOMINGDALE 038-0104/0105/0106/0107,6
DUPAGE-:-BLOOMINGDALE 039-0108/0109,6
DUPAGE-:-BLOOMINGDALE 040-0110/0112,6
DUPAGE-:-BLOOMINGDALE 041-0113/0114,6
DUPAGE-:-BLOOMINGDALE 042-0115,6
DUPAGE-:-BLOOMINGDALE 043-0116,6
DUPAGE-:-BLOOMINGDALE 044-0117,6
DUPAGE-:-BLOOMINGDALE 045-0118,6
DUPAGE-:-BLOOMINGDALE 045-0119,6
DUPAGE-:-BLOOMINGDALE 046-0120,6
DUPAGE-:-BLOOMINGDALE 047-0121,6
DUPAGE-:-BLOOMINGDALE 048-0122,6
DUPAGE-:-BLOOMINGDALE 049-0123/0124,6
DUPAGE-:-BLOOMINGDALE 050-0125/0126,6
DUPAGE-:-BLOOMINGDALE 051-0127,6
DUPAGE-:-BLOOMINGDALE 052-0128,6
DUPAGE-:-BLOOMINGDALE 053-0129,6
DUPAGE-:-BLOOMINGDALE 054-0130/0131,6
DUPAGE-:-BLOOMINGDALE 055-0132,6
DUPAGE-:-BLOOMINGDALE 056-0133,6
DUPAGE-:-BLOOMINGDALE 057-0134,6
DUPAGE-:-BLOOMINGDALE 058-0135,6
DUPAGE-:-BLOOMINGDALE 059-0136,6
DUPAGE-:-BLOOMINGDALE 060-0137,6
DUPAGE-:-BLOOMINGDALE 061-0138,6
DUPAGE-:-BLOOMINGDALE 062-0139,6
DUPAGE-:-BLOOMINGDALE 063-0140,6
DUPAGE-:-BLOOMINGDALE 064-0141,6
DUPAGE-:-BLOOMINGDALE 065-0142,6
DUPAGE-:-BLOOMINGDALE 066-0143,6
DUPAGE-:-BLOOMINGDALE 067-0144,6
DUPAGE-:-BLOOMINGDALE 068-0145/0146,6
DUPAGE-:-BLOOMINGDALE 069-0147,6
DUPAGE-:-BLOOMINGDALE 070-0148,6
DUPAGE-:-BLOOMINGDALE 071-0150,6
DUPAGE-:-BLOOMINGDALE 072-0151,6
DUPAGE-:-DOWNERS GROVE 001-0691,6
DUPAGE-:-DOWNERS GROVE 002-0692,6
DUPAGE-:-DOWNERS GROVE 003-0693/0694,6
DUPAGE-:-DOWNERS GROVE 004-0695/0696/0697,6
DUPAGE-:-DOWNERS GROVE 005-0698,6
DUPAGE-:-DOWNERS GROVE 006-0699/0700/0701,6
DUPAGE-:-DOWNERS GROVE 007-0702,6
DUPAGE-:-DOWNERS GROVE 008-0703,6
DUPAGE-:-DOWNERS GROVE 009-0704,6
DUPAGE-:-DOWNERS GROVE 010-0705/0706,6
DUPAGE-:-DOWNERS GROVE 011-0707,6
DUPAGE-:-DOWNERS GROVE 012-0708,6
DUPAGE-:-DOWNERS GROVE 013-0710,6
DUPAGE-:-DOWNERS GROVE 014-0712,6
DUPAGE-:-DOWNERS GROVE 015-0714/0715/0716/0717,6
DUPAGE-:-DOWNERS GROVE 016-0718/0719/0720,6
DUPAGE-:-DOWNERS GROVE 017-0721,6
DUPAGE-:-DOWNERS GROVE 018-0723/0724/0725/0726,6
DUPAGE-:-DOWNERS GROVE 019-0727,6
DUPAGE-:-DOWNERS GROVE 020-0728/0729,6
DUPAGE-:-DOWNERS GROVE 021-0730/0731,6
DUPAGE-:-DOWNERS GROVE 022-0732,6
DUPAGE-:-DOWNERS GROVE 023-0733,6
DUPAGE-:-DOWNERS GROVE 024-0734/0735,6
DUPAGE-:-DOWNERS GROVE 025-0736,6
DUPAGE-:-DOWNERS GROVE 026-0737,6
DUPAGE-:-DOWNERS GROVE 027-0738,6
DUPAGE-:-DOWNERS GROVE 028-0739,6
DUPAGE-:-DOWNERS GROVE 029-0740,6
DUPAGE-:-DOWNERS GROVE 030-0741,6
DUPAGE-:-DOWNERS GROVE 031-0742,11
DUPAGE-:-DOWNERS GROVE 032-0743,6
DUPAGE-:-DOWNERS GROVE 033-0744,6
DUPAGE-:-DOWNERS GROVE 034-0745,6
DUPAGE-:-DOWNERS GROVE 035-0746,6
DUPAGE-:-DOWNERS GROVE 036-0747/0748,6
DUPAGE-:-DOWNERS GROVE 037-0749,6
DUPAGE-:-DOWNERS GROVE 038-0750,6
DUPAGE-:-DOWNERS GROVE 039-0751/0752,6
DUPAGE-:-DOWNERS GROVE 040-0753,6
DUPAGE-:-DOWNERS GROVE 041-0754,6
DUPAGE-:-DOWNERS GROVE 042-0755,6
DUPAGE-:-DOWNERS GROVE 043-0756,6
DUPAGE-:-DOWNERS GROVE 044-0757/0758,6
DUPAGE-:-DOWNERS GROVE 045-0759,6
DUPAGE-:-DOWNERS GROVE 046-0760/0761,6
DUPAGE-:-DOWNERS GROVE 047-0762/0763,6
DUPAGE-:-DOWNERS GROVE 048-0764,6
DUPAGE-:-DOWNERS GROVE 049-0765,6
DUPAGE-:-DOWNERS GROVE 050-0766,6
DUPAGE-:-DOWNERS GROVE 051-0767,6
DUPAGE-:-DOWNERS GROVE 052-0768,6
DUPAGE-:-DOWNERS GROVE 053-0769,6
DUPAGE-:-DOWNERS GROVE 054-0770,6
DUPAGE-:-DOWNERS GROVE 055-0771/0772,6
DUPAGE-:-DOWNERS GROVE 056-0773,6
DUPAGE-:-DOWNERS GROVE 057-0774,6
DUPAGE-:-DOWNERS GROVE 058-0775,6
DUPAGE-:-DOWNERS GROVE 059-0776,6
DUPAGE-:-DOWNERS GROVE 060-0777,6
DUPAGE-:-DOWNERS GROVE 061-0778,6
DUPAGE-:-DOWNERS GROVE 062-0779,6
DUPAGE-:-DOWNERS GROVE 063-0780,6
DUPAGE-:-DOWNERS GROVE 064-0781,11
DUPAGE-:-DOWNERS GROVE 065-0782/0783,6
DUPAGE-:-DOWNERS GROVE 066-0784,6
DUPAGE-:-DOWNERS GROVE 067-0785,11
DUPAGE-:-DOWNERS GROVE 068-0786,15
DUPAGE-:-DOWNERS GROVE 069-0787/0788,6
DUPAGE-:-DOWNERS GROVE 070-0789,6
DUPAGE-:-DOWNERS GROVE 071-0790,6
DUPAGE-:-DOWNERS GROVE 072-0791/0792,6
DUPAGE-:-DOWNERS GROVE 073-0793,6
DUPAGE-:-DOWNERS GROVE 074-0794,6
DUPAGE-:-DOWNERS GROVE 075-0795,6
DUPAGE-:-DOWNERS GROVE 076-0796,6
DUPAGE-:-DOWNERS GROVE 077-0797/0798,6
DUPAGE-:-DOWNERS GROVE 078-0799,6
DUPAGE-:-DOWNERS GROVE 079-0800,11
DUPAGE-:-DOWNERS GROVE 080-0801/0802/0803,6
DUPAGE-:-DOWNERS GROVE 081-0804,6
DUPAGE-:-DOWNERS GROVE 082-0805,6
DUPAGE-:-DOWNERS GROVE 083-0806,6
DUPAGE-:-DOWNERS GROVE 084-0807,6
DUPAGE-:-DOWNERS GROVE 085-0808,6
DUPAGE-:-DOWNERS GROVE 085-0809/0810,6
DUPAGE-:-DOWNERS GROVE 086-0811,6
DUPAGE-:-DOWNERS GROVE 087-0812,6
DUPAGE-:-DOWNERS GROVE 088-0813,6
DUPAGE-:-DOWNERS GROVE 089-0814,6
DUPAGE-:-DOWNERS GROVE 090-0815,6
DUPAGE-:-DOWNERS GROVE 091-0816,6
DUPAGE-:-DOWNERS GROVE 092-0817,6
DUPAGE-:-DOWNERS GROVE 093-0818,6
DUPAGE-:-DOWNERS GROVE 094-0819/0820,6
DUPAGE-:-DOWNERS GROVE 095-0821,6
DUPAGE-:-DOWNERS GROVE 096-0822,6
DUPAGE-:-DOWNERS GROVE 097-0823,6
DUPAGE-:-DOWNERS GROVE 098-0824/0825,6
DUPAGE-:-DOWNERS GROVE 099-0826,6
DUPAGE-:-DOWNERS GROVE 100-0827,6
DUPAGE-:-DOWNERS GROVE 101-0828,6
DUPAGE-:-DOWNERS GROVE 102-0829,6
DUPAGE-:-DOWNERS GROVE 103-0830,6
DUPAGE-:-LISLE 001-0583/0584,6
DUPAGE-:-LISLE 002-0585,6
DUPAGE-:-LISLE 003-0586/0587/0589/0590,6
DUPAGE-:-LISLE 004-0591,6
DUPAGE-:-LISLE 005-0592/0593/0594,6
DUPAGE-:-LISLE 006-0595,6
DUPAGE-:-LISLE 007-0596,6
DUPAGE-:-LISLE 008-0597,6
DUPAGE-:-LISLE 009-0598/0599,6
DUPAGE-:-LISLE 010-0600/0601,6
DUPAGE-:-LISLE 011-0602,6
DUPAGE-:-LISLE 012-0603,6
DUPAGE-:-LISLE 013-0604,6
DUPAGE-:-LISLE 014-0605,6
DUPAGE-:-LISLE 015-0606,6
DUPAGE-:-LISLE 015-0607,6
DUPAGE-:-LISLE 016-0608,6
DUPAGE-:-LISLE 017-0609,6
DUPAGE-:-LISLE 018-0610,6
DUPAGE-:-LISLE 018-0611,6
DUPAGE-:-LISLE 019-0612/0613,6
DUPAGE-:-LISLE 020-0614,6
DUPAGE-:-LISLE 021-0615,6
DUPAGE-:-LISLE 022-0616,6
DUPAGE-:-LISLE 023-0617,6
DUPAGE-:-LISLE 024-0618,6
DUPAGE-:-LISLE 025-0619/0620,6
DUPAGE-:-LISLE 026-0621,6
DUPAGE-:-LISLE 027-0622,6
DUPAGE-:-LISLE 028-0623,6
DUPAGE-:-LISLE 029-0624,6
DUPAGE-:-LISLE 030-0625,6
DUPAGE-:-LISLE 031-0626,6
DUPAGE-:-LISLE 032-0627,6
DUPAGE-:-LISLE 033-0628/0629,6
DUPAGE-:-LISLE 034-0630/0631,6
DUPAGE-:-LISLE 035-0632,11
DUPAGE-:-LISLE 036-0633,6
DUPAGE-:-LISLE 037-0634,6
DUPAGE-:-LISLE 038-0635/0636,6
DUPAGE-:-LISLE 039-0637/0638,6
DUPAGE-:-LISLE 040-0639/0640,6
DUPAGE-:-LISLE 041-0641/0642/0643,6
DUPAGE-:-LISLE 042-0644/0645,6
DUPAGE-:-LISLE 043-0646,6
DUPAGE-:-LISLE 044-0647,6
DUPAGE-:-LISLE 045-0648,6
DUPAGE-:-LISLE 046-0649,6
DUPAGE-:-LISLE 047-0651,6
DUPAGE-:-LISLE 048-0652,6
DUPAGE-:-LISLE 049-0653/0654,6
DUPAGE-:-LISLE 050-0655,6
DUPAGE-:-LISLE 051-0656,6
DUPAGE-:-LISLE 052-0657,6
DUPAGE-:-LISLE 053-0658,6
DUPAGE-:-LISLE 054-0659,6
DUPAGE-:-LISLE 055-0660/0661,6
DUPAGE-:-LISLE 056-0662,6
DUPAGE-:-LISLE 057-0663/0664/0665,15
DUPAGE-:-LISLE 058-0666/0667,15
DUPAGE-:-LISLE 059-0668,6
DUPAGE-:-LISLE 060-0669,6
DUPAGE-:-LISLE 061-0670,2
DUPAGE-:-LISLE 062-0671/0672,6
DUPAGE-:-LISLE 063-0673,6
DUPAGE-:-LISLE 064-0674,15
DUPAGE-:-LISLE 065-0675,15
DUPAGE-:-LISLE 066-0676,6
DUPAGE-:-LISLE 067-0677,6
DUPAGE-:-LISLE 068-0678,6
DUPAGE-:-LISLE 069-0679,6
DUPAGE-:-LISLE 070-0680,6
DUPAGE-:-LISLE 071-0681,6
DUPAGE-:-LISLE 072-0682,6
DUPAGE-:-LISLE 073-0683/0684,6
DUPAGE-:-LISLE 074-0685,6
DUPAGE-:-LISLE 075-0686,11
DUPAGE-:-LISLE 076-0687/0688,6
DUPAGE-:-LISLE 077-0689/0690,6
DUPAGE-:-MILTON 001-0263/0264,6
DUPAGE-:-MILTON 002-0265/0266/0267/0268,2
DUPAGE-:-MILTON 003-0269/0270,6
DUPAGE-:-MILTON 004-0271/0272/0273,6
DUPAGE-:-MILTON 005-0275,6
DUPAGE-:-MILTON 006-0276/0277,6
DUPAGE-:-MILTON 007-0278/0279/0280,6
DUPAGE-:-MILTON 008-0282/0283/0284,6
DUPAGE-:-MILTON 009-0285/0286,6
DUPAGE-:-MILTON 010-0287,6
DUPAGE-:-MILTON 011-0288,6
DUPAGE-:-MILTON 012-0289/0290,6
DUPAGE-:-MILTON 013-0291/0292/0293,15
DUPAGE-:-MILTON 014-0294/0295,6
DUPAGE-:-MILTON 015-0296/0297/0298,6
DUPAGE-:-MILTON 016-0299,6
DUPAGE-:-MILTON 017-0300/0301/0302,6
DUPAGE-:-MILTON 018-0303/0304,6
DUPAGE-:-MILTON 019-0305,6
DUPAGE-:-MILTON 020-0306,6
DUPAGE-:-MILTON 021-0307,6
DUPAGE-:-MILTON 022-0308/0309,6
DUPAGE-:-MILTON 023-0310/0311,6
DUPAGE-:-MILTON 024-0312,6
DUPAGE-:-MILTON 025-0313,6
DUPAGE-:-MILTON 026-0314,6
DUPAGE-:-MILTON 027-0315,6
DUPAGE-:-MILTON 028-0316/0317,6
DUPAGE-:-MILTON 029-0318/0319,6
DUPAGE-:-MILTON 030-0320,6
DUPAGE-:-MILTON 031-0321,6
DUPAGE-:-MILTON 031-0322,6
DUPAGE-:-MILTON 032-0323/0324,6
DUPAGE-:-MILTON 033-0325,6
DUPAGE-:-MILTON 034-0326,6
DUPAGE-:-MILTON 035-0327,6
DUPAGE-:-MILTON 036-0328,6
DUPAGE-:-MILTON 037-0329,6
DUPAGE-:-MILTON 038-0330/0331,6
DUPAGE-:-MILTON 039-0332,6
DUPAGE-:-MILTON 040-0333,6
DUPAGE-:-MILTON 041-0334,6
DUPAGE-:-MILTON 042-0335,6
DUPAGE-:-MILTON 043-0336,6
DUPAGE-:-MILTON 044-0337,6
DUPAGE-:-MILTON 045-0338,6
DUPAGE-:-MILTON 046-0339,6
DUPAGE-:-MILTON 047-0340/0341,6
DUPAGE-:-MILTON 048-0342,6
DUPAGE-:-MILTON 049-0343,6
DUPAGE-:-MILTON 050-0344,6
DUPAGE-:-MILTON 051-0345/0346,6
DUPAGE-:-MILTON 052-0347,6
DUPAGE-:-MILTON 053-0348/0349,6
DUPAGE-:-MILTON 054-0350,6
DUPAGE-:-MILTON 055-0351,6
DUPAGE-:-MILTON 056-0352,6
DUPAGE-:-MILTON 057-0353,6
DUPAGE-:-MILTON 058-0354/0355,6
DUPAGE-:-MILTON 059-0356/0357,6
DUPAGE-:-MILTON 060-0358/0359,6
DUPAGE-:-MILTON 061-0360,6
DUPAGE-:-MILTON 062-0361,6
DUPAGE-:-MILTON 062-0362,6
DUPAGE-:-MILTON 063-0363,6
DUPAGE-:-MILTON 064-0364,6
DUPAGE-:-MILTON 065-0365/0366,6
DUPAGE-:-MILTON 066-0368,6
DUPAGE-:-MILTON 067-0369,6
DUPAGE-:-MILTON 068-0370/0371,6
DUPAGE-:-MILTON 069-0372/0373,6
DUPAGE-:-MILTON 070-0374,6
DUPAGE-:-MILTON 071-0375/0376,6
DUPAGE-:-MILTON 072-0377/0378,6
DUPAGE-:-MILTON 073-0379/0380/0381,6
DUPAGE-:-MILTON 074-0382,6
DUPAGE-:-MILTON 075-0383,6
DUPAGE-:-MILTON 076-0384,6
DUPAGE-:-MILTON 077-0385/0386,6
DUPAGE-:-MILTON 078-0387/0388,6
DUPAGE-:-MILTON 079-0389/0390,6
DUPAGE-:-MILTON 080-0391,6
DUPAGE-:-MILTON 081-0392,6
DUPAGE-:-NAPERVILLE 001-0509,6
DUPAGE-:-NAPERVILLE 002-0510/0511,6
DUPAGE-:-NAPERVILLE 003-0512/0513/0514,6
DUPAGE-:-NAPERVILLE 004-0515/0517,6
DUPAGE-:-NAPERVILLE 005-0519,6
DUPAGE-:-NAPERVILLE 006-0520/0521,6
DUPAGE-:-NAPERVILLE 007-0522,4
DUPAGE-:-NAPERVILLE 008-0523,6
DUPAGE-:-NAPERVILLE 009-0524,6
DUPAGE-:-NAPERVILLE 010-0525/0526,6
DUPAGE-:-NAPERVILLE 011-0527/0528,6
DUPAGE-:-NAPERVILLE 012-0529,14
DUPAGE-:-NAPERVILLE 013-0530/0531,6
DUPAGE-:-NAPERVILLE 014-0532/0533,6
DUPAGE-:-NAPERVILLE 015-0534,6
DUPAGE-:-NAPERVILLE 016-0535,6
DUPAGE-:-NAPERVILLE 017-0536/0537,6
DUPAGE-:-NAPERVILLE 018-0538/0539,6
DUPAGE-:-NAPERVILLE 019-0540,6
DUPAGE-:-NAPERVILLE 020-0541,6
DUPAGE-:-NAPERVILLE 021-0542,6
DUPAGE-:-NAPERVILLE 022-0543,6
DUPAGE-:-NAPERVILLE 023-0544/0545,6
DUPAGE-:-NAPERVILLE 024-0546,6
DUPAGE-:-NAPERVILLE 025-0547,6
DUPAGE-:-NAPERVILLE 026-0548,6
DUPAGE-:-NAPERVILLE 027-0549,6
DUPAGE-:-NAPERVILLE 028-0550,6
DUPAGE-:-NAPERVILLE 029-0551,6
DUPAGE-:-NAPERVILLE 030-0552,6
DUPAGE-:-NAPERVILLE 031-0553/0554,6
DUPAGE-:-NAPERVILLE 032-0555,6
DUPAGE-:-NAPERVILLE 033-0556,6
DUPAGE-:-NAPERVILLE 034-0557,6
DUPAGE-:-NAPERVILLE 035-0558,6
DUPAGE-:-NAPERVILLE 036-0559,6
DUPAGE-:-NAPERVILLE 037-0560,6
DUPAGE-:-NAPERVILLE 038-0561,6
DUPAGE-:-NAPERVILLE 039-0562,6
DUPAGE-:-NAPERVILLE 040-0563,6
DUPAGE-:-NAPERVILLE 041-0564,6
DUPAGE-:-NAPERVILLE 042-0565,6
DUPAGE-:-NAPERVILLE 043-0566,6
DUPAGE-:-NAPERVILLE 044-0567,6
DUPAGE-:-NAPERVILLE 045-0568,6
DUPAGE-:-NAPERVILLE 046-0570,6
DUPAGE-:-NAPERVILLE 047-0571,6
DUPAGE-:-NAPERVILLE 048-0572,6
DUPAGE-:-NAPERVILLE 049-0573,6
DUPAGE-:-NAPERVILLE 050-0574,15
DUPAGE-:-NAPERVILLE 051-0575,6
DUPAGE-:-NAPERVILLE 052-0576,11
DUPAGE-:-NAPERVILLE 053-0577,6
DUPAGE-:-NAPERVILLE 054-0578,6
DUPAGE-:-NAPERVILLE 055-0579,6
DUPAGE-:-NAPERVILLE 056-0580,6
DUPAGE-:-NAPERVILLE 057-0581,6
DUPAGE-:-NAPERVILLE 058-0582,6
DUPAGE-:-WAYNE 001-0001,6
DUPAGE-:-WAYNE 002-0002,6
DUPAGE-:-WAYNE 003-0003,6
DUPAGE-:-WAYNE 004-0004,6
DUPAGE-:-WAYNE 005-0005,6
DUPAGE-:-WAYNE 006-0006,6
DUPAGE-:-WAYNE 007-0007,6
DUPAGE-:-WAYNE 008-0008,6
DUPAGE-:-WAYNE 009-0009,6
DUPAGE-:-WAYNE 010-0010,6
DUPAGE-:-WAYNE 011-0011,6
DUPAGE-:-WAYNE 012-0012,6
DUPAGE-:-WAYNE 013-0013,6
DUPAGE-:-WAYNE 014-0014,6
DUPAGE-:-WAYNE 015-0015,6
DUPAGE-:-WAYNE 016-0016,6
DUPAGE-:-WAYNE 017-0017,6
DUPAGE-:-WAYNE 018-0018,6
DUPAGE-:-WAYNE 019-0019,6
DUPAGE-:-WAYNE 020-0020,6
DUPAGE-:-WAYNE 021-0021,6
DUPAGE-:-WAYNE 022-0022,6
DUPAGE-:-WAYNE 023-0023,6
DUPAGE-:-WAYNE 024-0024,6
DUPAGE-:-WAYNE 025-0025,6
DUPAGE-:-WAYNE 026-0026,6
DUPAGE-:-WAYNE 027-0027,6
DUPAGE-:-WAYNE 028-0028,6
DUPAGE-:-WAYNE 029-0029,6
DUPAGE-:-WAYNE 030-0030,6
DUPAGE-:-WAYNE 031-0031,6
DUPAGE-:-WAYNE 032-0032,6
DUPAGE-:-WAYNE 033-0033,6
DUPAGE-:-WAYNE 034-0034,6
DUPAGE-:-WAYNE 035-0035,6
DUPAGE-:-WAYNE 036-0036,6
DUPAGE-:-WAYNE 037-0037,6
DUPAGE-:-WAYNE 038-0038,6
DUPAGE-:-WAYNE 038-0039,6
DUPAGE-:-WAYNE 039-0040,6
DUPAGE-:-WAYNE 040-0041/0042,6
DUPAGE-:-WAYNE 041-0043,6
DUPAGE-:-WAYNE 042-0044,6
DUPAGE-:-WAYNE 043-0045,6
DUPAGE-:-WINFIELD 001-0212,6
DUPAGE-:-WINFIELD 002-0213/0214,6
DUPAGE-:-WINFIELD 003-0215/0216/0217/0218,6
DUPAGE-:-WINFIELD 004-0219/0220/0221,6
DUPAGE-:-WINFIELD 005-0222,6
DUPAGE-:-WINFIELD 006-0223/0224,6
DUPAGE-:-WINFIELD 006-0225,6
DUPAGE-:-WINFIELD 007-0226/0227,6
DUPAGE-:-WINFIELD 008-0228/0229,6
DUPAGE-:-WINFIELD 009-0230,6
DUPAGE-:-WINFIELD 010-0231,6
DUPAGE-:-WINFIELD 011-0232/0233,6
DUPAGE-:-WINFIELD 012-0234/0235,6
DUPAGE-:-WINFIELD 013-0236/0237,6
DUPAGE-:-WINFIELD 014-0238/0239,6
DUPAGE-:-WINFIELD 015-0240,6
DUPAGE-:-WINFIELD 016-0241/0242/0243,6
DUPAGE-:-WINFIELD 017-0244,6
DUPAGE-:-WINFIELD 018-0245/0246/0247,6
DUPAGE-:-WINFIELD 019-0248/0249/0250/0251,6
DUPAGE-:-WINFIELD 020-0252,6
DUPAGE-:-WINFIELD 021-0253,6
DUPAGE-:-WINFIELD 022-0254,6
DUPAGE-:-WINFIELD 023-0255,6
DUPAGE-:-WINFIELD 023-0257,6
DUPAGE-:-WINFIELD 024-0258/0259,6
DUPAGE-:-WINFIELD 025-0260,6
DUPAGE-:-WINFIELD 026-0261,6
DUPAGE-:-WINFIELD 027-0262,6
DUPAGE-:-YORK 001-0394/0395,6
DUPAGE-:-YORK 002-0396,6
DUPAGE-:-YORK 003-0397,6
DUPAGE-:-YORK 004-0398,6
DUPAGE-:-YORK 005-0399,6
DUPAGE-:-YORK 006-0400,6
DUPAGE-:-YORK 007-0401,6
DUPAGE-:-YORK 008-0403/0404,6
DUPAGE-:-YORK 009-0406,6
DUPAGE-:-YORK 010-0407,6
DUPAGE-:-YORK 011-0408,6
DUPAGE-:-YORK 012-0409,6
DUPAGE-:-YORK 013-0410,6
DUPAGE-:-YORK 014-0411,6
DUPAGE-:-YORK 015-0412,6
DUPAGE-:-YORK 016-0413/0414,6
DUPAGE-:-YORK 017-0415/0416,6
DUPAGE-:-YORK 018-0417,6
DUPAGE-:-YORK 019-0418,6
DUPAGE-:-YORK 020-0419,6
DUPAGE-:-YORK 021-0420,6
DUPAGE-:-YORK 022-0421,6
DUPAGE-:-YORK 023-0422,6
DUPAGE-:-YORK 024-0423,6
DUPAGE-:-YORK 025-0424,6
DUPAGE-:-YORK 026-0425,6
DUPAGE-:-YORK 027-0426,6
DUPAGE-:-YORK 028-0427,6
DUPAGE-:-YORK 029-0428/0429,6
DUPAGE-:-YORK 030-0430,6
DUPAGE-:-YORK 031-0431,6
DUPAGE-:-YORK 032-0432,6
DUPAGE-:-YORK 033-0433,6
DUPAGE-:-YORK 034-0434,6
DUPAGE-:-YORK 035-0435,6
DUPAGE-:-YORK 036-0436,6
DUPAGE-:-YORK 037-0437,6
DUPAGE-:-YORK 038-0438,6
DUPAGE-:-YORK 039-0439,6
DUPAGE-:-YORK 040-0440,6
DUPAGE-:-YORK 041-0442,6
DUPAGE-:-YORK 042-0443,6
DUPAGE-:-YORK 043-0444,6
DUPAGE-:-YORK 044-0445,6
DUPAGE-:-YORK 045-0446,6
DUPAGE-:-YORK 046-0447,6
DUPAGE-:-YORK 047-0448,6
DUPAGE-:-YORK 048-0449,6
DUPAGE-:-YORK 049-0450,6
DUPAGE-:-YORK 050-0451,6
DUPAGE-:-YORK 051-0452,6
DUPAGE-:-YORK 052-0453,6
DUPAGE-:-YORK 053-0454,6
DUPAGE-:-YORK 054-0455,6
DUPAGE-:-YORK 055-0456/0457/0458,6
DUPAGE-:-YORK 056-0459,6
DUPAGE-:-YORK 057-0460/0461,6
DUPAGE-:-YORK 058-0462/0463,6
DUPAGE-:-YORK 059-0464/0465,6
DUPAGE-:-YORK 060-0466,6
DUPAGE-:-YORK 061-0467,6
DUPAGE-:-YORK 062-0468,6
DUPAGE-:-YORK 063-0469/0470,6
DUPAGE-:-YORK 064-0471/0472,6
DUPAGE-:-YORK 065-0473,6
DUPAGE-:-YORK 066-0474,6
DUPAGE-:-YORK 067-0475,6
DUPAGE-:-YORK 068-0476/0477/0478,6
DUPAGE-:-YORK 069-0479,6
DUPAGE-:-YORK 070-0480/0481,6
DUPAGE-:-YORK 071-0483/0484,6
DUPAGE-:-YORK 072-0485,6
DUPAGE-:-YORK 073-0486/0487,6
DUPAGE-:-YORK 074-0488/0489/0490,6
DUPAGE-:-YORK 075-0491,6
DUPAGE-:-YORK 076-0492/0493,6
DUPAGE-:-YORK 077-0494/0495,6
DUPAGE-:-YORK 078-0496,6
DUPAGE-:-YORK 079-0497/0498,6
DUPAGE-:-YORK 080-0499/0500,6
DUPAGE-:-YORK 081-0501/0502,6
DUPAGE-:-YORK 082-0503,6
DUPAGE-:-YORK 083-0504,6
DUPAGE-:-YORK 084-0505/0506,6
DUPAGE-:-YORK 085-0507,6
DUPAGE-:-YORK 086-0508,6
EDGAR-:-BROUILLETTS CREEK,10
EDGAR-:-BUCK,10
EDGAR-:-EDGAR,10
EDGAR-:-ELBRIDGE,10
EDGAR-:-EMBARRASS,10
EDGAR-:-GRANDVIEW,10
EDGAR-:-HUNTER,10
EDGAR-:-KANSAS,10
EDGAR-:-PARIS 1,10
EDGAR-:-PARIS 10,10
EDGAR-:-PARIS 11,10
EDGAR-:-PARIS 12,10
EDGAR-:-PARIS 14,10
EDGAR-:-PARIS 15,10
EDGAR-:-PARIS 2,10
EDGAR-:-PARIS 3,10
EDGAR-:-PARIS 4,10
EDGAR-:-PARIS 5,10
EDGAR-:-PARIS 6,10
EDGAR-:-PARIS 7,10
EDGAR-:-PARIS 8,10
EDGAR-:-PARIS 9,10
EDGAR-:-PRAIRIE,10
EDGAR-:-ROSS 1,10
EDGAR-:-ROSS 2,10
EDGAR-:-SHILOH,10
EDGAR-:-STRATTON,10
EDGAR-:-SYMMES 1,10
EDGAR-:-SYMMES 2,10
EDGAR-:-YOUNG AMERICA 1,10
EDGAR-:-YOUNG AMERICA 2,10
EDWARDS-:-ALBION 1,8
EDWARDS-:-ALBION 2,8
EDWARDS-:-ALBION 3,8
EDWARDS-:-BONE GAP,10
EDWARDS-:-BROWNS,10
EDWARDS-:-DIXON,8
EDWARDS-:-ELLERY,8
EDWARDS-:-FRENCH CREEK,8
EDWARDS-:-SALEM 1,10
EDWARDS-:-SALEM 2,10
EDWARDS-:-SHELBY 1,10
EDWARDS-:-SHELBY 2,8
EFFINGHAM-:-BANNER,10
EFFINGHAM-:-BISHOP,10
EFFINGHAM-:-DOUGLAS 1,10
EFFINGHAM-:-DOUGLAS 10,10
EFFINGHAM-:-DOUGLAS 11,10
EFFINGHAM-:-DOUGLAS 12,10
EFFINGHAM-:-DOUGLAS 13,10
EFFINGHAM-:-DOUGLAS 14,10
EFFINGHAM-:-DOUGLAS 2,10
EFFINGHAM-:-DOUGLAS 3,10
EFFINGHAM-:-DOUGLAS 4,10
EFFINGHAM-:-DOUGLAS 5,10
EFFINGHAM-:-DOUGLAS 6,10
EFFINGHAM-:-DOUGLAS 7,10
EFFINGHAM-:-DOUGLAS 8,10
EFFINGHAM-:-DOUGLAS 9,10
EFFINGHAM-:-JACKSON,10
EFFINGHAM-:-LIBERTY,8
EFFINGHAM-:-LUCAS,10
EFFINGHAM-:-MASON,10
EFFINGHAM-:-MOCCASIN,8
EFFINGHAM-:-MOUND 1,10
EFFINGHAM-:-MOUND 2,8
EFFINGHAM-:-MOUND 3,8
EFFINGHAM-:-ST. FRANCIS,10
EFFINGHAM-:-SUMMIT 1,10
EFFINGHAM-:-SUMMIT 2,10
EFFINGHAM-:-SUMMIT 3,10
EFFINGHAM-:-SUMMIT 4,10
EFFINGHAM-:-SUMMIT 5,10
EFFINGHAM-:-TEUTOPOLIS 1,10
EFFINGHAM-:-TEUTOPOLIS 2,10
EFFINGHAM-:-TEUTOPOLIS 3,10
EFFINGHAM-:-UNION,10
EFFINGHAM-:-WATSON 1,10
EFFINGHAM-:-WATSON 2,10
EFFINGHAM-:-WATSON 3,10
EFFINGHAM-:-WEST,10
FAYETTE-:-AVENA,8
FAYETTE-:-BEAR GROVE,8
FAYETTE-:-BOWLING GREEN,8
FAYETTE-:-CARSON,8
FAYETTE-:-KASKASKIA,8
FAYETTE-:-LACLEDE,10
FAYETTE-:-LONE GROVE,8
FAYETTE-:-LOUDON,8
FAYETTE-:-NORTH HURRICANE,8
FAYETTE-:-OTEGO,8
FAYETTE-:-POPE,8
FAYETTE-:-RAMSEY,8
FAYETTE-:-SEFTON,8
FAYETTE-:-SEMINARY,8
FAYETTE-:-SHAFTER,8
FAYETTE-:-SHARON,8
FAYETTE-:-SOUTH HURRICANE,8
FAYETTE-:-VANDALIA 1,8
FAYETTE-:-VANDALIA 2,8
FAYETTE-:-VANDALIA 3,8
FAYETTE-:-VANDALIA 4,8
FAYETTE-:-VANDALIA 5,8
FAYETTE-:-VANDALIA 6,8
FAYETTE-:-VANDALIA 7,8
FAYETTE-:-VANDALIA 8,8
FAYETTE-:-VANDALIA 9,8
FAYETTE-:-WHEATLAND,8
FAYETTE-:-WILBERTON,8
FORD-:-BRENTON,10
FORD-:-BUTTON,10
FORD-:-DIX,10
FORD-:-DRUMMER 1,10
FORD-:-DRUMMER 2,10
FORD-:-DRUMMER 3,10
FORD-:-DRUMMER 4,10
FORD-:-DRUMMER 5,10
FORD-:-LYMAN,10
FORD-:-MONA,10
FORD-:-PATTON 1,10
FORD-:-PATTON 2,10
FORD-:-PATTON 3,10
FORD-:-PATTON 4,10
FORD-:-PATTON 5,10
FORD-:-PATTON 6,10
FORD-:-PATTON 7,10
FORD-:-PEACH ORCHARD,10
FORD-:-PELLA,10
FORD-:-ROGERS,10
FORD-:-SULLIVANT,10
FORD-:-WALL,10
FRANKLIN-:-BARREN,8
FRANKLIN-:-BENTON 1,8
FRANKLIN-:-BENTON 2,8
FRANKLIN-:-BENTON 3,8
FRANKLIN-:-BENTON 4,8
FRANKLIN-:-BENTON 5,8
FRANKLIN-:-BENTON 6,8
FRANKLIN-:-BENTON 7,8
FRANKLIN-:-BROWNING 1,8
FRANKLIN-:-BROWNING 2,8
FRANKLIN-:-BROWNING 3,8
FRANKLIN-:-CAVE,8
FRANKLIN-:-DENNING 1,8
FRANKLIN-:-DENNING 2,8
FRANKLIN-:-DENNING 3,8
FRANKLIN-:-DENNING 4,8
FRANKLIN-:-DENNING 5,8
FRANKLIN-:-EASTERN,8
FRANKLIN-:-EWING 1,8
FRANKLIN-:-EWING 2,8
FRANKLIN-:-FRANKFORT 1,8
FRANKLIN-:-FRANKFORT 2,8
FRANKLIN-:-FRANKFORT 3,8
FRANKLIN-:-FRANKFORT 4,8
FRANKLIN-:-GOODE 1,8
FRANKLIN-:-GOODE 2,8
FRANKLIN-:-NORTHERN,8
FRANKLIN-:-SIX MILE 1,8
FRANKLIN-:-SIX MILE 2,8
FRANKLIN-:-SIX MILE 3,8
FRANKLIN-:-TYRONE 1,8
FRANKLIN-:-TYRONE 2,8
FRANKLIN-:-TYRONE 3,8
FRANKLIN-:-TYRONE 4,8
FRANKLIN-:-TYRONE 5,8
FULTON-:-ASTORIA-42,2
FULTON-:-ASTORIA-43,2
FULTON-:-BANNER-31,2
FULTON-:-BERNADOTTE-33,2
FULTON-:-BUCKHEART-30,2
FULTON-:-CANTON  1-10,2
FULTON-:-CANTON  2-11,2
FULTON-:-CANTON  3-12,2
FULTON-:-CANTON  4-13,2
FULTON-:-CANTON  5-14,2
FULTON-:-CANTON  6-15,2
FULTON-:-CANTON  7-16,2
FULTON-:-CANTON  8-17,2
FULTON-:-CANTON  9-18,2
FULTON-:-CANTON 10-19,2
FULTON-:-CANTON 11-20,2
FULTON-:-CANTON 12-21,2
FULTON-:-CANTON 13-22,2
FULTON-:-CANTON 14-23,2
FULTON-:-CANTON 15-24,2
FULTON-:-CANTON 16-25,2
FULTON-:-CASS-28,2
FULTON-:-DEERFIELD-8,2
FULTON-:-ELLISVILLE-2,2
FULTON-:-FAIRVIEW-4,2
FULTON-:-FARMERS-32,2
FULTON-:-FARMINGTON 1-5,2
FULTON-:-FARMINGTON 2-6,2
FULTON-:-HARRIS-27,2
FULTON-:-ISABEL-40,2
FULTON-:-JOSHUA-9,2
FULTON-:-KERTON-45,2
FULTON-:-LEE TWP-7,2
FULTON-:-LEWISTOWN 1-34,2
FULTON-:-LEWISTOWN 2-35,2
FULTON-:-LEWISTOWN 3-36,2
FULTON-:-LIVERPOOL-37,2
FULTON-:-ORION-26,2
FULTON-:-PLEASANT-39,2
FULTON-:-PUTMAN-29,2
FULTON-:-UNION-1,2
FULTON-:-VERMONT-38,2
FULTON-:-WATERFORD-41,2
FULTON-:-WOODLAND-44,2
FULTON-:-YOUNG HICKORY-3,2
GALLATIN-:-ASBURY 1,8
GALLATIN-:-BOWLESVILLE 1,8
GALLATIN-:-EAGLE CREEK 1,8
GALLATIN-:-EQUALITY 1,8
GALLATIN-:-GOLD HILL 1,8
GALLATIN-:-GOLD HILL 2,8
GALLATIN-:-NEW HAVEN 1,8
GALLATIN-:-NORTH FORK 1,8
GALLATIN-:-OMAHA 1,8
GALLATIN-:-RIDGWAY 1,8
GALLATIN-:-SHAWNEE 1,8
GREENE-:-ATHENSVILLE 1-1,8
GREENE-:-BLUFFDALE 1-1,8
GREENE-:-CARROLLTON 1-1,8
GREENE-:-CARROLLTON 2-1,8
GREENE-:-CARROLLTON 3-1,8
GREENE-:-KANE 1-1,8
GREENE-:-KANE 2-1,8
GREENE-:-LINDER 1-1,8
GREENE-:-PATTERSON 1-1,8
GREENE-:-ROCKBRIDGE 1-1,8
GREENE-:-ROCKBRIDGE 2-1,8
GREENE-:-ROCKBRIDGE 3-1,8
GREENE-:-ROODHOUSE 1-1,8
GREENE-:-ROODHOUSE 2-1,8
GREENE-:-ROODHOUSE 3-1,8
GREENE-:-RUBICON 1-1,8
GREENE-:-WALKERVILLE 1-1,8
GREENE-:-WHITE HALL 1-1,8
GREENE-:-WHITE HALL 2-1,8
GREENE-:-WHITE HALL 3-1,8
GREENE-:-WOODVILLE 1-1,8
GREENE-:-WRIGHTS 2-1,8
GRUNDY-:-AUX SABLE 01-001,10
GRUNDY-:-AUX SABLE 02-002,10
GRUNDY-:-AUX SABLE 02-003,10
GRUNDY-:-AUX SABLE 03-004,10
GRUNDY-:-AUX SABLE 04-005,10
GRUNDY-:-AUX SABLE 05-006,10
GRUNDY-:-AUX SABLE 05-007,10
GRUNDY-:-AUX SABLE 06-008,10
GRUNDY-:-AUX SABLE 07-009,10
GRUNDY-:-AUX SABLE 07-010,10
GRUNDY-:-BRACEVILLE 01-011,10
GRUNDY-:-BRACEVILLE 02-12/13,10
GRUNDY-:-BRACEVILLE 02-14/15,10
GRUNDY-:-BRACEVILLE 03-016,10
GRUNDY-:-BRACEVILLE 04-017,10
GRUNDY-:-ERIENNA 01-018,10
GRUNDY-:-ERIENNA 02-019,10
GRUNDY-:-FELIX 01-021,10
GRUNDY-:-FELIX 02-022,10
GRUNDY-:-FELIX 03-023,10
GRUNDY-:-FELIX 04-024,10
GRUNDY-:-GARFIELD 01-025,10
GRUNDY-:-GOODFARM 01-026,10
GRUNDY-:-GOOSE LAKE 01-027,10
GRUNDY-:-GOOSE LAKE 02-028,10
GRUNDY-:-GREENFIELD 01-029,10
GRUNDY-:-GREENFIELD 01-030,10
GRUNDY-:-HIGHLAND 01-031,10
GRUNDY-:-MAINE 01-32/33,10
GRUNDY-:-MAZON 01-034,10
GRUNDY-:-MORRIS 01-035,10
GRUNDY-:-MORRIS 02-036,10
GRUNDY-:-MORRIS 03-037,10
GRUNDY-:-MORRIS 04-038,10
GRUNDY-:-MORRIS 05-039,10
GRUNDY-:-NETTLE CREEK 01-040,10
GRUNDY-:-NORMAN 01-041,10
GRUNDY-:-SARATOGA 01-042,10
GRUNDY-:-SARATOGA 02-043,10
GRUNDY-:-SARATOGA 02-044,10
GRUNDY-:-SARATOGA 03-045,10
GRUNDY-:-SARATOGA 04-046,10
GRUNDY-:-SARATOGA 05-047,10
GRUNDY-:-VIENNA 01-048,10
GRUNDY-:-WAUPONSEE 01-049,10
GRUNDY-:-WAUPONSEE 02-050,10
HAMILTON-:-BEAVER CREEK,8
HAMILTON-:-CROOK,8
HAMILTON-:-CROUCH,8
HAMILTON-:-DAHLGREN 1,8
HAMILTON-:-DAHLGREN 2,8
HAMILTON-:-FLANNIGAN,8
HAMILTON-:-KNIGHTS PRAIRIE,8
HAMILTON-:-MAYBERRY,8
HAMILTON-:-MCLEANSBORO 1,8
HAMILTON-:-MCLEANSBORO 2,8
HAMILTON-:-MCLEANSBORO 3,8
HAMILTON-:-MCLEANSBORO 4,8
HAMILTON-:-SOUTH CROUCH,8
HAMILTON-:-SOUTH FLANNIGAN,8
HAMILTON-:-SOUTH TWIGG,8
HAMILTON-:-TWIGG,8
HANCOCK-:-APPANOOSE,4
HANCOCK-:-AUGUSTA,4
HANCOCK-:-BEAR CREEK,4
HANCOCK-:-CARTHAGE 1,4
HANCOCK-:-CARTHAGE 2,4
HANCOCK-:-CARTHAGE 3,4
HANCOCK-:-CARTHAGE 4,4
HANCOCK-:-CHILI,4
HANCOCK-:-DALLAS CITY,4
HANCOCK-:-DURHAM,4
HANCOCK-:-FOUNTAIN GREEN,4
HANCOCK-:-HANCOCK,4
HANCOCK-:-HARMONY,4
HANCOCK-:-LAHARPE 1,4
HANCOCK-:-LAHARPE 2,4
HANCOCK-:-MONTEBELLO 1,4
HANCOCK-:-MONTEBELLO 2,4
HANCOCK-:-MONTEBELLO 3,4
HANCOCK-:-MONTEBELLO 4,4
HANCOCK-:-NAUVOO,4
HANCOCK-:-PILOT GROVE,4
HANCOCK-:-PONTOOSUC,4
HANCOCK-:-PRAIRIE,4
HANCOCK-:-ROCK CREEK,4
HANCOCK-:-ROCKY RUN-WILCOX,4
HANCOCK-:-SONORA,4
HANCOCK-:-ST ALBANS,4
HANCOCK-:-ST MARYS,4
HANCOCK-:-WALKER,4
HANCOCK-:-WARSAW 1,4
HANCOCK-:-WARSAW 2,4
HANCOCK-:-WARSAW 3,4
HANCOCK-:-WYTHE,4
HARDIN-:-CAVE IN ROCK,8
HARDIN-:-MCFARLAN,8
HARDIN-:-MONROE,8
HARDIN-:-ROCK,8
HARDIN-:-ROSICLARE,8
HARDIN-:-STONE CHURCH,8
HENDERSON-:-BALD BLUFF,4
HENDERSON-:-BIGGSVILLE,4
HENDERSON-:-CARMAN,4
HENDERSON-:-GLADSTONE 1,4
HENDERSON-:-GLADSTONE 2,4
HENDERSON-:-LOMAX,4
HENDERSON-:-MEDIA,4
HENDERSON-:-OQUAWKA 1,4
HENDERSON-:-OQUAWKA 2,4
HENDERSON-:-RARITAN,4
HENDERSON-:-ROZETTA,4
HENDERSON-:-STRONGHURST,4
HENDERSON-:-TERRE HAUTE,4
HENRY-:-ALBA,4
HENRY-:-ANDOVER,4
HENRY-:-ANNAWAN,4
HENRY-:-ATKINSON,4
HENRY-:-BURNS,4
HENRY-:-CAMBRIDGE 1,4
HENRY-:-CAMBRIDGE 2,4
HENRY-:-CLOVER,4
HENRY-:-COLONA 2,11
HENRY-:-COLONA 3,11
HENRY-:-COLONA 4,11
HENRY-:-COLONA 5,11
HENRY-:-CORNWALL,4
HENRY-:-EDFORD,11
HENRY-:-GALVA 1,4
HENRY-:-GALVA 2,4
HENRY-:-GALVA 3,4
HENRY-:-GENESEO 1,4
HENRY-:-GENESEO 2,4
HENRY-:-GENESEO 3,4
HENRY-:-GENESEO 4,4
HENRY-:-GENESEO 5,4
HENRY-:-GENESEO 6,4
HENRY-:-HANNA 1,11
HENRY-:-HANNA 2,11
HENRY-:-KEWANEE 1,4
HENRY-:-KEWANEE 10,4
HENRY-:-KEWANEE 11,4
HENRY-:-KEWANEE 2,4
HENRY-:-KEWANEE 3,4
HENRY-:-KEWANEE 4,4
HENRY-:-KEWANEE 5,4
HENRY-:-KEWANEE 6,4
HENRY-:-KEWANEE 7,4
HENRY-:-KEWANEE 8,4
HENRY-:-KEWANEE 9,4
HENRY-:-LORAINE,4
HENRY-:-LYNN,4
HENRY-:-MUNSON,4
HENRY-:-OSCO,4
HENRY-:-OXFORD,4
HENRY-:-PHENIX,11
HENRY-:-WELLER,4
HENRY-:-WESTERN 1,4
HENRY-:-WESTERN 2,4
HENRY-:-WESTERN 3,4
HENRY-:-WETHERSFIELD 1,4
HENRY-:-WETHERSFIELD 2,4
HENRY-:-WETHERSFIELD 3,4
HENRY-:-WETHERSFIELD 4,4
HENRY-:-YORKTOWN,4
IROQUOIS-:-ARTESIA-1,10
IROQUOIS-:-ASH GROVE-2,10
IROQUOIS-:-ASHKUM 1-3,10
IROQUOIS-:-ASHKUM 2-3,10
IROQUOIS-:-BEAVER-3,10
IROQUOIS-:-BEAVERVILLE-3,10
IROQUOIS-:-BELMONT 1-4,10
IROQUOIS-:-BELMONT 2-4,10
IROQUOIS-:-BELMONT 3-4,10
IROQUOIS-:-CHEBANSE 1-3,10
IROQUOIS-:-CHEBANSE 2-3,10
IROQUOIS-:-CONCORD-4/5,10
IROQUOIS-:-CRESCENT-1,10
IROQUOIS-:-DANFORTH-1,10
IROQUOIS-:-DOUGLAS 1-1,10
IROQUOIS-:-DOUGLAS 2-1,10
IROQUOIS-:-FOUNTAIN CREEK-2,10
IROQUOIS-:-IROQUOIS-1,10
IROQUOIS-:-LODA-2,10
IROQUOIS-:-LOVEJOY-2,10
IROQUOIS-:-MARTINTON-3,10
IROQUOIS-:-MIDDLEPORT 1-4,10
IROQUOIS-:-MIDDLEPORT 2-4,10
IROQUOIS-:-MIDDLEPORT 3-4/5,10
IROQUOIS-:-MIDDLEPORT 4-4,10
IROQUOIS-:-MILFORD 1-2,10
IROQUOIS-:-MILFORD 2-2,10
IROQUOIS-:-MILKS GROVE-3,10
IROQUOIS-:-ONARGA 1-1,10
IROQUOIS-:-ONARGA 2-1,10
IROQUOIS-:-PAPINEAU-3,10
IROQUOIS-:-PIGEON GROVE-2,10
IROQUOIS-:-PRAIRIE GREEN-2,10
IROQUOIS-:-RIDGELAND-1,10
IROQUOIS-:-SHELDON 1-2,10
IROQUOIS-:-SHELDON 2-2,10
IROQUOIS-:-STOCKLAND-2,10
JACKSON-:-BRADLEY - AVA-4,8
JACKSON-:-BRADLEY - CAMPBELL HILL-4,8
JACKSON-:-CARBONDALE 1-8,8
JACKSON-:-CARBONDALE 10-12,8
JACKSON-:-CARBONDALE 11-13,8
JACKSON-:-CARBONDALE 12-13,8
JACKSON-:-CARBONDALE 13-13,8
JACKSON-:-CARBONDALE 14-12,8
JACKSON-:-CARBONDALE 15-12,8
JACKSON-:-CARBONDALE 16-12,8
JACKSON-:-CARBONDALE 18-10,8
JACKSON-:-CARBONDALE 19-10,8
JACKSON-:-CARBONDALE 2-10,8
JACKSON-:-CARBONDALE 20-10,8
JACKSON-:-CARBONDALE 21-10/13,8
JACKSON-:-CARBONDALE 24-12/13,8
JACKSON-:-CARBONDALE 25-13,8
JACKSON-:-CARBONDALE 26-13,8
JACKSON-:-CARBONDALE 4-8,8
JACKSON-:-CARBONDALE 5-8,8
JACKSON-:-CARBONDALE 6-8,8
JACKSON-:-CARBONDALE 7-11,8
JACKSON-:-CARBONDALE 8-11,8
JACKSON-:-CARBONDALE 9-8,8
JACKSON-:-DEGOGNIA-4,8
JACKSON-:-DESOTO 1-8/9,8
JACKSON-:-DESOTO 2-8/9,8
JACKSON-:-ELK 1-1,8
JACKSON-:-ELK 3-1,8
JACKSON-:-FOUNTAIN BLUFF-4,8
JACKSON-:-GRAND TOWER-15,8
JACKSON-:-KINKAID-4,8
JACKSON-:-LEVAN-5/6,8
JACKSON-:-MAKANDA 1-12,8
JACKSON-:-MAKANDA 2-12,8
JACKSON-:-MAKANDA 3-10,8
JACKSON-:-MAKANDA 4-12,8
JACKSON-:-MURPHYSBORO 1-11,8
JACKSON-:-MURPHYSBORO 1-14,8
JACKSON-:-MURPHYSBORO 10-11,8
JACKSON-:-MURPHYSBORO 12-4,8
JACKSON-:-MURPHYSBORO 2-14,8
JACKSON-:-MURPHYSBORO 3-11,8
JACKSON-:-MURPHYSBORO 3-14,8
JACKSON-:-MURPHYSBORO 4-11/12,8
JACKSON-:-MURPHYSBORO 5-14,8
JACKSON-:-MURPHYSBORO 6-4,8
JACKSON-:-MURPHYSBORO 7-14,8
JACKSON-:-MURPHYSBORO 8-4,8
JACKSON-:-MURPHYSBORO 9-4,8
JACKSON-:-ORA-3/4,8
JACKSON-:-POMONA-15,8
JACKSON-:-SAND RIDGE-6,8
JACKSON-:-SOMERSET 1-6/7,8
JACKSON-:-SOMERSET 2-6,8
JACKSON-:-SOMERSET 3-6,8
JACKSON-:-SOMERSET 4-6/7,8
JACKSON-:-VERGENNES-2,8
JASPER-:-CROOKED CREEK-1,10
JASPER-:-FOX-3,10
JASPER-:-GRANDVILLE-1,10
JASPER-:-GROVE-2,10
JASPER-:-HUNT CITY-1,10
JASPER-:-NORTH MUDDY-2,10
JASPER-:-SMALLWOOD-3,10
JASPER-:-SOUTH MUDDY-2,10
JASPER-:-STE. MARIE 1-3,10
JASPER-:-STE. MARIE 2-1,10
JASPER-:-WADE 1-1,10
JASPER-:-WADE 2-2,10
JASPER-:-WADE 3-2,10
JASPER-:-WADE 4-3,10
JASPER-:-WILLOW HILL-1,10
JEFFERSON-:-BALD HILL,8
JEFFERSON-:-BLISSVILLE,8
JEFFERSON-:-CASNER,8
JEFFERSON-:-DODDS 1,8
JEFFERSON-:-DODDS 2,8
JEFFERSON-:-ELK PRAIRIE,8
JEFFERSON-:-FARRINGTON,8
JEFFERSON-:-FIELD,8
JEFFERSON-:-GRAND PRAIRIE,8
JEFFERSON-:-MCCLELLAN,8
JEFFERSON-:-MOORES PRAIRIE,8
JEFFERSON-:-MT VERNON 1,8
JEFFERSON-:-MT VERNON 10,8
JEFFERSON-:-MT VERNON 2,8
JEFFERSON-:-MT VERNON 3,8
JEFFERSON-:-MT VERNON 4,8
JEFFERSON-:-MT VERNON 5,8
JEFFERSON-:-MT VERNON 6,8
JEFFERSON-:-MT VERNON 7,8
JEFFERSON-:-MT VERNON 8,8
JEFFERSON-:-MT VERNON 9,8
JEFFERSON-:-PENDLETON,8
JEFFERSON-:-ROME 1,8
JEFFERSON-:-ROME 2,8
JEFFERSON-:-SHILOH 1,8
JEFFERSON-:-SHILOH 2,8
JEFFERSON-:-SHILOH 3,8
JEFFERSON-:-SHILOH 4,8
JEFFERSON-:-SHILOH 5,8
JEFFERSON-:-SPRING GARDEN 1,8
JEFFERSON-:-SPRING GARDEN 2,8
JEFFERSON-:-WEBBER 1,8
JEFFERSON-:-WEBBER 2,8
JERSEY-:-ELSAH 1,8
JERSEY-:-ELSAH 2,8
JERSEY-:-ENGLISH,8
JERSEY-:-FIDELITY,8
JERSEY-:-JERSEY 1,8
JERSEY-:-JERSEY 2,8
JERSEY-:-JERSEY 3,8
JERSEY-:-JERSEY 4,8
JERSEY-:-JERSEY 5,8
JERSEY-:-JERSEY 6,8
JERSEY-:-JERSEY 7,8
JERSEY-:-JERSEY 8,8
JERSEY-:-MISSISSIPPI 1,15
JERSEY-:-MISSISSIPPI 2,8
JERSEY-:-OTTER CREEK,8
JERSEY-:-PIASA 1,15
JERSEY-:-PIASA 2,15
JERSEY-:-PIASA 3,15
JERSEY-:-QUARRY,8
JERSEY-:-RICHWOOD,8
JERSEY-:-ROSEDALE,8
JERSEY-:-RUYLE,8
JODAVIESS-:-APPLE RIVER,11
JODAVIESS-:-BERREMAN,11
JODAVIESS-:-COUNCIL HILL,11
JODAVIESS-:-DERINDA,11
JODAVIESS-:-DUNLEITH 1,11
JODAVIESS-:-DUNLEITH 2,11
JODAVIESS-:-DUNLEITH 3,11
JODAVIESS-:-EAST GALENA,11
JODAVIESS-:-ELIZABETH,11
JODAVIESS-:-GUILFORD,11
JODAVIESS-:-HANOVER,11
JODAVIESS-:-MENOMINEE,11
JODAVIESS-:-NORA,11
JODAVIESS-:-PLEASANT VALLEY,11
JODAVIESS-:-RAWLINS,11
JODAVIESS-:-RICE,11
JODAVIESS-:-RUSH,11
JODAVIESS-:-SCALES MOUND,11
JODAVIESS-:-STOCKTON 1,11
JODAVIESS-:-STOCKTON 2,11
JODAVIESS-:-THOMPSON,11
JODAVIESS-:-VINEGAR HILL,11
JODAVIESS-:-WARDS GROVE,11
JODAVIESS-:-WARREN,11
JODAVIESS-:-WEST GALENA 1,11
JODAVIESS-:-WEST GALENA 2,11
JODAVIESS-:-WEST GALENA 3,11
JODAVIESS-:-WOODBINE,11
JOHNSON-:-BELKNAP-1,8
JOHNSON-:-BLOOMFIELD-1,8
JOHNSON-:-BURNSIDE-1,8
JOHNSON-:-CACHE-1,8
JOHNSON-:-ELVIRA-1,8
JOHNSON-:-GOREVILLE 1-1,8
JOHNSON-:-GOREVILLE 2-1,8
JOHNSON-:-GRANTSBURG-1,8
JOHNSON-:-LAKE 1-1,8
JOHNSON-:-LAKE 2-1,8
JOHNSON-:-OZARK-1,8
JOHNSON-:-SIMPSON-1,8
JOHNSON-:-TUNNEL HILL-1,8
JOHNSON-:-VIENNA 1-1,8
JOHNSON-:-VIENNA 2-1,8
JOHNSON-:-VIENNA 3-1,8
KANE-:-AU0001-1/2,7
KANE-:-AU0002-3/4,7
KANE-:-AU0003-5,7
KANE-:-AU0004-6,7
KANE-:-AU0005-7,7
KANE-:-AU0006-8,7
KANE-:-AU0007-9,7
KANE-:-AU0008-10,7
KANE-:-AU0009-11,7
KANE-:-AU0009-12,7
KANE-:-AU0010-13,7
KANE-:-AU0010-14,7
KANE-:-AU0011-15,7
KANE-:-AU0012-16,7
KANE-:-AU0013-17,7
KANE-:-AU0014-18,7
KANE-:-AU0015-19,7
KANE-:-AU0016-20,7
KANE-:-AU0017-21,7
KANE-:-AU0018-22,7
KANE-:-AU0019-23,7
KANE-:-AU0020-24,7
KANE-:-AU0021-25,7
KANE-:-AU0021-26,7
KANE-:-AU0022-27,7
KANE-:-AU0023-28,7
KANE-:-AU0024-29,7
KANE-:-AU0025-30,7
KANE-:-AU0026-31,7
KANE-:-AU0027-32,7
KANE-:-AU0028-33,7
KANE-:-AU0029-34,7
KANE-:-AU0030-35,7
KANE-:-AU0031-36,7
KANE-:-AU0032-37,7
KANE-:-AU0033-38,7
KANE-:-AU0034-39,7
KANE-:-AU0035-40,7
KANE-:-AU0036-41,7
KANE-:-AU0037-42,7
KANE-:-AU0038-43,7
KANE-:-AU0039-44,7
KANE-:-AU0040-45,7
KANE-:-AU0041-46,7
KANE-:-AU0042-47,7
KANE-:-AU0043-48,7
KANE-:-AU0044-49,7
KANE-:-AU0045-50/51,7
KANE-:-AU0046-52,7
KANE-:-AU0047-53,7
KANE-:-AU0048-54,7
KANE-:-AU0049-55,7
KANE-:-AU0050-56,7
KANE-:-AU0050-57,7
KANE-:-AU0051-58,7
KANE-:-AU0052-59,7
KANE-:-AU0053-60,7
KANE-:-AU0054-61,7
KANE-:-AU0055-62,7
KANE-:-AU0056-63,7
KANE-:-AU0057-64,7
KANE-:-AU0058-65,7
KANE-:-AU0059-66,7
KANE-:-AU0060-67,7
KANE-:-AU0061-68,7
KANE-:-BA0001-69,7
KANE-:-BA0002-70,7
KANE-:-BA0003-71,7
KANE-:-BA0004-72,7
KANE-:-BA0005-73/74,7
KANE-:-BA0006-75,7
KANE-:-BA0007-76,7
KANE-:-BA0008-77,7
KANE-:-BA0009-78,7
KANE-:-BA0010-79,7
KANE-:-BA0011-80,7
KANE-:-BA0012-81,7
KANE-:-BA0013-82,7
KANE-:-BA0014-83,7
KANE-:-BA0015-84,7
KANE-:-BA0016-85,7
KANE-:-BA0017-86,7
KANE-:-BA0018-87/88,7
KANE-:-BA0019-89,7
KANE-:-BA0020-90,7
KANE-:-BA0021-91,7
KANE-:-BA0022-92,7
KANE-:-BB0001-93,7
KANE-:-BB0002-94/95,7
KANE-:-BB0003-97,7
KANE-:-BB0004-98,7
KANE-:-BB0005-99,7
KANE-:-BB0006-100,7
KANE-:-BB0007-101,7
KANE-:-BB0008-103,7
KANE-:-BB0009-104,7
KANE-:-BB0010-105,7
KANE-:-BB0011-106/107,7
KANE-:-BR0001-108,7
KANE-:-BR0002-109,7
KANE-:-BU0001-110/111/112,7
KANE-:-CA0001-114,7
KANE-:-CA0002-115/116,7
KANE-:-CA0003-117/118,7
KANE-:-CA0004-119,7
KANE-:-CA0005-121/122,7
KANE-:-CA0006-123,7
KANE-:-CA0007-124,7
KANE-:-CA0008-125,7
KANE-:-CA0009-127,7
KANE-:-CA0010-128/129,7
KANE-:-CA0011-130/131,7
KANE-:-CA0012-132/133,7
KANE-:-DU0001-134,7
KANE-:-DU0002-135,7
KANE-:-DU0003-136,7
KANE-:-DU0004-137,7
KANE-:-DU0005-138,7
KANE-:-DU0006-139,7
KANE-:-DU0007-141,7
KANE-:-DU0008-142,7
KANE-:-DU0009-143,7
KANE-:-DU0009-144,7
KANE-:-DU0010-145,7
KANE-:-DU0011-146,7
KANE-:-DU0012-147,7
KANE-:-DU0013-148,7
KANE-:-DU0014-149/150,7
KANE-:-DU0015-151,7
KANE-:-DU0016-152,7
KANE-:-DU0016-153,7
KANE-:-DU0017-154,7
KANE-:-DU0018-155,7
KANE-:-DU0019-156,7
KANE-:-DU0020-157,7
KANE-:-DU0021-158,7
KANE-:-DU0022-159,7
KANE-:-DU0023-160,7
KANE-:-DU0024-161,7
KANE-:-DU0025-162,7
KANE-:-DU0026-163,7
KANE-:-DU0027-164,7
KANE-:-DU0028-165,7
KANE-:-DU0029-166,7
KANE-:-DU0030-167,7
KANE-:-DU0031-168,7
KANE-:-DU0032-169,7
KANE-:-DU0033-170,7
KANE-:-DU0034-171,7
KANE-:-DU0035-172,7
KANE-:-EL0001-173,7
KANE-:-EL0002-174,7
KANE-:-EL0003-175,7
KANE-:-EL0004-176,7
KANE-:-EL0005-177,7
KANE-:-EL0006-178,7
KANE-:-EL0007-179,7
KANE-:-EL0008-180,7
KANE-:-EL0009-181,7
KANE-:-EL0010-182,7
KANE-:-EL0010-183,7
KANE-:-EL0011-184,7
KANE-:-EL0012-185,7
KANE-:-EL0013-186,7
KANE-:-EL0014-187,7
KANE-:-EL0015-188/189/190,7
KANE-:-EL0016-191,7
KANE-:-EL0017-192,7
KANE-:-EL0018-193,7
KANE-:-EL0019-194,7
KANE-:-EL0020-195,7
KANE-:-EL0021-196,7
KANE-:-EL0022-197/198/199,7
KANE-:-EL0023-200/201,7
KANE-:-EL0024-202/203/204,7
KANE-:-EL0025-205,7
KANE-:-EL0026-206,7
KANE-:-EL0027-207,7
KANE-:-EL0028-208,7
KANE-:-EL0029-209,7
KANE-:-EL0030-210/211,7
KANE-:-EL0031-212,7
KANE-:-EL0032-214,7
KANE-:-EL0033-215,7
KANE-:-EL0033-216,7
KANE-:-EL0034-217,7
KANE-:-EL0035-218,7
KANE-:-EL0036-219,7
KANE-:-EL0037-220,7
KANE-:-EL0037-221,7
KANE-:-EL0038-222,7
KANE-:-EL0039-223,7
KANE-:-EL0040-224/225/226,7
KANE-:-EL0041-227/228,7
KANE-:-EL0042-229,7
KANE-:-EL0043-230/231,7
KANE-:-EL0044-232,7
KANE-:-EL0045-233/234,7
KANE-:-EL0046-235,7
KANE-:-EL0047-236,7
KANE-:-EL0048-237,7
KANE-:-EL0049-238,7
KANE-:-EL0050-239/240,7
KANE-:-EL0051-241,7
KANE-:-EL0052-242,7
KANE-:-EL0052-243,7
KANE-:-GE0001-244,7
KANE-:-GE0002-245,7
KANE-:-GE0003-246,7
KANE-:-GE0004-247,7
KANE-:-GE0005-248,7
KANE-:-GE0006-249,7
KANE-:-GE0007-250,7
KANE-:-GE0008-251,7
KANE-:-GE0009-252,7
KANE-:-GE0010-253,7
KANE-:-GE0010-254,7
KANE-:-GE0010-255,7
KANE-:-GE0011-256,7
KANE-:-GE0012-257,7
KANE-:-GE0013-258/259,7
KANE-:-GE0014-260,7
KANE-:-GE0015-261,7
KANE-:-GE0016-262/263,7
KANE-:-GE0017-264,7
KANE-:-GE0018-265,7
KANE-:-GE0019-266/267,7
KANE-:-GE0020-268,7
KANE-:-HA0001-269/270/271,7
KANE-:-HA0002-272,7
KANE-:-HA0003-274,7
KANE-:-HA0004-275,7
KANE-:-HA0005-276,7
KANE-:-KA0001-277,7
KANE-:-PL0001-278,7
KANE-:-PL0002-280/281/282/283,7
KANE-:-PL0003-284/285,7
KANE-:-PL0004-286/287/288,7
KANE-:-PL0005-289/290,7
KANE-:-PL0006-291,7
KANE-:-RU0001-292/293,7
KANE-:-RU0002-294/295/296/297/298,7
KANE-:-RU0003-299/300,7
KANE-:-RU0004-301,7
KANE-:-RU0005-302,7
KANE-:-RU0006-304,7
KANE-:-RU0007-305/306,7
KANE-:-RU0008-307,7
KANE-:-RU0009-308/309,7
KANE-:-RU0009-310,7
KANE-:-RU0010-311,7
KANE-:-RU0011-312,7
KANE-:-RU0012-313,7
KANE-:-RU0013-314,7
KANE-:-RU0013-315,7
KANE-:-RU0014-316,7
KANE-:-SC0001-317,7
KANE-:-SC0002-318,7
KANE-:-SC0003-319,7
KANE-:-SC0004-320/321,7
KANE-:-SC0005-322,7
KANE-:-SC0006-323,7
KANE-:-SC0007-324,7
KANE-:-SC0008-325/326,7
KANE-:-SC0009-327,7
KANE-:-SC0010-328,7
KANE-:-SC0011-329,7
KANE-:-SC0012-330,7
KANE-:-SC0013-331,7
KANE-:-SC0013-332,7
KANE-:-SC0014-333,7
KANE-:-SC0015-334,7
KANE-:-SC0016-335,7
KANE-:-SC0017-336/337,7
KANE-:-SC0018-338,7
KANE-:-SC0018-339,7
KANE-:-SC0019-340,7
KANE-:-SC0020-341,7
KANE-:-SC0021-342,7
KANE-:-SC0022-344,7
KANE-:-SC0023-345,7
KANE-:-SC0024-346,7
KANE-:-SC0025-347/348,7
KANE-:-SC0026-349,7
KANE-:-SC0027-350,7
KANE-:-SC0028-351,7
KANE-:-SC0029-352,7
KANE-:-SC0030-353,7
KANE-:-SC0031-354,7
KANE-:-SC0032-355,7
KANE-:-SC0033-356,7
KANE-:-SC0034-357,7
KANE-:-SG0001-358,7
KANE-:-SG0002-359,7
KANE-:-SG0003-360,7
KANE-:-SG0004-361,7
KANE-:-SG0005-362,7
KANE-:-SG0006-363/364,7
KANE-:-SG0007-365,7
KANE-:-SG0008-366,7
KANE-:-SG0009-367,7
KANE-:-SG0010-368,7
KANE-:-SG0011-369,7
KANE-:-SG0012-370,7
KANE-:-SG0013-371,7
KANE-:-SG0014-372,7
KANE-:-VI0001-373,7
KANE-:-VI0002-374/375/376,7
KANKAKEE-:-AROMA 1,10
KANKAKEE-:-AROMA 2,10
KANKAKEE-:-AROMA 3,10
KANKAKEE-:-BOURBONNAIS 1,10
KANKAKEE-:-BOURBONNAIS 12,10
KANKAKEE-:-BOURBONNAIS 15,10
KANKAKEE-:-BOURBONNAIS 16,10
KANKAKEE-:-BOURBONNAIS 18,10
KANKAKEE-:-BOURBONNAIS 19,10
KANKAKEE-:-BOURBONNAIS 2,10
KANKAKEE-:-BOURBONNAIS 3,10
KANKAKEE-:-BOURBONNAIS 4,10
KANKAKEE-:-BOURBONNAIS 6,10
KANKAKEE-:-BOURBONNAIS 7,10
KANKAKEE-:-BOURBONNAIS 8,10
KANKAKEE-:-BOURBONNAIS 9,10
KANKAKEE-:-ESSEX,10
KANKAKEE-:-GANEER 1,10
KANKAKEE-:-GANEER 2,10
KANKAKEE-:-GANEER 3,10
KANKAKEE-:-KANKAKEE 1,10
KANKAKEE-:-KANKAKEE 2,10
KANKAKEE-:-KANKAKEE 3,10
KANKAKEE-:-KANKAKEE 4,10
KANKAKEE-:-KANKAKEE 5,10
KANKAKEE-:-KANKAKEE 6,10
KANKAKEE-:-KANKAKEE 7,10
KANKAKEE-:-KANKAKEE 8,10
KANKAKEE-:-KANKAKEE 9,10
KANKAKEE-:-LIMESTONE 1,10
KANKAKEE-:-LIMESTONE 2,10
KANKAKEE-:-LIMESTONE 3,10
KANKAKEE-:-LIMESTONE 4,10
KANKAKEE-:-MANTENO 1,10
KANKAKEE-:-MANTENO 2,10
KANKAKEE-:-MANTENO 3,10
KANKAKEE-:-MANTENO 5,10
KANKAKEE-:-MANTENO 6,10
KANKAKEE-:-MOMENCE 1,10
KANKAKEE-:-MOMENCE 2,10
KANKAKEE-:-NORTON,10
KANKAKEE-:-OTTO 1,10
KANKAKEE-:-OTTO 2,10
KANKAKEE-:-PEMBROKE 1,10
KANKAKEE-:-PEMBROKE 2,10
KANKAKEE-:-PILOT,10
KANKAKEE-:-ROCKVILLE,10
KANKAKEE-:-SALINA,10
KANKAKEE-:-ST. ANNE,10
KANKAKEE-:-SUMNER,10
KANKAKEE-:-YELLOWHEAD 1,10
KANKAKEE-:-YELLOWHEAD 2,10
KENDALL-:-BIG GROVE 1,0
KENDALL-:-BRISTOL 1,0
KENDALL-:-BRISTOL 10,0
KENDALL-:-BRISTOL 11,0
KENDALL-:-BRISTOL 12,0
KENDALL-:-BRISTOL 13,0
KENDALL-:-BRISTOL 14,0
KENDALL-:-BRISTOL 15,0
KENDALL-:-BRISTOL 16,0
KENDALL-:-BRISTOL 17,0
KENDALL-:-BRISTOL 18,0
KENDALL-:-BRISTOL 2,0
KENDALL-:-BRISTOL 3,0
KENDALL-:-BRISTOL 4,0
KENDALL-:-BRISTOL 5,0
KENDALL-:-BRISTOL 6,0
KENDALL-:-BRISTOL 7,0
KENDALL-:-BRISTOL 8,0
KENDALL-:-BRISTOL 9,0
KENDALL-:-FOX 1,0
KENDALL-:-FOX 2,0
KENDALL-:-KENDALL 1,0
KENDALL-:-KENDALL 2,0
KENDALL-:-KENDALL 3,0
KENDALL-:-KENDALL 4,0
KENDALL-:-KENDALL 5,0
KENDALL-:-KENDALL 6,0
KENDALL-:-LISBON 1,0
KENDALL-:-LITTLE ROCK 1,0
KENDALL-:-LITTLE ROCK 2,0
KENDALL-:-LITTLE ROCK 3,0
KENDALL-:-LITTLE ROCK 4,0
KENDALL-:-LITTLE ROCK 5,0
KENDALL-:-LITTLE ROCK 6,0
KENDALL-:-LITTLE ROCK 7,0
KENDALL-:-LITTLE ROCK 8,0
KENDALL-:-NA AU SAY 1,0
KENDALL-:-NA AU SAY 2,0
KENDALL-:-NA AU SAY 3,0
KENDALL-:-NA AU SAY 4,0
KENDALL-:-NA AU SAY 5,0
KENDALL-:-NA AU SAY 6,0
KENDALL-:-OSWEGO 1,0
KENDALL-:-OSWEGO 10,0
KENDALL-:-OSWEGO 11,0
KENDALL-:-OSWEGO 12,0
KENDALL-:-OSWEGO 13,0
KENDALL-:-OSWEGO 14,0
KENDALL-:-OSWEGO 15,0
KENDALL-:-OSWEGO 16,0
KENDALL-:-OSWEGO 17,0
KENDALL-:-OSWEGO 18,0
KENDALL-:-OSWEGO 19,0
KENDALL-:-OSWEGO 2,0
KENDALL-:-OSWEGO 20,0
KENDALL-:-OSWEGO 21,0
KENDALL-:-OSWEGO 22,0
KENDALL-:-OSWEGO 23,0
KENDALL-:-OSWEGO 24,0
KENDALL-:-OSWEGO 25,0
KENDALL-:-OSWEGO 26,0
KENDALL-:-OSWEGO 27,0
KENDALL-:-OSWEGO 28,0
KENDALL-:-OSWEGO 29,0
KENDALL-:-OSWEGO 3,0
KENDALL-:-OSWEGO 30,0
KENDALL-:-OSWEGO 31,0
KENDALL-:-OSWEGO 32,0
KENDALL-:-OSWEGO 33,0
KENDALL-:-OSWEGO 4,0
KENDALL-:-OSWEGO 5,0
KENDALL-:-OSWEGO 6,0
KENDALL-:-OSWEGO 7,0
KENDALL-:-OSWEGO 8,0
KENDALL-:-OSWEGO 9,0
KENDALL-:-SEWARD 1,0
KENDALL-:-SEWARD 2,0
KENDALL-:-SEWARD 3,0
KNOX-:-CEDAR FIRST,4
KNOX-:-CEDAR FOURTH,4
KNOX-:-CEDAR SECOND,4
KNOX-:-CEDAR THIRD,4
KNOX-:-CHESTNUT,14
KNOX-:-COPLEY,14
KNOX-:-ELBA,14
KNOX-:-GALESBURG,4
KNOX-:-HAW CREEK,14
KNOX-:-HENDERSON,4
KNOX-:-INDIAN POINT,4
KNOX-:-KNOX FIFTH,4
KNOX-:-KNOX FIRST,14
KNOX-:-KNOX FOURTH,14
KNOX-:-KNOX SECOND,14
KNOX-:-KNOX SIX,14
KNOX-:-KNOX THIRD,14
KNOX-:-LYNN,4
KNOX-:-MAQUON,14
KNOX-:-ONTARIO,4
KNOX-:-ORANGE,14
KNOX-:-PERSIFER,14
KNOX-:-RIO TWP,4
KNOX-:-SALEM,14
KNOX-:-SPARTA,4
KNOX-:-TRURO,14
KNOX-:-VICTORIA,14
KNOX-:-WALNUT GROVE,4
LAKE-:-ANTIOCH 1,13
LAKE-:-ANTIOCH 10,13
LAKE-:-ANTIOCH 11,13
LAKE-:-ANTIOCH 12,13
LAKE-:-ANTIOCH 13,13
LAKE-:-ANTIOCH 14,13
LAKE-:-ANTIOCH 15,13
LAKE-:-ANTIOCH 16,13
LAKE-:-ANTIOCH 17,13
LAKE-:-ANTIOCH 18,13
LAKE-:-ANTIOCH 19,13
LAKE-:-ANTIOCH 2,13
LAKE-:-ANTIOCH 3,13
LAKE-:-ANTIOCH 4,13
LAKE-:-ANTIOCH 5,13
LAKE-:-ANTIOCH 6,13
LAKE-:-ANTIOCH 7,13
LAKE-:-ANTIOCH 8,13
LAKE-:-ANTIOCH 9,13
LAKE-:-AVON 20,13
LAKE-:-AVON 21,13
LAKE-:-AVON 22,13
LAKE-:-AVON 23,13
LAKE-:-AVON 24,13
LAKE-:-AVON 25,7
LAKE-:-AVON 26,7
LAKE-:-AVON 27,7
LAKE-:-AVON 28,13
LAKE-:-AVON 29,13
LAKE-:-AVON 30,13
LAKE-:-AVON 31,13
LAKE-:-AVON 32,7
LAKE-:-AVON 33,7
LAKE-:-AVON 34,13
LAKE-:-AVON 35,7
LAKE-:-AVON 36,7
LAKE-:-AVON 37,7
LAKE-:-AVON 38,13
LAKE-:-AVON 39,7
LAKE-:-AVON 40,13
LAKE-:-AVON 41,7
LAKE-:-AVON 42,7
LAKE-:-AVON 43,7
LAKE-:-AVON 44,7
LAKE-:-AVON 45,7
LAKE-:-AVON 46,7
LAKE-:-AVON 47,7
LAKE-:-AVON 48,7
LAKE-:-AVON 49,7
LAKE-:-AVON 50,7
LAKE-:-AVON 51,7
LAKE-:-AVON 52,7
LAKE-:-BENTON 53,13
LAKE-:-BENTON 54,13
LAKE-:-BENTON 55,13
LAKE-:-BENTON 56,13
LAKE-:-BENTON 57,13
LAKE-:-BENTON 58,13
LAKE-:-BENTON 59,13
LAKE-:-BENTON 60,13
LAKE-:-BENTON 61,13
LAKE-:-BENTON 62,13
LAKE-:-BENTON 63,13
LAKE-:-BENTON 64,13
LAKE-:-BENTON 65,13
LAKE-:-CUBA 66,13
LAKE-:-CUBA 67,13
LAKE-:-CUBA 68,13
LAKE-:-CUBA 69,13
LAKE-:-CUBA 70,13
LAKE-:-CUBA 71,13
LAKE-:-CUBA 72,13
LAKE-:-CUBA 73,13
LAKE-:-CUBA 74,13
LAKE-:-CUBA 75,13
LAKE-:-CUBA 76,13
LAKE-:-CUBA 77,13
LAKE-:-CUBA 78,13
LAKE-:-ELA 100,13
LAKE-:-ELA 101,13
LAKE-:-ELA 102,13
LAKE-:-ELA 103,13
LAKE-:-ELA 104,13
LAKE-:-ELA 105,13
LAKE-:-ELA 106,13
LAKE-:-ELA 107,13
LAKE-:-ELA 79,13
LAKE-:-ELA 80,13
LAKE-:-ELA 81,13
LAKE-:-ELA 82,13
LAKE-:-ELA 83,13
LAKE-:-ELA 84,13
LAKE-:-ELA 85,13
LAKE-:-ELA 86,13
LAKE-:-ELA 87,13
LAKE-:-ELA 88,13
LAKE-:-ELA 89,13
LAKE-:-ELA 90,13
LAKE-:-ELA 91,13
LAKE-:-ELA 92,13
LAKE-:-ELA 93,13
LAKE-:-ELA 94,13
LAKE-:-ELA 95,13
LAKE-:-ELA 96,13
LAKE-:-ELA 97,13
LAKE-:-ELA 98,13
LAKE-:-ELA 99,13
LAKE-:-FREMONT 108,13
LAKE-:-FREMONT 109,13
LAKE-:-FREMONT 110,7
LAKE-:-FREMONT 111,7
LAKE-:-FREMONT 112,13
LAKE-:-FREMONT 113,13
LAKE-:-FREMONT 114,7
LAKE-:-FREMONT 115,13
LAKE-:-FREMONT 116,7
LAKE-:-FREMONT 117,7
LAKE-:-FREMONT 118,13
LAKE-:-FREMONT 119,13
LAKE-:-FREMONT 120,13
LAKE-:-FREMONT 121,13
LAKE-:-FREMONT 122,13
LAKE-:-FREMONT 123,7
LAKE-:-FREMONT 124,7
LAKE-:-FREMONT 125,7
LAKE-:-FREMONT 126,13
LAKE-:-FREMONT 127,13
LAKE-:-FREMONT 128,7
LAKE-:-FREMONT 129,13
LAKE-:-GRANT 130,13
LAKE-:-GRANT 131,13
LAKE-:-GRANT 132,13
LAKE-:-GRANT 133,13
LAKE-:-GRANT 134,13
LAKE-:-GRANT 135,13
LAKE-:-GRANT 136,13
LAKE-:-GRANT 137,13
LAKE-:-GRANT 138,13
LAKE-:-GRANT 139,13
LAKE-:-GRANT 140,7
LAKE-:-GRANT 141,7
LAKE-:-GRANT 142,7
LAKE-:-GRANT 143,7
LAKE-:-GRANT 144,7
LAKE-:-GRANT 145,13
LAKE-:-GRANT 146,7
LAKE-:-GRANT 147,7
LAKE-:-LAKE VILLA 148,13
LAKE-:-LAKE VILLA 149,13
LAKE-:-LAKE VILLA 150,13
LAKE-:-LAKE VILLA 151,13
LAKE-:-LAKE VILLA 152,13
LAKE-:-LAKE VILLA 153,13
LAKE-:-LAKE VILLA 154,13
LAKE-:-LAKE VILLA 155,13
LAKE-:-LAKE VILLA 156,13
LAKE-:-LAKE VILLA 157,13
LAKE-:-LAKE VILLA 158,13
LAKE-:-LAKE VILLA 159,13
LAKE-:-LAKE VILLA 160,13
LAKE-:-LAKE VILLA 161,13
LAKE-:-LAKE VILLA 162,13
LAKE-:-LAKE VILLA 163,13
LAKE-:-LAKE VILLA 164,13
LAKE-:-LAKE VILLA 165,13
LAKE-:-LAKE VILLA 166,13
LAKE-:-LAKE VILLA 167,13
LAKE-:-LAKE VILLA 168,13
LAKE-:-LAKE VILLA 169,13
LAKE-:-LAKE VILLA 170,13
LAKE-:-LAKE VILLA 171,13
LAKE-:-LAKE VILLA 172,13
LAKE-:-LAKE VILLA 173,7
LAKE-:-LIBERTYVILLE 174,13
LAKE-:-LIBERTYVILLE 175,13
LAKE-:-LIBERTYVILLE 176,13
LAKE-:-LIBERTYVILLE 177,13
LAKE-:-LIBERTYVILLE 178,13
LAKE-:-LIBERTYVILLE 179,13
LAKE-:-LIBERTYVILLE 180,13
LAKE-:-LIBERTYVILLE 181,13
LAKE-:-LIBERTYVILLE 182,13
LAKE-:-LIBERTYVILLE 183,13
LAKE-:-LIBERTYVILLE 184,13
LAKE-:-LIBERTYVILLE 185,13
LAKE-:-LIBERTYVILLE 186,13
LAKE-:-LIBERTYVILLE 187,13
LAKE-:-LIBERTYVILLE 188,13
LAKE-:-LIBERTYVILLE 189,13
LAKE-:-LIBERTYVILLE 190,13
LAKE-:-LIBERTYVILLE 191,13
LAKE-:-LIBERTYVILLE 192,13
LAKE-:-LIBERTYVILLE 193,13
LAKE-:-LIBERTYVILLE 194,13
LAKE-:-LIBERTYVILLE 195,13
LAKE-:-LIBERTYVILLE 196,13
LAKE-:-LIBERTYVILLE 197,13
LAKE-:-LIBERTYVILLE 198,13
LAKE-:-LIBERTYVILLE 199,13
LAKE-:-LIBERTYVILLE 200,13
LAKE-:-LIBERTYVILLE 201,13
LAKE-:-LIBERTYVILLE 202,13
LAKE-:-LIBERTYVILLE 203,13
LAKE-:-LIBERTYVILLE 204,13
LAKE-:-LIBERTYVILLE 205,13
LAKE-:-LIBERTYVILLE 206,13
LAKE-:-LIBERTYVILLE 207,13
LAKE-:-LIBERTYVILLE 208,13
LAKE-:-LIBERTYVILLE 209,13
LAKE-:-MORAINE 210,13
LAKE-:-MORAINE 211,13
LAKE-:-MORAINE 212,13
LAKE-:-MORAINE 213,13
LAKE-:-MORAINE 214,13
LAKE-:-MORAINE 215,13
LAKE-:-MORAINE 216,13
LAKE-:-MORAINE 217,13
LAKE-:-MORAINE 218,13
LAKE-:-MORAINE 219,13
LAKE-:-MORAINE 220,13
LAKE-:-MORAINE 221,13
LAKE-:-MORAINE 222,13
LAKE-:-MORAINE 223,13
LAKE-:-MORAINE 224,13
LAKE-:-MORAINE 225,13
LAKE-:-MORAINE 226,13
LAKE-:-MORAINE 227,13
LAKE-:-MORAINE 228,13
LAKE-:-MORAINE 229,13
LAKE-:-MORAINE 230,13
LAKE-:-MORAINE 231,13
LAKE-:-MORAINE 232,13
LAKE-:-NEWPORT 233,13
LAKE-:-NEWPORT 234,13
LAKE-:-NEWPORT 235,13
LAKE-:-NEWPORT 236,13
LAKE-:-NEWPORT 237,13
LAKE-:-SHIELDS 238,13
LAKE-:-SHIELDS 239,13
LAKE-:-SHIELDS 240,13
LAKE-:-SHIELDS 241,13
LAKE-:-SHIELDS 242,13
LAKE-:-SHIELDS 243,13
LAKE-:-SHIELDS 244,13
LAKE-:-SHIELDS 245,13
LAKE-:-SHIELDS 246,13
LAKE-:-SHIELDS 247,13
LAKE-:-SHIELDS 248,13
LAKE-:-SHIELDS 249,13
LAKE-:-SHIELDS 250,13
LAKE-:-SHIELDS 251,13
LAKE-:-SHIELDS 252,13
LAKE-:-SHIELDS 253,13
LAKE-:-SHIELDS 254,13
LAKE-:-SHIELDS 255,13
LAKE-:-VERNON 256,13
LAKE-:-VERNON 257,13
LAKE-:-VERNON 258,13
LAKE-:-VERNON 259,13
LAKE-:-VERNON 260,13
LAKE-:-VERNON 261,13
LAKE-:-VERNON 262,13
LAKE-:-VERNON 263,13
LAKE-:-VERNON 264,13
LAKE-:-VERNON 265,13
LAKE-:-VERNON 266,13
LAKE-:-VERNON 267,13
LAKE-:-VERNON 268,13
LAKE-:-VERNON 269,13
LAKE-:-VERNON 270,13
LAKE-:-VERNON 271,13
LAKE-:-VERNON 272,13
LAKE-:-VERNON 273,13
LAKE-:-VERNON 274,13
LAKE-:-VERNON 275,13
LAKE-:-VERNON 276,13
LAKE-:-VERNON 277,13
LAKE-:-VERNON 278,13
LAKE-:-VERNON 279,13
LAKE-:-VERNON 280,13
LAKE-:-VERNON 281,13
LAKE-:-VERNON 282,13
LAKE-:-VERNON 283,13
LAKE-:-VERNON 284,13
LAKE-:-VERNON 285,13
LAKE-:-VERNON 286,13
LAKE-:-VERNON 287,13
LAKE-:-VERNON 288,13
LAKE-:-VERNON 289,13
LAKE-:-VERNON 290,13
LAKE-:-VERNON 291,13
LAKE-:-VERNON 292,13
LAKE-:-VERNON 293,13
LAKE-:-VERNON 294,13
LAKE-:-VERNON 295,13
LAKE-:-VERNON 296,13
LAKE-:-VERNON 297,13
LAKE-:-VERNON 298,13
LAKE-:-WARREN 299,13
LAKE-:-WARREN 300,13
LAKE-:-WARREN 301,13
LAKE-:-WARREN 302,13
LAKE-:-WARREN 303,13
LAKE-:-WARREN 304,13
LAKE-:-WARREN 305,13
LAKE-:-WARREN 306,13
LAKE-:-WARREN 307,13
LAKE-:-WARREN 308,13
LAKE-:-WARREN 309,13
LAKE-:-WARREN 310,13
LAKE-:-WARREN 311,13
LAKE-:-WARREN 312,13
LAKE-:-WARREN 313,13
LAKE-:-WARREN 314,13
LAKE-:-WARREN 315,13
LAKE-:-WARREN 316,13
LAKE-:-WARREN 317,13
LAKE-:-WARREN 318,13
LAKE-:-WARREN 319,13
LAKE-:-WARREN 320,13
LAKE-:-WARREN 321,13
LAKE-:-WARREN 322,13
LAKE-:-WARREN 323,13
LAKE-:-WARREN 324,13
LAKE-:-WARREN 325,13
LAKE-:-WARREN 326,13
LAKE-:-WARREN 327,13
LAKE-:-WARREN 328,13
LAKE-:-WARREN 329,13
LAKE-:-WARREN 330,13
LAKE-:-WARREN 331,13
LAKE-:-WARREN 332,13
LAKE-:-WARREN 333,13
LAKE-:-WARREN 334,13
LAKE-:-WARREN 335,13
LAKE-:-WARREN 336,13
LAKE-:-WARREN 337,13
LAKE-:-WARREN 338,13
LAKE-:-WAUCONDA 339,7
LAKE-:-WAUCONDA 340,7
LAKE-:-WAUCONDA 341,13
LAKE-:-WAUCONDA 342,13
LAKE-:-WAUCONDA 343,13
LAKE-:-WAUCONDA 345,13
LAKE-:-WAUCONDA 346,13
LAKE-:-WAUCONDA 347,13
LAKE-:-WAUCONDA 348,7
LAKE-:-WAUCONDA 349,7
LAKE-:-WAUCONDA 351,13
LAKE-:-WAUCONDA 352,13
LAKE-:-WAUCONDA 353,13
LAKE-:-WAUCONDA 354,13
LAKE-:-WAUKEGAN 355,13
LAKE-:-WAUKEGAN 356,13
LAKE-:-WAUKEGAN 357,13
LAKE-:-WAUKEGAN 358,13
LAKE-:-WAUKEGAN 359,13
LAKE-:-WAUKEGAN 360,13
LAKE-:-WAUKEGAN 361,13
LAKE-:-WAUKEGAN 362,13
LAKE-:-WAUKEGAN 363,13
LAKE-:-WAUKEGAN 364,13
LAKE-:-WAUKEGAN 365,13
LAKE-:-WAUKEGAN 366,13
LAKE-:-WAUKEGAN 367,13
LAKE-:-WAUKEGAN 368,13
LAKE-:-WAUKEGAN 369,13
LAKE-:-WAUKEGAN 370,13
LAKE-:-WAUKEGAN 371,13
LAKE-:-WAUKEGAN 372,13
LAKE-:-WAUKEGAN 373,13
LAKE-:-WAUKEGAN 374,13
LAKE-:-WAUKEGAN 375,13
LAKE-:-WAUKEGAN 376,13
LAKE-:-WAUKEGAN 377,13
LAKE-:-WAUKEGAN 378,13
LAKE-:-WAUKEGAN 379,13
LAKE-:-WAUKEGAN 380,13
LAKE-:-WAUKEGAN 381,13
LAKE-:-WAUKEGAN 382,13
LAKE-:-WAUKEGAN 383,13
LAKE-:-WAUKEGAN 384,13
LAKE-:-WAUKEGAN 385,13
LAKE-:-WAUKEGAN 386,13
LAKE-:-WAUKEGAN 387,13
LAKE-:-WAUKEGAN 388,13
LAKE-:-WAUKEGAN 389,13
LAKE-:-WAUKEGAN 390,13
LAKE-:-WAUKEGAN 391,13
LAKE-:-WAUKEGAN 392,13
LAKE-:-WAUKEGAN 393,13
LAKE-:-WEST DEERFIELD 394,13
LAKE-:-WEST DEERFIELD 395,13
LAKE-:-WEST DEERFIELD 396,13
LAKE-:-WEST DEERFIELD 397,13
LAKE-:-WEST DEERFIELD 398,13
LAKE-:-WEST DEERFIELD 399,13
LAKE-:-WEST DEERFIELD 400,13
LAKE-:-WEST DEERFIELD 401,13
LAKE-:-WEST DEERFIELD 402,13
LAKE-:-WEST DEERFIELD 403,13
LAKE-:-WEST DEERFIELD 404,13
LAKE-:-WEST DEERFIELD 405,13
LAKE-:-WEST DEERFIELD 406,13
LAKE-:-WEST DEERFIELD 407,13
LAKE-:-WEST DEERFIELD 408,13
LAKE-:-WEST DEERFIELD 409,13
LAKE-:-WEST DEERFIELD 410,13
LAKE-:-WEST DEERFIELD 411,13
LAKE-:-WEST DEERFIELD 412,13
LAKE-:-WEST DEERFIELD 413,13
LAKE-:-WEST DEERFIELD 414,13
LAKE-:-WEST DEERFIELD 415,13
LAKE-:-WEST DEERFIELD 416,13
LAKE-:-WEST DEERFIELD 417,13
LAKE-:-WEST DEERFIELD 418,13
LAKE-:-ZION 419,13
LAKE-:-ZION 420,13
LAKE-:-ZION 421,13
LAKE-:-ZION 422,13
LAKE-:-ZION 423,13
LAKE-:-ZION 424,13
LAKE-:-ZION 425,13
LAKE-:-ZION 426,13
LAKE-:-ZION 427,13
LAKE-:-ZION 428,13
LAKE-:-ZION 429,13
LAKE-:-ZION 430,13
LAKE-:-ZION 431,13
LASALLE-:-ADAMS 1,10
LASALLE-:-ADAMS 2,10
LASALLE-:-ALLEN,10
LASALLE-:-BROOKFIELD,10
LASALLE-:-BRUCE 1,10
LASALLE-:-BRUCE 10,10
LASALLE-:-BRUCE 11,10
LASALLE-:-BRUCE 12,10
LASALLE-:-BRUCE 2,10
LASALLE-:-BRUCE 3,10
LASALLE-:-BRUCE 4,10
LASALLE-:-BRUCE 5,10
LASALLE-:-BRUCE 6,10
LASALLE-:-BRUCE 7,10
LASALLE-:-BRUCE 8,10
LASALLE-:-BRUCE 9,10
LASALLE-:-DAYTON 1,10
LASALLE-:-DAYTON 2,10
LASALLE-:-DIMMICK,10
LASALLE-:-EAGLE 1,10
LASALLE-:-EAGLE 2,10
LASALLE-:-EAGLE 3,10
LASALLE-:-EARL 1,10
LASALLE-:-EARL 2,10
LASALLE-:-EDEN 2,10
LASALLE-:-FREEDOM,10
LASALLE-:-GRAND RAPIDS,10
LASALLE-:-GROVELAND,14
LASALLE-:-HOPE,14
LASALLE-:-LASALLE 1,10
LASALLE-:-LASALLE 10,10
LASALLE-:-LASALLE 11,10
LASALLE-:-LASALLE 12,10
LASALLE-:-LASALLE 13,10
LASALLE-:-LASALLE 14,10
LASALLE-:-LASALLE 2,10
LASALLE-:-LASALLE 3,10
LASALLE-:-LASALLE 4,10
LASALLE-:-LASALLE 5,10
LASALLE-:-LASALLE 6,10
LASALLE-:-LASALLE 7,10
LASALLE-:-LASALLE 8,10
LASALLE-:-LASALLE 9,10
LASALLE-:-MANLIUS 1,10
LASALLE-:-MANLIUS 2,10
LASALLE-:-MANLIUS 3,10
LASALLE-:-MANLIUS 4,10
LASALLE-:-MANLIUS 5,10
LASALLE-:-MENDOTA 1,14
LASALLE-:-MENDOTA 2,14
LASALLE-:-MENDOTA 3,14
LASALLE-:-MENDOTA 4,14
LASALLE-:-MENDOTA 5,14
LASALLE-:-MENDOTA 6,14
LASALLE-:-MENDOTA 7,14
LASALLE-:-MERIDEN,14
LASALLE-:-MILLER,10
LASALLE-:-MISSION 1,10
LASALLE-:-MISSION 2,10
LASALLE-:-NORTHVILLE 1,10
LASALLE-:-NORTHVILLE 2,10
LASALLE-:-NORTHVILLE 3,10
LASALLE-:-NORTHVILLE 4,10
LASALLE-:-NORTHVILLE 5,10
LASALLE-:-NORTHVILLE 6,10
LASALLE-:-NORTHVILLE 7,10
LASALLE-:-OPHIR,10
LASALLE-:-OSAGE,14
LASALLE-:-OTTAWA 1,10
LASALLE-:-OTTAWA 10,10
LASALLE-:-OTTAWA 11,10
LASALLE-:-OTTAWA 12,10
LASALLE-:-OTTAWA 13,10
LASALLE-:-OTTAWA 2,10
LASALLE-:-OTTAWA 3,10
LASALLE-:-OTTAWA 4,10
LASALLE-:-OTTAWA 5,10
LASALLE-:-OTTAWA 6,10
LASALLE-:-OTTAWA 7,10
LASALLE-:-OTTAWA 8,10
LASALLE-:-OTTAWA 9,10
LASALLE-:-OTTER CREEK 1,10
LASALLE-:-OTTER CREEK 2,10
LASALLE-:-OTTER CREEK 3,10
LASALLE-:-PERU 1,10
LASALLE-:-PERU 10,10
LASALLE-:-PERU 11,10
LASALLE-:-PERU 2,10
LASALLE-:-PERU 3,10
LASALLE-:-PERU 4,10
LASALLE-:-PERU 5,10
LASALLE-:-PERU 6,10
LASALLE-:-PERU 7,14
LASALLE-:-PERU 8,10
LASALLE-:-PERU 9,10
LASALLE-:-RICHLAND,10
LASALLE-:-RUTLAND 1,10
LASALLE-:-RUTLAND 2,10
LASALLE-:-RUTLAND 3,10
LASALLE-:-SERENA,10
LASALLE-:-SO. OTTAWA 1,10
LASALLE-:-SO. OTTAWA 2,10
LASALLE-:-SO. OTTAWA 3,10
LASALLE-:-SO. OTTAWA 4,10
LASALLE-:-SO. OTTAWA 5,10
LASALLE-:-SO. OTTAWA 6,10
LASALLE-:-SO. OTTAWA 7,10
LASALLE-:-SO. OTTAWA 8,10
LASALLE-:-TROY GROVE 1,10
LASALLE-:-TROY GROVE 2,14
LASALLE-:-UTICA 1,10
LASALLE-:-UTICA 2,10
LASALLE-:-VERMILLION,10
LASALLE-:-WALLACE,10
LASALLE-:-WALTHAM,10
LAWRENCE-:-ALLISON 1,10
LAWRENCE-:-BOND 3,10
LAWRENCE-:-BRIDGEPORT 4,10
LAWRENCE-:-BRIDGEPORT 6,10
LAWRENCE-:-CHRISTY 8,10
LAWRENCE-:-DENISON 10,10
LAWRENCE-:-DENISON 12,10
LAWRENCE-:-LAWRENCE 13,10
LAWRENCE-:-LAWRENCE 15,10
LAWRENCE-:-LAWRENCE 16,10
LAWRENCE-:-LAWRENCE 17,10
LAWRENCE-:-LAWRENCE 18,10
LAWRENCE-:-LAWRENCE 20,10
LAWRENCE-:-LAWRENCE 22,10
LAWRENCE-:-LUKIN 24,10
LAWRENCE-:-PETTY 25,10
LAWRENCE-:-RUSSELL 27,10
LEE-:-ALTO,4
LEE-:-AMBOY 1,4
LEE-:-AMBOY 2,4
LEE-:-AMBOY 3,4
LEE-:-ASHTON 1,4
LEE-:-ASHTON 2,4
LEE-:-BRADFORD,4
LEE-:-BROOKLYN 1,14
LEE-:-BROOKLYN 2,14
LEE-:-DIXON 1,2
LEE-:-DIXON 10,2
LEE-:-DIXON 11,2
LEE-:-DIXON 12,2
LEE-:-DIXON 13,11
LEE-:-DIXON 14,11
LEE-:-DIXON 15,2
LEE-:-DIXON 16,2
LEE-:-DIXON 17,2
LEE-:-DIXON 2,2
LEE-:-DIXON 3,11
LEE-:-DIXON 4,2
LEE-:-DIXON 5,2
LEE-:-DIXON 6,11
LEE-:-DIXON 7,11
LEE-:-DIXON 8,11
LEE-:-DIXON 9,11
LEE-:-EAST GROVE,4
LEE-:-FRANKLIN GROVE 1,4
LEE-:-FRANKLIN GROVE 2,4
LEE-:-HAMILTON,4
LEE-:-HARMON,4
LEE-:-LEE CENTER,4
LEE-:-MARION,4
LEE-:-MAY,14
LEE-:-NACHUSA,4
LEE-:-NELSON,11
LEE-:-PALMYRA 1,11
LEE-:-PALMYRA 2,11
LEE-:-PALMYRA 3,11
LEE-:-REYNOLDS,4
LEE-:-SOUTH DIXON,11
LEE-:-SUBLETTE,14
LEE-:-VIOLA,4
LEE-:-WILLOW CREEK,4
LEE-:-WYOMING 1,14
LEE-:-WYOMING 2,14
LIVINGSTON-:-AMITY,10
LIVINGSTON-:-AVOCA,10
LIVINGSTON-:-BELLE PRAIRIE,10
LIVINGSTON-:-BROUGHTON,10
LIVINGSTON-:-CHARLOTTE,10
LIVINGSTON-:-CHATSWORTH 1,10
LIVINGSTON-:-DWIGHT 1,10
LIVINGSTON-:-DWIGHT 2,10
LIVINGSTON-:-DWIGHT 3,10
LIVINGSTON-:-DWIGHT 4,10
LIVINGSTON-:-EPPARDS POINT,10
LIVINGSTON-:-FAYETTE,10
LIVINGSTON-:-FORREST 1,10
LIVINGSTON-:-GERMANVILLE,10
LIVINGSTON-:-INDIAN GRV 1,10
LIVINGSTON-:-INDIAN GRV 2,10
LIVINGSTON-:-INDIAN GRV 3,10
LIVINGSTON-:-INDIAN GRV 4,10
LIVINGSTON-:-LONG POINT,10
LIVINGSTON-:-NEBRASKA 1,10
LIVINGSTON-:-NEVADA,10
LIVINGSTON-:-NEWTOWN,10
LIVINGSTON-:-ODELL 1,10
LIVINGSTON-:-OWEGO,10
LIVINGSTON-:-PIKE,10
LIVINGSTON-:-PLEASANT RIDGE,10
LIVINGSTON-:-PONTIAC 1,10
LIVINGSTON-:-PONTIAC 2,10
LIVINGSTON-:-PONTIAC 3,10
LIVINGSTON-:-PONTIAC 4,10
LIVINGSTON-:-PONTIAC 5,10
LIVINGSTON-:-PONTIAC 6,10
LIVINGSTON-:-PONTIAC 7,10
LIVINGSTON-:-PONTIAC 8,10
LIVINGSTON-:-READING 1,10
LIVINGSTON-:-READING 2,10
LIVINGSTON-:-ROOKS CREEK,10
LIVINGSTON-:-ROUND GROVE,10
LIVINGSTON-:-SAUNEMIN,10
LIVINGSTON-:-SULLIVAN,10
LIVINGSTON-:-SUNBURY,10
LIVINGSTON-:-UNION,10
LIVINGSTON-:-WALDO,10
LOGAN-:-AETNA,10
LOGAN-:-ATLANTA,10
LOGAN-:-BROADWELL,10
LOGAN-:-CHESTER,10
LOGAN-:-CORWIN,10
LOGAN-:-EAST LINCOLN 1,10
LOGAN-:-EAST LINCOLN 2,10
LOGAN-:-EAST LINCOLN 3,10
LOGAN-:-EAST LINCOLN 4,10
LOGAN-:-EAST LINCOLN 5,10
LOGAN-:-EAST LINCOLN 6,10
LOGAN-:-ELKHART,10
LOGAN-:-EMINENCE,10
LOGAN-:-HURLBUT,10
LOGAN-:-LAKE FORK/LAENNA,10
LOGAN-:-MT. PULASKI 1,10
LOGAN-:-MT. PULASKI 2,10
LOGAN-:-ORAN,10
LOGAN-:-ORVIL 1,10
LOGAN-:-ORVIL 2,10
LOGAN-:-PRAIRIE CREEK,10
LOGAN-:-SHERIDAN,10
LOGAN-:-WEST LINCOLN 1,10
LOGAN-:-WEST LINCOLN 2,10
LOGAN-:-WEST LINCOLN 3,10
LOGAN-:-WEST LINCOLN 4,10
LOGAN-:-WEST LINCOLN 5,10
LOGAN-:-WEST LINCOLN 6,10
LOGAN-:-WEST LINCOLN 7,10
MACON-:-AUSTIN,10
MACON-:-BLUE MOUND,10
MACON-:-DECATUR 1,10
MACON-:-DECATUR 10,10
MACON-:-DECATUR 11,10
MACON-:-DECATUR 12,10
MACON-:-DECATUR 13,10
MACON-:-DECATUR 14,10
MACON-:-DECATUR 15,10
MACON-:-DECATUR 17,10
MACON-:-DECATUR 18,10
MACON-:-DECATUR 2,10
MACON-:-DECATUR 20,10
MACON-:-DECATUR 21,10
MACON-:-DECATUR 22,10
MACON-:-DECATUR 23,10
MACON-:-DECATUR 24,10
MACON-:-DECATUR 25,10
MACON-:-DECATUR 26,10
MACON-:-DECATUR 3,10
MACON-:-DECATUR 4,10
MACON-:-DECATUR 5,10
MACON-:-DECATUR 6,10
MACON-:-FRIENDS CREEK,10
MACON-:-HICKORY PT. 1,10
MACON-:-HICKORY PT. 10,10
MACON-:-HICKORY PT. 11,10
MACON-:-HICKORY PT. 4,10
MACON-:-HICKORY PT. 5,10
MACON-:-HICKORY PT. 6,10
MACON-:-HICKORY PT. 7,10
MACON-:-HICKORY PT. 8,10
MACON-:-HICKORY PT. 9,10
MACON-:-ILLINI,10
MACON-:-LONG CREEK 1,10
MACON-:-LONG CREEK 2,10
MACON-:-LONG CREEK 3,10
MACON-:-LONG CREEK 5,10
MACON-:-LONG CREEK 6,10
MACON-:-LONG CREEK 7,10
MACON-:-MAROA,10
MACON-:-MT. ZION 1,10
MACON-:-MT. ZION 2,10
MACON-:-MT. ZION 3,10
MACON-:-NIANTIC,10
MACON-:-PLEASANT VIEW,10
MACON-:-SOUTH MACON,10
MACON-:-SOUTH WHEATLAND 1,10
MACON-:-SOUTH WHEATLAND 2,10
MACON-:-SOUTH WHEATLAND 3,10
MACON-:-WHITMORE 1,10
MACON-:-WHITMORE 2,10
MACOUPIN-:-BARR,8
MACOUPIN-:-BIRD,8
MACOUPIN-:-BRIGHTON 1,8
MACOUPIN-:-BRIGHTON 2,8
MACOUPIN-:-BRIGHTON 3,8
MACOUPIN-:-BRUSHY MOUND,8
MACOUPIN-:-BUNKER HILL 1,8
MACOUPIN-:-BUNKER HILL 2,8
MACOUPIN-:-BUNKER HILL 3,8
MACOUPIN-:-CAHOKIA 1,8
MACOUPIN-:-CAHOKIA 2,8
MACOUPIN-:-CARLINVILLE 1,8
MACOUPIN-:-CARLINVILLE 2,8
MACOUPIN-:-CARLINVILLE 3,8
MACOUPIN-:-CARLINVILLE 4,8
MACOUPIN-:-CARLINVILLE 5,8
MACOUPIN-:-CHESTERFIELD,8
MACOUPIN-:-DORCHESTER,8
MACOUPIN-:-GILLESPIE 1,8
MACOUPIN-:-GILLESPIE 2,8
MACOUPIN-:-GILLESPIE 3,8
MACOUPIN-:-GIRARD 1,8
MACOUPIN-:-GIRARD 2,8
MACOUPIN-:-HILYARD,8
MACOUPIN-:-HONEY POINT,8
MACOUPIN-:-MT. OLIVE 1,8
MACOUPIN-:-MT. OLIVE 2,8
MACOUPIN-:-MT. OLIVE 3,8
MACOUPIN-:-MT. OLIVE 4,8
MACOUPIN-:-NILWOOD,8
MACOUPIN-:-NORTH OTTER,8
MACOUPIN-:-NORTH PALMYRA,8
MACOUPIN-:-POLK,8
MACOUPIN-:-SCOTTVILLE,8
MACOUPIN-:-SHAWS POINT,8
MACOUPIN-:-SHIPMAN,8
MACOUPIN-:-SOUTH OTTER,8
MACOUPIN-:-SOUTH PALMYRA,8
MACOUPIN-:-STAUNTON 1,8
MACOUPIN-:-STAUNTON 2,8
MACOUPIN-:-STAUNTON 3,8
MACOUPIN-:-STAUNTON 4,8
MACOUPIN-:-VIRDEN 1,8
MACOUPIN-:-VIRDEN 2,8
MACOUPIN-:-WESTERN MOUND,8
MADISON-:-ALHAMBRA 01,8
MADISON-:-ALTON 02,8
MADISON-:-ALTON 04,8
MADISON-:-ALTON 06,8
MADISON-:-ALTON 07,8
MADISON-:-ALTON 08,8
MADISON-:-ALTON 09,8
MADISON-:-ALTON 10,8
MADISON-:-ALTON 11,8
MADISON-:-ALTON 12,8
MADISON-:-ALTON 13,8
MADISON-:-ALTON 14,8
MADISON-:-ALTON 15,8
MADISON-:-ALTON 16,8
MADISON-:-ALTON 17,8
MADISON-:-CHOUTEAU 01,8
MADISON-:-CHOUTEAU 02,8
MADISON-:-CHOUTEAU 03,8
MADISON-:-CHOUTEAU 04,8
MADISON-:-CHOUTEAU 05,8
MADISON-:-CHOUTEAU 06,8
MADISON-:-COLLINSVILLE 02,8
MADISON-:-COLLINSVILLE 03,8
MADISON-:-COLLINSVILLE 04,8
MADISON-:-COLLINSVILLE 05,8
MADISON-:-COLLINSVILLE 06,8
MADISON-:-COLLINSVILLE 07,8
MADISON-:-COLLINSVILLE 08,8
MADISON-:-COLLINSVILLE 09,8
MADISON-:-COLLINSVILLE 10,8
MADISON-:-COLLINSVILLE 11,8
MADISON-:-COLLINSVILLE 12,8
MADISON-:-COLLINSVILLE 13,8
MADISON-:-COLLINSVILLE 14,8
MADISON-:-COLLINSVILLE 15,8
MADISON-:-COLLINSVILLE 16,8
MADISON-:-COLLINSVILLE 17,8
MADISON-:-COLLINSVILLE 18,8
MADISON-:-COLLINSVILLE 19,8
MADISON-:-COLLINSVILLE 21,8
MADISON-:-COLLINSVILLE 22,8
MADISON-:-COLLINSVILLE 23,8
MADISON-:-COLLINSVILLE 24,8
MADISON-:-COLLINSVILLE 25,8
MADISON-:-EDWARDSVILLE 01,8
MADISON-:-EDWARDSVILLE 02,8
MADISON-:-EDWARDSVILLE 03,8
MADISON-:-EDWARDSVILLE 04,8
MADISON-:-EDWARDSVILLE 05,8
MADISON-:-EDWARDSVILLE 06,8
MADISON-:-EDWARDSVILLE 07,8
MADISON-:-EDWARDSVILLE 08,8
MADISON-:-EDWARDSVILLE 09,8
MADISON-:-EDWARDSVILLE 10,8
MADISON-:-EDWARDSVILLE 11,8
MADISON-:-EDWARDSVILLE 12,8
MADISON-:-EDWARDSVILLE 13,8
MADISON-:-EDWARDSVILLE 14,8
MADISON-:-EDWARDSVILLE 15,8
MADISON-:-EDWARDSVILLE 16,8
MADISON-:-EDWARDSVILLE 17,8
MADISON-:-EDWARDSVILLE 18,8
MADISON-:-EDWARDSVILLE 19,8
MADISON-:-EDWARDSVILLE 20,8
MADISON-:-EDWARDSVILLE 21,8
MADISON-:-EDWARDSVILLE 22,8
MADISON-:-EDWARDSVILLE 23,8
MADISON-:-EDWARDSVILLE 24,8
MADISON-:-EDWARDSVILLE 25,8
MADISON-:-EDWARDSVILLE 26,8
MADISON-:-FOSTER 01,8
MADISON-:-FOSTER 03,8
MADISON-:-FOSTER 04,8
MADISON-:-FT. RUSSELL 01,8
MADISON-:-FT. RUSSELL 02,8
MADISON-:-FT. RUSSELL 03,8
MADISON-:-FT. RUSSELL 04,8
MADISON-:-FT. RUSSELL 05,8
MADISON-:-FT. RUSSELL 06,8
MADISON-:-GODFREY 01,8
MADISON-:-GODFREY 02,8
MADISON-:-GODFREY 03,8
MADISON-:-GODFREY 04,8
MADISON-:-GODFREY 05,8
MADISON-:-GODFREY 06,8
MADISON-:-GODFREY 07,8
MADISON-:-GODFREY 08,8
MADISON-:-GODFREY 09,8
MADISON-:-GODFREY 10,8
MADISON-:-GODFREY 11,8
MADISON-:-GODFREY 12,8
MADISON-:-GODFREY 13,8
MADISON-:-GODFREY 14,8
MADISON-:-GRANITE CITY 01,8
MADISON-:-GRANITE CITY 02,8
MADISON-:-GRANITE CITY 03,8
MADISON-:-GRANITE CITY 04,8
MADISON-:-GRANITE CITY 05,8
MADISON-:-GRANITE CITY 06,8
MADISON-:-GRANITE CITY 07,8
MADISON-:-GRANITE CITY 08,8
MADISON-:-GRANITE CITY 09,8
MADISON-:-GRANITE CITY 10,8
MADISON-:-GRANITE CITY 11,8
MADISON-:-GRANITE CITY 12,8
MADISON-:-GRANITE CITY 13,8
MADISON-:-GRANITE CITY 14,8
MADISON-:-GRANITE CITY 15,8
MADISON-:-GRANITE CITY 16,8
MADISON-:-GRANITE CITY 17,8
MADISON-:-HAMEL 01,8
MADISON-:-HAMEL 02,8
MADISON-:-HELVETIA 01,8
MADISON-:-HELVETIA 02,8
MADISON-:-HELVETIA 03,8
MADISON-:-HELVETIA 04,8
MADISON-:-HELVETIA 05,8
MADISON-:-HELVETIA 06,8
MADISON-:-JARVIS 01,8
MADISON-:-JARVIS 02,8
MADISON-:-JARVIS 03,8
MADISON-:-JARVIS 04,8
MADISON-:-JARVIS 05,8
MADISON-:-JARVIS 06,8
MADISON-:-JARVIS 07,8
MADISON-:-JARVIS 08,8
MADISON-:-JARVIS 09,8
MADISON-:-JARVIS 10,8
MADISON-:-JARVIS 11,8
MADISON-:-JARVIS 12,8
MADISON-:-LEEF 01,8
MADISON-:-MARINE 01,8
MADISON-:-MARINE 02,8
MADISON-:-MORO 01,8
MADISON-:-MORO 03,8
MADISON-:-NAMEOKI 01,8
MADISON-:-NAMEOKI 02,8
MADISON-:-NAMEOKI 03,8
MADISON-:-NAMEOKI 04,8
MADISON-:-NAMEOKI 05,8
MADISON-:-NAMEOKI 06,8
MADISON-:-NAMEOKI 07,8
MADISON-:-NAMEOKI 08,8
MADISON-:-NEW DOUGLAS 01,8
MADISON-:-OLIVE 01,8
MADISON-:-OLIVE 02,8
MADISON-:-OMPHGHENT 01,8
MADISON-:-OMPHGHENT 02,8
MADISON-:-PIN OAK 01,8
MADISON-:-PIN OAK 02,8
MADISON-:-PIN OAK 03,8
MADISON-:-SALINE 01,8
MADISON-:-SALINE 02,8
MADISON-:-SALINE 03,8
MADISON-:-SALINE 04,8
MADISON-:-SALINE 05,8
MADISON-:-ST. JACOB 01,8
MADISON-:-ST. JACOB 02,8
MADISON-:-VENICE 01,8
MADISON-:-VENICE 02,8
MADISON-:-VENICE 03,8
MADISON-:-VENICE 04,8
MADISON-:-WOOD RIVER 01,8
MADISON-:-WOOD RIVER 02,8
MADISON-:-WOOD RIVER 03,8
MADISON-:-WOOD RIVER 04,8
MADISON-:-WOOD RIVER 05,8
MADISON-:-WOOD RIVER 06,8
MADISON-:-WOOD RIVER 07,8
MADISON-:-WOOD RIVER 08,8
MADISON-:-WOOD RIVER 09,8
MADISON-:-WOOD RIVER 10,8
MADISON-:-WOOD RIVER 11,8
MADISON-:-WOOD RIVER 12,8
MADISON-:-WOOD RIVER 13,8
MADISON-:-WOOD RIVER 14,8
MADISON-:-WOOD RIVER 15,8
MADISON-:-WOOD RIVER 16,8
MADISON-:-WOOD RIVER 17,8
MADISON-:-WOOD RIVER 18,8
MADISON-:-WOOD RIVER 19,8
MADISON-:-WOOD RIVER 20,8
MADISON-:-WOOD RIVER 21,8
MARION-:-ALMA,8
MARION-:-CARRIGAN,8
MARION-:-CENTRALIA 1,8
MARION-:-CENTRALIA 11,8
MARION-:-CENTRALIA 12,8
MARION-:-CENTRALIA 13,8
MARION-:-CENTRALIA 14,8
MARION-:-CENTRALIA 15,8
MARION-:-CENTRALIA 17,8
MARION-:-CENTRALIA 3,8
MARION-:-CENTRALIA 4,8
MARION-:-CENTRALIA 5,8
MARION-:-CENTRALIA 6,8
MARION-:-CENTRALIA 7,8
MARION-:-CENTRALIA 9,8
MARION-:-FOSTER,8
MARION-:-HAINES,8
MARION-:-IUKA,8
MARION-:-KINMUNDY,8
MARION-:-MEACHAM,10
MARION-:-ODIN,8
MARION-:-OMEGA,8
MARION-:-PATOKA,8
MARION-:-RACCOON,8
MARION-:-ROMINE,8
MARION-:-SALEM 1,8
MARION-:-SALEM 2,8
MARION-:-SALEM 4,8
MARION-:-SALEM 5,8
MARION-:-SALEM 6,8
MARION-:-SALEM 7,8
MARION-:-SALEM 8,8
MARION-:-SALEM 9,8
MARION-:-SANDOVAL 1,8
MARION-:-SANDOVAL 3,8
MARION-:-STEVENSON,8
MARION-:-TONTI,8
MARSHALL-:-BELL PLAIN,14
MARSHALL-:-BENNINGTON,14
MARSHALL-:-EVANS,14
MARSHALL-:-HENRY 1,14
MARSHALL-:-HENRY 2,14
MARSHALL-:-HOPEWELL,14
MARSHALL-:-LA PRAIRIE,14
MARSHALL-:-LACON 1,14
MARSHALL-:-LACON 2,14
MARSHALL-:-RICHLAND,14
MARSHALL-:-ROBERTS,14
MARSHALL-:-SARATOGA,14
MARSHALL-:-STEUBEN,14
MARSHALL-:-WHITEFIELD,4
MASON-:-ALLENS GROVE,10
MASON-:-BATH 1,10
MASON-:-CRANE CREEK,10
MASON-:-FOREST CITY,10
MASON-:-HAVANA 1,10
MASON-:-HAVANA 2,10
MASON-:-HAVANA 3,10
MASON-:-HAVANA 4,10
MASON-:-HAVANA 5,10
MASON-:-HAVANA 6,10
MASON-:-KILBOURNE,10
MASON-:-LYNCHBURG,10
MASON-:-MANITO 1,10
MASON-:-MANITO 2,10
MASON-:-MASON CITY 1,10
MASON-:-MASON CITY 2,10
MASON-:-MASON CITY 3,10
MASON-:-PENNSYLVANIA,10
MASON-:-QUIVER,10
MASON-:-SALT CREEK,10
MASON-:-SHERMAN,10
MASSAC-:-ADKINS-17COMB,8
MASSAC-:-BENTON-10,8
MASSAC-:-EAST BROOKLYN-7COMB,8
MASSAC-:-FRANKLIN-15,8
MASSAC-:-GEORGE'S CREEK-11,8
MASSAC-:-GRANT-14,8
MASSAC-:-HILLERMAN-13COMB,8
MASSAC-:-JACKSON-8,8
MASSAC-:-JEFFERSON-16COMB,8
MASSAC-:-LINCOLN-5,8
MASSAC-:-LOGAN-12,8
MASSAC-:-METROPOLIS 1-1,8
MASSAC-:-METROPOLIS 2-2,8
MASSAC-:-METROPOLIS 3-3,8
MASSAC-:-METROPOLIS 4-4,8
MASSAC-:-WASHINGTON-9,8
MASSAC-:-WEST BROOKLYN-6COMB,8
MCDONOUGH-:-BETHEL-1/2,4
MCDONOUGH-:-BLANDINSVILLE-3/4,4
MCDONOUGH-:-BUSHNELL 1-5,4
MCDONOUGH-:-BUSHNELL 2-6,4
MCDONOUGH-:-CHALMERS-7/8,4
MCDONOUGH-:-COLCHESTER-9,4
MCDONOUGH-:-ELDORADO-10,4
MCDONOUGH-:-EMMET-11/12,4
MCDONOUGH-:-EMMET-13,4
MCDONOUGH-:-HIRE-14,4
MCDONOUGH-:-INDUSTRY-15,4
MCDONOUGH-:-LAMOINE-16/17,4
MCDONOUGH-:-MACOMB CITY 1-18,4
MCDONOUGH-:-MACOMB CITY 1-19,4
MCDONOUGH-:-MACOMB CITY 2-20,4
MCDONOUGH-:-MACOMB CITY 2-21,4
MCDONOUGH-:-MACOMB CITY 3-22,4
MCDONOUGH-:-MACOMB CITY 3-23,4
MCDONOUGH-:-MACOMB CITY 4-24,4
MCDONOUGH-:-MACOMB CITY 5-25,4
MCDONOUGH-:-MACOMB CITY 5-26,4
MCDONOUGH-:-MACOMB CITY 6-27,4
MCDONOUGH-:-MACOMB CITY 7-28,4
MCDONOUGH-:-MACOMB CITY 7-29,4
MCDONOUGH-:-MACOMB CITY 7-30,4
MCDONOUGH-:-MACOMB CITY 8-31,4
MCDONOUGH-:-MACOMB TOWNSHIP-32/33,4
MCDONOUGH-:-MOUND-34,4
MCDONOUGH-:-MOUND-35,4
MCDONOUGH-:-NEW SALEM-36,4
MCDONOUGH-:-PRAIRIE CITY-37,4
MCDONOUGH-:-SCIOTA-38/39,4
MCDONOUGH-:-SCOTLAND-40,4
MCDONOUGH-:-SCOTLAND-41,4
MCDONOUGH-:-TENNESSEE-43,4
MCDONOUGH-:-WALNUT GROVE-44/45,4
MCHENRY-:-ALDEN ALD 01,7
MCHENRY-:-ALGONQUIN ALG 01,7
MCHENRY-:-ALGONQUIN ALG 02,7
MCHENRY-:-ALGONQUIN ALG 03,7
MCHENRY-:-ALGONQUIN ALG 04,7
MCHENRY-:-ALGONQUIN ALG 05,7
MCHENRY-:-ALGONQUIN ALG 06,7
MCHENRY-:-ALGONQUIN ALG 07,7
MCHENRY-:-ALGONQUIN ALG 08,7
MCHENRY-:-ALGONQUIN ALG 09,7
MCHENRY-:-ALGONQUIN ALG 10,7
MCHENRY-:-ALGONQUIN ALG 11,7
MCHENRY-:-ALGONQUIN ALG 12,7
MCHENRY-:-ALGONQUIN ALG 13,7
MCHENRY-:-ALGONQUIN ALG 14,7
MCHENRY-:-ALGONQUIN ALG 15,7
MCHENRY-:-ALGONQUIN ALG 16,7
MCHENRY-:-ALGONQUIN ALG 17,7
MCHENRY-:-ALGONQUIN ALG 18,7
MCHENRY-:-ALGONQUIN ALG 19,7
MCHENRY-:-ALGONQUIN ALG 20,7
MCHENRY-:-ALGONQUIN ALG 21,7
MCHENRY-:-ALGONQUIN ALG 22,7
MCHENRY-:-ALGONQUIN ALG 23,7
MCHENRY-:-ALGONQUIN ALG 24,7
MCHENRY-:-ALGONQUIN ALG 25,7
MCHENRY-:-ALGONQUIN ALG 26,7
MCHENRY-:-ALGONQUIN ALG 27,7
MCHENRY-:-ALGONQUIN ALG 28,7
MCHENRY-:-ALGONQUIN ALG 29,7
MCHENRY-:-ALGONQUIN ALG 30,7
MCHENRY-:-ALGONQUIN ALG 31,7
MCHENRY-:-ALGONQUIN ALG 32,7
MCHENRY-:-ALGONQUIN ALG 33,7
MCHENRY-:-ALGONQUIN ALG 34,7
MCHENRY-:-ALGONQUIN ALG 35,7
MCHENRY-:-ALGONQUIN ALG 36,7
MCHENRY-:-ALGONQUIN ALG 37,7
MCHENRY-:-ALGONQUIN ALG 38,7
MCHENRY-:-ALGONQUIN ALG 39,7
MCHENRY-:-ALGONQUIN ALG 40,7
MCHENRY-:-ALGONQUIN ALG 41,7
MCHENRY-:-ALGONQUIN ALG 42,7
MCHENRY-:-ALGONQUIN ALG 43,7
MCHENRY-:-ALGONQUIN ALG 44,7
MCHENRY-:-ALGONQUIN ALG 45,7
MCHENRY-:-ALGONQUIN ALG 46,7
MCHENRY-:-ALGONQUIN ALG 47,7
MCHENRY-:-ALGONQUIN ALG 48,7
MCHENRY-:-ALGONQUIN ALG 49,7
MCHENRY-:-ALGONQUIN ALG 50,7
MCHENRY-:-ALGONQUIN ALG 51,7
MCHENRY-:-ALGONQUIN ALG 52,7
MCHENRY-:-ALGONQUIN ALG 53,7
MCHENRY-:-ALGONQUIN ALG 54,7
MCHENRY-:-ALGONQUIN ALG 55,7
MCHENRY-:-ALGONQUIN ALG 56,7
MCHENRY-:-ALGONQUIN ALG 57,7
MCHENRY-:-ALGONQUIN ALG 58,7
MCHENRY-:-ALGONQUIN ALG 59,7
MCHENRY-:-ALGONQUIN ALG 60,7
MCHENRY-:-ALGONQUIN ALG 61,7
MCHENRY-:-ALGONQUIN ALG 62,7
MCHENRY-:-ALGONQUIN ALG 63,7
MCHENRY-:-BURTON BUR 01,7
MCHENRY-:-BURTON BUR 02,7
MCHENRY-:-BURTON BUR 03,7
MCHENRY-:-BURTON BUR 04,7
MCHENRY-:-CHEMUNG CHE 01,7
MCHENRY-:-CHEMUNG CHE 02,7
MCHENRY-:-CHEMUNG CHE 03,7
MCHENRY-:-CHEMUNG CHE 04,7
MCHENRY-:-CHEMUNG CHE 05,7
MCHENRY-:-CORAL COR 01,7
MCHENRY-:-CORAL COR 02,7
MCHENRY-:-CORAL COR 03,7
MCHENRY-:-DORR DOR 01,7
MCHENRY-:-DORR DOR 02,7
MCHENRY-:-DORR DOR 03,7
MCHENRY-:-DORR DOR 04,7
MCHENRY-:-DORR DOR 05,7
MCHENRY-:-DORR DOR 06,7
MCHENRY-:-DORR DOR 07,7
MCHENRY-:-DORR DOR 08,7
MCHENRY-:-DORR DOR 09,7
MCHENRY-:-DORR DOR 10,7
MCHENRY-:-DORR DOR 11,7
MCHENRY-:-DORR DOR 12,7
MCHENRY-:-DORR DOR 13,7
MCHENRY-:-DORR DOR 14,7
MCHENRY-:-DUNHAM DUN 01,7
MCHENRY-:-DUNHAM DUN 02,7
MCHENRY-:-GRAFTON GRA 01,7
MCHENRY-:-GRAFTON GRA 02,7
MCHENRY-:-GRAFTON GRA 03,7
MCHENRY-:-GRAFTON GRA 04,7
MCHENRY-:-GRAFTON GRA 05,7
MCHENRY-:-GRAFTON GRA 06,7
MCHENRY-:-GRAFTON GRA 07,7
MCHENRY-:-GRAFTON GRA 08,7
MCHENRY-:-GRAFTON GRA 09,7
MCHENRY-:-GRAFTON GRA 10,7
MCHENRY-:-GRAFTON GRA 11,7
MCHENRY-:-GRAFTON GRA 12,7
MCHENRY-:-GRAFTON GRA 13,7
MCHENRY-:-GRAFTON GRA 14,7
MCHENRY-:-GRAFTON GRA 15,7
MCHENRY-:-GRAFTON GRA 16,7
MCHENRY-:-GRAFTON GRA 17,7
MCHENRY-:-GRAFTON GRA 18,7
MCHENRY-:-GRAFTON GRA 19,7
MCHENRY-:-GRAFTON GRA 20,7
MCHENRY-:-GRAFTON GRA 21,7
MCHENRY-:-GRAFTON GRA 22,7
MCHENRY-:-GRAFTON GRA 23,7
MCHENRY-:-GRAFTON GRA 24,7
MCHENRY-:-GRAFTON GRA 25,7
MCHENRY-:-GRAFTON GRA 26,7
MCHENRY-:-GRAFTON GRA 27,7
MCHENRY-:-GRAFTON GRA 28,7
MCHENRY-:-GRAFTON GRA 29,7
MCHENRY-:-GRAFTON GRA 30,7
MCHENRY-:-GRAFTON GRA 31,7
MCHENRY-:-GRAFTON GRA 32,4
MCHENRY-:-GRAFTON GRA 33,7
MCHENRY-:-GRAFTON GRA 34,7
MCHENRY-:-GRAFTON GRA 35,7
MCHENRY-:-GRAFTON GRA 36,7
MCHENRY-:-GRAFTON GRA 37,7
MCHENRY-:-GRAFTON GRA 38,7
MCHENRY-:-GREENWOOD GRE 01,7
MCHENRY-:-GREENWOOD GRE 02,7
MCHENRY-:-GREENWOOD GRE 03,7
MCHENRY-:-GREENWOOD GRE 04,7
MCHENRY-:-GREENWOOD GRE 05,7
MCHENRY-:-GREENWOOD GRE 07,7
MCHENRY-:-GREENWOOD GRE 08,7
MCHENRY-:-GREENWOOD GRE 09,7
MCHENRY-:-GREENWOOD GRE 10,7
MCHENRY-:-HEBRON HEB 01,7
MCHENRY-:-HEBRON HEB 02,7
MCHENRY-:-MARENGO MAR 01,7
MCHENRY-:-MARENGO MAR 02,7
MCHENRY-:-MARENGO MAR 03,7
MCHENRY-:-MARENGO MAR 04,7
MCHENRY-:-MARENGO MAR 05,7
MCHENRY-:-MCHENRY MCH 01,7
MCHENRY-:-MCHENRY MCH 02,7
MCHENRY-:-MCHENRY MCH 03,7
MCHENRY-:-MCHENRY MCH 04,7
MCHENRY-:-MCHENRY MCH 05,7
MCHENRY-:-MCHENRY MCH 06,7
MCHENRY-:-MCHENRY MCH 08,7
MCHENRY-:-MCHENRY MCH 09,7
MCHENRY-:-MCHENRY MCH 10,7
MCHENRY-:-MCHENRY MCH 11,7
MCHENRY-:-MCHENRY MCH 12,7
MCHENRY-:-MCHENRY MCH 13,7
MCHENRY-:-MCHENRY MCH 14,7
MCHENRY-:-MCHENRY MCH 15,7
MCHENRY-:-MCHENRY MCH 16,7
MCHENRY-:-MCHENRY MCH 17,7
MCHENRY-:-MCHENRY MCH 18,7
MCHENRY-:-MCHENRY MCH 19,7
MCHENRY-:-MCHENRY MCH 20,7
MCHENRY-:-MCHENRY MCH 21,7
MCHENRY-:-MCHENRY MCH 22,7
MCHENRY-:-MCHENRY MCH 23,7
MCHENRY-:-MCHENRY MCH 24,7
MCHENRY-:-MCHENRY MCH 25,7
MCHENRY-:-MCHENRY MCH 26,7
MCHENRY-:-MCHENRY MCH 27,7
MCHENRY-:-MCHENRY MCH 28,7
MCHENRY-:-MCHENRY MCH 29,7
MCHENRY-:-MCHENRY MCH 30,7
MCHENRY-:-MCHENRY MCH 31,7
MCHENRY-:-MCHENRY MCH 32,7
MCHENRY-:-MCHENRY MCH 33,7
MCHENRY-:-MCHENRY MCH 34,7
MCHENRY-:-NUNDA NUN 01,7
MCHENRY-:-NUNDA NUN 02,7
MCHENRY-:-NUNDA NUN 03,7
MCHENRY-:-NUNDA NUN 04,7
MCHENRY-:-NUNDA NUN 05,7
MCHENRY-:-NUNDA NUN 06,7
MCHENRY-:-NUNDA NUN 07,7
MCHENRY-:-NUNDA NUN 08,7
MCHENRY-:-NUNDA NUN 09,7
MCHENRY-:-NUNDA NUN 10,7
MCHENRY-:-NUNDA NUN 11,7
MCHENRY-:-NUNDA NUN 12,7
MCHENRY-:-NUNDA NUN 13,7
MCHENRY-:-NUNDA NUN 14,7
MCHENRY-:-NUNDA NUN 15,7
MCHENRY-:-NUNDA NUN 16,7
MCHENRY-:-NUNDA NUN 17,7
MCHENRY-:-NUNDA NUN 18,7
MCHENRY-:-NUNDA NUN 19,7
MCHENRY-:-NUNDA NUN 20,7
MCHENRY-:-NUNDA NUN 21,7
MCHENRY-:-NUNDA NUN 22,7
MCHENRY-:-NUNDA NUN 23,7
MCHENRY-:-NUNDA NUN 24,7
MCHENRY-:-NUNDA NUN 25,7
MCHENRY-:-NUNDA NUN 26,7
MCHENRY-:-NUNDA NUN 27,7
MCHENRY-:-NUNDA NUN 28,7
MCHENRY-:-NUNDA NUN 29,7
MCHENRY-:-RICHMOND RIC 01,7
MCHENRY-:-RICHMOND RIC 02,7
MCHENRY-:-RICHMOND RIC 03,7
MCHENRY-:-RICHMOND RIC 04,7
MCHENRY-:-RICHMOND RIC 05,7
MCHENRY-:-RICHMOND RIC 06,7
MCHENRY-:-RILEY RIL 01,7
MCHENRY-:-RILEY RIL 02,7
MCHENRY-:-SENECA SEN 01,7
MCHENRY-:-SENECA SEN 02,7
MCHENRY-:-SENECA SEN 03,7
MCLEAN-:-ANCHOR 01,11
MCLEAN-:-ARROWSMITH 01,11
MCLEAN-:-BELLFLOWER 01,4
MCLEAN-:-BLOOMINGTON 03,11
MCLEAN-:-BLUE MOUND 01,11
MCLEAN-:-CHENEY'S GROVE 01,4
MCLEAN-:-CHENOA 01,11
MCLEAN-:-CHENOA 02,11
MCLEAN-:-CROPSEY 01,11
MCLEAN-:-DANVERS 01,11
MCLEAN-:-DANVERS 02,15
MCLEAN-:-DAWSON 01,11
MCLEAN-:-DOWNS 01,11
MCLEAN-:-DRY GROVE 01,11
MCLEAN-:-DRY GROVE 02,11
MCLEAN-:-EMPIRE 01,4
MCLEAN-:-EMPIRE 02,4
MCLEAN-:-EMPIRE 03,4
MCLEAN-:-FUNKS GROVE 01,11
MCLEAN-:-GRIDLEY 01,11
MCLEAN-:-GRIDLEY 02,11
MCLEAN-:-HUDSON 01,11
MCLEAN-:-HUDSON 02,11
MCLEAN-:-LAWNDALE 01,11
MCLEAN-:-LEXINGTON 01,11
MCLEAN-:-LEXINGTON 02,11
MCLEAN-:-MARTIN 01,11
MCLEAN-:-MONEY CREEK 01,11
MCLEAN-:-MT. HOPE 01,11
MCLEAN-:-NORMAL 01,11
MCLEAN-:-NORMAL 02,11
MCLEAN-:-NORMAL 03,11
MCLEAN-:-NORMAL 04,11
MCLEAN-:-NORMAL 05,11
MCLEAN-:-NORMAL 06,11
MCLEAN-:-NORMAL 07,11
MCLEAN-:-NORMAL 08,11
MCLEAN-:-NORMAL 09,11
MCLEAN-:-NORMAL 10,11
MCLEAN-:-NORMAL 11,11
MCLEAN-:-NORMAL 12,11
MCLEAN-:-NORMAL 13,11
MCLEAN-:-NORMAL 14,11
MCLEAN-:-NORMAL 15,11
MCLEAN-:-NORMAL 16,11
MCLEAN-:-NORMAL 17,11
MCLEAN-:-NORMAL 18,11
MCLEAN-:-NORMAL 19,11
MCLEAN-:-NORMAL 20,11
MCLEAN-:-NORMAL 21,11
MCLEAN-:-NORMAL 22,11
MCLEAN-:-NORMAL 23,11
MCLEAN-:-NORMAL 24,11
MCLEAN-:-NORMAL 25,11
MCLEAN-:-NORMAL 26,11
MCLEAN-:-NORMAL 27,11
MCLEAN-:-NORMAL 28,11
MCLEAN-:-NORMAL 29,11
MCLEAN-:-NORMAL 30,11
MCLEAN-:-NORMAL 32,11
MCLEAN-:-NORMAL 33,11
MCLEAN-:-NORMAL 34,11
MCLEAN-:-NORMAL 35,11
MCLEAN-:-NORMAL 36,4
MCLEAN-:-OLD TOWN 01,11
MCLEAN-:-OLD TOWN 02,4
MCLEAN-:-OLD TOWN 03,4
MCLEAN-:-RANDOLPH 01,11
MCLEAN-:-RANDOLPH 02,11
MCLEAN-:-RANDOLPH 03,11
MCLEAN-:-RANDOLPH 04,11
MCLEAN-:-TOWANDA 01,11
MCLEAN-:-TOWANDA 02,11
MCLEAN-:-WEST 01,4
MCLEAN-:-WHITE OAK 01,11
MCLEAN-:-YATES 01,11
MENARD-:-EAST MENARD,10
MENARD-:-EAST PETERSBURG,10
MENARD-:-GREENVIEW,10
MENARD-:-INDIAN CREEK,10
MENARD-:-NORTH ATHENS-CITY,10
MENARD-:-NORTH ATHENS-RURAL,10
MENARD-:-NORTH PETERSBURG,10
MENARD-:-NORTHWEST MENARD,10
MENARD-:-ROCK CREEK,10
MENARD-:-SOUTH ATHENS-CITY,10
MENARD-:-SOUTH ATHENS-RURAL,10
MENARD-:-SOUTH PETERSBURG,10
MENARD-:-SOUTHWEST MENARD,10
MENARD-:-WEST PETERSBURG,10
MERCER-:-ABINGTON,4
MERCER-:-DUNCAN,4
MERCER-:-ELIZA,4
MERCER-:-GREENE 1,4
MERCER-:-GREENE 2,4
MERCER-:-KEITHSBURG,4
MERCER-:-MERCER 1,4
MERCER-:-MERCER 2,4
MERCER-:-MERCER 3,4
MERCER-:-MERCER 4,4
MERCER-:-MERCER 5,4
MERCER-:-MERCER 6,4
MERCER-:-MILLERSBURG,4
MERCER-:-NEW BOSTON,4
MERCER-:-NORTH HENDERSON,4
MERCER-:-OHIO GROVE,4
MERCER-:-PERRYTON,4
MERCER-:-PREEMPTION 1,4
MERCER-:-PREEMPTION 2,4
MERCER-:-RICHLAND GROVE 1,4
MERCER-:-RICHLAND GROVE 2,4
MERCER-:-RICHLAND GROVE 3,4
MERCER-:-RIVOLI,4
MERCER-:-SUEZ,4
MONROE-:-PRECINCT 1,8
MONROE-:-PRECINCT 10,8
MONROE-:-PRECINCT 11,8
MONROE-:-PRECINCT 12,8
MONROE-:-PRECINCT 13,8
MONROE-:-PRECINCT 14,8
MONROE-:-PRECINCT 15,8
MONROE-:-PRECINCT 16,8
MONROE-:-PRECINCT 17,8
MONROE-:-PRECINCT 18,8
MONROE-:-PRECINCT 19,8
MONROE-:-PRECINCT 2,8
MONROE-:-PRECINCT 20,8
MONROE-:-PRECINCT 21,8
MONROE-:-PRECINCT 22,8
MONROE-:-PRECINCT 23,8
MONROE-:-PRECINCT 24,8
MONROE-:-PRECINCT 25,8
MONROE-:-PRECINCT 3,8
MONROE-:-PRECINCT 4,8
MONROE-:-PRECINCT 5,8
MONROE-:-PRECINCT 6,8
MONROE-:-PRECINCT 7,8
MONROE-:-PRECINCT 8,8
MONROE-:-PRECINCT 9,8
MONTGOMERY-:-AUDUBON,8
MONTGOMERY-:-BOIS D'ARC,8
MONTGOMERY-:-BUTLER GROVE,8
MONTGOMERY-:-EAST FORK 1,8
MONTGOMERY-:-EAST FORK 2,8
MONTGOMERY-:-EAST FORK 3,8
MONTGOMERY-:-FILLMORE CONS,8
MONTGOMERY-:-GRISHAM 1,8
MONTGOMERY-:-GRISHAM 2,8
MONTGOMERY-:-HARVEL,8
MONTGOMERY-:-HILLSBORO 1,8
MONTGOMERY-:-HILLSBORO 2,8
MONTGOMERY-:-HILLSBORO 3,8
MONTGOMERY-:-HILLSBORO 4,8
MONTGOMERY-:-HILLSBORO 5,8
MONTGOMERY-:-HILLSBORO 6,8
MONTGOMERY-:-IRVING,8
MONTGOMERY-:-NOKOMIS 1,8
MONTGOMERY-:-NOKOMIS 2,8
MONTGOMERY-:-NOKOMIS 3,8
MONTGOMERY-:-NOKOMIS 4,8
MONTGOMERY-:-NORTH LITCHFIELD 1,8
MONTGOMERY-:-NORTH LITCHFIELD 2,8
MONTGOMERY-:-NORTH LITCHFIELD 3,8
MONTGOMERY-:-NORTH LITCHFIELD 4,8
MONTGOMERY-:-NORTH LITCHFIELD 5,8
MONTGOMERY-:-NORTH LITCHFIELD 6,8
MONTGOMERY-:-PITMAN,8
MONTGOMERY-:-RAYMOND,8
MONTGOMERY-:-ROUNTREE,8
MONTGOMERY-:-SOUTH LITCHFIELD 1,8
MONTGOMERY-:-SOUTH LITCHFIELD 2,8
MONTGOMERY-:-SOUTH LITCHFIELD 3,8
MONTGOMERY-:-SOUTH LITCHFIELD 4,8
MONTGOMERY-:-WALSHVILLE,8
MONTGOMERY-:-WITT 1,8
MONTGOMERY-:-WITT 2,8
MONTGOMERY-:-ZANESVILLE,8
MORGAN-:-ALEX-PRENT-SINC-1/2,10
MORGAN-:-ARCADIA-1,10
MORGAN-:-CHAPIN-CONCORD-1,10
MORGAN-:-FRANKLIN-3/4,14
MORGAN-:-JACKSONVILLE 01-1,10
MORGAN-:-JACKSONVILLE 02-1,14
MORGAN-:-JACKSONVILLE 03-1,10
MORGAN-:-JACKSONVILLE 04-1,15
MORGAN-:-JACKSONVILLE 05-1,10
MORGAN-:-JACKSONVILLE 06-1,14
MORGAN-:-JACKSONVILLE 07-1,14
MORGAN-:-JACKSONVILLE 08-1,15
MORGAN-:-JACKSONVILLE 09-1,4
MORGAN-:-JACKSONVILLE 10-1,11
MORGAN-:-JACKSONVILLE 11-1,10
MORGAN-:-JACKSONVILLE 12-1,14
MORGAN-:-LITERBERRY-1,10
MORGAN-:-LYNNVL-MARKM-1,4
MORGAN-:-LYNNVL-MARKM-3,4
MORGAN-:-MEREDOSIA-3,15
MORGAN-:-MURRVL-NORTNVL-3/4,11
MORGAN-:-PISGAH-1/2/6,10
MORGAN-:-S JACKSONVILLE 1-1,15
MORGAN-:-S JACKSONVILLE 2-1,15
MORGAN-:-S JACKSONVILLE 3-1,15
MORGAN-:-WAVERLY 01-3,8
MORGAN-:-WAVERLY 02-3/4,8
MORGAN-:-WOODSON-3/5,8
MOULTRIE-:-DORA #1,10
MOULTRIE-:-EAST NELSON #1,10
MOULTRIE-:-JONATHAN CREEK #1,10
MOULTRIE-:-LOVINGTON #1,10
MOULTRIE-:-LOVINGTON #2,10
MOULTRIE-:-LOWE #1,10
MOULTRIE-:-MARROWBONE #1,10
MOULTRIE-:-MARROWBONE #2,10
MOULTRIE-:-SULLIVAN #1,10
MOULTRIE-:-SULLIVAN #2,10
MOULTRIE-:-SULLIVAN #3,10
MOULTRIE-:-SULLIVAN #4,10
MOULTRIE-:-SULLIVAN #5,10
MOULTRIE-:-SULLIVAN #6,10
MOULTRIE-:-SULLIVAN #7,10
MOULTRIE-:-WHITLEY #1,10
OGLE-:-BROOKVILLE,2
OGLE-:-BUFFALO 1,2
OGLE-:-BUFFALO 2,2
OGLE-:-BUFFALO 3,2
OGLE-:-BYRON 1,2
OGLE-:-BYRON 2,2
OGLE-:-BYRON 3,2
OGLE-:-BYRON 4,2
OGLE-:-DEMENT,15
OGLE-:-EAGLE POINT,11
OGLE-:-FLAGG 1,15
OGLE-:-FLAGG 10,11
OGLE-:-FLAGG 11,2
OGLE-:-FLAGG 2,15
OGLE-:-FLAGG 3,15
OGLE-:-FLAGG 4,2
OGLE-:-FLAGG 5,2
OGLE-:-FLAGG 6,15
OGLE-:-FLAGG 7,15
OGLE-:-FLAGG 8,2
OGLE-:-FLAGG 9,15
OGLE-:-FORRESTON 1,11
OGLE-:-FORRESTON 2,11
OGLE-:-GRAND DETOUR,2
OGLE-:-LAFAYETTE,2
OGLE-:-LEAF RIVER,2
OGLE-:-LINCOLN,2
OGLE-:-LYNNVILLE,2
OGLE-:-MARION 1,2
OGLE-:-MARION 2,2
OGLE-:-MARION 3,2
OGLE-:-MARYLAND,2
OGLE-:-MONROE,2
OGLE-:-MT. MORRIS 1,2
OGLE-:-MT. MORRIS 2,2
OGLE-:-MT. MORRIS 3,11
OGLE-:-MT. MORRIS 4,2
OGLE-:-OREGON-NASHUA 1,2
OGLE-:-OREGON-NASHUA 2,15
OGLE-:-OREGON-NASHUA 3,14
OGLE-:-OREGON-NASHUA 4,2
OGLE-:-OREGON-NASHUA 5,15
OGLE-:-OREGON-NASHUA 6,2
OGLE-:-PINE CREEK,2
OGLE-:-PINE ROCK,2
OGLE-:-ROCKVALE 1,2
OGLE-:-ROCKVALE 2,2
OGLE-:-SCOTT,2
OGLE-:-TAYLOR,2
OGLE-:-WHITE ROCK,2
OGLE-:-WOOSUNG,2
PEORIA-:-AK01 - 1,14
PEORIA-:-BR01 - 2,14
PEORIA-:-CH01 - 3,14
PEORIA-:-CH02 - 4,14
PEORIA-:-CH03 - 5,14
PEORIA-:-CH04 - 6,14
PEORIA-:-CH05 - 7,14
PEORIA-:-CH06 - 8,14
PEORIA-:-EL01 - 9,14
PEORIA-:-EL02 - 10,14
PEORIA-:-EL03 - 11,14
PEORIA-:-HA01 - 12/13,14
PEORIA-:-HO01 - 14,14
PEORIA-:-HO02 - 15,14
PEORIA-:-JU01 - 16,14
PEORIA-:-JU02 - 17/18,14
PEORIA-:-KI01 - 19,14
PEORIA-:-KI01 - 20/22,14
PEORIA-:-KI01 - 21/23,14
PEORIA-:-KI02 - 24,14
PEORIA-:-LI01 - 25,14
PEORIA-:-LI01 - 26,14
PEORIA-:-LI02 - 27/28,14
PEORIA-:-LI02 - 29,14
PEORIA-:-LI02 - 30,14
PEORIA-:-LI03 - 31/32,14
PEORIA-:-LI04 - 33,14
PEORIA-:-LI05 - 34,14
PEORIA-:-LI06 - 35,14
PEORIA-:-LI06 - 36/37,14
PEORIA-:-LI07 - 38,14
PEORIA-:-LI07 - 39/40,14
PEORIA-:-LI08 - 41,14
PEORIA-:-LI09 - 42,14
PEORIA-:-LI10 - 43/44,14
PEORIA-:-LI11 - 45/46,14
PEORIA-:-LI11 - 47/48,14
PEORIA-:-LO01 - 49,14
PEORIA-:-LO02 - 50,14
PEORIA-:-ME01 - 51,14
PEORIA-:-ME01 - 52,14
PEORIA-:-ME02 - 53/54/55,14
PEORIA-:-ME03 - 56/57,14
PEORIA-:-ME04 - 58,14
PEORIA-:-MI01 - 59/60,14
PEORIA-:-PE01 - 61,14
PEORIA-:-PE02 - 62,14
PEORIA-:-PE03 - 63/64,14
PEORIA-:-PE04 - 65,14
PEORIA-:-PE05 - 66,14
PEORIA-:-PE06 - 67,14
PEORIA-:-PE07 - 68,14
PEORIA-:-PE08 - 69/70,14
PEORIA-:-PE09 - 71,14
PEORIA-:-PE10 - 72,14
PEORIA-:-PE11 - 73/74,14
PEORIA-:-PE12 - 75,14
PEORIA-:-PE13 - 76/77,14
PEORIA-:-PE14 - 78,14
PEORIA-:-PE15 - 79,14
PEORIA-:-PE16 - 80,14
PEORIA-:-PE17 - 81,14
PEORIA-:-PE18 - 82,14
PEORIA-:-PE19 - 83,14
PEORIA-:-PE20 - 84,14
PEORIA-:-PE21 - 85,14
PEORIA-:-PE22 - 87,14
PEORIA-:-PE23 - 88,14
PEORIA-:-PE24 - 89,14
PEORIA-:-PE25 - 90/91,14
PEORIA-:-PE26 - 92/93,14
PEORIA-:-PE27 - 94,14
PEORIA-:-PE28 - 95/96/97,14
PEORIA-:-PE29 - 98/99,14
PEORIA-:-PE30 - 100,14
PEORIA-:-PE31 - 101,14
PEORIA-:-PE32 - 102,14
PEORIA-:-PE33 - 103,14
PEORIA-:-PE34 - 104/105,14
PEORIA-:-PE35 - 106,14
PEORIA-:-PE36 - 107,14
PEORIA-:-PE37 - 108,14
PEORIA-:-PE38 - 109,14
PEORIA-:-PE39 - 110,14
PEORIA-:-PE40 - 111,14
PEORIA-:-PE41 - 112,14
PEORIA-:-PE42 - 113/114,14
PEORIA-:-PE43 - 115/116,14
PEORIA-:-PE44 - 117,14
PEORIA-:-PE44 - 118,14
PEORIA-:-PE45 - 119/120,14
PEORIA-:-PE46 - 121,14
PEORIA-:-PE47 - 122/123/127,14
PEORIA-:-PE47 - 124/126,14
PEORIA-:-PE48 - 128/129,14
PEORIA-:-PE49 - 130/131/133/134,14
PEORIA-:-PE49 - 132,14
PEORIA-:-PE50 - 135/136,14
PEORIA-:-PE51 - 137/138/139/141,14
PEORIA-:-PE52 - 142/143,14
PEORIA-:-PE53 - 144,14
PEORIA-:-PE54 - 145/147,14
PEORIA-:-PE54 - 146,14
PEORIA-:-PE55 - 148,14
PEORIA-:-PE56 - 149,14
PEORIA-:-PE57 - 150,14
PEORIA-:-PE57 - 151,14
PEORIA-:-PE58 - 152,14
PEORIA-:-PE58 - 153,14
PEORIA-:-PE59 - 154,14
PEORIA-:-PE60 - 155,14
PEORIA-:-PE61 - 156,14
PEORIA-:-PE62 - 157,14
PEORIA-:-PE63 - 158/159,14
PEORIA-:-PE64 - 160,14
PEORIA-:-PE65 - 161/162,14
PEORIA-:-PE65 - 163,14
PEORIA-:-PR01 - 164,14
PEORIA-:-PR01 - 165,14
PEORIA-:-RA01 - 166,14
PEORIA-:-RA01 - 167,14
PEORIA-:-RA02 - 168,14
PEORIA-:-RA02 - 169/170,14
PEORIA-:-RA02 - 171,14
PEORIA-:-RI01 - 172,14
PEORIA-:-RI01 - 173,14
PEORIA-:-RI02 - 174,14
PEORIA-:-RI03 - 175,14
PEORIA-:-RI03 - 176,14
PEORIA-:-RI04 - 177,14
PEORIA-:-RO01 - 178,14
PEORIA-:-RO01 - 179,14
PEORIA-:-TI01 - 180/181,14
PEORIA-:-TI02 - 182,2
PEORIA-:-TR01 - 183,14
PEORIA-:-TR01 - 184,14
PEORIA-:-WP01 - 185,14
PEORIA-:-WP02 - 186,14
PEORIA-:-WP03 - 187,14
PEORIA-:-WP04 - 188,14
PERRY-:-BEAUCOUP-001,8
PERRY-:-CUTLER-001,8
PERRY-:-DUQUOIN 1-001,8
PERRY-:-DUQUOIN 10-001,8
PERRY-:-DUQUOIN 11-001,8
PERRY-:-DUQUOIN 12-001,8
PERRY-:-DUQUOIN 2-001,8
PERRY-:-DUQUOIN 3-001,8
PERRY-:-DUQUOIN 4-001,8
PERRY-:-DUQUOIN 5-001,8
PERRY-:-DUQUOIN 6-001,8
PERRY-:-DUQUOIN 7-001,8
PERRY-:-DUQUOIN 8-001,8
PERRY-:-DUQUOIN 9-001,8
PERRY-:-PINCKNEYVILLE 1-001,8
PERRY-:-PINCKNEYVILLE 2-001,8
PERRY-:-PINCKNEYVILLE 3-001,8
PERRY-:-PINCKNEYVILLE 4-001,8
PERRY-:-PINCKNEYVILLE 5-001,8
PERRY-:-PINCKNEYVILLE 6-001,8
PERRY-:-PINCKNEYVILLE 7-001,8
PERRY-:-PINCKNEYVILLE 8-001,8
PERRY-:-SUNFIELD-001,8
PERRY-:-SWANWICK-001,8
PERRY-:-TAMAROA 1-001,8
PERRY-:-TAMAROA 2-001,8
PERRY-:-WILLISVILLE-001,8
PIATT-:-BEMENT 1,10
PIATT-:-BEMENT 2,10
PIATT-:-BLUE RIDGE,10
PIATT-:-CERRO GORDO 1,10
PIATT-:-CERRO GORDO 2,10
PIATT-:-CERRO GORDO 4,10
PIATT-:-GOOSE CREEK,10
PIATT-:-MONTICELLO 1,10
PIATT-:-MONTICELLO 2,10
PIATT-:-MONTICELLO 3,10
PIATT-:-MONTICELLO 4,10
PIATT-:-SANGAMON 1,10
PIATT-:-SANGAMON 2,10
PIATT-:-UNITY 1,10
PIATT-:-UNITY 2,10
PIATT-:-WILLOW BRANCH,10
PIKE-:-ATLAS 1,4
PIKE-:-BARRY 1,4
PIKE-:-BARRY 2,4
PIKE-:-CHAMBERSBURG 1,4
PIKE-:-CINCINNATI,4
PIKE-:-DERRY 1,4
PIKE-:-DETROIT 1,4
PIKE-:-FAIRMOUNT 1,4
PIKE-:-FLINT 1,4
PIKE-:-GRIGGSVILLE 1,4
PIKE-:-GRIGGSVILLE 2,4
PIKE-:-HADLEY 1,4
PIKE-:-HARDIN 1,4
PIKE-:-KINDERHOOK 1,4
PIKE-:-KINDERHOOK 2,4
PIKE-:-LEVEE 1,4
PIKE-:-MARTINSBURG 1,4
PIKE-:-MONTEZUMA 1,4
PIKE-:-NEW SALEM 1,4
PIKE-:-NEW SALEM 2,4
PIKE-:-NEWBURG 1,4
PIKE-:-PEARL 1,8
PIKE-:-PERRY 1,4
PIKE-:-PITTSFIELD 1,4
PIKE-:-PITTSFIELD 2,4
PIKE-:-PITTSFIELD 3,4
PIKE-:-PITTSFIELD 4,4
PIKE-:-PLEASANT HILL 1,4
PIKE-:-PLEASANT VALE 1,4
PIKE-:-ROSS 1,4
PIKE-:-SPRING CREEK 1,4
POPE-:-EDDYVILLE 6,8
POPE-:-GOLCONDA 1,8
POPE-:-GOLCONDA 2,8
POPE-:-GOLCONDA 3,8
POPE-:-JEFFERSON 4,8
POPE-:-WEBSTER 5,8
PULASKI-:-GRAND CHAIN,8
PULASKI-:-KARNAK,8
PULASKI-:-MOUND CITY,8
PULASKI-:-MOUNDS 1,8
PULASKI-:-MOUNDS 2,8
PULASKI-:-MOUNDS 3,8
PULASKI-:-OLMSTED,8
PULASKI-:-PERKS-WETAUG,8
PULASKI-:-PULASKI,8
PULASKI-:-ULLIN,8
PULASKI-:-VILLA RIDGE-AMERICA,8
PUTNAM-:-GRANVILLE 1,14
PUTNAM-:-GRANVILLE 2,14
PUTNAM-:-GRANVILLE 3,14
PUTNAM-:-GRANVILLE 4,14
PUTNAM-:-MAGNOLIA 1,14
PUTNAM-:-SENACHWINE 1,4
RANDOLPH-:-BALDWIN,8
RANDOLPH-:-BREMEN,8
RANDOLPH-:-CENTRAL,8
RANDOLPH-:-CHESTER 1,8
RANDOLPH-:-CHESTER 2,8
RANDOLPH-:-CHESTER 3,8
RANDOLPH-:-CHESTER 4,8
RANDOLPH-:-CHESTER 5,8
RANDOLPH-:-CHESTER 6,8
RANDOLPH-:-CHESTER 7,8
RANDOLPH-:-COULTERVILLE 1,8
RANDOLPH-:-COULTERVILLE 2,8
RANDOLPH-:-ELLIS GROVE,8
RANDOLPH-:-EVANSVILLE,8
RANDOLPH-:-KASKASKIA,8
RANDOLPH-:-PALESTINE,8
RANDOLPH-:-PERCY,8
RANDOLPH-:-PRAIRIE DU ROCHER,8
RANDOLPH-:-RED BUD 1,8
RANDOLPH-:-RED BUD 2,8
RANDOLPH-:-RED BUD 3,8
RANDOLPH-:-RED BUD 4,8
RANDOLPH-:-RED BUD 5,8
RANDOLPH-:-ROCKWOOD,8
RANDOLPH-:-RUMA,8
RANDOLPH-:-SPARTA 1,8
RANDOLPH-:-SPARTA 2,8
RANDOLPH-:-SPARTA 3,8
RANDOLPH-:-SPARTA 4,8
RANDOLPH-:-SPARTA 5,8
RANDOLPH-:-SPARTA 6,8
RANDOLPH-:-STEELEVILLE 1,8
RANDOLPH-:-STEELEVILLE 2,8
RANDOLPH-:-STEELEVILLE 3,8
RANDOLPH-:-TILDEN,8
RANDOLPH-:-WALSH,8
RANDOLPH-:-WINE HILL,8
RICHLAND-:-BONPAS-3,10
RICHLAND-:-CLAREMONT-3,10
RICHLAND-:-DECKER-2,8
RICHLAND-:-DENVER-2,8
RICHLAND-:-GERMAN-1,10
RICHLAND-:-MADISON 1-3,10
RICHLAND-:-MADISON 2-3,8
RICHLAND-:-NOBLE 1-2,8
RICHLAND-:-NOBLE 2-2,8
RICHLAND-:-OLNEY 1-4,8
RICHLAND-:-OLNEY 10-1,8
RICHLAND-:-OLNEY 11-1,8
RICHLAND-:-OLNEY 2-1,8
RICHLAND-:-OLNEY 3-1,8
RICHLAND-:-OLNEY 4-1,8
RICHLAND-:-OLNEY 5-1,8
RICHLAND-:-OLNEY 6-1,8
RICHLAND-:-OLNEY 7-4,8
RICHLAND-:-OLNEY 9-1,8
RICHLAND-:-PRESTON 1-1,10
RICHLAND-:-PRESTON 2-1,10
ROCK ISLAND-:-ANDALUSIA,11
ROCK ISLAND-:-BLACKHAWK 1,11
ROCK ISLAND-:-BLACKHAWK 2,11
ROCK ISLAND-:-BLACKHAWK 3,11
ROCK ISLAND-:-BLACKHAWK 4,11
ROCK ISLAND-:-BLACKHAWK 5,11
ROCK ISLAND-:-BLACKHAWK 6,11
ROCK ISLAND-:-BLACKHAWK 7,11
ROCK ISLAND-:-BOWLING 1,4
ROCK ISLAND-:-BOWLING 2,11
ROCK ISLAND-:-BUFFALO PRAIRIE,4
ROCK ISLAND-:-CANOE CREEK,11
ROCK ISLAND-:-COAL VALLEY 1,11
ROCK ISLAND-:-COAL VALLEY 2,11
ROCK ISLAND-:-COAL VALLEY 3,11
ROCK ISLAND-:-COE,11
ROCK ISLAND-:-CORDOVA,11
ROCK ISLAND-:-DRURY,4
ROCK ISLAND-:-EDGINGTON 1,11
ROCK ISLAND-:-EDGINGTON 2,4
ROCK ISLAND-:-HAMPTON 1,11
ROCK ISLAND-:-HAMPTON 10,11
ROCK ISLAND-:-HAMPTON 11,11
ROCK ISLAND-:-HAMPTON 12,11
ROCK ISLAND-:-HAMPTON 13,11
ROCK ISLAND-:-HAMPTON 14,11
ROCK ISLAND-:-HAMPTON 15,11
ROCK ISLAND-:-HAMPTON 16,11
ROCK ISLAND-:-HAMPTON 17,11
ROCK ISLAND-:-HAMPTON 2,11
ROCK ISLAND-:-HAMPTON 3,11
ROCK ISLAND-:-HAMPTON 4,11
ROCK ISLAND-:-HAMPTON 5,11
ROCK ISLAND-:-HAMPTON 6,11
ROCK ISLAND-:-HAMPTON 7,11
ROCK ISLAND-:-HAMPTON 8,11
ROCK ISLAND-:-HAMPTON 9,11
ROCK ISLAND-:-MOLINE 1,11
ROCK ISLAND-:-MOLINE 10,11
ROCK ISLAND-:-MOLINE 11,11
ROCK ISLAND-:-MOLINE 12,11
ROCK ISLAND-:-MOLINE 13,11
ROCK ISLAND-:-MOLINE 14,11
ROCK ISLAND-:-MOLINE 15,11
ROCK ISLAND-:-MOLINE 16,11
ROCK ISLAND-:-MOLINE 17,11
ROCK ISLAND-:-MOLINE 18,11
ROCK ISLAND-:-MOLINE 19,11
ROCK ISLAND-:-MOLINE 2,11
ROCK ISLAND-:-MOLINE 20,11
ROCK ISLAND-:-MOLINE 3,11
ROCK ISLAND-:-MOLINE 4,11
ROCK ISLAND-:-MOLINE 5,11
ROCK ISLAND-:-MOLINE 6,11
ROCK ISLAND-:-MOLINE 7,11
ROCK ISLAND-:-MOLINE 8,11
ROCK ISLAND-:-MOLINE 9,11
ROCK ISLAND-:-PORT BYRON,11
ROCK ISLAND-:-ROCK ISLAND 1,11
ROCK ISLAND-:-ROCK ISLAND 10,11
ROCK ISLAND-:-ROCK ISLAND 11,11
ROCK ISLAND-:-ROCK ISLAND 12,11
ROCK ISLAND-:-ROCK ISLAND 13,11
ROCK ISLAND-:-ROCK ISLAND 14,11
ROCK ISLAND-:-ROCK ISLAND 15,11
ROCK ISLAND-:-ROCK ISLAND 2,11
ROCK ISLAND-:-ROCK ISLAND 3,11
ROCK ISLAND-:-ROCK ISLAND 4,11
ROCK ISLAND-:-ROCK ISLAND 5,11
ROCK ISLAND-:-ROCK ISLAND 6,11
ROCK ISLAND-:-ROCK ISLAND 7,11
ROCK ISLAND-:-ROCK ISLAND 8,11
ROCK ISLAND-:-ROCK ISLAND 9,11
ROCK ISLAND-:-RURAL,11
ROCK ISLAND-:-SO MOLINE 1,11
ROCK ISLAND-:-SO MOLINE 10,11
ROCK ISLAND-:-SO MOLINE 11,11
ROCK ISLAND-:-SO MOLINE 12,11
ROCK ISLAND-:-SO MOLINE 13,11
ROCK ISLAND-:-SO MOLINE 14,11
ROCK ISLAND-:-SO MOLINE 15,11
ROCK ISLAND-:-SO MOLINE 16,11
ROCK ISLAND-:-SO MOLINE 17,11
ROCK ISLAND-:-SO MOLINE 18,11
ROCK ISLAND-:-SO MOLINE 19,11
ROCK ISLAND-:-SO MOLINE 2,11
ROCK ISLAND-:-SO MOLINE 20,11
ROCK ISLAND-:-SO MOLINE 21,11
ROCK ISLAND-:-SO MOLINE 22,11
ROCK ISLAND-:-SO MOLINE 23,11
ROCK ISLAND-:-SO MOLINE 24,11
ROCK ISLAND-:-SO MOLINE 25,11
ROCK ISLAND-:-SO MOLINE 26,11
ROCK ISLAND-:-SO MOLINE 27,11
ROCK ISLAND-:-SO MOLINE 28,11
ROCK ISLAND-:-SO MOLINE 29,11
ROCK ISLAND-:-SO MOLINE 3,11
ROCK ISLAND-:-SO MOLINE 4,11
ROCK ISLAND-:-SO MOLINE 5,11
ROCK ISLAND-:-SO MOLINE 6,11
ROCK ISLAND-:-SO MOLINE 7,11
ROCK ISLAND-:-SO MOLINE 8,11
ROCK ISLAND-:-SO MOLINE 9,11
ROCK ISLAND-:-SO ROCK ISLAND 1,11
ROCK ISLAND-:-SO ROCK ISLAND 10,11
ROCK ISLAND-:-SO ROCK ISLAND 11,11
ROCK ISLAND-:-SO ROCK ISLAND 12,11
ROCK ISLAND-:-SO ROCK ISLAND 13,11
ROCK ISLAND-:-SO ROCK ISLAND 14,11
ROCK ISLAND-:-SO ROCK ISLAND 15,11
ROCK ISLAND-:-SO ROCK ISLAND 16,11
ROCK ISLAND-:-SO ROCK ISLAND 2,11
ROCK ISLAND-:-SO ROCK ISLAND 3,11
ROCK ISLAND-:-SO ROCK ISLAND 4,11
ROCK ISLAND-:-SO ROCK ISLAND 5,11
ROCK ISLAND-:-SO ROCK ISLAND 6,11
ROCK ISLAND-:-SO ROCK ISLAND 7,11
ROCK ISLAND-:-SO ROCK ISLAND 8,11
ROCK ISLAND-:-SO ROCK ISLAND 9,11
ROCK ISLAND-:-ZUMA,11
SALINE-:-BRUSHY,8
SALINE-:-CARRIER MILLS #1,8
SALINE-:-CARRIER MILLS #2,8
SALINE-:-COTTAGE,8
SALINE-:-EAST ELDORADO #1,8
SALINE-:-EAST ELDORADO #2,8
SALINE-:-EAST ELDORADO #3,8
SALINE-:-EAST ELDORADO #4,8
SALINE-:-EAST ELDORADO #5,8
SALINE-:-EAST ELDORADO #6,8
SALINE-:-GALATIA,8
SALINE-:-HARRISBURG # 1,8
SALINE-:-HARRISBURG # 2,8
SALINE-:-HARRISBURG # 3,8
SALINE-:-HARRISBURG # 4,8
SALINE-:-HARRISBURG # 5,8
SALINE-:-HARRISBURG # 6,8
SALINE-:-HARRISBURG # 7,8
SALINE-:-HARRISBURG # 8,8
SALINE-:-HARRISBURG # 9,8
SALINE-:-HARRISBURG #10,8
SALINE-:-INDEPENDENCE,8
SALINE-:-LONG BRANCH,8
SALINE-:-MOUNTAIN,8
SALINE-:-RALEIGH,8
SALINE-:-RECTOR,8
SALINE-:-STONEFORT,8
SALINE-:-TATE,8
SANGAMON-:-AUBURN 001,15
SANGAMON-:-AUBURN 002,15
SANGAMON-:-AUBURN 003,15
SANGAMON-:-AUBURN 004,15
SANGAMON-:-AUBURN 005,15
SANGAMON-:-BALL 001,15
SANGAMON-:-BALL 002,15
SANGAMON-:-BALL 003,15
SANGAMON-:-BALL 004,15
SANGAMON-:-BALL 005,15
SANGAMON-:-BUFFALO HART,15
SANGAMON-:-CAPITAL 001,15
SANGAMON-:-CAPITAL 002,15
SANGAMON-:-CAPITAL 003,15
SANGAMON-:-CAPITAL 004,15
SANGAMON-:-CAPITAL 005,15
SANGAMON-:-CAPITAL 006,15
SANGAMON-:-CAPITAL 007,15
SANGAMON-:-CAPITAL 008,15
SANGAMON-:-CAPITAL 009,15
SANGAMON-:-CAPITAL 010,15
SANGAMON-:-CAPITAL 011,15
SANGAMON-:-CAPITAL 013,15
SANGAMON-:-CAPITAL 014,15
SANGAMON-:-CAPITAL 015,15
SANGAMON-:-CAPITAL 017,15
SANGAMON-:-CAPITAL 018,15
SANGAMON-:-CAPITAL 019,15
SANGAMON-:-CAPITAL 021,15
SANGAMON-:-CAPITAL 022,15
SANGAMON-:-CAPITAL 023,15
SANGAMON-:-CAPITAL 024,15
SANGAMON-:-CAPITAL 026,15
SANGAMON-:-CAPITAL 027,15
SANGAMON-:-CAPITAL 028,15
SANGAMON-:-CAPITAL 030,15
SANGAMON-:-CAPITAL 031,15
SANGAMON-:-CAPITAL 032,15
SANGAMON-:-CAPITAL 033,4
SANGAMON-:-CAPITAL 034,15
SANGAMON-:-CAPITAL 035,15
SANGAMON-:-CAPITAL 036,15
SANGAMON-:-CAPITAL 037,15
SANGAMON-:-CAPITAL 038,15
SANGAMON-:-CAPITAL 039,15
SANGAMON-:-CAPITAL 040,15
SANGAMON-:-CAPITAL 041,15
SANGAMON-:-CAPITAL 042,15
SANGAMON-:-CAPITAL 043,15
SANGAMON-:-CAPITAL 044,15
SANGAMON-:-CAPITAL 045,15
SANGAMON-:-CAPITAL 046,15
SANGAMON-:-CAPITAL 047,15
SANGAMON-:-CAPITAL 048,15
SANGAMON-:-CAPITAL 049,15
SANGAMON-:-CAPITAL 050,15
SANGAMON-:-CAPITAL 051,15
SANGAMON-:-CAPITAL 052,15
SANGAMON-:-CAPITAL 053,15
SANGAMON-:-CAPITAL 054,15
SANGAMON-:-CAPITAL 055,15
SANGAMON-:-CAPITAL 056,15
SANGAMON-:-CAPITAL 057,15
SANGAMON-:-CAPITAL 058,15
SANGAMON-:-CAPITAL 059,15
SANGAMON-:-CAPITAL 060,15
SANGAMON-:-CAPITAL 061,15
SANGAMON-:-CAPITAL 062,15
SANGAMON-:-CAPITAL 063,15
SANGAMON-:-CAPITAL 064,15
SANGAMON-:-CAPITAL 065,15
SANGAMON-:-CAPITAL 066,15
SANGAMON-:-CAPITAL 067,15
SANGAMON-:-CAPITAL 068,15
SANGAMON-:-CAPITAL 069,15
SANGAMON-:-CAPITAL 070,15
SANGAMON-:-CAPITAL 071,15
SANGAMON-:-CAPITAL 072,15
SANGAMON-:-CAPITAL 073,15
SANGAMON-:-CAPITAL 074,15
SANGAMON-:-CAPITAL 075,15
SANGAMON-:-CAPITAL 076,15
SANGAMON-:-CAPITAL 077,15
SANGAMON-:-CAPITAL 078,15
SANGAMON-:-CAPITAL 079,15
SANGAMON-:-CAPITAL 082,15
SANGAMON-:-CAPITAL 083,15
SANGAMON-:-CAPITAL 084,15
SANGAMON-:-CAPITAL 085,15
SANGAMON-:-CAPITAL 086,15
SANGAMON-:-CAPITAL 087,15
SANGAMON-:-CAPITAL 088,15
SANGAMON-:-CAPITAL 089,15
SANGAMON-:-CAPITAL 090,15
SANGAMON-:-CAPITAL 091,15
SANGAMON-:-CAPITAL 092,15
SANGAMON-:-CAPITAL 093,15
SANGAMON-:-CARTWRIGHT,15
SANGAMON-:-CHATHAM 001,15
SANGAMON-:-CHATHAM 002,15
SANGAMON-:-CHATHAM 003,15
SANGAMON-:-CHATHAM 004,15
SANGAMON-:-CHATHAM 005,15
SANGAMON-:-CLEARLAKE 001,15
SANGAMON-:-CLEARLAKE 002,15
SANGAMON-:-CLEARLAKE 003,15
SANGAMON-:-CLEARLAKE 004,15
SANGAMON-:-CLEARLAKE 005,15
SANGAMON-:-CLEARLAKE 006,15
SANGAMON-:-CLEARLAKE 007,15
SANGAMON-:-COOPER,15
SANGAMON-:-COTTON HILL,15
SANGAMON-:-CURRAN 002,15
SANGAMON-:-DIVERNON 001,15
SANGAMON-:-DIVERNON 002,15
SANGAMON-:-FANCY CREEK 001,15
SANGAMON-:-FANCY CREEK 002,15
SANGAMON-:-FANCY CREEK 003,15
SANGAMON-:-FANCY CREEK 004,15
SANGAMON-:-FANCY CREEK 005,15
SANGAMON-:-GARDNER 001,15
SANGAMON-:-GARDNER 002,15
SANGAMON-:-GARDNER 003,15
SANGAMON-:-ILLIOPOLIS,15
SANGAMON-:-ISLAND GROVE,15
SANGAMON-:-LANESVILLE,15
SANGAMON-:-LOAMI,15
SANGAMON-:-MAXWELL,15
SANGAMON-:-MECHANICSBURG 001,15
SANGAMON-:-MECHANICSBURG 002,15
SANGAMON-:-MECHANICSBURG 003,15
SANGAMON-:-NEW BERLIN,15
SANGAMON-:-PAWNEE 001,15
SANGAMON-:-PAWNEE 002,15
SANGAMON-:-PAWNEE 003,15
SANGAMON-:-ROCHESTER 001,15
SANGAMON-:-ROCHESTER 002,15
SANGAMON-:-ROCHESTER 003,4
SANGAMON-:-ROCHESTER 004,15
SANGAMON-:-SPRINGFIELD 002,15
SANGAMON-:-SPRINGFIELD 003,15
SANGAMON-:-SPRINGFIELD 004,15
SANGAMON-:-SPRINGFIELD 005,15
SANGAMON-:-TALKINGTON,15
SANGAMON-:-WILLIAMS 001,15
SANGAMON-:-WILLIAMS 002,15
SANGAMON-:-WILLIAMS 003,15
SANGAMON-:-WOODSIDE 001,15
SANGAMON-:-WOODSIDE 002,15
SANGAMON-:-WOODSIDE 003,15
SANGAMON-:-WOODSIDE 004,15
SANGAMON-:-WOODSIDE 005,15
SANGAMON-:-WOODSIDE 006,15
SANGAMON-:-WOODSIDE 007,15
SANGAMON-:-WOODSIDE 008,15
SANGAMON-:-WOODSIDE 009,15
SCHUYLER-:-BAINBRIDGE-2,4
SCHUYLER-:-BIRMINGHAM-1,4
SCHUYLER-:-BROOKLYN-1,4
SCHUYLER-:-BROWNING-2,10
SCHUYLER-:-BUENAVISTA 1-2,4
SCHUYLER-:-BUENAVISTA 2-2,4
SCHUYLER-:-CAMDEN-1,4
SCHUYLER-:-FREDERICK-2,4
SCHUYLER-:-HICKORY-1,10
SCHUYLER-:-HUNTSVILLE-1,4
SCHUYLER-:-LITTLETON-1,4
SCHUYLER-:-OAKLAND-1,4
SCHUYLER-:-RUSHVILLE 1-2,4
SCHUYLER-:-RUSHVILLE 2-2,4
SCHUYLER-:-RUSHVILLE 3-2,4
SCHUYLER-:-RUSHVILLE 4-2,4
SCHUYLER-:-WOODSTOCK-2,4
SCOTT-:-ALSEY-1,8
SCOTT-:-BLOOMFIELD-1,4
SCOTT-:-EXETER-BLUFFS-1,4
SCOTT-:-GLASGOW-1,4
SCOTT-:-MANCHESTER-1,8
SCOTT-:-MERRITT-1,4
SCOTT-:-NAPLES-BLUFFS-1,4
SCOTT-:-WINCHESTER I-1,4
SCOTT-:-WINCHESTER II-1,4
SCOTT-:-WINCHESTER III-1,4
SHELBY-:-ASH GROVE,10
SHELBY-:-BIG SPRING,10
SHELBY-:-CLARKSBURG,8
SHELBY-:-COLD SPRING,8
SHELBY-:-DRY POINT,8
SHELBY-:-FLAT BRANCH,8
SHELBY-:-HERRICK,8
SHELBY-:-HOLLAND,8
SHELBY-:-LAKEWOOD,8
SHELBY-:-MOWEAQUA 1,8
SHELBY-:-MOWEAQUA 2,8
SHELBY-:-OCONEE,8
SHELBY-:-OKAW,8
SHELBY-:-PENN,8
SHELBY-:-PICKAWAY,8
SHELBY-:-PRAIRIE,10
SHELBY-:-RICHLAND,10
SHELBY-:-RIDGE,8
SHELBY-:-ROSE 1,8
SHELBY-:-ROSE 2,8
SHELBY-:-RURAL,8
SHELBY-:-SHELBYVILLE 1,8
SHELBY-:-SHELBYVILLE 2,8
SHELBY-:-SHELBYVILLE 3,8
SHELBY-:-SHELBYVILLE 4,8
SHELBY-:-SHELBYVILLE 5,8
SHELBY-:-SHELBYVILLE 6,8
SHELBY-:-SHELBYVILLE 7,8
SHELBY-:-SIGEL,10
SHELBY-:-TODDS POINT,8
SHELBY-:-TOWER HILL,8
SHELBY-:-WINDSOR 1,10
SHELBY-:-WINDSOR 2,8
ST. CLAIR-:-BELLEVILLE 1,2
ST. CLAIR-:-BELLEVILLE 10,15
ST. CLAIR-:-BELLEVILLE 11,2
ST. CLAIR-:-BELLEVILLE 12,2
ST. CLAIR-:-BELLEVILLE 13,2
ST. CLAIR-:-BELLEVILLE 14,2
ST. CLAIR-:-BELLEVILLE 15,2
ST. CLAIR-:-BELLEVILLE 16,2
ST. CLAIR-:-BELLEVILLE 17,2
ST. CLAIR-:-BELLEVILLE 18,2
ST. CLAIR-:-BELLEVILLE 19,2
ST. CLAIR-:-BELLEVILLE 2,2
ST. CLAIR-:-BELLEVILLE 21,2
ST. CLAIR-:-BELLEVILLE 23,2
ST. CLAIR-:-BELLEVILLE 24,2
ST. CLAIR-:-BELLEVILLE 25,2
ST. CLAIR-:-BELLEVILLE 3,2
ST. CLAIR-:-BELLEVILLE 4,2
ST. CLAIR-:-BELLEVILLE 5,15
ST. CLAIR-:-BELLEVILLE 6,2
ST. CLAIR-:-BELLEVILLE 7,2
ST. CLAIR-:-BELLEVILLE 8,2
ST. CLAIR-:-BELLEVILLE 9,2
ST. CLAIR-:-CANTEEN 1,2
ST. CLAIR-:-CANTEEN 2,2
ST. CLAIR-:-CANTEEN 3,2
ST. CLAIR-:-CANTEEN 4,2
ST. CLAIR-:-CANTEEN 5,2
ST. CLAIR-:-CASEYVILLE 11,4
ST. CLAIR-:-CASEYVILLE 13,4
ST. CLAIR-:-CASEYVILLE 14,4
ST. CLAIR-:-CASEYVILLE 15,4
ST. CLAIR-:-CASEYVILLE 16,2
ST. CLAIR-:-CASEYVILLE 17,2
ST. CLAIR-:-CASEYVILLE 18,4
ST. CLAIR-:-CASEYVILLE 19,4
ST. CLAIR-:-CASEYVILLE 2,4
ST. CLAIR-:-CASEYVILLE 20,2
ST. CLAIR-:-CASEYVILLE 21,4
ST. CLAIR-:-CASEYVILLE 22,4
ST. CLAIR-:-CASEYVILLE 3,2
ST. CLAIR-:-CASEYVILLE 4,2
ST. CLAIR-:-CASEYVILLE 5,4
ST. CLAIR-:-CASEYVILLE 6,4
ST. CLAIR-:-CASEYVILLE 7,2
ST. CLAIR-:-CASEYVILLE 8,2
ST. CLAIR-:-CASEYVILLE 9,2
ST. CLAIR-:-CENTREVILLE 1,15
ST. CLAIR-:-CENTREVILLE 2,15
ST. CLAIR-:-CENTREVILLE 3,15
ST. CLAIR-:-CENTREVILLE 4,2
ST. CLAIR-:-CENTREVILLE 5,15
ST. CLAIR-:-CENTREVILLE 6,15
ST. CLAIR-:-CENTREVILLE 7,15
ST. CLAIR-:-CENTREVILLE 9,15
ST. CLAIR-:-ENGELMANN 1,15
ST. CLAIR-:-FAYETTEVILLE 1,15
ST. CLAIR-:-FAYETTEVILLE 2,15
ST. CLAIR-:-FREEBURG 1,15
ST. CLAIR-:-FREEBURG 2,15
ST. CLAIR-:-FREEBURG 3,15
ST. CLAIR-:-LEBANON 1,2
ST. CLAIR-:-LEBANON 2,2
ST. CLAIR-:-LEBANON 3,2
ST. CLAIR-:-LENZBURG 1,15
ST. CLAIR-:-MARISSA 1,15
ST. CLAIR-:-MASCOUTAH 1,15
ST. CLAIR-:-MASCOUTAH 2,15
ST. CLAIR-:-MASCOUTAH 3,2
ST. CLAIR-:-MASCOUTAH 4,2
ST. CLAIR-:-MILLSTADT 1,15
ST. CLAIR-:-MILLSTADT 2,15
ST. CLAIR-:-MILLSTADT 3,15
ST. CLAIR-:-MILLSTADT 4,15
ST. CLAIR-:-MILLSTADT 5,15
ST. CLAIR-:-NEW ATHENS 1,15
ST. CLAIR-:-NEW ATHENS 2,15
ST. CLAIR-:-O FALLON 1,4
ST. CLAIR-:-O FALLON 10,4
ST. CLAIR-:-O FALLON 11,4
ST. CLAIR-:-O FALLON 12,4
ST. CLAIR-:-O FALLON 13,4
ST. CLAIR-:-O FALLON 14,4
ST. CLAIR-:-O FALLON 15,4
ST. CLAIR-:-O FALLON 16,4
ST. CLAIR-:-O FALLON 17,4
ST. CLAIR-:-O FALLON 18,2
ST. CLAIR-:-O FALLON 3,4
ST. CLAIR-:-O FALLON 4,2
ST. CLAIR-:-O FALLON 5,4
ST. CLAIR-:-O FALLON 6,2
ST. CLAIR-:-O FALLON 7,4
ST. CLAIR-:-O FALLON 8,4
ST. CLAIR-:-O FALLON 9,4
ST. CLAIR-:-PRAIRIE DU LONG 1,15
ST. CLAIR-:-PRAIRIE DU LONG 2,15
ST. CLAIR-:-SHILOH VALLEY 1,2
ST. CLAIR-:-SHILOH VALLEY 2,2
ST. CLAIR-:-SHILOH VALLEY 3,2
ST. CLAIR-:-SHILOH VALLEY 4,2
ST. CLAIR-:-SHILOH VALLEY 5,4
ST. CLAIR-:-SMITHTON 1,15
ST. CLAIR-:-SMITHTON 2,15
ST. CLAIR-:-SMITHTON 3,15
ST. CLAIR-:-ST CLAIR 1,2
ST. CLAIR-:-ST CLAIR 11,2
ST. CLAIR-:-ST CLAIR 12,2
ST. CLAIR-:-ST CLAIR 13,2
ST. CLAIR-:-ST CLAIR 14,2
ST. CLAIR-:-ST CLAIR 15,2
ST. CLAIR-:-ST CLAIR 16,2
ST. CLAIR-:-ST CLAIR 17,2
ST. CLAIR-:-ST CLAIR 18,2
ST. CLAIR-:-ST CLAIR 19,2
ST. CLAIR-:-ST CLAIR 2,15
ST. CLAIR-:-ST CLAIR 20,2
ST. CLAIR-:-ST CLAIR 21,2
ST. CLAIR-:-ST CLAIR 22,2
ST. CLAIR-:-ST CLAIR 23,2
ST. CLAIR-:-ST CLAIR 24,2
ST. CLAIR-:-ST CLAIR 3,2
ST. CLAIR-:-ST CLAIR 4,2
ST. CLAIR-:-ST CLAIR 5,2
ST. CLAIR-:-ST CLAIR 6,2
ST. CLAIR-:-ST CLAIR 7,2
ST. CLAIR-:-ST CLAIR 8,2
ST. CLAIR-:-ST CLAIR 9,2
ST. CLAIR-:-STITES 1,2
ST. CLAIR-:-STOOKEY 1,15
ST. CLAIR-:-STOOKEY 3,2
ST. CLAIR-:-STOOKEY 4,2
ST. CLAIR-:-STOOKEY 6,15
ST. CLAIR-:-STOOKEY 7,2
ST. CLAIR-:-SUGAR LOAF 1,15
ST. CLAIR-:-SUGAR LOAF 2,15
ST. CLAIR-:-SUGAR LOAF 3,15
ST. CLAIR-:-SUGAR LOAF 4,15
ST. CLAIR-:-SUGAR LOAF 5,15
STARK-:-EAST TOULON,14
STARK-:-ELMIRA,4
STARK-:-ESSEX,14
STARK-:-GOSHEN,4
STARK-:-OSCEOLA,4
STARK-:-PENN,14
STARK-:-VALLEY,14
STARK-:-WEST JERSEY,14
STARK-:-WEST TOULON,4
STEPHENSON-:-BUCKEYE,11
STEPHENSON-:-DAKOTA,11
STEPHENSON-:-ERIN,11
STEPHENSON-:-FLORENCE,11
STEPHENSON-:-FREEPORT 1,11
STEPHENSON-:-FREEPORT 10,11
STEPHENSON-:-FREEPORT 11,11
STEPHENSON-:-FREEPORT 12,11
STEPHENSON-:-FREEPORT 13,11
STEPHENSON-:-FREEPORT 14,11
STEPHENSON-:-FREEPORT 15,11
STEPHENSON-:-FREEPORT 16,11
STEPHENSON-:-FREEPORT 2,11
STEPHENSON-:-FREEPORT 3,11
STEPHENSON-:-FREEPORT 4,11
STEPHENSON-:-FREEPORT 5,11
STEPHENSON-:-FREEPORT 6,11
STEPHENSON-:-FREEPORT 7,11
STEPHENSON-:-FREEPORT 8,11
STEPHENSON-:-FREEPORT 9,11
STEPHENSON-:-HARLEM 1,11
STEPHENSON-:-HARLEM 2,11
STEPHENSON-:-JEFFERSON,11
STEPHENSON-:-KENT,11
STEPHENSON-:-LANCASTER,11
STEPHENSON-:-LORAN,11
STEPHENSON-:-ONECO,11
STEPHENSON-:-RIDOTT,11
STEPHENSON-:-ROCK GROVE,11
STEPHENSON-:-ROCK RUN 1,11
STEPHENSON-:-ROCK RUN 2,11
STEPHENSON-:-SILVER CREEK,11
STEPHENSON-:-WADDAMS,11
STEPHENSON-:-WEST POINT 1,11
STEPHENSON-:-WEST POINT 2,11
STEPHENSON-:-WINSLOW,11
TAZEWELL-:-BOYNTON,14
TAZEWELL-:-CINCINNATI 2,14
TAZEWELL-:-CINCINNATI 4,14
TAZEWELL-:-CINCINNATI 5,14
TAZEWELL-:-DEER CREEK,14
TAZEWELL-:-DELAVAN 1,14
TAZEWELL-:-DILLON,14
TAZEWELL-:-ELM GROVE 1,14
TAZEWELL-:-ELM GROVE 2,14
TAZEWELL-:-FONDULAC 1,14
TAZEWELL-:-FONDULAC 2,14
TAZEWELL-:-FONDULAC 3,14
TAZEWELL-:-FONDULAC 4,14
TAZEWELL-:-FONDULAC 5,14
TAZEWELL-:-FONDULAC 6,14
TAZEWELL-:-FONDULAC 7,14
TAZEWELL-:-GROVELAND 1,14
TAZEWELL-:-GROVELAND 10,14
TAZEWELL-:-GROVELAND 11,14
TAZEWELL-:-GROVELAND 12,14
TAZEWELL-:-GROVELAND 2,14
TAZEWELL-:-GROVELAND 3,14
TAZEWELL-:-GROVELAND 4,14
TAZEWELL-:-GROVELAND 5,14
TAZEWELL-:-GROVELAND 6,14
TAZEWELL-:-GROVELAND 7,14
TAZEWELL-:-GROVELAND 8,14
TAZEWELL-:-GROVELAND 9,14
TAZEWELL-:-HITTLE,14
TAZEWELL-:-MACKINAW 1,14
TAZEWELL-:-MACKINAW 2,14
TAZEWELL-:-MACKINAW 3,14
TAZEWELL-:-MALONE,14
TAZEWELL-:-MORTON 1,14
TAZEWELL-:-MORTON 10,14
TAZEWELL-:-MORTON 11,14
TAZEWELL-:-MORTON 2,14
TAZEWELL-:-MORTON 3,14
TAZEWELL-:-MORTON 4,14
TAZEWELL-:-MORTON 5,14
TAZEWELL-:-MORTON 6,14
TAZEWELL-:-MORTON 7,14
TAZEWELL-:-MORTON 8,14
TAZEWELL-:-MORTON 9,14
TAZEWELL-:-PEKIN 1,14
TAZEWELL-:-PEKIN 10,14
TAZEWELL-:-PEKIN 11,14
TAZEWELL-:-PEKIN 12,14
TAZEWELL-:-PEKIN 14,14
TAZEWELL-:-PEKIN 15,14
TAZEWELL-:-PEKIN 16,14
TAZEWELL-:-PEKIN 2,14
TAZEWELL-:-PEKIN 3,14
TAZEWELL-:-PEKIN 4,14
TAZEWELL-:-PEKIN 5,14
TAZEWELL-:-PEKIN 6,14
TAZEWELL-:-PEKIN 7,14
TAZEWELL-:-PEKIN 8,14
TAZEWELL-:-PEKIN 9,14
TAZEWELL-:-SAND PRAIRIE 1,14
TAZEWELL-:-SPRINGLAKE 1,10
TAZEWELL-:-TREMONT 1,14
TAZEWELL-:-TREMONT 2,14
TAZEWELL-:-WASHINGTON 1,14
TAZEWELL-:-WASHINGTON 10,14
TAZEWELL-:-WASHINGTON 11,14
TAZEWELL-:-WASHINGTON 12,14
TAZEWELL-:-WASHINGTON 13,14
TAZEWELL-:-WASHINGTON 14,14
TAZEWELL-:-WASHINGTON 2,14
TAZEWELL-:-WASHINGTON 3,14
TAZEWELL-:-WASHINGTON 4,14
TAZEWELL-:-WASHINGTON 5,14
TAZEWELL-:-WASHINGTON 6,14
TAZEWELL-:-WASHINGTON 7,14
TAZEWELL-:-WASHINGTON 8,14
TAZEWELL-:-WASHINGTON 9,14
UNION-:-ALTO PASS,8
UNION-:-ANNA 1,8
UNION-:-ANNA 2,8
UNION-:-ANNA 3,8
UNION-:-ANNA 4,8
UNION-:-ANNA 5,8
UNION-:-ANNA 6,8
UNION-:-ANNA 7,8
UNION-:-BALCOM,8
UNION-:-COBDEN 1,8
UNION-:-COBDEN 2,8
UNION-:-DONGOLA 1,8
UNION-:-DONGOLA 2,8
UNION-:-JONESBORO 1,8
UNION-:-JONESBORO 2,8
UNION-:-JONESBORO 3,8
UNION-:-LICK CREEK,8
UNION-:-MILL CREEK,8
UNION-:-STOKES,8
UNION-:-UNION,8
VERMILION-:-BLOUNT 1,10
VERMILION-:-BLOUNT 2,10
VERMILION-:-BUTLER,10
VERMILION-:-CARROLL,10
VERMILION-:-CATLIN 1,10
VERMILION-:-CATLIN 3,10
VERMILION-:-DANVILLE 1,10
VERMILION-:-DANVILLE 13,10
VERMILION-:-DANVILLE 2,10
VERMILION-:-DANVILLE 3,10
VERMILION-:-DANVILLE 5,10
VERMILION-:-DANVILLE 6,10
VERMILION-:-DANVILLE 7,10
VERMILION-:-DANVILLE 8,10
VERMILION-:-ELWOOD,10
VERMILION-:-GEORGETOWN 1,10
VERMILION-:-GEORGETOWN 3,10
VERMILION-:-GRANT 1,10
VERMILION-:-GRANT 2,10
VERMILION-:-GRANT 4,10
VERMILION-:-JAMAICA,10
VERMILION-:-LOVE,10
VERMILION-:-MIDDLEFORK,10
VERMILION-:-NEWELL 1,10
VERMILION-:-NEWELL 2,10
VERMILION-:-NEWELL 3,10
VERMILION-:-OAKWOOD 1,10
VERMILION-:-OAKWOOD 5,10
VERMILION-:-PILOT,10
VERMILION-:-ROSS,10
VERMILION-:-SIDELL,10
VERMILION-:-SOUTH ROSS,10
WABASH-:-BELLMONT,10
WABASH-:-COFFEE,10
WABASH-:-COMPTON,10
WABASH-:-FRIENDSVILLE,10
WABASH-:-LANCASTER,10
WABASH-:-LICK PRAIRIE,10
WABASH-:-MT. CARMEL 1,10
WABASH-:-MT. CARMEL 2,10
WABASH-:-MT. CARMEL 3,10
WABASH-:-MT. CARMEL 4,10
WABASH-:-MT. CARMEL 5,10
WABASH-:-MT. CARMEL 6,10
WABASH-:-MT. CARMEL 7,10
WABASH-:-MT. CARMEL 8,10
WABASH-:-MT. CARMEL 9,10
WABASH-:-WABASH,10
WARREN-:-BERWICK 1-1,4
WARREN-:-COLDBROOK 1-2,4
WARREN-:-ELLISON 1-6,4
WARREN-:-FLOYD 1-1,4
WARREN-:-GREENBUSH 1-1,4
WARREN-:-HALE 1-7,4
WARREN-:-KELLY 1-2,4
WARREN-:-LENOX 1-1,4
WARREN-:-MONMOUTH  1-3,4
WARREN-:-MONMOUTH  2-4,4
WARREN-:-MONMOUTH  3-3,4
WARREN-:-MONMOUTH  4-3,4
WARREN-:-MONMOUTH  5-4,4
WARREN-:-MONMOUTH  6-3,4
WARREN-:-MONMOUTH  7-4,4
WARREN-:-MONMOUTH  8-5,4
WARREN-:-MONMOUTH  9-4,4
WARREN-:-MONMOUTH 10-4,4
WARREN-:-MONMOUTH 11-3,4
WARREN-:-MONMOUTH 12-2/5,4
WARREN-:-POINT PLEASANT 1-6,4
WARREN-:-ROSEVILLE 1-1,4
WARREN-:-ROSEVILLE 2-1,4
WARREN-:-SPRING GROVE-ALEXIS 1-2,4
WARREN-:-SPRING GROVE-GERLAW 2-2,4
WARREN-:-SUMNER 1-7/8,4
WARREN-:-SWAN 1-1,4
WARREN-:-TOMPKINS 1-6,4
WASHINGTON-:-ASHLEY-001,8
WASHINGTON-:-BEAUCOUP-001,8
WASHINGTON-:-BOLO-002,8
WASHINGTON-:-COVINGTON-003,8
WASHINGTON-:-DUBOIS-004,8
WASHINGTON-:-DUBOIS-005,8
WASHINGTON-:-HOYLETON-001,8
WASHINGTON-:-IRVINGTON-001,8
WASHINGTON-:-JOHANNISBURG-3/9,8
WASHINGTON-:-LIVELY GROVE-6/10,8
WASHINGTON-:-NASHVILLE 1-007,8
WASHINGTON-:-NASHVILLE 3-007,8
WASHINGTON-:-NASHVILLE 4-007,8
WASHINGTON-:-OAKDALE-006,8
WASHINGTON-:-OKAWVILLE 1-003,8
WASHINGTON-:-OKAWVILLE 2-003,8
WASHINGTON-:-PILOT KNOB-002,8
WASHINGTON-:-PLUM HILL-003,8
WASHINGTON-:-RICHVIEW-001,8
WASHINGTON-:-VENEDY-3/9,8
WAYNE-:-ARRINGTON,8
WAYNE-:-BARNHILL,8
WAYNE-:-BEDFORD,8
WAYNE-:-BERRY,8
WAYNE-:-BIG MOUND 1,8
WAYNE-:-BIG MOUND 2,8
WAYNE-:-ELM RIVER,8
WAYNE-:-FAIRFIELD 1,8
WAYNE-:-FAIRFIELD 2,8
WAYNE-:-FOUR MILE,8
WAYNE-:-GARDEN HILL,8
WAYNE-:-GOLDENGATE,8
WAYNE-:-GROVER,8
WAYNE-:-HICKORY HILL,8
WAYNE-:-INDIAN PRAIRIE,8
WAYNE-:-JASPER 1,8
WAYNE-:-JASPER 2,8
WAYNE-:-KEITH,8
WAYNE-:-LAMARD 1,8
WAYNE-:-LAMARD 2,8
WAYNE-:-MASSILON,8
WAYNE-:-MERRIAM,8
WAYNE-:-MT. ERIE,8
WAYNE-:-ORCHARD,8
WAYNE-:-OREL,8
WAYNE-:-RIDER,8
WAYNE-:-ZIF,8
WHITE-:-BURNT PRAIRIE 10-1,8
WHITE-:-CARMI 12-1,8
WHITE-:-CARMI 13-2,8
WHITE-:-CARMI 14-1,8
WHITE-:-CARMI 16-1,8
WHITE-:-CARMI 18-4,8
WHITE-:-CARMI 19-4,8
WHITE-:-CARMI 20-4,8
WHITE-:-CARMI 20-5,8
WHITE-:-EMMA 30-3,8
WHITE-:-ENFIELD 4-2,8
WHITE-:-GRAY 24-2,8
WHITE-:-HAWTHORNE 28-2,8
WHITE-:-HAWTHORNE 28-3,8
WHITE-:-HERALDS PRAIRIE 22-3,8
WHITE-:-INDIAN CREEK 6-3,8
WHITE-:-INDIAN CREEK 8-3,8
WHITE-:-MILL SHOALS 1-1,8
WHITE-:-MILL SHOALS 2-2,8
WHITE-:-PHILLIPS 26-2,8
WHITESIDE-:-ALBANY 1,11
WHITESIDE-:-CLYDE 1,11
WHITESIDE-:-COLOMA 1,11
WHITESIDE-:-COLOMA 10,11
WHITESIDE-:-COLOMA 2,11
WHITESIDE-:-COLOMA 3,11
WHITESIDE-:-COLOMA 4,11
WHITESIDE-:-COLOMA 5,11
WHITESIDE-:-COLOMA 6,11
WHITESIDE-:-COLOMA 7,11
WHITESIDE-:-COLOMA 8,11
WHITESIDE-:-COLOMA 9,11
WHITESIDE-:-ERIE 1,11
WHITESIDE-:-ERIE 2,11
WHITESIDE-:-FENTON 1,11
WHITESIDE-:-FULTON 1,11
WHITESIDE-:-FULTON 2,11
WHITESIDE-:-FULTON 3,11
WHITESIDE-:-FULTON 4,11
WHITESIDE-:-GARDEN PLAIN 1,11
WHITESIDE-:-GENESEE 1,11
WHITESIDE-:-HAHNAMAN 1,4
WHITESIDE-:-HOPKINS 1,11
WHITESIDE-:-HOPKINS 2,11
WHITESIDE-:-HUME 1,4
WHITESIDE-:-JORDAN 1,11
WHITESIDE-:-LYNDON 1,11
WHITESIDE-:-MONTMORENCY 1,4
WHITESIDE-:-MONTMORENCY 2,4
WHITESIDE-:-MT. PLEASANT 1,11
WHITESIDE-:-MT. PLEASANT 2,11
WHITESIDE-:-MT. PLEASANT 3,11
WHITESIDE-:-MT. PLEASANT 4,11
WHITESIDE-:-MT. PLEASANT 5,11
WHITESIDE-:-NEWTON 1,11
WHITESIDE-:-PORTLAND 1,11
WHITESIDE-:-PROPHETSTOWN 1,4
WHITESIDE-:-PROPHETSTOWN 2,4
WHITESIDE-:-PROPHETSTOWN 3,11
WHITESIDE-:-STERLING 1,11
WHITESIDE-:-STERLING 10,11
WHITESIDE-:-STERLING 11,11
WHITESIDE-:-STERLING 12,11
WHITESIDE-:-STERLING 13,11
WHITESIDE-:-STERLING 14,11
WHITESIDE-:-STERLING 15,11
WHITESIDE-:-STERLING 16,11
WHITESIDE-:-STERLING 17,11
WHITESIDE-:-STERLING 18,11
WHITESIDE-:-STERLING 2,11
WHITESIDE-:-STERLING 3,11
WHITESIDE-:-STERLING 4,11
WHITESIDE-:-STERLING 5,11
WHITESIDE-:-STERLING 6,11
WHITESIDE-:-STERLING 7,11
WHITESIDE-:-STERLING 8,11
WHITESIDE-:-STERLING 9,11
WHITESIDE-:-TAMPICO 1,4
WHITESIDE-:-UNION GROVE 1,11
WHITESIDE-:-USTICK 1,11
WILL-:-CHANNAHON PCT 001-STYLE 1,4
WILL-:-CHANNAHON PCT 002-STYLE 2,0
WILL-:-CHANNAHON PCT 003-STYLE 3,0
WILL-:-CHANNAHON PCT 004-STYLE 4,0
WILL-:-CHANNAHON PCT 005-STYLE 5,0
WILL-:-CRETE PCT 001-STYLE 6/7,10
WILL-:-CRETE PCT 002-STYLE 8,10
WILL-:-CRETE PCT 003-STYLE 9,10
WILL-:-CRETE PCT 004-STYLE 10,10
WILL-:-CRETE PCT 004-STYLE 11,10
WILL-:-CRETE PCT 005-STYLE 12,10
WILL-:-CRETE PCT 006-STYLE 13,10
WILL-:-CRETE PCT 006-STYLE 14,10
WILL-:-CRETE PCT 007-STYLE 15,10
WILL-:-CRETE PCT 008-STYLE 16,10
WILL-:-CRETE PCT 008-STYLE 17,10
WILL-:-CRETE PCT 009-STYLE 18,10
WILL-:-CRETE PCT 010-STYLE 19,10
WILL-:-CRETE PCT 011-STYLE 20,10
WILL-:-CRETE PCT 011-STYLE 21,10
WILL-:-CRETE PCT 012-STYLE 22,10
WILL-:-CUSTER PCT 001-STYLE 23,10
WILL-:-CUSTER PCT 001-STYLE 24,10
WILL-:-DUPAGE PCT 001-STYLE 25/26,0
WILL-:-DUPAGE PCT 002-STYLE 27,0
WILL-:-DUPAGE PCT 003-STYLE 28,0
WILL-:-DUPAGE PCT 004-STYLE 29,0
WILL-:-DUPAGE PCT 005-STYLE 30/31,0
WILL-:-DUPAGE PCT 006-STYLE 32,0
WILL-:-DUPAGE PCT 007-STYLE 33,0
WILL-:-DUPAGE PCT 008-STYLE 34,0
WILL-:-DUPAGE PCT 009-STYLE 35/37,0
WILL-:-DUPAGE PCT 010-STYLE 38,0
WILL-:-DUPAGE PCT 011-STYLE 39,0
WILL-:-DUPAGE PCT 012-STYLE 40,0
WILL-:-DUPAGE PCT 013-STYLE 41,0
WILL-:-DUPAGE PCT 014-STYLE 42/43,0
WILL-:-DUPAGE PCT 015-STYLE 44,0
WILL-:-DUPAGE PCT 016-STYLE 45,0
WILL-:-DUPAGE PCT 017-STYLE 46,0
WILL-:-DUPAGE PCT 017-STYLE 47,0
WILL-:-DUPAGE PCT 018-STYLE 48,0
WILL-:-DUPAGE PCT 019-STYLE 49,0
WILL-:-DUPAGE PCT 020-STYLE 50,0
WILL-:-DUPAGE PCT 021-STYLE 51,0
WILL-:-DUPAGE PCT 022-STYLE 52,0
WILL-:-DUPAGE PCT 023-STYLE 53,0
WILL-:-DUPAGE PCT 024-STYLE 54,0
WILL-:-DUPAGE PCT 025-STYLE 56,0
WILL-:-DUPAGE PCT 025-STYLE 57,0
WILL-:-DUPAGE PCT 026-STYLE 58,0
WILL-:-DUPAGE PCT 027-STYLE 59,0
WILL-:-DUPAGE PCT 027-STYLE 60,0
WILL-:-DUPAGE PCT 028-STYLE 61/62,0
WILL-:-DUPAGE PCT 029-STYLE 63,0
WILL-:-DUPAGE PCT 030-STYLE 64,0
WILL-:-DUPAGE PCT 031-STYLE 65/66,0
WILL-:-DUPAGE PCT 032-STYLE 67,0
WILL-:-DUPAGE PCT 032-STYLE 68,0
WILL-:-DUPAGE PCT 033-STYLE 69/71,0
WILL-:-DUPAGE PCT 033-STYLE 70/72,0
WILL-:-DUPAGE PCT 034-STYLE 73,0
WILL-:-DUPAGE PCT 035-STYLE 74,0
WILL-:-DUPAGE PCT 036-STYLE 75,0
WILL-:-DUPAGE PCT 036-STYLE 76,0
WILL-:-DUPAGE PCT 037-STYLE 77,0
WILL-:-FLORENCE PCT 001-STYLE 78,10
WILL-:-FRANKFORT PCT 001-STYLE 79,0
WILL-:-FRANKFORT PCT 002-STYLE 80/81,0
WILL-:-FRANKFORT PCT 003-STYLE 83/85,0
WILL-:-FRANKFORT PCT 003-STYLE 84,0
WILL-:-FRANKFORT PCT 004-STYLE 86,0
WILL-:-FRANKFORT PCT 004-STYLE 87,0
WILL-:-FRANKFORT PCT 005-STYLE 88,0
WILL-:-FRANKFORT PCT 006-STYLE 89,0
WILL-:-FRANKFORT PCT 007-STYLE 90/91,0
WILL-:-FRANKFORT PCT 008-STYLE 92,0
WILL-:-FRANKFORT PCT 008-STYLE 93/94,0
WILL-:-FRANKFORT PCT 009-STYLE 95,0
WILL-:-FRANKFORT PCT 010-STYLE 96/97,0
WILL-:-FRANKFORT PCT 011-STYLE 98,0
WILL-:-FRANKFORT PCT 011-STYLE 99,0
WILL-:-FRANKFORT PCT 012-STYLE 100,0
WILL-:-FRANKFORT PCT 013-STYLE 101,0
WILL-:-FRANKFORT PCT 014-STYLE 102/103,0
WILL-:-FRANKFORT PCT 015-STYLE 104,0
WILL-:-FRANKFORT PCT 016-STYLE 105/106,0
WILL-:-FRANKFORT PCT 017-STYLE 107,0
WILL-:-FRANKFORT PCT 017-STYLE 108,0
WILL-:-FRANKFORT PCT 018-STYLE 109,0
WILL-:-FRANKFORT PCT 019-STYLE 110,0
WILL-:-FRANKFORT PCT 020-STYLE 111,0
WILL-:-FRANKFORT PCT 021-STYLE 112,0
WILL-:-FRANKFORT PCT 021-STYLE 113,0
WILL-:-FRANKFORT PCT 022-STYLE 114/115,0
WILL-:-FRANKFORT PCT 023-STYLE 116,0
WILL-:-FRANKFORT PCT 023-STYLE 117,0
WILL-:-FRANKFORT PCT 024-STYLE 118,0
WILL-:-FRANKFORT PCT 025-STYLE 119,0
WILL-:-FRANKFORT PCT 026-STYLE 120,0
WILL-:-FRANKFORT PCT 027-STYLE 121,0
WILL-:-FRANKFORT PCT 027-STYLE 122,0
WILL-:-FRANKFORT PCT 028-STYLE 123,0
WILL-:-GREEN GARDEN PCT 001-STYLE 124,10
WILL-:-GREEN GARDEN PCT 002-STYLE 125,10
WILL-:-GREEN GARDEN PCT 002-STYLE 126,10
WILL-:-HOMER PCT 001-STYLE 127/128,0
WILL-:-HOMER PCT 002-STYLE 129,0
WILL-:-HOMER PCT 003-STYLE 130,0
WILL-:-HOMER PCT 004-STYLE 131,0
WILL-:-HOMER PCT 004-STYLE 132,0
WILL-:-HOMER PCT 005-STYLE 133,0
WILL-:-HOMER PCT 005-STYLE 134,0
WILL-:-HOMER PCT 006-STYLE 135,0
WILL-:-HOMER PCT 007-STYLE 136,0
WILL-:-HOMER PCT 008-STYLE 137,0
WILL-:-HOMER PCT 009-STYLE 138,0
WILL-:-HOMER PCT 009-STYLE 139,0
WILL-:-HOMER PCT 010-STYLE 140,0
WILL-:-HOMER PCT 011-STYLE 141,0
WILL-:-HOMER PCT 012-STYLE 142,0
WILL-:-HOMER PCT 013-STYLE 143,0
WILL-:-HOMER PCT 014-STYLE 144,0
WILL-:-HOMER PCT 015-STYLE 145,0
WILL-:-HOMER PCT 016-STYLE 146,0
WILL-:-HOMER PCT 017-STYLE 147,0
WILL-:-HOMER PCT 018-STYLE 148,0
WILL-:-HOMER PCT 019-STYLE 149,0
WILL-:-JACKSON PCT 001-STYLE 150,0
WILL-:-JACKSON PCT 002-STYLE 151,0
WILL-:-JOLIET PCT 001-STYLE 152/153,0
WILL-:-JOLIET PCT 002-STYLE 154/155,0
WILL-:-JOLIET PCT 003-STYLE 156/157,0
WILL-:-JOLIET PCT 003-STYLE 158,0
WILL-:-JOLIET PCT 004-STYLE 159,0
WILL-:-JOLIET PCT 004-STYLE 160,0
WILL-:-JOLIET PCT 005-STYLE 161,0
WILL-:-JOLIET PCT 006-STYLE 162,0
WILL-:-JOLIET PCT 007-STYLE 163/165,0
WILL-:-JOLIET PCT 007-STYLE 164/166,0
WILL-:-JOLIET PCT 008-STYLE 167,0
WILL-:-JOLIET PCT 009-STYLE 168,0
WILL-:-JOLIET PCT 009-STYLE 169,0
WILL-:-JOLIET PCT 010-STYLE 170,0
WILL-:-JOLIET PCT 011-STYLE 171/172,0
WILL-:-JOLIET PCT 012-STYLE 173,0
WILL-:-JOLIET PCT 012-STYLE 174,0
WILL-:-JOLIET PCT 013-STYLE 175,0
WILL-:-JOLIET PCT 014-STYLE 176,0
WILL-:-JOLIET PCT 015-STYLE 177/178,0
WILL-:-JOLIET PCT 016-STYLE 179/181/182,0
WILL-:-JOLIET PCT 016-STYLE 180,0
WILL-:-JOLIET PCT 017-STYLE 183,0
WILL-:-JOLIET PCT 018-STYLE 184,0
WILL-:-JOLIET PCT 018-STYLE 185,0
WILL-:-JOLIET PCT 019-STYLE 186,0
WILL-:-JOLIET PCT 019-STYLE 187,0
WILL-:-JOLIET PCT 020-STYLE 188/189,0
WILL-:-JOLIET PCT 021-STYLE 190,0
WILL-:-JOLIET PCT 022-STYLE 191,0
WILL-:-JOLIET PCT 023-STYLE 192,0
WILL-:-JOLIET PCT 024-STYLE 193,0
WILL-:-JOLIET PCT 025-STYLE 194,0
WILL-:-JOLIET PCT 026-STYLE 195/196,0
WILL-:-JOLIET PCT 027-STYLE 197,0
WILL-:-JOLIET PCT 028-STYLE 198,0
WILL-:-JOLIET PCT 029-STYLE 199,0
WILL-:-JOLIET PCT 030-STYLE 200,0
WILL-:-JOLIET PCT 031-STYLE 201/202,0
WILL-:-JOLIET PCT 032-STYLE 203,0
WILL-:-JOLIET PCT 033-STYLE 204,0
WILL-:-JOLIET PCT 034-STYLE 205,0
WILL-:-JOLIET PCT 035-STYLE 206,0
WILL-:-JOLIET PCT 036-STYLE 207/208/209/210,0
WILL-:-JOLIET PCT 037-STYLE 211,0
WILL-:-LOCKPORT PCT 001-STYLE 212,0
WILL-:-LOCKPORT PCT 002-STYLE 213,0
WILL-:-LOCKPORT PCT 003-STYLE 214,0
WILL-:-LOCKPORT PCT 004-STYLE 215,0
WILL-:-LOCKPORT PCT 005-STYLE 216/217,0
WILL-:-LOCKPORT PCT 006-STYLE 218,0
WILL-:-LOCKPORT PCT 007-STYLE 219,0
WILL-:-LOCKPORT PCT 008-STYLE 220,0
WILL-:-LOCKPORT PCT 009-STYLE 221,0
WILL-:-LOCKPORT PCT 010-STYLE 222,0
WILL-:-LOCKPORT PCT 011-STYLE 223,0
WILL-:-LOCKPORT PCT 012-STYLE 224,0
WILL-:-LOCKPORT PCT 012-STYLE 225,0
WILL-:-LOCKPORT PCT 013-STYLE 226,0
WILL-:-LOCKPORT PCT 014-STYLE 227,0
WILL-:-LOCKPORT PCT 015-STYLE 228,0
WILL-:-LOCKPORT PCT 015-STYLE 229,0
WILL-:-LOCKPORT PCT 016-STYLE 230,0
WILL-:-LOCKPORT PCT 017-STYLE 231,0
WILL-:-LOCKPORT PCT 018-STYLE 232,0
WILL-:-LOCKPORT PCT 019-STYLE 233,0
WILL-:-LOCKPORT PCT 020-STYLE 234,0
WILL-:-LOCKPORT PCT 021-STYLE 235,0
WILL-:-LOCKPORT PCT 022-STYLE 236,0
WILL-:-LOCKPORT PCT 023-STYLE 237,0
WILL-:-LOCKPORT PCT 023-STYLE 238,0
WILL-:-LOCKPORT PCT 024-STYLE 239,0
WILL-:-MANHATTAN PCT 001-STYLE 240,0
WILL-:-MANHATTAN PCT 002-STYLE 241,10
WILL-:-MANHATTAN PCT 003-STYLE 242,10
WILL-:-MANHATTAN PCT 004-STYLE 243,0
WILL-:-MANHATTAN PCT 005-STYLE 244,10
WILL-:-MONEE PCT 001-STYLE 245/246,10
WILL-:-MONEE PCT 001-STYLE 247,10
WILL-:-MONEE PCT 002-STYLE 248,10
WILL-:-MONEE PCT 002-STYLE 249/250,10
WILL-:-MONEE PCT 003-STYLE 251,10
WILL-:-MONEE PCT 003-STYLE 252,10
WILL-:-MONEE PCT 004-STYLE 253,10
WILL-:-MONEE PCT 005-STYLE 254,10
WILL-:-MONEE PCT 006-STYLE 255,10
WILL-:-MONEE PCT 007-STYLE 256,10
WILL-:-MONEE PCT 008-STYLE 257,10
WILL-:-MONEE PCT 008-STYLE 258,10
WILL-:-NEW LENOX PCT 001-STYLE 259,0
WILL-:-NEW LENOX PCT 002-STYLE 260,0
WILL-:-NEW LENOX PCT 003-STYLE 261,0
WILL-:-NEW LENOX PCT 004-STYLE 262,0
WILL-:-NEW LENOX PCT 005-STYLE 263,0
WILL-:-NEW LENOX PCT 006-STYLE 264,0
WILL-:-NEW LENOX PCT 007-STYLE 265,0
WILL-:-NEW LENOX PCT 008-STYLE 266,0
WILL-:-NEW LENOX PCT 009-STYLE 267,0
WILL-:-NEW LENOX PCT 010-STYLE 268,0
WILL-:-NEW LENOX PCT 010-STYLE 269,0
WILL-:-NEW LENOX PCT 011-STYLE 270,0
WILL-:-NEW LENOX PCT 011-STYLE 271,0
WILL-:-NEW LENOX PCT 012-STYLE 272,0
WILL-:-NEW LENOX PCT 012-STYLE 273,0
WILL-:-NEW LENOX PCT 013-STYLE 274,0
WILL-:-NEW LENOX PCT 013-STYLE 275,0
WILL-:-NEW LENOX PCT 014-STYLE 276,0
WILL-:-NEW LENOX PCT 014-STYLE 277,0
WILL-:-NEW LENOX PCT 015-STYLE 278,0
WILL-:-NEW LENOX PCT 016-STYLE 279,0
WILL-:-NEW LENOX PCT 017-STYLE 280,0
WILL-:-NEW LENOX PCT 018-STYLE 281,0
WILL-:-NEW LENOX PCT 019-STYLE 282,0
WILL-:-NEW LENOX PCT 020-STYLE 283,0
WILL-:-PEOTONE PCT 001-STYLE 284/286,10
WILL-:-PEOTONE PCT 001-STYLE 285,10
WILL-:-PEOTONE PCT 001-STYLE 287,10
WILL-:-PEOTONE PCT 002-STYLE 288/289,10
WILL-:-PEOTONE PCT 002-STYLE 290,10
WILL-:-PEOTONE PCT 002-STYLE 291,10
WILL-:-PEOTONE PCT 002-STYLE 292,10
WILL-:-PLAINFIELD PCT 001-STYLE 293,0
WILL-:-PLAINFIELD PCT 002-STYLE 294,0
WILL-:-PLAINFIELD PCT 003-STYLE 295,0
WILL-:-PLAINFIELD PCT 003-STYLE 296,0
WILL-:-PLAINFIELD PCT 004-STYLE 297,0
WILL-:-PLAINFIELD PCT 005-STYLE 298,0
WILL-:-PLAINFIELD PCT 006-STYLE 299,0
WILL-:-PLAINFIELD PCT 007-STYLE 300,0
WILL-:-PLAINFIELD PCT 008-STYLE 301,0
WILL-:-PLAINFIELD PCT 009-STYLE 302,0
WILL-:-PLAINFIELD PCT 010-STYLE 303,0
WILL-:-PLAINFIELD PCT 010-STYLE 304,0
WILL-:-PLAINFIELD PCT 011-STYLE 305,0
WILL-:-PLAINFIELD PCT 012-STYLE 306,0
WILL-:-PLAINFIELD PCT 013-STYLE 307,0
WILL-:-PLAINFIELD PCT 014-STYLE 308,0
WILL-:-PLAINFIELD PCT 014-STYLE 309,0
WILL-:-PLAINFIELD PCT 015-STYLE 310/311,0
WILL-:-PLAINFIELD PCT 016-STYLE 312,0
WILL-:-PLAINFIELD PCT 017-STYLE 313,0
WILL-:-PLAINFIELD PCT 018-STYLE 314,0
WILL-:-PLAINFIELD PCT 019-STYLE 315,0
WILL-:-PLAINFIELD PCT 020-STYLE 316,0
WILL-:-PLAINFIELD PCT 021-STYLE 317,0
WILL-:-PLAINFIELD PCT 022-STYLE 318,0
WILL-:-PLAINFIELD PCT 023-STYLE 319,0
WILL-:-PLAINFIELD PCT 024-STYLE 320,0
WILL-:-PLAINFIELD PCT 025-STYLE 321/322,0
WILL-:-PLAINFIELD PCT 026-STYLE 323/324,0
WILL-:-PLAINFIELD PCT 027-STYLE 325,0
WILL-:-PLAINFIELD PCT 028-STYLE 326,0
WILL-:-PLAINFIELD PCT 029-STYLE 327,0
WILL-:-PLAINFIELD PCT 030-STYLE 328,0
WILL-:-PLAINFIELD PCT 031-STYLE 329,0
WILL-:-PLAINFIELD PCT 032-STYLE 330,0
WILL-:-PLAINFIELD PCT 033-STYLE 331,0
WILL-:-PLAINFIELD PCT 034-STYLE 332/333,0
WILL-:-PLAINFIELD PCT 035-STYLE 334,0
WILL-:-REED PCT 001-STYLE 335,10
WILL-:-REED PCT 001-STYLE 336,10
WILL-:-REED PCT 001-STYLE 337,10
WILL-:-REED PCT 001-STYLE 338,10
WILL-:-REED PCT 002-STYLE 339,10
WILL-:-REED PCT 002-STYLE 340,10
WILL-:-REED PCT 002-STYLE 341,10
WILL-:-REED PCT 003-STYLE 342,10
WILL-:-REED PCT 003-STYLE 343,10
WILL-:-TROY PCT 001-STYLE 344,0
WILL-:-TROY PCT 002-STYLE 345,0
WILL-:-TROY PCT 003-STYLE 346,0
WILL-:-TROY PCT 003-STYLE 347,0
WILL-:-TROY PCT 004-STYLE 348,0
WILL-:-TROY PCT 005-STYLE 349,0
WILL-:-TROY PCT 006-STYLE 350,0
WILL-:-TROY PCT 007-STYLE 351,0
WILL-:-TROY PCT 008-STYLE 352,0
WILL-:-TROY PCT 008-STYLE 353,0
WILL-:-TROY PCT 009-STYLE 354,0
WILL-:-TROY PCT 009-STYLE 355,0
WILL-:-TROY PCT 010-STYLE 356,0
WILL-:-TROY PCT 010-STYLE 357,0
WILL-:-TROY PCT 011-STYLE 358,0
WILL-:-TROY PCT 012-STYLE 359,0
WILL-:-TROY PCT 013-STYLE 360,0
WILL-:-TROY PCT 014-STYLE 361,0
WILL-:-TROY PCT 014-STYLE 362,0
WILL-:-TROY PCT 015-STYLE 363,0
WILL-:-TROY PCT 015-STYLE 364,0
WILL-:-TROY PCT 016-STYLE 365,0
WILL-:-TROY PCT 017-STYLE 366,0
WILL-:-TROY PCT 018-STYLE 367,0
WILL-:-TROY PCT 019-STYLE 368,0
WILL-:-TROY PCT 020-STYLE 369,0
WILL-:-TROY PCT 021-STYLE 370,0
WILL-:-TROY PCT 022-STYLE 371,0
WILL-:-TROY PCT 022-STYLE 372,0
WILL-:-WASHINGTON PCT 001-STYLE 373,10
WILL-:-WASHINGTON PCT 002-STYLE 374,10
WILL-:-WASHINGTON PCT 002-STYLE 375,10
WILL-:-WASHINGTON PCT 003-STYLE 376,10
WILL-:-WASHINGTON PCT 003-STYLE 377,10
WILL-:-WESLEY PCT 001-STYLE 378,10
WILL-:-WESLEY PCT 001-STYLE 379,10
WILL-:-WHEATLAND PCT 001-STYLE 380,0
WILL-:-WHEATLAND PCT 002-STYLE 381,0
WILL-:-WHEATLAND PCT 003-STYLE 382,0
WILL-:-WHEATLAND PCT 004-STYLE 383,0
WILL-:-WHEATLAND PCT 005-STYLE 384,0
WILL-:-WHEATLAND PCT 006-STYLE 385,0
WILL-:-WHEATLAND PCT 007-STYLE 386,0
WILL-:-WHEATLAND PCT 008-STYLE 387/388,0
WILL-:-WHEATLAND PCT 009-STYLE 389,0
WILL-:-WHEATLAND PCT 010-STYLE 390,0
WILL-:-WHEATLAND PCT 011-STYLE 391,0
WILL-:-WHEATLAND PCT 011-STYLE 392,0
WILL-:-WHEATLAND PCT 012-STYLE 393,0
WILL-:-WHEATLAND PCT 012-STYLE 394,0
WILL-:-WHEATLAND PCT 012-STYLE 395,0
WILL-:-WHEATLAND PCT 013-STYLE 396,0
WILL-:-WHEATLAND PCT 014-STYLE 397,0
WILL-:-WHEATLAND PCT 015-STYLE 398,0
WILL-:-WHEATLAND PCT 016-STYLE 399/401,0
WILL-:-WHEATLAND PCT 016-STYLE 400,0
WILL-:-WHEATLAND PCT 017-STYLE 402,0
WILL-:-WHEATLAND PCT 018-STYLE 403,0
WILL-:-WHEATLAND PCT 019-STYLE 404/405,0
WILL-:-WHEATLAND PCT 020-STYLE 406,0
WILL-:-WHEATLAND PCT 021-STYLE 407,0
WILL-:-WHEATLAND PCT 021-STYLE 408,0
WILL-:-WHEATLAND PCT 022-STYLE 409/412,0
WILL-:-WHEATLAND PCT 022-STYLE 410/411,0
WILL-:-WHEATLAND PCT 023-STYLE 413/414,0
WILL-:-WHEATLAND PCT 024-STYLE 415/416/417,0
WILL-:-WHEATLAND PCT 025-STYLE 418,0
WILL-:-WHEATLAND PCT 026-STYLE 419,0
WILL-:-WHEATLAND PCT 026-STYLE 420,0
WILL-:-WHEATLAND PCT 027-STYLE 421,0
WILL-:-WHEATLAND PCT 027-STYLE 422,0
WILL-:-WHEATLAND PCT 028-STYLE 423,0
WILL-:-WHEATLAND PCT 028-STYLE 424,0
WILL-:-WHEATLAND PCT 029-STYLE 425,0
WILL-:-WHEATLAND PCT 030-STYLE 426,0
WILL-:-WHEATLAND PCT 031-STYLE 427,0
WILL-:-WHEATLAND PCT 032-STYLE 428,0
WILL-:-WHEATLAND PCT 033-STYLE 429,0
WILL-:-WHEATLAND PCT 034-STYLE 431,0
WILL-:-WHEATLAND PCT 035-STYLE 432,0
WILL-:-WHEATLAND PCT 035-STYLE 433,0
WILL-:-WHEATLAND PCT 036-STYLE 434,0
WILL-:-WHEATLAND PCT 037-STYLE 435/436,0
WILL-:-WHEATLAND PCT 038-STYLE 437/438,0
WILL-:-WILL PCT 001-STYLE 439/440,10
WILL-:-WILL PCT 001-STYLE 441,10
WILL-:-WILMINGTON PCT 001-STYLE 442,0
WILL-:-WILMINGTON PCT 001-STYLE 443,10
WILL-:-WILMINGTON PCT 002-STYLE 444,10
WILL-:-WILMINGTON PCT 002-STYLE 445,10
WILL-:-WILMINGTON PCT 003-STYLE 446,10
WILL-:-WILTON PCT 001-STYLE 447,10
WILLIAMSON-:-BLAIRSVILLE 1,8
WILLIAMSON-:-BLAIRSVILLE 2,8
WILLIAMSON-:-BLAIRSVILLE 3,8
WILLIAMSON-:-BLAIRSVILLE 4,8
WILLIAMSON-:-BLAIRSVILLE 5,8
WILLIAMSON-:-CARTERVILLE 1,8
WILLIAMSON-:-CARTERVILLE 2,8
WILLIAMSON-:-CARTERVILLE 3,8
WILLIAMSON-:-CARTERVILLE 4,8
WILLIAMSON-:-CARTERVILLE 5,8
WILLIAMSON-:-CARTERVILLE 6,8
WILLIAMSON-:-CARTERVILLE 7,8
WILLIAMSON-:-CARTERVILLE 8,8
WILLIAMSON-:-CORINTH 1,8
WILLIAMSON-:-CRAB ORCHARD,8
WILLIAMSON-:-CREAL SPRINGS 1,8
WILLIAMSON-:-CREAL SPRINGS 2,8
WILLIAMSON-:-EAST MARION 1,8
WILLIAMSON-:-EAST MARION 2,8
WILLIAMSON-:-EAST MARION 3,8
WILLIAMSON-:-EAST MARION 4,8
WILLIAMSON-:-EAST MARION 5,8
WILLIAMSON-:-EAST MARION 6,8
WILLIAMSON-:-EAST MARION 7,8
WILLIAMSON-:-EAST MARION 8,8
WILLIAMSON-:-EAST MARION 9,8
WILLIAMSON-:-GRASSY,8
WILLIAMSON-:-HERRIN 1,8
WILLIAMSON-:-HERRIN 10,8
WILLIAMSON-:-HERRIN 11,8
WILLIAMSON-:-HERRIN 12,8
WILLIAMSON-:-HERRIN 13,8
WILLIAMSON-:-HERRIN 2,8
WILLIAMSON-:-HERRIN 3,8
WILLIAMSON-:-HERRIN 4,8
WILLIAMSON-:-HERRIN 5,8
WILLIAMSON-:-HERRIN 6,8
WILLIAMSON-:-HERRIN 7,8
WILLIAMSON-:-HERRIN 8,8
WILLIAMSON-:-HERRIN 9,8
WILLIAMSON-:-LAKE CREEK 1,8
WILLIAMSON-:-LAKE CREEK 2,8
WILLIAMSON-:-LAKE CREEK 3,8
WILLIAMSON-:-SOUTHERN 1,8
WILLIAMSON-:-SOUTHERN 2,8
WILLIAMSON-:-STONEFORT,8
WILLIAMSON-:-WEST MARION 1,8
WILLIAMSON-:-WEST MARION 10,8
WILLIAMSON-:-WEST MARION 2,8
WILLIAMSON-:-WEST MARION 3,8
WILLIAMSON-:-WEST MARION 4,8
WILLIAMSON-:-WEST MARION 5,8
WILLIAMSON-:-WEST MARION 6,8
WILLIAMSON-:-WEST MARION 7,8
WILLIAMSON-:-WEST MARION 8,8
WILLIAMSON-:-WEST MARION 9,8
WINNEBAGO-:-BURRITT 1,2
WINNEBAGO-:-CHERRY VALLEY 1,2
WINNEBAGO-:-CHERRY VALLEY 11,2
WINNEBAGO-:-CHERRY VALLEY 4,2
WINNEBAGO-:-CHERRY VALLEY 5,2
WINNEBAGO-:-CHERRY VALLEY 9,2
WINNEBAGO-:-DURAND 1,2
WINNEBAGO-:-DURAND 2,2
WINNEBAGO-:-HARLEM 10,2
WINNEBAGO-:-HARLEM 11,2
WINNEBAGO-:-HARLEM 12,2
WINNEBAGO-:-HARLEM 13,2
WINNEBAGO-:-HARLEM 14,2
WINNEBAGO-:-HARLEM 15,2
WINNEBAGO-:-HARLEM 16,2
WINNEBAGO-:-HARLEM 17,2
WINNEBAGO-:-HARLEM 18,2
WINNEBAGO-:-HARLEM 19,2
WINNEBAGO-:-HARLEM 2,2
WINNEBAGO-:-HARLEM 21,2
WINNEBAGO-:-HARLEM 22,2
WINNEBAGO-:-HARLEM 24,2
WINNEBAGO-:-HARLEM 25,2
WINNEBAGO-:-HARLEM 26,2
WINNEBAGO-:-HARLEM 27,2
WINNEBAGO-:-HARLEM 4,2
WINNEBAGO-:-HARLEM 5,2
WINNEBAGO-:-HARLEM 6,2
WINNEBAGO-:-HARLEM 7,2
WINNEBAGO-:-HARLEM 8,2
WINNEBAGO-:-HARRISON 1,2
WINNEBAGO-:-LAONA 1,2
WINNEBAGO-:-OWEN 1,2
WINNEBAGO-:-OWEN 2,2
WINNEBAGO-:-OWEN 3,2
WINNEBAGO-:-PECATONICA 2,2
WINNEBAGO-:-PECATONICA 3,2
WINNEBAGO-:-PECATONICA 4,2
WINNEBAGO-:-ROCKFORD 12,2
WINNEBAGO-:-ROCKFORD 13,2
WINNEBAGO-:-ROCKFORD 14,2
WINNEBAGO-:-ROCKFORD 26,2
WINNEBAGO-:-ROCKFORD 30,2
WINNEBAGO-:-ROCKFORD 4,2
WINNEBAGO-:-ROCKFORD 5,15
WINNEBAGO-:-ROCKFORD 54,2
WINNEBAGO-:-ROCKFORD 55,2
WINNEBAGO-:-ROCKFORD 8,2
WINNEBAGO-:-ROCKTON 1,2
WINNEBAGO-:-ROCKTON 10,2
WINNEBAGO-:-ROCKTON 11,2
WINNEBAGO-:-ROCKTON 13,2
WINNEBAGO-:-ROCKTON 2,2
WINNEBAGO-:-ROCKTON 3,2
WINNEBAGO-:-ROCKTON 5,2
WINNEBAGO-:-ROCKTON 6,2
WINNEBAGO-:-ROCKTON 8,2
WINNEBAGO-:-ROCKTON 9,2
WINNEBAGO-:-ROSCOE 1,2
WINNEBAGO-:-ROSCOE 10,2
WINNEBAGO-:-ROSCOE 11,2
WINNEBAGO-:-ROSCOE 12,2
WINNEBAGO-:-ROSCOE 14,2
WINNEBAGO-:-ROSCOE 15,2
WINNEBAGO-:-ROSCOE 2,2
WINNEBAGO-:-ROSCOE 3,2
WINNEBAGO-:-ROSCOE 4,2
WINNEBAGO-:-ROSCOE 5,2
WINNEBAGO-:-ROSCOE 6,2
WINNEBAGO-:-ROSCOE 7,2
WINNEBAGO-:-ROSCOE 8,2
WINNEBAGO-:-ROSCOE 9,2
WINNEBAGO-:-SEWARD 1,2
WINNEBAGO-:-SHIRLAND 1,2
WINNEBAGO-:-WINNEBAGO 3,2
WINNEBAGO-:-WINNEBAGO 4,2
WOODFORD-:-CAZENOVIA 1,14
WOODFORD-:-CAZENOVIA 3,14
WOODFORD-:-CLAYTON,14
WOODFORD-:-CRUGER 1,14
WOODFORD-:-CRUGER 2,14
WOODFORD-:-EL PASO 1,10
WOODFORD-:-EL PASO 2,10
WOODFORD-:-EL PASO 3,10
WOODFORD-:-GREENE,14
WOODFORD-:-KANSAS,14
WOODFORD-:-LINN,14
WOODFORD-:-METAMORA 1,14
WOODFORD-:-METAMORA 2,14
WOODFORD-:-METAMORA 3,14
WOODFORD-:-METAMORA 4,14
WOODFORD-:-MINONK 1,10
WOODFORD-:-MINONK 2,10
WOODFORD-:-MONTGOMERY 1,14
WOODFORD-:-MONTGOMERY 2,14
WOODFORD-:-OLIO 1,14
WOODFORD-:-OLIO 2,14
WOODFORD-:-OLIO 3,14
WOODFORD-:-OLIO 4,14
WOODFORD-:-PALESTINE,14
WOODFORD-:-PANOLA,10
WOODFORD-:-PARTRIDGE,14
WOODFORD-:-ROANOKE 1,14
WOODFORD-:-ROANOKE 2,14
WOODFORD-:-SPRING BAY 1,14
WOODFORD-:-SPRING BAY 2,14
WOODFORD-:-WORTH 1,14
WOODFORD-:-WORTH 3,14
WOODFORD-:-WORTH 4,14
WOODFORD-:-WORTH 5,14
WOODFORD-:-WORTH 6,14
WOODFORD-:-WORTH 7,14
WOODFORD-:-WORTH 9,14
