unit_id,district
BOONE-:-FLORA 1-(CONG-11),12
BOONE-:-FLORA 1-(CONG-16),12
BUREAU-:-ARISPIE-(CONG-14),2
BUREAU-:-ARISPIE-(CONG-16),2
BUREAU-:-PRINCETON 6-(CONG-14),2
BUREAU-:-PRINCETON 6-(CONG-16),2
BUREAU-:-SELBY 2-(CONG-14),2
BUREAU-:-SELBY 2-(CONG-16),2
CHAMPAIGN-:-HENSLEY-(CONG-13),14
CHAMPAIGN-:-HENSLEY-(CONG-15),14
CHAMPAIGN-:-RANTOUL 4-(CONG-02),14
CHAMPAIGN-:-RANTOUL 4-(CONG-15),14
CHAMPAIGN-:-SOMER-(CONG-13),14
CHAMPAIGN-:-SOMER-(CONG-15),14
CITY OF BLOOMINGTON-:-PRECINCT 10-(CONG-16),13
CITY OF BLOOMINGTON-:-PRECINCT 10-(CONG-17),13
CITY OF BLOOMINGTON-:-PRECINCT 15-(CONG-16),13
CITY OF BLOOMINGTON-:-PRECINCT 15-(CONG-17),13
CITY OF BLOOMINGTON-:-PRECINCT 17-(CONG-16),13
CITY OF BLOOMINGTON-:-PRECINCT 17-(CONG-17),13
CITY OF BLOOMINGTON-:-PRECINCT 2-(CONG-16),13
CITY OF BLOOMINGTON-:-PRECINCT 2-(CONG-17),13
CITY OF BLOOMINGTON-:-PRECINCT 52-(CONG-16),6
CITY OF BLOOMINGTON-:-PRECINCT 52-(CONG-17),6
CITY OF CHICAGO-:-WARD 01 PRECINCT 21-(CONG-05),6
CITY OF CHICAGO-:-WARD 01 PRECINCT 21-(CONG-07),6
CITY OF CHICAGO-:-WARD 02 PRECINCT 23-(CONG-05),6
CITY OF CHICAGO-:-WARD 02 PRECINCT 23-(CONG-07),6
CITY OF CHICAGO-:-WARD 03 PRECINCT 02-(CONG-01),8
CITY OF CHICAGO-:-WARD 03 PRECINCT 02-(CONG-07),8
CITY OF CHICAGO-:-WARD 03 PRECINCT 07-(CONG-01),6
CITY OF CHICAGO-:-WARD 03 PRECINCT 07-(CONG-07),6
CITY OF CHICAGO-:-WARD 03 PRECINCT 19-(CONG-01),8
CITY OF CHICAGO-:-WARD 03 PRECINCT 19-(CONG-07),6
CITY OF CHICAGO-:-WARD 03 PRECINCT 20-(CONG-01),8
CITY OF CHICAGO-:-WARD 03 PRECINCT 20-(CONG-07),8
CITY OF CHICAGO-:-WARD 03 PRECINCT 22-(CONG-01),6
CITY OF CHICAGO-:-WARD 03 PRECINCT 22-(CONG-07),8
CITY OF CHICAGO-:-WARD 04 PRECINCT 01-(CONG-01),8
CITY OF CHICAGO-:-WARD 04 PRECINCT 01-(CONG-02),8
CITY OF CHICAGO-:-WARD 04 PRECINCT 03-(CONG-01),8
CITY OF CHICAGO-:-WARD 04 PRECINCT 03-(CONG-02),8
CITY OF CHICAGO-:-WARD 04 PRECINCT 24-(CONG-01),8
CITY OF CHICAGO-:-WARD 04 PRECINCT 24-(CONG-07),6
CITY OF CHICAGO-:-WARD 05 PRECINCT 01-(CONG-01),8
CITY OF CHICAGO-:-WARD 05 PRECINCT 01-(CONG-02),8
CITY OF CHICAGO-:-WARD 05 PRECINCT 09-(CONG-01),8
CITY OF CHICAGO-:-WARD 05 PRECINCT 09-(CONG-02),8
CITY OF CHICAGO-:-WARD 05 PRECINCT 15-(CONG-01),8
CITY OF CHICAGO-:-WARD 05 PRECINCT 15-(CONG-02),8
CITY OF CHICAGO-:-WARD 07 PRECINCT 02-(CONG-01),8
CITY OF CHICAGO-:-WARD 07 PRECINCT 02-(CONG-02),8
CITY OF CHICAGO-:-WARD 07 PRECINCT 10-(CONG-01),8
CITY OF CHICAGO-:-WARD 07 PRECINCT 10-(CONG-02),8
CITY OF CHICAGO-:-WARD 07 PRECINCT 12-(CONG-01),8
CITY OF CHICAGO-:-WARD 07 PRECINCT 12-(CONG-02),8
CITY OF CHICAGO-:-WARD 07 PRECINCT 13-(CONG-01),8
CITY OF CHICAGO-:-WARD 07 PRECINCT 13-(CONG-02),8
CITY OF CHICAGO-:-WARD 07 PRECINCT 16-(CONG-01),8
CITY OF CHICAGO-:-WARD 07 PRECINCT 16-(CONG-02),8
CITY OF CHICAGO-:-WARD 07 PRECINCT 17-(CONG-01),8
CITY OF CHICAGO-:-WARD 07 PRECINCT 17-(CONG-02),8
CITY OF CHICAGO-:-WARD 09 PRECINCT 08-(CONG-01),8
CITY OF CHICAGO-:-WARD 09 PRECINCT 08-(CONG-02),8
CITY OF CHICAGO-:-WARD 14 PRECINCT 01-(CONG-04),8
CITY OF CHICAGO-:-WARD 14 PRECINCT 01-(CONG-07),6
CITY OF CHICAGO-:-WARD 15 PRECINCT 10-(CONG-04),6
CITY OF CHICAGO-:-WARD 15 PRECINCT 10-(CONG-07),6
CITY OF CHICAGO-:-WARD 16 PRECINCT 07-(CONG-04),6
CITY OF CHICAGO-:-WARD 16 PRECINCT 07-(CONG-07),6
CITY OF CHICAGO-:-WARD 16 PRECINCT 20-(CONG-01),8
CITY OF CHICAGO-:-WARD 16 PRECINCT 20-(CONG-07),8
CITY OF CHICAGO-:-WARD 16 PRECINCT 23-(CONG-04),6
CITY OF CHICAGO-:-WARD 16 PRECINCT 23-(CONG-07),6
CITY OF CHICAGO-:-WARD 17 PRECINCT 02-(CONG-01),6
CITY OF CHICAGO-:-WARD 17 PRECINCT 02-(CONG-07),6
CITY OF CHICAGO-:-WARD 17 PRECINCT 14-(CONG-01),8
CITY OF CHICAGO-:-WARD 17 PRECINCT 14-(CONG-07),8
CITY OF CHICAGO-:-WARD 18 PRECINCT 18-(CONG-01),8
CITY OF CHICAGO-:-WARD 18 PRECINCT 18-(CONG-04),8
CITY OF CHICAGO-:-WARD 19 PRECINCT 10-(CONG-01),8
CITY OF CHICAGO-:-WARD 19 PRECINCT 10-(CONG-06),8
CITY OF CHICAGO-:-WARD 19 PRECINCT 11-(CONG-01),8
CITY OF CHICAGO-:-WARD 19 PRECINCT 11-(CONG-06),8
CITY OF CHICAGO-:-WARD 19 PRECINCT 19-(CONG-01),8
CITY OF CHICAGO-:-WARD 19 PRECINCT 19-(CONG-06),8
CITY OF CHICAGO-:-WARD 19 PRECINCT 25-(CONG-01),8
CITY OF CHICAGO-:-WARD 19 PRECINCT 25-(CONG-06),8
CITY OF CHICAGO-:-WARD 19 PRECINCT 26-(CONG-01),8
CITY OF CHICAGO-:-WARD 19 PRECINCT 26-(CONG-06),8
CITY OF CHICAGO-:-WARD 19 PRECINCT 31-(CONG-01),8
CITY OF CHICAGO-:-WARD 19 PRECINCT 31-(CONG-06),8
CITY OF CHICAGO-:-WARD 19 PRECINCT 36-(CONG-01),8
CITY OF CHICAGO-:-WARD 19 PRECINCT 36-(CONG-06),8
CITY OF CHICAGO-:-WARD 20 PRECINCT 01-(CONG-04),6
CITY OF CHICAGO-:-WARD 20 PRECINCT 01-(CONG-07),6
CITY OF CHICAGO-:-WARD 20 PRECINCT 03-(CONG-04),6
CITY OF CHICAGO-:-WARD 20 PRECINCT 03-(CONG-07),6
CITY OF CHICAGO-:-WARD 20 PRECINCT 05-(CONG-04),6
CITY OF CHICAGO-:-WARD 20 PRECINCT 05-(CONG-07),6
CITY OF CHICAGO-:-WARD 20 PRECINCT 08-(CONG-01),8
CITY OF CHICAGO-:-WARD 20 PRECINCT 08-(CONG-07),8
CITY OF CHICAGO-:-WARD 20 PRECINCT 14-(CONG-01),8
CITY OF CHICAGO-:-WARD 20 PRECINCT 14-(CONG-07),8
CITY OF CHICAGO-:-WARD 22 PRECINCT 02-(CONG-04),6
CITY OF CHICAGO-:-WARD 22 PRECINCT 02-(CONG-07),6
CITY OF CHICAGO-:-WARD 24 PRECINCT 18-(CONG-04),6
CITY OF CHICAGO-:-WARD 24 PRECINCT 18-(CONG-07),6
CITY OF CHICAGO-:-WARD 25 PRECINCT 03-(CONG-04),6
CITY OF CHICAGO-:-WARD 25 PRECINCT 03-(CONG-07),6
CITY OF CHICAGO-:-WARD 25 PRECINCT 13-(CONG-04),6
CITY OF CHICAGO-:-WARD 25 PRECINCT 13-(CONG-07),8
CITY OF CHICAGO-:-WARD 26 PRECINCT 27-(CONG-03),6
CITY OF CHICAGO-:-WARD 26 PRECINCT 27-(CONG-07),6
CITY OF CHICAGO-:-WARD 27 PRECINCT 09-(CONG-05),6
CITY OF CHICAGO-:-WARD 27 PRECINCT 09-(CONG-07),6
CITY OF CHICAGO-:-WARD 27 PRECINCT 12-(CONG-05),6
CITY OF CHICAGO-:-WARD 27 PRECINCT 12-(CONG-07),6
CITY OF CHICAGO-:-WARD 27 PRECINCT 13-(CONG-05),6
CITY OF CHICAGO-:-WARD 27 PRECINCT 13-(CONG-07),6
CITY OF CHICAGO-:-WARD 27 PRECINCT 21-(CONG-05),4
CITY OF CHICAGO-:-WARD 27 PRECINCT 21-(CONG-07),4
CITY OF CHICAGO-:-WARD 28 PRECINCT 17-(CONG-04),6
CITY OF CHICAGO-:-WARD 28 PRECINCT 17-(CONG-07),6
CITY OF CHICAGO-:-WARD 29 PRECINCT 04-(CONG-03),1
CITY OF CHICAGO-:-WARD 29 PRECINCT 04-(CONG-07),1
CITY OF CHICAGO-:-WARD 29 PRECINCT 05-(CONG-03),1
CITY OF CHICAGO-:-WARD 29 PRECINCT 05-(CONG-07),1
CITY OF CHICAGO-:-WARD 30 PRECINCT 03-(CONG-03),4
CITY OF CHICAGO-:-WARD 30 PRECINCT 03-(CONG-05),4
CITY OF CHICAGO-:-WARD 30 PRECINCT 15-(CONG-03),4
CITY OF CHICAGO-:-WARD 30 PRECINCT 15-(CONG-05),4
CITY OF CHICAGO-:-WARD 30 PRECINCT 22-(CONG-03),4
CITY OF CHICAGO-:-WARD 30 PRECINCT 22-(CONG-05),1
CITY OF CHICAGO-:-WARD 30 PRECINCT 23-(CONG-03),4
CITY OF CHICAGO-:-WARD 30 PRECINCT 23-(CONG-05),1
CITY OF CHICAGO-:-WARD 32 PRECINCT 19-(CONG-03),4
CITY OF CHICAGO-:-WARD 32 PRECINCT 19-(CONG-05),4
CITY OF CHICAGO-:-WARD 33 PRECINCT 16-(CONG-03),4
CITY OF CHICAGO-:-WARD 33 PRECINCT 16-(CONG-05),4
CITY OF CHICAGO-:-WARD 35 PRECINCT 22-(CONG-03),4
CITY OF CHICAGO-:-WARD 35 PRECINCT 22-(CONG-05),4
CITY OF CHICAGO-:-WARD 37 PRECINCT 16-(CONG-03),6
CITY OF CHICAGO-:-WARD 37 PRECINCT 16-(CONG-07),6
CITY OF CHICAGO-:-WARD 38 PRECINCT 06-(CONG-03),9
CITY OF CHICAGO-:-WARD 38 PRECINCT 06-(CONG-05),9
CITY OF CHICAGO-:-WARD 38 PRECINCT 11-(CONG-03),4
CITY OF CHICAGO-:-WARD 38 PRECINCT 11-(CONG-05),1
CITY OF CHICAGO-:-WARD 38 PRECINCT 17-(CONG-03),4
CITY OF CHICAGO-:-WARD 38 PRECINCT 17-(CONG-05),1
CITY OF CHICAGO-:-WARD 38 PRECINCT 24-(CONG-03),1
CITY OF CHICAGO-:-WARD 38 PRECINCT 24-(CONG-05),1
CITY OF CHICAGO-:-WARD 39 PRECINCT 28-(CONG-03),4
CITY OF CHICAGO-:-WARD 39 PRECINCT 28-(CONG-05),4
CITY OF CHICAGO-:-WARD 40 PRECINCT 04-(CONG-05),4
CITY OF CHICAGO-:-WARD 40 PRECINCT 04-(CONG-09),4
CITY OF CHICAGO-:-WARD 40 PRECINCT 19-(CONG-05),4
CITY OF CHICAGO-:-WARD 40 PRECINCT 19-(CONG-09),4
CITY OF CHICAGO-:-WARD 40 PRECINCT 23-(CONG-03),4
CITY OF CHICAGO-:-WARD 40 PRECINCT 23-(CONG-05),4
CITY OF CHICAGO-:-WARD 41 PRECINCT 28-(CONG-05),1
CITY OF CHICAGO-:-WARD 41 PRECINCT 28-(CONG-09),1
CITY OF CHICAGO-:-WARD 42 PRECINCT 09-(CONG-05),6
CITY OF CHICAGO-:-WARD 42 PRECINCT 09-(CONG-07),6
CITY OF CHICAGO-:-WARD 42 PRECINCT 22-(CONG-05),6
CITY OF CHICAGO-:-WARD 42 PRECINCT 22-(CONG-07),6
CITY OF CHICAGO-:-WARD 43 PRECINCT 15-(CONG-05),4
CITY OF CHICAGO-:-WARD 43 PRECINCT 15-(CONG-07),4
CITY OF CHICAGO-:-WARD 45 PRECINCT 24-(CONG-03),4
CITY OF CHICAGO-:-WARD 45 PRECINCT 24-(CONG-05),1
CITY OF CHICAGO-:-WARD 45 PRECINCT 27-(CONG-03),4
CITY OF CHICAGO-:-WARD 45 PRECINCT 27-(CONG-05),1
CITY OF CHICAGO-:-WARD 45 PRECINCT 29-(CONG-03),4
CITY OF CHICAGO-:-WARD 45 PRECINCT 29-(CONG-05),1
CITY OF CHICAGO-:-WARD 46 PRECINCT 07-(CONG-05),4
CITY OF CHICAGO-:-WARD 46 PRECINCT 07-(CONG-09),4
CITY OF CHICAGO-:-WARD 46 PRECINCT 08-(CONG-05),4
CITY OF CHICAGO-:-WARD 46 PRECINCT 08-(CONG-09),4
CITY OF CHICAGO-:-WARD 46 PRECINCT 10-(CONG-05),4
CITY OF CHICAGO-:-WARD 46 PRECINCT 10-(CONG-09),4
CITY OF CHICAGO-:-WARD 47 PRECINCT 02-(CONG-05),4
CITY OF CHICAGO-:-WARD 47 PRECINCT 02-(CONG-09),4
CITY OF CHICAGO-:-WARD 47 PRECINCT 03-(CONG-05),4
CITY OF CHICAGO-:-WARD 47 PRECINCT 03-(CONG-09),4
CITY OF CHICAGO-:-WARD 47 PRECINCT 28-(CONG-03),4
CITY OF CHICAGO-:-WARD 47 PRECINCT 28-(CONG-05),4
CITY OF CHICAGO-:-WARD 50 PRECINCT 24-(CONG-05),4
CITY OF CHICAGO-:-WARD 50 PRECINCT 24-(CONG-09),4
CITY OF ROCKFORD-:-WARD 1 PRECINCT 2-(CONG-16),12
CITY OF ROCKFORD-:-WARD 1 PRECINCT 2-(CONG-17),12
CITY OF ROCKFORD-:-WARD 1 PRECINCT 5-(CONG-16),12
CITY OF ROCKFORD-:-WARD 1 PRECINCT 5-(CONG-17),12
CITY OF ROCKFORD-:-WARD 12 PRECINCT 2-(CONG-16),12
CITY OF ROCKFORD-:-WARD 12 PRECINCT 2-(CONG-17),12
CITY OF ROCKFORD-:-WARD 12 PRECINCT 5-(CONG-16),12
CITY OF ROCKFORD-:-WARD 12 PRECINCT 5-(CONG-17),12
CITY OF ROCKFORD-:-WARD 4 PRECINCT 1-(CONG-16),12
CITY OF ROCKFORD-:-WARD 4 PRECINCT 1-(CONG-17),12
CITY OF ROCKFORD-:-WARD 4 PRECINCT 4-(CONG-16),12
CITY OF ROCKFORD-:-WARD 4 PRECINCT 4-(CONG-17),12
CITY OF ROCKFORD-:-WARD 4 PRECINCT 8-(CONG-16),12
CITY OF ROCKFORD-:-WARD 4 PRECINCT 8-(CONG-17),12
CITY OF ROCKFORD-:-WARD 5 PRECINCT 3-(CONG-16),12
CITY OF ROCKFORD-:-WARD 5 PRECINCT 3-(CONG-17),12
CITY OF ROCKFORD-:-WARD 6 PRECINCT 1-(CONG-16),12
CITY OF ROCKFORD-:-WARD 6 PRECINCT 1-(CONG-17),12
CITY OF ROCKFORD-:-WARD 6 PRECINCT 3-(CONG-16),12
CITY OF ROCKFORD-:-WARD 6 PRECINCT 3-(CONG-17),12
CITY OF ROCKFORD-:-WARD 7 PRECINCT 4-(CONG-16),12
CITY OF ROCKFORD-:-WARD 7 PRECINCT 4-(CONG-17),12
CITY OF ROCKFORD-:-WARD 9 PRECINCT 3-(CONG-16),12
CITY OF ROCKFORD-:-WARD 9 PRECINCT 3-(CONG-17),12
COOK-:-7000004-(CONG-05),5
COOK-:-7000004-(CONG-08),5
COOK-:-7000008-(CONG-05),5
COOK-:-7000008-(CONG-08),5
COOK-:-7200003-(CONG-01),9
COOK-:-7200003-(CONG-02),9
COOK-:-7200007-(CONG-01),9
COOK-:-7200007-(CONG-02),9
COOK-:-7200012-(CONG-01),9
COOK-:-7200012-(CONG-02),9
COOK-:-7200021-(CONG-01),9
COOK-:-7200021-(CONG-02),9
COOK-:-7200030-(CONG-01),9
COOK-:-7200030-(CONG-06),9
COOK-:-7200045-(CONG-01),9
COOK-:-7200045-(CONG-02),9
COOK-:-7300001-(CONG-01),16
COOK-:-7300001-(CONG-02),16
COOK-:-7300002-(CONG-01),9
COOK-:-7300002-(CONG-02),9
COOK-:-7400014-(CONG-05),5
COOK-:-7400014-(CONG-08),5
COOK-:-7400016-(CONG-05),5
COOK-:-7400016-(CONG-08),5
COOK-:-7400017-(CONG-03),5
COOK-:-7400017-(CONG-08),5
COOK-:-7400023-(CONG-05),5
COOK-:-7400023-(CONG-08),5
COOK-:-7400027-(CONG-05),5
COOK-:-7400027-(CONG-08),5
COOK-:-7400044-(CONG-05),5
COOK-:-7400044-(CONG-08),5
COOK-:-7600004-(CONG-03),5
COOK-:-7600004-(CONG-08),5
COOK-:-7600015-(CONG-03),5
COOK-:-7600015-(CONG-08),5
COOK-:-7700013-(CONG-01),3
COOK-:-7700013-(CONG-11),3
COOK-:-7800026-(CONG-03),16
COOK-:-7800026-(CONG-07),16
COOK-:-7800042-(CONG-05),7
COOK-:-7800042-(CONG-08),7
COOK-:-7900010-(CONG-04),9
COOK-:-7900010-(CONG-06),9
COOK-:-7900012-(CONG-04),9
COOK-:-7900012-(CONG-06),9
COOK-:-7900026-(CONG-04),9
COOK-:-7900026-(CONG-06),9
COOK-:-7900040-(CONG-04),9
COOK-:-7900040-(CONG-06),9
COOK-:-7900043-(CONG-04),9
COOK-:-7900043-(CONG-06),9
COOK-:-7900047-(CONG-04),9
COOK-:-7900047-(CONG-06),9
COOK-:-7900050-(CONG-04),9
COOK-:-7900050-(CONG-06),9
COOK-:-8000004-(CONG-05),5
COOK-:-8000004-(CONG-08),5
COOK-:-8000012-(CONG-05),5
COOK-:-8000012-(CONG-08),5
COOK-:-8000016-(CONG-05),5
COOK-:-8000016-(CONG-08),5
COOK-:-8000017-(CONG-05),5
COOK-:-8000017-(CONG-08),5
COOK-:-8000018-(CONG-05),5
COOK-:-8000018-(CONG-08),5
COOK-:-8000020-(CONG-05),5
COOK-:-8000020-(CONG-09),5
COOK-:-8000035-(CONG-05),5
COOK-:-8000035-(CONG-08),5
COOK-:-8000069-(CONG-05),5
COOK-:-8000069-(CONG-09),5
COOK-:-8100018-(CONG-09),15
COOK-:-8100018-(CONG-10),15
COOK-:-8100027-(CONG-09),15
COOK-:-8100027-(CONG-10),15
COOK-:-8100031-(CONG-09),15
COOK-:-8100031-(CONG-10),15
COOK-:-8100032-(CONG-09),15
COOK-:-8100032-(CONG-10),15
COOK-:-8200001-(CONG-05),11
COOK-:-8200001-(CONG-09),11
COOK-:-8200026-(CONG-05),5
COOK-:-8200026-(CONG-09),5
COOK-:-8300008-(CONG-09),5
COOK-:-8300008-(CONG-10),5
COOK-:-8300033-(CONG-05),5
COOK-:-8300033-(CONG-09),5
COOK-:-8300043-(CONG-09),5
COOK-:-8300043-(CONG-10),5
COOK-:-8500030-(CONG-04),16
COOK-:-8500030-(CONG-07),16
COOK-:-8600015-(CONG-01),9
COOK-:-8600015-(CONG-06),9
COOK-:-8700002-(CONG-05),3
COOK-:-8700002-(CONG-08),3
COOK-:-8700018-(CONG-05),3
COOK-:-8700018-(CONG-08),5
COOK-:-8700027-(CONG-05),5
COOK-:-8700027-(CONG-08),5
COOK-:-8700035-(CONG-05),3
COOK-:-8700035-(CONG-08),3
COOK-:-8700038-(CONG-05),5
COOK-:-8700047-(CONG-05),5
COOK-:-8700047-(CONG-08),3
COOK-:-8700059-(CONG-05),5
COOK-:-8700059-(CONG-08),5
COOK-:-8900023-(CONG-04),16
COOK-:-8900023-(CONG-06),9
COOK-:-8900025-(CONG-04),16
COOK-:-8900025-(CONG-07),16
COOK-:-8900030-(CONG-04),16
COOK-:-8900030-(CONG-07),16
COOK-:-8900071-(CONG-04),16
COOK-:-8900071-(CONG-07),16
COOK-:-9400012-(CONG-04),0
COOK-:-9400012-(CONG-06),0
COOK-:-9500049-(CONG-01),9
COOK-:-9500049-(CONG-02),9
COOK-:-9600011-(CONG-05),5
COOK-:-9600011-(CONG-09),5
COOK-:-9600021-(CONG-05),5
COOK-:-9600021-(CONG-09),5
COOK-:-9600040-(CONG-05),5
COOK-:-9600040-(CONG-09),5
COOK-:-9600046-(CONG-05),5
COOK-:-9600046-(CONG-09),5
COOK-:-9600047-(CONG-09),5
COOK-:-9600047-(CONG-10),5
COOK-:-9600048-(CONG-09),5
COOK-:-9600048-(CONG-10),5
COOK-:-9600054-(CONG-09),5
COOK-:-9600054-(CONG-10),5
COOK-:-9600060-(CONG-05),5
COOK-:-9600060-(CONG-09),5
COOK-:-9600063-(CONG-05),5
COOK-:-9600063-(CONG-09),5
COOK-:-9600068-(CONG-05),5
COOK-:-9600068-(CONG-09),5
COOK-:-9700001-(CONG-04),9
COOK-:-9700001-(CONG-06),9
COOK-:-9700024-(CONG-01),9
COOK-:-9700024-(CONG-02),9
COOK-:-9700043-(CONG-01),9
COOK-:-9700043-(CONG-06),9
COOK-:-9700058-(CONG-04),9
COOK-:-9700058-(CONG-06),9
COOK-:-9700073-(CONG-01),10
COOK-:-9700073-(CONG-06),10
DEKALB-:-MAYFIELD 1-(CONG-14),11
DEKALB-:-MAYFIELD 1-(CONG-16),11
DEKALB-:-SYCAMORE 7-(CONG-11),0
DEKALB-:-SYCAMORE 7-(CONG-14),0
DEKALB-:-SYCAMORE 9-(CONG-11),0
DEKALB-:-SYCAMORE 9-(CONG-14),0
HENRY-:-COLONA 1-(CONG-16),12
HENRY-:-COLONA 1-(CONG-17),12
KANKAKEE-:-BOURBONNAIS 10-(CONG-01),2
KANKAKEE-:-BOURBONNAIS 10-(CONG-02),2
KANKAKEE-:-BOURBONNAIS 11-(CONG-01),2
KANKAKEE-:-BOURBONNAIS 11-(CONG-02),2
KANKAKEE-:-BOURBONNAIS 13-(CONG-01),2
KANKAKEE-:-BOURBONNAIS 13-(CONG-02),2
KANKAKEE-:-BOURBONNAIS 14-(CONG-01),2
KANKAKEE-:-BOURBONNAIS 14-(CONG-02),2
KANKAKEE-:-BOURBONNAIS 17-(CONG-01),2
KANKAKEE-:-BOURBONNAIS 17-(CONG-02),2
KANKAKEE-:-BOURBONNAIS 5-(CONG-01),2
KANKAKEE-:-BOURBONNAIS 5-(CONG-02),2
KANKAKEE-:-MANTENO 4-(CONG-01),2
KANKAKEE-:-MANTENO 4-(CONG-02),2
LAKE-:-WAUCONDA 344-(CONG-09),4
LAKE-:-WAUCONDA 344-(CONG-11),4
LAKE-:-WAUCONDA 350-(CONG-09),4
LAKE-:-WAUCONDA 350-(CONG-11),4
LASALLE-:-DEER PARK-(CONG-14),2
LASALLE-:-DEER PARK-(CONG-16),2
LASALLE-:-EDEN 1-(CONG-14),2
LASALLE-:-EDEN 1-(CONG-16),2
LASALLE-:-FALL RIVER-(CONG-14),2
LASALLE-:-FALL RIVER-(CONG-16),2
LASALLE-:-FARM RIDGE-(CONG-14),2
LASALLE-:-FARM RIDGE-(CONG-16),2
LIVINGSTON-:-ESMEN-(CONG-02),2
LIVINGSTON-:-ESMEN-(CONG-16),2
LIVINGSTON-:-PONTIAC 10-(CONG-02),2
LIVINGSTON-:-PONTIAC 10-(CONG-16),2
LIVINGSTON-:-PONTIAC 9-(CONG-02),2
LIVINGSTON-:-PONTIAC 9-(CONG-16),2
MACON-:-DECATUR 16-(CONG-13),14
MACON-:-DECATUR 16-(CONG-15),14
MACON-:-DECATUR 19-(CONG-13),14
MACON-:-DECATUR 19-(CONG-15),14
MACON-:-DECATUR 27-(CONG-13),14
MACON-:-DECATUR 27-(CONG-15),14
MACON-:-DECATUR 28-(CONG-13),14
MACON-:-DECATUR 28-(CONG-15),14
MACON-:-DECATUR 7-(CONG-13),14
MACON-:-DECATUR 7-(CONG-15),14
MACON-:-DECATUR 8-(CONG-13),14
MACON-:-DECATUR 8-(CONG-15),14
MACON-:-DECATUR 9-(CONG-13),14
MACON-:-DECATUR 9-(CONG-15),14
MACON-:-HARRISTOWN-(CONG-13),14
MACON-:-HARRISTOWN-(CONG-15),14
MACON-:-HICKORY PT. 2-(CONG-13),14
MACON-:-HICKORY PT. 2-(CONG-15),14
MACON-:-HICKORY PT. 3-(CONG-13),14
MACON-:-HICKORY PT. 3-(CONG-15),14
MACON-:-LONG CREEK 4-(CONG-13),14
MACON-:-LONG CREEK 4-(CONG-15),14
MACON-:-OAKLEY-(CONG-13),14
MACON-:-OAKLEY-(CONG-15),14
MADISON-:-ALTON 01-(CONG-13),0
MADISON-:-ALTON 01-(CONG-15),0
MADISON-:-ALTON 03-(CONG-13),0
MADISON-:-ALTON 03-(CONG-15),0
MADISON-:-ALTON 05-(CONG-13),0
MADISON-:-ALTON 05-(CONG-15),0
MADISON-:-COLLINSVILLE 01-(CONG-13),0
MADISON-:-COLLINSVILLE 01-(CONG-15),0
MADISON-:-COLLINSVILLE 20-(CONG-13),0
MADISON-:-COLLINSVILLE 20-(CONG-15),0
MADISON-:-FOSTER 02-(CONG-13),0
MADISON-:-FOSTER 02-(CONG-15),0
MADISON-:-FT. RUSSELL 07-(CONG-13),14
MADISON-:-FT. RUSSELL 07-(CONG-15),0
MADISON-:-MORO 02-(CONG-13),0
MADISON-:-MORO 02-(CONG-15),14
MCHENRY-:-GREENWOOD GRE 06-(CONG-10),2
MCHENRY-:-GREENWOOD GRE 06-(CONG-11),2
MCHENRY-:-HARTLAND HAR 01-(CONG-11),2
MCHENRY-:-HARTLAND HAR 01-(CONG-16),2
MCHENRY-:-HARTLAND HAR 02-(CONG-11),2
MCHENRY-:-HARTLAND HAR 02-(CONG-16),2
MCHENRY-:-MCHENRY MCH 07-(CONG-10),16
MCHENRY-:-MCHENRY MCH 07-(CONG-11),2
MCLEAN-:-ALLIN 01-(CONG-16),13
MCLEAN-:-ALLIN 01-(CONG-17),13
MCLEAN-:-BLOOMINGTON 01-(CONG-16),13
MCLEAN-:-BLOOMINGTON 01-(CONG-17),13
MCLEAN-:-BLOOMINGTON 02-(CONG-16),13
MCLEAN-:-BLOOMINGTON 02-(CONG-17),13
MCLEAN-:-DALE 01-(CONG-16),13
MCLEAN-:-DALE 01-(CONG-17),13
MCLEAN-:-NORMAL 31-(CONG-16),13
MCLEAN-:-NORMAL 31-(CONG-17),13
PUTNAM-:-HENNEPIN 1-(CONG-14),2
PUTNAM-:-HENNEPIN 1-(CONG-16),2
PUTNAM-:-MAGNOLIA 2-(CONG-14),2
PUTNAM-:-MAGNOLIA 2-(CONG-16),2
SANGAMON-:-CAPITAL 012-(CONG-13),10
SANGAMON-:-CAPITAL 012-(CONG-15),10
SANGAMON-:-CAPITAL 016-(CONG-13),10
SANGAMON-:-CAPITAL 016-(CONG-15),10
SANGAMON-:-CAPITAL 020-(CONG-13),10
SANGAMON-:-CAPITAL 020-(CONG-15),10
SANGAMON-:-CAPITAL 025-(CONG-13),10
SANGAMON-:-CAPITAL 025-(CONG-15),10
SANGAMON-:-CAPITAL 029-(CONG-13),10
SANGAMON-:-CAPITAL 029-(CONG-15),10
SANGAMON-:-CAPITAL 080-(CONG-13),10
SANGAMON-:-CAPITAL 080-(CONG-15),10
SANGAMON-:-CAPITAL 081-(CONG-13),10
SANGAMON-:-CAPITAL 081-(CONG-15),10
SANGAMON-:-CURRAN 001-(CONG-13),10
SANGAMON-:-CURRAN 001-(CONG-15),10
SANGAMON-:-GARDNER 004-(CONG-13),10
SANGAMON-:-GARDNER 004-(CONG-15),10
SANGAMON-:-SPRINGFIELD 001-(CONG-13),10
SANGAMON-:-SPRINGFIELD 001-(CONG-15),10
ST. CLAIR-:-BELLEVILLE 20-(CONG-12),7
ST. CLAIR-:-BELLEVILLE 20-(CONG-13),7
ST. CLAIR-:-BELLEVILLE 22-(CONG-12),7
ST. CLAIR-:-BELLEVILLE 22-(CONG-13),7
ST. CLAIR-:-CASEYVILLE 1-(CONG-12),7
ST. CLAIR-:-CASEYVILLE 1-(CONG-13),7
ST. CLAIR-:-CASEYVILLE 10-(CONG-12),7
ST. CLAIR-:-CASEYVILLE 10-(CONG-13),7
ST. CLAIR-:-CASEYVILLE 12-(CONG-12),7
ST. CLAIR-:-CASEYVILLE 12-(CONG-13),7
ST. CLAIR-:-CENTREVILLE 10-(CONG-12),7
ST. CLAIR-:-CENTREVILLE 10-(CONG-13),7
ST. CLAIR-:-CENTREVILLE 8-(CONG-12),7
ST. CLAIR-:-CENTREVILLE 8-(CONG-13),7
ST. CLAIR-:-O FALLON 2-(CONG-12),7
ST. CLAIR-:-O FALLON 2-(CONG-13),7
ST. CLAIR-:-ST CLAIR 10-(CONG-12),7
ST. CLAIR-:-ST CLAIR 10-(CONG-13),7
ST. CLAIR-:-STOOKEY 2-(CONG-12),7
ST. CLAIR-:-STOOKEY 2-(CONG-13),7
ST. CLAIR-:-STOOKEY 5-(CONG-12),7
ST. CLAIR-:-STOOKEY 5-(CONG-13),7
TAZEWELL-:-CINCINNATI 1-(CONG-16),2
TAZEWELL-:-CINCINNATI 1-(CONG-17),2
TAZEWELL-:-CINCINNATI 3-(CONG-16),2
TAZEWELL-:-CINCINNATI 3-(CONG-17),2
TAZEWELL-:-HOPEDALE 1-(CONG-16),2
TAZEWELL-:-HOPEDALE 1-(CONG-17),2
TAZEWELL-:-LT MACKINAW 1-(CONG-16),2
TAZEWELL-:-LT MACKINAW 1-(CONG-17),2
TAZEWELL-:-PEKIN 13-(CONG-16),2
TAZEWELL-:-PEKIN 13-(CONG-17),2
VERMILION-:-CATLIN 2-(CONG-02),14
VERMILION-:-CATLIN 2-(CONG-15),14
VERMILION-:-GEORGETOWN 5-(CONG-02),14
VERMILION-:-GEORGETOWN 5-(CONG-15),14
VERMILION-:-GEORGETOWN 7-(CONG-02),14
VERMILION-:-GEORGETOWN 7-(CONG-15),14
VERMILION-:-MCKENDREE-(CONG-02),14
VERMILION-:-MCKENDREE-(CONG-15),14
VERMILION-:-OAKWOOD 2-(CONG-02),14
VERMILION-:-OAKWOOD 2-(CONG-15),14
VERMILION-:-VANCE-(CONG-02),14
VERMILION-:-VANCE-(CONG-15),14
WINNEBAGO-:-CHERRY VALLEY 2-(CONG-16),12
WINNEBAGO-:-CHERRY VALLEY 2-(CONG-17),12
WINNEBAGO-:-CHERRY VALLEY 3-(CONG-16),12
WINNEBAGO-:-CHERRY VALLEY 3-(CONG-17),15
WINNEBAGO-:-CHERRY VALLEY 6-(CONG-16),12
WINNEBAGO-:-CHERRY VALLEY 6-(CONG-17),12
WINNEBAGO-:-HARLEM 1-(CONG-16),12
WINNEBAGO-:-HARLEM 1-(CONG-17),12
WINNEBAGO-:-HARLEM 23-(CONG-16),12
WINNEBAGO-:-HARLEM 23-(CONG-17),12
WINNEBAGO-:-ROCKFORD 1-(CONG-16),12
WINNEBAGO-:-ROCKFORD 1-(CONG-17),12
WINNEBAGO-:-ROCKFORD 15-(CONG-16),15
WINNEBAGO-:-ROCKFORD 15-(CONG-17),12
WINNEBAGO-:-ROCKFORD 2-(CONG-16),12
WINNEBAGO-:-ROCKFORD 2-(CONG-17),12
WINNEBAGO-:-ROCKFORD 25-(CONG-16),12
WINNEBAGO-:-ROCKFORD 25-(CONG-17),12
WINNEBAGO-:-ROCKFORD 27-(CONG-16),12
WINNEBAGO-:-ROCKFORD 27-(CONG-17),12
WINNEBAGO-:-ROCKFORD 31-(CONG-16),12
WINNEBAGO-:-ROCKFORD 31-(CONG-17),12
WINNEBAGO-:-ROCKFORD 32-(CONG-16),12
WINNEBAGO-:-ROCKFORD 32-(CONG-17),12
WINNEBAGO-:-ROCKFORD 33-(CONG-16),12
WINNEBAGO-:-ROCKFORD 33-(CONG-17),12
WINNEBAGO-:-ROCKFORD 51-(CONG-16),12
WINNEBAGO-:-ROCKFORD 51-(CONG-17),12
WINNEBAGO-:-ROCKFORD 52-(CONG-16),12
WINNEBAGO-:-ROCKFORD 52-(CONG-17),12
WINNEBAGO-:-ROCKFORD 9-(CONG-16),12
WINNEBAGO-:-ROCKFORD 9-(CONG-17),12
WINNEBAGO-:-WINNEBAGO 1-(CONG-16),12
WINNEBAGO-:-WINNEBAGO 1-(CONG-17),12
WINNEBAGO-:-WINNEBAGO 2-(CONG-16),12
WINNEBAGO-:-WINNEBAGO 2-(CONG-17),12
ADAMS-:-BEVERLY PCT 1,14
ADAMS-:-BURTON PCT 1,15
ADAMS-:-CAMP POINT PCT 1,15
ADAMS-:-CAMP POINT PCT 2,15
ADAMS-:-CLAYTON PCT 1,15
ADAMS-:-COLUMBUS PCT 1,15
ADAMS-:-CONCORD PCT 1,15
ADAMS-:-ELLINGTON PCT 1,15
ADAMS-:-ELLINGTON PCT 2,15
ADAMS-:-ELLINGTON PCT 3,15
ADAMS-:-FALL CREEK PCT 1,15
ADAMS-:-GILMER PCT 1,15
ADAMS-:-HONEY CREEK PCT 1,15
ADAMS-:-HOUSTON PCT 1,15
ADAMS-:-KEENE PCT 1,15
ADAMS-:-LIBERTY PCT 1,15
ADAMS-:-LIMA PCT 1,15
ADAMS-:-MCKEE PCT 1,14
ADAMS-:-MELROSE PCT 1,15
ADAMS-:-MELROSE PCT 2,15
ADAMS-:-MELROSE PCT 3,15
ADAMS-:-MELROSE PCT 4,15
ADAMS-:-MELROSE PCT 5,15
ADAMS-:-MELROSE PCT 6,15
ADAMS-:-MENDON PCT 1,15
ADAMS-:-MENDON PCT 2,15
ADAMS-:-NORTHEAST PCT 1,15
ADAMS-:-PAYSON PCT 1,15
ADAMS-:-PAYSON PCT 2,15
ADAMS-:-QUINCY PCT 1,15
ADAMS-:-QUINCY PCT 10,15
ADAMS-:-QUINCY PCT 11,15
ADAMS-:-QUINCY PCT 12,15
ADAMS-:-QUINCY PCT 13,15
ADAMS-:-QUINCY PCT 14,15
ADAMS-:-QUINCY PCT 15,15
ADAMS-:-QUINCY PCT 16,15
ADAMS-:-QUINCY PCT 17,15
ADAMS-:-QUINCY PCT 18,15
ADAMS-:-QUINCY PCT 19,15
ADAMS-:-QUINCY PCT 2,15
ADAMS-:-QUINCY PCT 20,15
ADAMS-:-QUINCY PCT 21,15
ADAMS-:-QUINCY PCT 22,15
ADAMS-:-QUINCY PCT 23,15
ADAMS-:-QUINCY PCT 24,15
ADAMS-:-QUINCY PCT 25,15
ADAMS-:-QUINCY PCT 26,15
ADAMS-:-QUINCY PCT 27,15
ADAMS-:-QUINCY PCT 28,15
ADAMS-:-QUINCY PCT 29,15
ADAMS-:-QUINCY PCT 3,15
ADAMS-:-QUINCY PCT 30,15
ADAMS-:-QUINCY PCT 31,15
ADAMS-:-QUINCY PCT 32,15
ADAMS-:-QUINCY PCT 33,15
ADAMS-:-QUINCY PCT 34,15
ADAMS-:-QUINCY PCT 35,15
ADAMS-:-QUINCY PCT 36,15
ADAMS-:-QUINCY PCT 37,15
ADAMS-:-QUINCY PCT 38,15
ADAMS-:-QUINCY PCT 39,15
ADAMS-:-QUINCY PCT 4,15
ADAMS-:-QUINCY PCT 40,15
ADAMS-:-QUINCY PCT 5,15
ADAMS-:-QUINCY PCT 6,15
ADAMS-:-QUINCY PCT 7,15
ADAMS-:-QUINCY PCT 8,15
ADAMS-:-QUINCY PCT 9,15
ADAMS-:-RICHFIELD PCT 1,15
ADAMS-:-RIVERSIDE PCT 1,15
ADAMS-:-RIVERSIDE PCT 2,15
ADAMS-:-RIVERSIDE PCT 3,15
ADAMS-:-URSA PCT 1,15
ALEXANDER-:-CACHE,0
ALEXANDER-:-CAIRO 1,0
ALEXANDER-:-CAIRO 2,0
ALEXANDER-:-CAIRO 3,0
ALEXANDER-:-CAIRO 4,0
ALEXANDER-:-CAIRO 5,0
ALEXANDER-:-MCCLURE,0
ALEXANDER-:-OLIVE BRANCH,0
ALEXANDER-:-SANDUSKY,0
ALEXANDER-:-TAMMS,0
ALEXANDER-:-THEBES,0
BOND-:-BURGESS 1,0
BOND-:-BURGESS 2,0
BOND-:-BURGESS 3,0
BOND-:-CENTRAL 1,14
BOND-:-CENTRAL 1-A,14
BOND-:-CENTRAL 2,14
BOND-:-CENTRAL 3,14
BOND-:-CENTRAL 4,0
BOND-:-CENTRAL 6,14
BOND-:-CENTRAL 7,0
BOND-:-LAGRANGE,14
BOND-:-MILLS,14
BOND-:-MULBERRY GROVE 1,14
BOND-:-MULBERRY GROVE 2,14
BOND-:-OLD RIPLEY,0
BOND-:-PLEASANT MOUND 1,14
BOND-:-PLEASANT MOUND 2,14
BOND-:-SHOAL CREEK 1,14
BOND-:-SHOAL CREEK 2,14
BOND-:-TAMALCO,14
BOONE-:-BELVIDERE 1,12
BOONE-:-BELVIDERE 10,3
BOONE-:-BELVIDERE 11,12
BOONE-:-BELVIDERE 12,12
BOONE-:-BELVIDERE 13,12
BOONE-:-BELVIDERE 14,12
BOONE-:-BELVIDERE 15,12
BOONE-:-BELVIDERE 16,12
BOONE-:-BELVIDERE 17,12
BOONE-:-BELVIDERE 18,12
BOONE-:-BELVIDERE 2,12
BOONE-:-BELVIDERE 3,12
BOONE-:-BELVIDERE 4,12
BOONE-:-BELVIDERE 5,12
BOONE-:-BELVIDERE 6,12
BOONE-:-BELVIDERE 7,12
BOONE-:-BELVIDERE 8,12
BOONE-:-BELVIDERE 9,12
BOONE-:-BONUS 1,12
BOONE-:-BONUS 2,3
BOONE-:-BOONE 1,12
BOONE-:-CALEDONIA 1,12
BOONE-:-CALEDONIA 2,12
BOONE-:-CALEDONIA 3,12
BOONE-:-CALEDONIA 4,12
BOONE-:-CALEDONIA 5,12
BOONE-:-FLORA 2,12
BOONE-:-FLORA 3,12
BOONE-:-LE ROY,12
BOONE-:-MANCHESTER,12
BOONE-:-POPLAR GROVE 1,12
BOONE-:-POPLAR GROVE 2,12
BOONE-:-POPLAR GROVE 3,12
BOONE-:-POPLAR GROVE 4,12
BOONE-:-POPLAR GROVE 5,12
BOONE-:-SPRING,12
BROWN-:-BUCKHORN,14
BROWN-:-COOPERSTOWN,15
BROWN-:-ELKHORN,14
BROWN-:-LEE,14
BROWN-:-MISSOURI,15
BROWN-:-MT. STERLING 1,15
BROWN-:-MT. STERLING 2,15
BROWN-:-MT. STERLING 3,15
BROWN-:-MT. STERLING 4,15
BROWN-:-MT. STERLING 5,15
BROWN-:-PEA RIDGE,15
BROWN-:-RIPLEY,15
BROWN-:-VERSAILLES 1,15
BROWN-:-VERSAILLES 2,15
BUREAU-:-BERLIN,2
BUREAU-:-BUREAU,12
BUREAU-:-CLARION,2
BUREAU-:-CONCORD 1,12
BUREAU-:-CONCORD 2,12
BUREAU-:-DOVER,2
BUREAU-:-FAIRFIELD,12
BUREAU-:-GOLD,12
BUREAU-:-GREENVILLE,12
BUREAU-:-HALL 1,2
BUREAU-:-HALL 10,2
BUREAU-:-HALL 2,2
BUREAU-:-HALL 3,2
BUREAU-:-HALL 4,2
BUREAU-:-HALL 5,2
BUREAU-:-HALL 6,2
BUREAU-:-HALL 7,2
BUREAU-:-HALL 8,2
BUREAU-:-HALL 9,2
BUREAU-:-INDIANTOWN,2
BUREAU-:-LA MOILLE 1,2
BUREAU-:-LA MOILLE 2,12
BUREAU-:-LEEPERTOWN,2
BUREAU-:-MACON,12
BUREAU-:-MANLIUS,12
BUREAU-:-MILO,12
BUREAU-:-MINERAL,12
BUREAU-:-NEPONSET,12
BUREAU-:-OHIO 1,12
BUREAU-:-OHIO 2,12
BUREAU-:-PRINCETON 1,2
BUREAU-:-PRINCETON 2,2
BUREAU-:-PRINCETON 3,2
BUREAU-:-PRINCETON 4,2
BUREAU-:-PRINCETON 5,2
BUREAU-:-PRINCETON 7,2
BUREAU-:-PRINCETON 8,2
BUREAU-:-PRINCETON 9,2
BUREAU-:-SELBY 1,2
BUREAU-:-SELBY 3,2
BUREAU-:-WALNUT 1,12
BUREAU-:-WALNUT 2,2
BUREAU-:-WESTFIELD 1,2
BUREAU-:-WESTFIELD 2,2
BUREAU-:-WHEATLAND,12
BUREAU-:-WYANET 1,2
BUREAU-:-WYANET 2,2
CALHOUN-:-BELLEVIEW-HAMBURG,15
CALHOUN-:-CRATER-CARLIN,15
CALHOUN-:-HARDIN-GILEAD,15
CALHOUN-:-POINT,15
CALHOUN-:-RICHWOODS,15
CARROLL-:-CHERRY GROVE/SHANNON 1,12
CARROLL-:-CHERRY GROVE/SHANNON 2,12
CARROLL-:-ELKHORN GROVE,12
CARROLL-:-FAIR HAVEN,12
CARROLL-:-FREEDOM,12
CARROLL-:-MT. CARROLL 1,12
CARROLL-:-MT. CARROLL 2,12
CARROLL-:-MT. CARROLL 3,12
CARROLL-:-ROCK CREEK-LIMA 1,12
CARROLL-:-ROCK CREEK-LIMA 2,12
CARROLL-:-SALEM,12
CARROLL-:-SAVANNA 1,12
CARROLL-:-SAVANNA 2,12
CARROLL-:-SAVANNA 3,12
CARROLL-:-SAVANNA 4,12
CARROLL-:-SAVANNA 5,12
CARROLL-:-SAVANNA 6,12
CARROLL-:-WASHINGTON,12
CARROLL-:-WOODLAND,12
CARROLL-:-WYSOX 1,12
CARROLL-:-WYSOX 2,12
CARROLL-:-YORK,12
CASS-:-ARENZVILLE 11-001,15
CASS-:-ASHLAND 20-002,2
CASS-:-ASHLAND 21-002,2
CASS-:-BEARDSTOWN 1-003,15
CASS-:-BEARDSTOWN 2-003,15
CASS-:-BEARDSTOWN 3-003,15
CASS-:-BEARDSTOWN 4-003,15
CASS-:-BEARDSTOWN 5-004,15
CASS-:-BEARDSTOWN 6-004,15
CASS-:-BEARDSTOWN 7-004,15
CASS-:-BEARDSTOWN 8-004,15
CASS-:-BLUFF SPRINGS 10-001,15
CASS-:-CHANDLERVILLE 18-002,2
CASS-:-HAGENER 9-004,15
CASS-:-NEWMANSVILLE 19-002,2
CASS-:-PANTHER CREEK 17-002,2
CASS-:-PHILADELPHIA 16-002,2
CASS-:-SANGAMON VALLEY 12-001,2
CASS-:-VIRGINIA 13-001,2
CASS-:-VIRGINIA 14-001,2
CASS-:-VIRGINIA 15-001,2
CHAMPAIGN-:-AYERS,14
CHAMPAIGN-:-BROWN FISHER,14
CHAMPAIGN-:-BROWN FOOSLAND,14
CHAMPAIGN-:-CHAMPAIGN 1,14
CHAMPAIGN-:-CHAMPAIGN 2,14
CHAMPAIGN-:-CHAMPAIGN 3,14
CHAMPAIGN-:-CHAMPAIGN 4,14
CHAMPAIGN-:-CHAMPAIGN 5,14
CHAMPAIGN-:-CHAMPAIGN 6,14
CHAMPAIGN-:-CITY OF CHAMPAIGN 1,14
CHAMPAIGN-:-CITY OF CHAMPAIGN 10,14
CHAMPAIGN-:-CITY OF CHAMPAIGN 11,14
CHAMPAIGN-:-CITY OF CHAMPAIGN 12,14
CHAMPAIGN-:-CITY OF CHAMPAIGN 13,14
CHAMPAIGN-:-CITY OF CHAMPAIGN 14,14
CHAMPAIGN-:-CITY OF CHAMPAIGN 15,14
CHAMPAIGN-:-CITY OF CHAMPAIGN 16,14
CHAMPAIGN-:-CITY OF CHAMPAIGN 17,14
CHAMPAIGN-:-CITY OF CHAMPAIGN 18,14
CHAMPAIGN-:-CITY OF CHAMPAIGN 19,14
CHAMPAIGN-:-CITY OF CHAMPAIGN 2,14
CHAMPAIGN-:-CITY OF CHAMPAIGN 20,14
CHAMPAIGN-:-CITY OF CHAMPAIGN 21,14
CHAMPAIGN-:-CITY OF CHAMPAIGN 22,14
CHAMPAIGN-:-CITY OF CHAMPAIGN 23,14
CHAMPAIGN-:-CITY OF CHAMPAIGN 24,14
CHAMPAIGN-:-CITY OF CHAMPAIGN 25,14
CHAMPAIGN-:-CITY OF CHAMPAIGN 26,14
CHAMPAIGN-:-CITY OF CHAMPAIGN 27,14
CHAMPAIGN-:-CITY OF CHAMPAIGN 28,14
CHAMPAIGN-:-CITY OF CHAMPAIGN 29,14
CHAMPAIGN-:-CITY OF CHAMPAIGN 3,14
CHAMPAIGN-:-CITY OF CHAMPAIGN 30,14
CHAMPAIGN-:-CITY OF CHAMPAIGN 31,14
CHAMPAIGN-:-CITY OF CHAMPAIGN 32,14
CHAMPAIGN-:-CITY OF CHAMPAIGN 33,14
CHAMPAIGN-:-CITY OF CHAMPAIGN 34,14
CHAMPAIGN-:-CITY OF CHAMPAIGN 35,14
CHAMPAIGN-:-CITY OF CHAMPAIGN 36,14
CHAMPAIGN-:-CITY OF CHAMPAIGN 37,14
CHAMPAIGN-:-CITY OF CHAMPAIGN 38,14
CHAMPAIGN-:-CITY OF CHAMPAIGN 39,14
CHAMPAIGN-:-CITY OF CHAMPAIGN 4,14
CHAMPAIGN-:-CITY OF CHAMPAIGN 5,14
CHAMPAIGN-:-CITY OF CHAMPAIGN 6,14
CHAMPAIGN-:-CITY OF CHAMPAIGN 7,14
CHAMPAIGN-:-CITY OF CHAMPAIGN 8,14
CHAMPAIGN-:-CITY OF CHAMPAIGN 9,14
CHAMPAIGN-:-COLFAX,14
CHAMPAIGN-:-COMPROMISE GIFFORD,14
CHAMPAIGN-:-COMPROMISE PENFIELD,14
CHAMPAIGN-:-CONDIT,14
CHAMPAIGN-:-CRITTENDEN,14
CHAMPAIGN-:-CUNNINGHAM 1,14
CHAMPAIGN-:-CUNNINGHAM 10,14
CHAMPAIGN-:-CUNNINGHAM 11,14
CHAMPAIGN-:-CUNNINGHAM 12,14
CHAMPAIGN-:-CUNNINGHAM 13,14
CHAMPAIGN-:-CUNNINGHAM 14,14
CHAMPAIGN-:-CUNNINGHAM 15,14
CHAMPAIGN-:-CUNNINGHAM 16,14
CHAMPAIGN-:-CUNNINGHAM 17,14
CHAMPAIGN-:-CUNNINGHAM 18,14
CHAMPAIGN-:-CUNNINGHAM 19,14
CHAMPAIGN-:-CUNNINGHAM 2,14
CHAMPAIGN-:-CUNNINGHAM 20,14
CHAMPAIGN-:-CUNNINGHAM 21,14
CHAMPAIGN-:-CUNNINGHAM 22,14
CHAMPAIGN-:-CUNNINGHAM 23,14
CHAMPAIGN-:-CUNNINGHAM 3,14
CHAMPAIGN-:-CUNNINGHAM 4,14
CHAMPAIGN-:-CUNNINGHAM 5,14
CHAMPAIGN-:-CUNNINGHAM 6,14
CHAMPAIGN-:-CUNNINGHAM 7,14
CHAMPAIGN-:-CUNNINGHAM 8,14
CHAMPAIGN-:-CUNNINGHAM 9,14
CHAMPAIGN-:-EAST BEND,14
CHAMPAIGN-:-HARWOOD,14
CHAMPAIGN-:-KERR,14
CHAMPAIGN-:-LUDLOW 1,14
CHAMPAIGN-:-LUDLOW 2,14
CHAMPAIGN-:-LUDLOW 3,14
CHAMPAIGN-:-MAHOMET 1,14
CHAMPAIGN-:-MAHOMET 2,14
CHAMPAIGN-:-MAHOMET 3,14
CHAMPAIGN-:-MAHOMET 4,14
CHAMPAIGN-:-MAHOMET 5,14
CHAMPAIGN-:-NEWCOMB,14
CHAMPAIGN-:-OGDEN 1,14
CHAMPAIGN-:-OGDEN 2,14
CHAMPAIGN-:-PESOTUM,14
CHAMPAIGN-:-PHILO,14
CHAMPAIGN-:-RANTOUL 1,14
CHAMPAIGN-:-RANTOUL 2,14
CHAMPAIGN-:-RANTOUL 3,14
CHAMPAIGN-:-RANTOUL 5,14
CHAMPAIGN-:-RANTOUL 6,14
CHAMPAIGN-:-RAYMOND,14
CHAMPAIGN-:-SADORUS IVESDALE,14
CHAMPAIGN-:-SADORUS SADORUS,14
CHAMPAIGN-:-SCOTT BONDVILLE,14
CHAMPAIGN-:-SCOTT SEYMOUR,14
CHAMPAIGN-:-SIDNEY,14
CHAMPAIGN-:-SOUTH HOMER,14
CHAMPAIGN-:-ST. JOSEPH 1,14
CHAMPAIGN-:-ST. JOSEPH 2,14
CHAMPAIGN-:-ST. JOSEPH 3,14
CHAMPAIGN-:-STANTON,14
CHAMPAIGN-:-TOLONO 1,14
CHAMPAIGN-:-TOLONO 2,14
CHAMPAIGN-:-TOLONO 3,14
CHAMPAIGN-:-URBANA 1,14
CHAMPAIGN-:-URBANA 2,14
CHAMPAIGN-:-URBANA 3,14
CHAMPAIGN-:-URBANA 4,14
CHRISTIAN-:-ASSUMPTION,14
CHRISTIAN-:-BEAR CREEK,14
CHRISTIAN-:-BUCKHART,14
CHRISTIAN-:-GREENWOOD,14
CHRISTIAN-:-JOHNSON,14
CHRISTIAN-:-KING,14
CHRISTIAN-:-LOCUST,14
CHRISTIAN-:-MAY,14
CHRISTIAN-:-MOSQUITO,14
CHRISTIAN-:-MT AUBURN,14
CHRISTIAN-:-PANA #1,14
CHRISTIAN-:-PANA #2,14
CHRISTIAN-:-PANA #3,14
CHRISTIAN-:-PANA #4,14
CHRISTIAN-:-PRAIRIETON,14
CHRISTIAN-:-RICKS,14
CHRISTIAN-:-ROSAMOND,14
CHRISTIAN-:-SOUTH FORK #1,14
CHRISTIAN-:-SOUTH FORK #2,14
CHRISTIAN-:-STONINGTON,14
CHRISTIAN-:-TAYLORVILLE #1,14
CHRISTIAN-:-TAYLORVILLE #2,14
CHRISTIAN-:-TAYLORVILLE #3,14
CHRISTIAN-:-TAYLORVILLE #4,14
CHRISTIAN-:-TAYLORVILLE #5,14
CHRISTIAN-:-TAYLORVILLE #6,14
CHRISTIAN-:-TAYLORVILLE #7,14
CHRISTIAN-:-TAYLORVILLE #8,14
CHRISTIAN-:-TAYLORVILLE #9,14
CITY OF BLOOMINGTON-:-PRECINCT 1,13
CITY OF BLOOMINGTON-:-PRECINCT 11,13
CITY OF BLOOMINGTON-:-PRECINCT 12,3
CITY OF BLOOMINGTON-:-PRECINCT 13,3
CITY OF BLOOMINGTON-:-PRECINCT 14,13
CITY OF BLOOMINGTON-:-PRECINCT 16,13
CITY OF BLOOMINGTON-:-PRECINCT 18,13
CITY OF BLOOMINGTON-:-PRECINCT 19,3
CITY OF BLOOMINGTON-:-PRECINCT 20,13
CITY OF BLOOMINGTON-:-PRECINCT 21,13
CITY OF BLOOMINGTON-:-PRECINCT 22,13
CITY OF BLOOMINGTON-:-PRECINCT 23,13
CITY OF BLOOMINGTON-:-PRECINCT 24,13
CITY OF BLOOMINGTON-:-PRECINCT 25,13
CITY OF BLOOMINGTON-:-PRECINCT 26,3
CITY OF BLOOMINGTON-:-PRECINCT 27,13
CITY OF BLOOMINGTON-:-PRECINCT 28,13
CITY OF BLOOMINGTON-:-PRECINCT 29,13
CITY OF BLOOMINGTON-:-PRECINCT 3,13
CITY OF BLOOMINGTON-:-PRECINCT 30,13
CITY OF BLOOMINGTON-:-PRECINCT 31,13
CITY OF BLOOMINGTON-:-PRECINCT 32,13
CITY OF BLOOMINGTON-:-PRECINCT 33,13
CITY OF BLOOMINGTON-:-PRECINCT 34,13
CITY OF BLOOMINGTON-:-PRECINCT 35,3
CITY OF BLOOMINGTON-:-PRECINCT 36,13
CITY OF BLOOMINGTON-:-PRECINCT 37,13
CITY OF BLOOMINGTON-:-PRECINCT 38,13
CITY OF BLOOMINGTON-:-PRECINCT 39,13
CITY OF BLOOMINGTON-:-PRECINCT 4,13
CITY OF BLOOMINGTON-:-PRECINCT 40,3
CITY OF BLOOMINGTON-:-PRECINCT 41,13
CITY OF BLOOMINGTON-:-PRECINCT 42,13
CITY OF BLOOMINGTON-:-PRECINCT 43,13
CITY OF BLOOMINGTON-:-PRECINCT 44,13
CITY OF BLOOMINGTON-:-PRECINCT 45,3
CITY OF BLOOMINGTON-:-PRECINCT 46,13
CITY OF BLOOMINGTON-:-PRECINCT 47,3
CITY OF BLOOMINGTON-:-PRECINCT 48,3
CITY OF BLOOMINGTON-:-PRECINCT 49,13
CITY OF BLOOMINGTON-:-PRECINCT 5,13
CITY OF BLOOMINGTON-:-PRECINCT 50,13
CITY OF BLOOMINGTON-:-PRECINCT 51,11
CITY OF BLOOMINGTON-:-PRECINCT 53,3
CITY OF BLOOMINGTON-:-PRECINCT 54,13
CITY OF BLOOMINGTON-:-PRECINCT 55,13
CITY OF BLOOMINGTON-:-PRECINCT 56,3
CITY OF BLOOMINGTON-:-PRECINCT 57,13
CITY OF BLOOMINGTON-:-PRECINCT 58,13
CITY OF BLOOMINGTON-:-PRECINCT 59,13
CITY OF BLOOMINGTON-:-PRECINCT 6,13
CITY OF BLOOMINGTON-:-PRECINCT 60,6
CITY OF BLOOMINGTON-:-PRECINCT 7,13
CITY OF BLOOMINGTON-:-PRECINCT 8,13
CITY OF BLOOMINGTON-:-PRECINCT 9,13
CITY OF CHICAGO-:-WARD 01 PRECINCT 01,4
CITY OF CHICAGO-:-WARD 01 PRECINCT 02,4
CITY OF CHICAGO-:-WARD 01 PRECINCT 03,4
CITY OF CHICAGO-:-WARD 01 PRECINCT 04,4
CITY OF CHICAGO-:-WARD 01 PRECINCT 05,4
CITY OF CHICAGO-:-WARD 01 PRECINCT 06,4
CITY OF CHICAGO-:-WARD 01 PRECINCT 07,4
CITY OF CHICAGO-:-WARD 01 PRECINCT 08,6
CITY OF CHICAGO-:-WARD 01 PRECINCT 09,6
CITY OF CHICAGO-:-WARD 01 PRECINCT 10,6
CITY OF CHICAGO-:-WARD 01 PRECINCT 11,6
CITY OF CHICAGO-:-WARD 01 PRECINCT 12,6
CITY OF CHICAGO-:-WARD 01 PRECINCT 13,6
CITY OF CHICAGO-:-WARD 01 PRECINCT 14,6
CITY OF CHICAGO-:-WARD 01 PRECINCT 15,6
CITY OF CHICAGO-:-WARD 01 PRECINCT 16,6
CITY OF CHICAGO-:-WARD 01 PRECINCT 17,6
CITY OF CHICAGO-:-WARD 01 PRECINCT 18,6
CITY OF CHICAGO-:-WARD 01 PRECINCT 19,6
CITY OF CHICAGO-:-WARD 01 PRECINCT 20,6
CITY OF CHICAGO-:-WARD 01 PRECINCT 22,6
CITY OF CHICAGO-:-WARD 01 PRECINCT 23,6
CITY OF CHICAGO-:-WARD 01 PRECINCT 24,6
CITY OF CHICAGO-:-WARD 01 PRECINCT 25,6
CITY OF CHICAGO-:-WARD 01 PRECINCT 26,6
CITY OF CHICAGO-:-WARD 02 PRECINCT 01,6
CITY OF CHICAGO-:-WARD 02 PRECINCT 02,6
CITY OF CHICAGO-:-WARD 02 PRECINCT 03,6
CITY OF CHICAGO-:-WARD 02 PRECINCT 04,6
CITY OF CHICAGO-:-WARD 02 PRECINCT 05,6
CITY OF CHICAGO-:-WARD 02 PRECINCT 06,6
CITY OF CHICAGO-:-WARD 02 PRECINCT 07,6
CITY OF CHICAGO-:-WARD 02 PRECINCT 08,4
CITY OF CHICAGO-:-WARD 02 PRECINCT 09,6
CITY OF CHICAGO-:-WARD 02 PRECINCT 10,6
CITY OF CHICAGO-:-WARD 02 PRECINCT 11,6
CITY OF CHICAGO-:-WARD 02 PRECINCT 12,6
CITY OF CHICAGO-:-WARD 02 PRECINCT 13,6
CITY OF CHICAGO-:-WARD 02 PRECINCT 14,4
CITY OF CHICAGO-:-WARD 02 PRECINCT 15,4
CITY OF CHICAGO-:-WARD 02 PRECINCT 16,4
CITY OF CHICAGO-:-WARD 02 PRECINCT 17,4
CITY OF CHICAGO-:-WARD 02 PRECINCT 18,4
CITY OF CHICAGO-:-WARD 02 PRECINCT 19,4
CITY OF CHICAGO-:-WARD 02 PRECINCT 20,4
CITY OF CHICAGO-:-WARD 02 PRECINCT 21,4
CITY OF CHICAGO-:-WARD 02 PRECINCT 22,4
CITY OF CHICAGO-:-WARD 02 PRECINCT 24,4
CITY OF CHICAGO-:-WARD 02 PRECINCT 25,4
CITY OF CHICAGO-:-WARD 03 PRECINCT 01,8
CITY OF CHICAGO-:-WARD 03 PRECINCT 03,8
CITY OF CHICAGO-:-WARD 03 PRECINCT 04,8
CITY OF CHICAGO-:-WARD 03 PRECINCT 05,6
CITY OF CHICAGO-:-WARD 03 PRECINCT 06,6
CITY OF CHICAGO-:-WARD 03 PRECINCT 08,8
CITY OF CHICAGO-:-WARD 03 PRECINCT 09,6
CITY OF CHICAGO-:-WARD 03 PRECINCT 10,6
CITY OF CHICAGO-:-WARD 03 PRECINCT 11,8
CITY OF CHICAGO-:-WARD 03 PRECINCT 12,8
CITY OF CHICAGO-:-WARD 03 PRECINCT 13,6
CITY OF CHICAGO-:-WARD 03 PRECINCT 14,6
CITY OF CHICAGO-:-WARD 03 PRECINCT 15,8
CITY OF CHICAGO-:-WARD 03 PRECINCT 16,6
CITY OF CHICAGO-:-WARD 03 PRECINCT 17,8
CITY OF CHICAGO-:-WARD 03 PRECINCT 18,8
CITY OF CHICAGO-:-WARD 03 PRECINCT 21,6
CITY OF CHICAGO-:-WARD 03 PRECINCT 23,8
CITY OF CHICAGO-:-WARD 03 PRECINCT 24,6
CITY OF CHICAGO-:-WARD 03 PRECINCT 25,6
CITY OF CHICAGO-:-WARD 03 PRECINCT 26,8
CITY OF CHICAGO-:-WARD 03 PRECINCT 27,6
CITY OF CHICAGO-:-WARD 04 PRECINCT 02,8
CITY OF CHICAGO-:-WARD 04 PRECINCT 04,8
CITY OF CHICAGO-:-WARD 04 PRECINCT 05,8
CITY OF CHICAGO-:-WARD 04 PRECINCT 06,8
CITY OF CHICAGO-:-WARD 04 PRECINCT 07,8
CITY OF CHICAGO-:-WARD 04 PRECINCT 08,8
CITY OF CHICAGO-:-WARD 04 PRECINCT 09,8
CITY OF CHICAGO-:-WARD 04 PRECINCT 10,8
CITY OF CHICAGO-:-WARD 04 PRECINCT 11,8
CITY OF CHICAGO-:-WARD 04 PRECINCT 12,8
CITY OF CHICAGO-:-WARD 04 PRECINCT 13,8
CITY OF CHICAGO-:-WARD 04 PRECINCT 14,8
CITY OF CHICAGO-:-WARD 04 PRECINCT 15,8
CITY OF CHICAGO-:-WARD 04 PRECINCT 16,8
CITY OF CHICAGO-:-WARD 04 PRECINCT 17,8
CITY OF CHICAGO-:-WARD 04 PRECINCT 18,8
CITY OF CHICAGO-:-WARD 04 PRECINCT 19,8
CITY OF CHICAGO-:-WARD 04 PRECINCT 20,8
CITY OF CHICAGO-:-WARD 04 PRECINCT 21,8
CITY OF CHICAGO-:-WARD 04 PRECINCT 22,6
CITY OF CHICAGO-:-WARD 04 PRECINCT 23,8
CITY OF CHICAGO-:-WARD 04 PRECINCT 25,6
CITY OF CHICAGO-:-WARD 04 PRECINCT 26,6
CITY OF CHICAGO-:-WARD 04 PRECINCT 27,6
CITY OF CHICAGO-:-WARD 04 PRECINCT 28,6
CITY OF CHICAGO-:-WARD 05 PRECINCT 02,8
CITY OF CHICAGO-:-WARD 05 PRECINCT 03,8
CITY OF CHICAGO-:-WARD 05 PRECINCT 04,8
CITY OF CHICAGO-:-WARD 05 PRECINCT 05,8
CITY OF CHICAGO-:-WARD 05 PRECINCT 06,8
CITY OF CHICAGO-:-WARD 05 PRECINCT 07,8
CITY OF CHICAGO-:-WARD 05 PRECINCT 08,8
CITY OF CHICAGO-:-WARD 05 PRECINCT 10,8
CITY OF CHICAGO-:-WARD 05 PRECINCT 11,8
CITY OF CHICAGO-:-WARD 05 PRECINCT 12,8
CITY OF CHICAGO-:-WARD 05 PRECINCT 13,8
CITY OF CHICAGO-:-WARD 05 PRECINCT 14,8
CITY OF CHICAGO-:-WARD 05 PRECINCT 16,8
CITY OF CHICAGO-:-WARD 05 PRECINCT 17,8
CITY OF CHICAGO-:-WARD 05 PRECINCT 18,8
CITY OF CHICAGO-:-WARD 05 PRECINCT 19,8
CITY OF CHICAGO-:-WARD 05 PRECINCT 20,8
CITY OF CHICAGO-:-WARD 05 PRECINCT 21,8
CITY OF CHICAGO-:-WARD 05 PRECINCT 22,8
CITY OF CHICAGO-:-WARD 05 PRECINCT 23,8
CITY OF CHICAGO-:-WARD 05 PRECINCT 24,8
CITY OF CHICAGO-:-WARD 05 PRECINCT 25,8
CITY OF CHICAGO-:-WARD 06 PRECINCT 01,8
CITY OF CHICAGO-:-WARD 06 PRECINCT 02,8
CITY OF CHICAGO-:-WARD 06 PRECINCT 03,8
CITY OF CHICAGO-:-WARD 06 PRECINCT 04,8
CITY OF CHICAGO-:-WARD 06 PRECINCT 05,8
CITY OF CHICAGO-:-WARD 06 PRECINCT 06,8
CITY OF CHICAGO-:-WARD 06 PRECINCT 07,8
CITY OF CHICAGO-:-WARD 06 PRECINCT 08,8
CITY OF CHICAGO-:-WARD 06 PRECINCT 09,8
CITY OF CHICAGO-:-WARD 06 PRECINCT 10,8
CITY OF CHICAGO-:-WARD 06 PRECINCT 11,8
CITY OF CHICAGO-:-WARD 06 PRECINCT 12,8
CITY OF CHICAGO-:-WARD 06 PRECINCT 13,8
CITY OF CHICAGO-:-WARD 06 PRECINCT 14,8
CITY OF CHICAGO-:-WARD 06 PRECINCT 15,8
CITY OF CHICAGO-:-WARD 06 PRECINCT 16,8
CITY OF CHICAGO-:-WARD 06 PRECINCT 17,8
CITY OF CHICAGO-:-WARD 06 PRECINCT 18,8
CITY OF CHICAGO-:-WARD 06 PRECINCT 19,8
CITY OF CHICAGO-:-WARD 06 PRECINCT 20,8
CITY OF CHICAGO-:-WARD 06 PRECINCT 21,8
CITY OF CHICAGO-:-WARD 06 PRECINCT 22,8
CITY OF CHICAGO-:-WARD 06 PRECINCT 23,8
CITY OF CHICAGO-:-WARD 06 PRECINCT 24,8
CITY OF CHICAGO-:-WARD 06 PRECINCT 25,8
CITY OF CHICAGO-:-WARD 06 PRECINCT 26,8
CITY OF CHICAGO-:-WARD 06 PRECINCT 27,8
CITY OF CHICAGO-:-WARD 07 PRECINCT 01,8
CITY OF CHICAGO-:-WARD 07 PRECINCT 03,8
CITY OF CHICAGO-:-WARD 07 PRECINCT 04,8
CITY OF CHICAGO-:-WARD 07 PRECINCT 05,8
CITY OF CHICAGO-:-WARD 07 PRECINCT 06,8
CITY OF CHICAGO-:-WARD 07 PRECINCT 07,8
CITY OF CHICAGO-:-WARD 07 PRECINCT 08,8
CITY OF CHICAGO-:-WARD 07 PRECINCT 09,8
CITY OF CHICAGO-:-WARD 07 PRECINCT 11,8
CITY OF CHICAGO-:-WARD 07 PRECINCT 14,8
CITY OF CHICAGO-:-WARD 07 PRECINCT 15,8
CITY OF CHICAGO-:-WARD 07 PRECINCT 18,8
CITY OF CHICAGO-:-WARD 07 PRECINCT 19,8
CITY OF CHICAGO-:-WARD 07 PRECINCT 20,8
CITY OF CHICAGO-:-WARD 07 PRECINCT 21,8
CITY OF CHICAGO-:-WARD 07 PRECINCT 22,8
CITY OF CHICAGO-:-WARD 07 PRECINCT 23,8
CITY OF CHICAGO-:-WARD 07 PRECINCT 24,8
CITY OF CHICAGO-:-WARD 07 PRECINCT 25,8
CITY OF CHICAGO-:-WARD 07 PRECINCT 26,8
CITY OF CHICAGO-:-WARD 07 PRECINCT 27,8
CITY OF CHICAGO-:-WARD 07 PRECINCT 28,8
CITY OF CHICAGO-:-WARD 07 PRECINCT 29,8
CITY OF CHICAGO-:-WARD 07 PRECINCT 30,8
CITY OF CHICAGO-:-WARD 07 PRECINCT 31,8
CITY OF CHICAGO-:-WARD 08 PRECINCT 01,8
CITY OF CHICAGO-:-WARD 08 PRECINCT 02,8
CITY OF CHICAGO-:-WARD 08 PRECINCT 03,8
CITY OF CHICAGO-:-WARD 08 PRECINCT 04,8
CITY OF CHICAGO-:-WARD 08 PRECINCT 05,8
CITY OF CHICAGO-:-WARD 08 PRECINCT 06,8
CITY OF CHICAGO-:-WARD 08 PRECINCT 07,8
CITY OF CHICAGO-:-WARD 08 PRECINCT 08,8
CITY OF CHICAGO-:-WARD 08 PRECINCT 09,8
CITY OF CHICAGO-:-WARD 08 PRECINCT 10,8
CITY OF CHICAGO-:-WARD 08 PRECINCT 11,8
CITY OF CHICAGO-:-WARD 08 PRECINCT 12,8
CITY OF CHICAGO-:-WARD 08 PRECINCT 13,8
CITY OF CHICAGO-:-WARD 08 PRECINCT 14,8
CITY OF CHICAGO-:-WARD 08 PRECINCT 15,8
CITY OF CHICAGO-:-WARD 08 PRECINCT 16,8
CITY OF CHICAGO-:-WARD 08 PRECINCT 17,8
CITY OF CHICAGO-:-WARD 08 PRECINCT 18,8
CITY OF CHICAGO-:-WARD 08 PRECINCT 19,8
CITY OF CHICAGO-:-WARD 08 PRECINCT 20,8
CITY OF CHICAGO-:-WARD 08 PRECINCT 21,8
CITY OF CHICAGO-:-WARD 08 PRECINCT 22,8
CITY OF CHICAGO-:-WARD 08 PRECINCT 23,8
CITY OF CHICAGO-:-WARD 08 PRECINCT 24,8
CITY OF CHICAGO-:-WARD 08 PRECINCT 25,8
CITY OF CHICAGO-:-WARD 08 PRECINCT 26,8
CITY OF CHICAGO-:-WARD 08 PRECINCT 27,8
CITY OF CHICAGO-:-WARD 08 PRECINCT 28,8
CITY OF CHICAGO-:-WARD 08 PRECINCT 29,8
CITY OF CHICAGO-:-WARD 08 PRECINCT 30,8
CITY OF CHICAGO-:-WARD 09 PRECINCT 01,8
CITY OF CHICAGO-:-WARD 09 PRECINCT 02,8
CITY OF CHICAGO-:-WARD 09 PRECINCT 03,8
CITY OF CHICAGO-:-WARD 09 PRECINCT 04,8
CITY OF CHICAGO-:-WARD 09 PRECINCT 05,8
CITY OF CHICAGO-:-WARD 09 PRECINCT 06,8
CITY OF CHICAGO-:-WARD 09 PRECINCT 07,8
CITY OF CHICAGO-:-WARD 09 PRECINCT 09,8
CITY OF CHICAGO-:-WARD 09 PRECINCT 10,8
CITY OF CHICAGO-:-WARD 09 PRECINCT 11,8
CITY OF CHICAGO-:-WARD 09 PRECINCT 12,8
CITY OF CHICAGO-:-WARD 09 PRECINCT 13,8
CITY OF CHICAGO-:-WARD 09 PRECINCT 14,8
CITY OF CHICAGO-:-WARD 09 PRECINCT 15,8
CITY OF CHICAGO-:-WARD 09 PRECINCT 16,8
CITY OF CHICAGO-:-WARD 09 PRECINCT 17,8
CITY OF CHICAGO-:-WARD 09 PRECINCT 18,8
CITY OF CHICAGO-:-WARD 09 PRECINCT 19,8
CITY OF CHICAGO-:-WARD 09 PRECINCT 20,8
CITY OF CHICAGO-:-WARD 09 PRECINCT 21,8
CITY OF CHICAGO-:-WARD 09 PRECINCT 22,8
CITY OF CHICAGO-:-WARD 09 PRECINCT 23,8
CITY OF CHICAGO-:-WARD 09 PRECINCT 24,8
CITY OF CHICAGO-:-WARD 09 PRECINCT 25,8
CITY OF CHICAGO-:-WARD 09 PRECINCT 26,8
CITY OF CHICAGO-:-WARD 09 PRECINCT 27,8
CITY OF CHICAGO-:-WARD 09 PRECINCT 28,8
CITY OF CHICAGO-:-WARD 09 PRECINCT 29,8
CITY OF CHICAGO-:-WARD 09 PRECINCT 30,8
CITY OF CHICAGO-:-WARD 10 PRECINCT 01,8
CITY OF CHICAGO-:-WARD 10 PRECINCT 02,8
CITY OF CHICAGO-:-WARD 10 PRECINCT 03,8
CITY OF CHICAGO-:-WARD 10 PRECINCT 04,8
CITY OF CHICAGO-:-WARD 10 PRECINCT 05,8
CITY OF CHICAGO-:-WARD 10 PRECINCT 06,8
CITY OF CHICAGO-:-WARD 10 PRECINCT 07,8
CITY OF CHICAGO-:-WARD 10 PRECINCT 08,8
CITY OF CHICAGO-:-WARD 10 PRECINCT 09,8
CITY OF CHICAGO-:-WARD 10 PRECINCT 10,8
CITY OF CHICAGO-:-WARD 10 PRECINCT 11,8
CITY OF CHICAGO-:-WARD 10 PRECINCT 12,8
CITY OF CHICAGO-:-WARD 10 PRECINCT 13,8
CITY OF CHICAGO-:-WARD 10 PRECINCT 14,8
CITY OF CHICAGO-:-WARD 10 PRECINCT 15,8
CITY OF CHICAGO-:-WARD 10 PRECINCT 16,8
CITY OF CHICAGO-:-WARD 10 PRECINCT 17,8
CITY OF CHICAGO-:-WARD 10 PRECINCT 18,8
CITY OF CHICAGO-:-WARD 10 PRECINCT 19,8
CITY OF CHICAGO-:-WARD 10 PRECINCT 20,8
CITY OF CHICAGO-:-WARD 10 PRECINCT 21,8
CITY OF CHICAGO-:-WARD 10 PRECINCT 22,8
CITY OF CHICAGO-:-WARD 10 PRECINCT 23,8
CITY OF CHICAGO-:-WARD 10 PRECINCT 24,8
CITY OF CHICAGO-:-WARD 10 PRECINCT 25,8
CITY OF CHICAGO-:-WARD 11 PRECINCT 01,8
CITY OF CHICAGO-:-WARD 11 PRECINCT 02,6
CITY OF CHICAGO-:-WARD 11 PRECINCT 03,6
CITY OF CHICAGO-:-WARD 11 PRECINCT 04,6
CITY OF CHICAGO-:-WARD 11 PRECINCT 05,6
CITY OF CHICAGO-:-WARD 11 PRECINCT 06,6
CITY OF CHICAGO-:-WARD 11 PRECINCT 07,6
CITY OF CHICAGO-:-WARD 11 PRECINCT 08,6
CITY OF CHICAGO-:-WARD 11 PRECINCT 09,6
CITY OF CHICAGO-:-WARD 11 PRECINCT 10,6
CITY OF CHICAGO-:-WARD 11 PRECINCT 11,6
CITY OF CHICAGO-:-WARD 11 PRECINCT 12,6
CITY OF CHICAGO-:-WARD 11 PRECINCT 13,8
CITY OF CHICAGO-:-WARD 11 PRECINCT 14,6
CITY OF CHICAGO-:-WARD 11 PRECINCT 15,6
CITY OF CHICAGO-:-WARD 11 PRECINCT 16,6
CITY OF CHICAGO-:-WARD 11 PRECINCT 17,6
CITY OF CHICAGO-:-WARD 11 PRECINCT 18,6
CITY OF CHICAGO-:-WARD 11 PRECINCT 19,6
CITY OF CHICAGO-:-WARD 11 PRECINCT 20,8
CITY OF CHICAGO-:-WARD 11 PRECINCT 21,6
CITY OF CHICAGO-:-WARD 11 PRECINCT 22,8
CITY OF CHICAGO-:-WARD 11 PRECINCT 23,8
CITY OF CHICAGO-:-WARD 12 PRECINCT 01,6
CITY OF CHICAGO-:-WARD 12 PRECINCT 02,6
CITY OF CHICAGO-:-WARD 12 PRECINCT 03,6
CITY OF CHICAGO-:-WARD 12 PRECINCT 04,6
CITY OF CHICAGO-:-WARD 12 PRECINCT 05,6
CITY OF CHICAGO-:-WARD 12 PRECINCT 06,6
CITY OF CHICAGO-:-WARD 12 PRECINCT 07,6
CITY OF CHICAGO-:-WARD 12 PRECINCT 08,6
CITY OF CHICAGO-:-WARD 12 PRECINCT 09,6
CITY OF CHICAGO-:-WARD 12 PRECINCT 10,6
CITY OF CHICAGO-:-WARD 12 PRECINCT 11,6
CITY OF CHICAGO-:-WARD 12 PRECINCT 12,6
CITY OF CHICAGO-:-WARD 12 PRECINCT 13,6
CITY OF CHICAGO-:-WARD 12 PRECINCT 14,6
CITY OF CHICAGO-:-WARD 12 PRECINCT 15,6
CITY OF CHICAGO-:-WARD 12 PRECINCT 16,6
CITY OF CHICAGO-:-WARD 12 PRECINCT 17,6
CITY OF CHICAGO-:-WARD 12 PRECINCT 18,6
CITY OF CHICAGO-:-WARD 12 PRECINCT 19,8
CITY OF CHICAGO-:-WARD 12 PRECINCT 20,6
CITY OF CHICAGO-:-WARD 12 PRECINCT 21,6
CITY OF CHICAGO-:-WARD 12 PRECINCT 22,6
CITY OF CHICAGO-:-WARD 13 PRECINCT 01,8
CITY OF CHICAGO-:-WARD 13 PRECINCT 02,8
CITY OF CHICAGO-:-WARD 13 PRECINCT 03,11
CITY OF CHICAGO-:-WARD 13 PRECINCT 04,8
CITY OF CHICAGO-:-WARD 13 PRECINCT 05,11
CITY OF CHICAGO-:-WARD 13 PRECINCT 06,11
CITY OF CHICAGO-:-WARD 13 PRECINCT 07,11
CITY OF CHICAGO-:-WARD 13 PRECINCT 08,8
CITY OF CHICAGO-:-WARD 13 PRECINCT 09,11
CITY OF CHICAGO-:-WARD 13 PRECINCT 10,11
CITY OF CHICAGO-:-WARD 13 PRECINCT 11,8
CITY OF CHICAGO-:-WARD 13 PRECINCT 12,8
CITY OF CHICAGO-:-WARD 13 PRECINCT 13,11
CITY OF CHICAGO-:-WARD 13 PRECINCT 14,8
CITY OF CHICAGO-:-WARD 13 PRECINCT 15,11
CITY OF CHICAGO-:-WARD 13 PRECINCT 16,8
CITY OF CHICAGO-:-WARD 13 PRECINCT 17,8
CITY OF CHICAGO-:-WARD 13 PRECINCT 18,8
CITY OF CHICAGO-:-WARD 13 PRECINCT 19,11
CITY OF CHICAGO-:-WARD 13 PRECINCT 20,11
CITY OF CHICAGO-:-WARD 13 PRECINCT 21,11
CITY OF CHICAGO-:-WARD 13 PRECINCT 22,8
CITY OF CHICAGO-:-WARD 13 PRECINCT 23,11
CITY OF CHICAGO-:-WARD 13 PRECINCT 24,8
CITY OF CHICAGO-:-WARD 13 PRECINCT 25,8
CITY OF CHICAGO-:-WARD 13 PRECINCT 26,8
CITY OF CHICAGO-:-WARD 13 PRECINCT 27,8
CITY OF CHICAGO-:-WARD 13 PRECINCT 28,8
CITY OF CHICAGO-:-WARD 13 PRECINCT 29,8
CITY OF CHICAGO-:-WARD 13 PRECINCT 30,11
CITY OF CHICAGO-:-WARD 13 PRECINCT 31,11
CITY OF CHICAGO-:-WARD 13 PRECINCT 32,8
CITY OF CHICAGO-:-WARD 13 PRECINCT 33,8
CITY OF CHICAGO-:-WARD 13 PRECINCT 34,11
CITY OF CHICAGO-:-WARD 13 PRECINCT 35,8
CITY OF CHICAGO-:-WARD 13 PRECINCT 36,8
CITY OF CHICAGO-:-WARD 13 PRECINCT 37,11
CITY OF CHICAGO-:-WARD 13 PRECINCT 38,8
CITY OF CHICAGO-:-WARD 13 PRECINCT 39,11
CITY OF CHICAGO-:-WARD 13 PRECINCT 40,11
CITY OF CHICAGO-:-WARD 14 PRECINCT 02,6
CITY OF CHICAGO-:-WARD 14 PRECINCT 03,6
CITY OF CHICAGO-:-WARD 14 PRECINCT 04,8
CITY OF CHICAGO-:-WARD 14 PRECINCT 05,6
CITY OF CHICAGO-:-WARD 14 PRECINCT 06,6
CITY OF CHICAGO-:-WARD 14 PRECINCT 07,6
CITY OF CHICAGO-:-WARD 14 PRECINCT 08,6
CITY OF CHICAGO-:-WARD 14 PRECINCT 09,6
CITY OF CHICAGO-:-WARD 14 PRECINCT 10,6
CITY OF CHICAGO-:-WARD 14 PRECINCT 11,6
CITY OF CHICAGO-:-WARD 14 PRECINCT 12,6
CITY OF CHICAGO-:-WARD 14 PRECINCT 13,6
CITY OF CHICAGO-:-WARD 14 PRECINCT 14,6
CITY OF CHICAGO-:-WARD 14 PRECINCT 15,6
CITY OF CHICAGO-:-WARD 15 PRECINCT 01,8
CITY OF CHICAGO-:-WARD 15 PRECINCT 02,8
CITY OF CHICAGO-:-WARD 15 PRECINCT 03,6
CITY OF CHICAGO-:-WARD 15 PRECINCT 04,6
CITY OF CHICAGO-:-WARD 15 PRECINCT 05,6
CITY OF CHICAGO-:-WARD 15 PRECINCT 06,6
CITY OF CHICAGO-:-WARD 15 PRECINCT 07,6
CITY OF CHICAGO-:-WARD 15 PRECINCT 08,6
CITY OF CHICAGO-:-WARD 15 PRECINCT 09,6
CITY OF CHICAGO-:-WARD 15 PRECINCT 11,6
CITY OF CHICAGO-:-WARD 15 PRECINCT 12,6
CITY OF CHICAGO-:-WARD 15 PRECINCT 13,6
CITY OF CHICAGO-:-WARD 15 PRECINCT 14,6
CITY OF CHICAGO-:-WARD 15 PRECINCT 15,6
CITY OF CHICAGO-:-WARD 15 PRECINCT 16,6
CITY OF CHICAGO-:-WARD 15 PRECINCT 17,6
CITY OF CHICAGO-:-WARD 15 PRECINCT 18,8
CITY OF CHICAGO-:-WARD 15 PRECINCT 19,8
CITY OF CHICAGO-:-WARD 15 PRECINCT 20,6
CITY OF CHICAGO-:-WARD 16 PRECINCT 01,6
CITY OF CHICAGO-:-WARD 16 PRECINCT 02,6
CITY OF CHICAGO-:-WARD 16 PRECINCT 03,8
CITY OF CHICAGO-:-WARD 16 PRECINCT 04,8
CITY OF CHICAGO-:-WARD 16 PRECINCT 05,6
CITY OF CHICAGO-:-WARD 16 PRECINCT 06,6
CITY OF CHICAGO-:-WARD 16 PRECINCT 08,6
CITY OF CHICAGO-:-WARD 16 PRECINCT 09,6
CITY OF CHICAGO-:-WARD 16 PRECINCT 10,8
CITY OF CHICAGO-:-WARD 16 PRECINCT 11,8
CITY OF CHICAGO-:-WARD 16 PRECINCT 12,6
CITY OF CHICAGO-:-WARD 16 PRECINCT 13,6
CITY OF CHICAGO-:-WARD 16 PRECINCT 14,8
CITY OF CHICAGO-:-WARD 16 PRECINCT 15,8
CITY OF CHICAGO-:-WARD 16 PRECINCT 16,8
CITY OF CHICAGO-:-WARD 16 PRECINCT 17,6
CITY OF CHICAGO-:-WARD 16 PRECINCT 18,6
CITY OF CHICAGO-:-WARD 16 PRECINCT 19,6
CITY OF CHICAGO-:-WARD 16 PRECINCT 21,8
CITY OF CHICAGO-:-WARD 16 PRECINCT 22,6
CITY OF CHICAGO-:-WARD 16 PRECINCT 24,8
CITY OF CHICAGO-:-WARD 16 PRECINCT 25,8
CITY OF CHICAGO-:-WARD 17 PRECINCT 01,6
CITY OF CHICAGO-:-WARD 17 PRECINCT 03,8
CITY OF CHICAGO-:-WARD 17 PRECINCT 04,8
CITY OF CHICAGO-:-WARD 17 PRECINCT 05,8
CITY OF CHICAGO-:-WARD 17 PRECINCT 06,8
CITY OF CHICAGO-:-WARD 17 PRECINCT 07,8
CITY OF CHICAGO-:-WARD 17 PRECINCT 08,8
CITY OF CHICAGO-:-WARD 17 PRECINCT 09,8
CITY OF CHICAGO-:-WARD 17 PRECINCT 10,8
CITY OF CHICAGO-:-WARD 17 PRECINCT 11,8
CITY OF CHICAGO-:-WARD 17 PRECINCT 12,8
CITY OF CHICAGO-:-WARD 17 PRECINCT 13,8
CITY OF CHICAGO-:-WARD 17 PRECINCT 15,8
CITY OF CHICAGO-:-WARD 17 PRECINCT 16,8
CITY OF CHICAGO-:-WARD 17 PRECINCT 17,8
CITY OF CHICAGO-:-WARD 17 PRECINCT 18,8
CITY OF CHICAGO-:-WARD 17 PRECINCT 19,8
CITY OF CHICAGO-:-WARD 17 PRECINCT 20,8
CITY OF CHICAGO-:-WARD 17 PRECINCT 21,8
CITY OF CHICAGO-:-WARD 17 PRECINCT 22,8
CITY OF CHICAGO-:-WARD 17 PRECINCT 23,8
CITY OF CHICAGO-:-WARD 17 PRECINCT 24,8
CITY OF CHICAGO-:-WARD 17 PRECINCT 25,8
CITY OF CHICAGO-:-WARD 17 PRECINCT 26,8
CITY OF CHICAGO-:-WARD 17 PRECINCT 27,8
CITY OF CHICAGO-:-WARD 17 PRECINCT 28,8
CITY OF CHICAGO-:-WARD 17 PRECINCT 29,8
CITY OF CHICAGO-:-WARD 18 PRECINCT 01,8
CITY OF CHICAGO-:-WARD 18 PRECINCT 02,8
CITY OF CHICAGO-:-WARD 18 PRECINCT 03,8
CITY OF CHICAGO-:-WARD 18 PRECINCT 04,8
CITY OF CHICAGO-:-WARD 18 PRECINCT 05,8
CITY OF CHICAGO-:-WARD 18 PRECINCT 06,8
CITY OF CHICAGO-:-WARD 18 PRECINCT 07,8
CITY OF CHICAGO-:-WARD 18 PRECINCT 08,8
CITY OF CHICAGO-:-WARD 18 PRECINCT 09,8
CITY OF CHICAGO-:-WARD 18 PRECINCT 10,8
CITY OF CHICAGO-:-WARD 18 PRECINCT 11,8
CITY OF CHICAGO-:-WARD 18 PRECINCT 12,8
CITY OF CHICAGO-:-WARD 18 PRECINCT 13,8
CITY OF CHICAGO-:-WARD 18 PRECINCT 14,6
CITY OF CHICAGO-:-WARD 18 PRECINCT 15,8
CITY OF CHICAGO-:-WARD 18 PRECINCT 16,6
CITY OF CHICAGO-:-WARD 18 PRECINCT 17,8
CITY OF CHICAGO-:-WARD 18 PRECINCT 19,8
CITY OF CHICAGO-:-WARD 18 PRECINCT 20,8
CITY OF CHICAGO-:-WARD 18 PRECINCT 21,8
CITY OF CHICAGO-:-WARD 18 PRECINCT 22,8
CITY OF CHICAGO-:-WARD 18 PRECINCT 23,8
CITY OF CHICAGO-:-WARD 18 PRECINCT 24,8
CITY OF CHICAGO-:-WARD 18 PRECINCT 25,8
CITY OF CHICAGO-:-WARD 18 PRECINCT 26,8
CITY OF CHICAGO-:-WARD 19 PRECINCT 01,8
CITY OF CHICAGO-:-WARD 19 PRECINCT 02,8
CITY OF CHICAGO-:-WARD 19 PRECINCT 03,8
CITY OF CHICAGO-:-WARD 19 PRECINCT 04,8
CITY OF CHICAGO-:-WARD 19 PRECINCT 05,8
CITY OF CHICAGO-:-WARD 19 PRECINCT 06,8
CITY OF CHICAGO-:-WARD 19 PRECINCT 07,8
CITY OF CHICAGO-:-WARD 19 PRECINCT 08,8
CITY OF CHICAGO-:-WARD 19 PRECINCT 09,8
CITY OF CHICAGO-:-WARD 19 PRECINCT 12,8
CITY OF CHICAGO-:-WARD 19 PRECINCT 13,8
CITY OF CHICAGO-:-WARD 19 PRECINCT 14,8
CITY OF CHICAGO-:-WARD 19 PRECINCT 15,8
CITY OF CHICAGO-:-WARD 19 PRECINCT 16,8
CITY OF CHICAGO-:-WARD 19 PRECINCT 17,8
CITY OF CHICAGO-:-WARD 19 PRECINCT 18,8
CITY OF CHICAGO-:-WARD 19 PRECINCT 20,8
CITY OF CHICAGO-:-WARD 19 PRECINCT 21,8
CITY OF CHICAGO-:-WARD 19 PRECINCT 22,8
CITY OF CHICAGO-:-WARD 19 PRECINCT 23,8
CITY OF CHICAGO-:-WARD 19 PRECINCT 24,8
CITY OF CHICAGO-:-WARD 19 PRECINCT 27,8
CITY OF CHICAGO-:-WARD 19 PRECINCT 28,8
CITY OF CHICAGO-:-WARD 19 PRECINCT 29,8
CITY OF CHICAGO-:-WARD 19 PRECINCT 30,8
CITY OF CHICAGO-:-WARD 19 PRECINCT 32,8
CITY OF CHICAGO-:-WARD 19 PRECINCT 33,8
CITY OF CHICAGO-:-WARD 19 PRECINCT 34,8
CITY OF CHICAGO-:-WARD 19 PRECINCT 35,8
CITY OF CHICAGO-:-WARD 20 PRECINCT 02,6
CITY OF CHICAGO-:-WARD 20 PRECINCT 04,6
CITY OF CHICAGO-:-WARD 20 PRECINCT 06,6
CITY OF CHICAGO-:-WARD 20 PRECINCT 07,8
CITY OF CHICAGO-:-WARD 20 PRECINCT 09,8
CITY OF CHICAGO-:-WARD 20 PRECINCT 10,8
CITY OF CHICAGO-:-WARD 20 PRECINCT 11,8
CITY OF CHICAGO-:-WARD 20 PRECINCT 12,8
CITY OF CHICAGO-:-WARD 20 PRECINCT 13,8
CITY OF CHICAGO-:-WARD 20 PRECINCT 15,8
CITY OF CHICAGO-:-WARD 20 PRECINCT 16,8
CITY OF CHICAGO-:-WARD 20 PRECINCT 17,8
CITY OF CHICAGO-:-WARD 20 PRECINCT 18,8
CITY OF CHICAGO-:-WARD 20 PRECINCT 19,8
CITY OF CHICAGO-:-WARD 20 PRECINCT 20,8
CITY OF CHICAGO-:-WARD 20 PRECINCT 21,8
CITY OF CHICAGO-:-WARD 20 PRECINCT 22,8
CITY OF CHICAGO-:-WARD 20 PRECINCT 23,6
CITY OF CHICAGO-:-WARD 21 PRECINCT 01,8
CITY OF CHICAGO-:-WARD 21 PRECINCT 02,8
CITY OF CHICAGO-:-WARD 21 PRECINCT 03,8
CITY OF CHICAGO-:-WARD 21 PRECINCT 04,8
CITY OF CHICAGO-:-WARD 21 PRECINCT 05,8
CITY OF CHICAGO-:-WARD 21 PRECINCT 06,8
CITY OF CHICAGO-:-WARD 21 PRECINCT 07,8
CITY OF CHICAGO-:-WARD 21 PRECINCT 08,8
CITY OF CHICAGO-:-WARD 21 PRECINCT 09,8
CITY OF CHICAGO-:-WARD 21 PRECINCT 10,8
CITY OF CHICAGO-:-WARD 21 PRECINCT 11,8
CITY OF CHICAGO-:-WARD 21 PRECINCT 12,8
CITY OF CHICAGO-:-WARD 21 PRECINCT 13,8
CITY OF CHICAGO-:-WARD 21 PRECINCT 14,8
CITY OF CHICAGO-:-WARD 21 PRECINCT 15,8
CITY OF CHICAGO-:-WARD 21 PRECINCT 16,8
CITY OF CHICAGO-:-WARD 21 PRECINCT 17,8
CITY OF CHICAGO-:-WARD 21 PRECINCT 18,8
CITY OF CHICAGO-:-WARD 21 PRECINCT 19,8
CITY OF CHICAGO-:-WARD 21 PRECINCT 20,8
CITY OF CHICAGO-:-WARD 21 PRECINCT 21,8
CITY OF CHICAGO-:-WARD 21 PRECINCT 22,8
CITY OF CHICAGO-:-WARD 21 PRECINCT 23,8
CITY OF CHICAGO-:-WARD 21 PRECINCT 24,8
CITY OF CHICAGO-:-WARD 21 PRECINCT 25,8
CITY OF CHICAGO-:-WARD 21 PRECINCT 26,8
CITY OF CHICAGO-:-WARD 21 PRECINCT 27,8
CITY OF CHICAGO-:-WARD 21 PRECINCT 28,8
CITY OF CHICAGO-:-WARD 21 PRECINCT 29,8
CITY OF CHICAGO-:-WARD 22 PRECINCT 01,6
CITY OF CHICAGO-:-WARD 22 PRECINCT 03,6
CITY OF CHICAGO-:-WARD 22 PRECINCT 04,6
CITY OF CHICAGO-:-WARD 22 PRECINCT 05,6
CITY OF CHICAGO-:-WARD 22 PRECINCT 06,6
CITY OF CHICAGO-:-WARD 22 PRECINCT 07,6
CITY OF CHICAGO-:-WARD 22 PRECINCT 08,6
CITY OF CHICAGO-:-WARD 22 PRECINCT 09,6
CITY OF CHICAGO-:-WARD 22 PRECINCT 10,6
CITY OF CHICAGO-:-WARD 22 PRECINCT 11,6
CITY OF CHICAGO-:-WARD 22 PRECINCT 12,6
CITY OF CHICAGO-:-WARD 22 PRECINCT 13,6
CITY OF CHICAGO-:-WARD 22 PRECINCT 14,6
CITY OF CHICAGO-:-WARD 22 PRECINCT 15,6
CITY OF CHICAGO-:-WARD 22 PRECINCT 16,6
CITY OF CHICAGO-:-WARD 22 PRECINCT 17,6
CITY OF CHICAGO-:-WARD 22 PRECINCT 18,6
CITY OF CHICAGO-:-WARD 22 PRECINCT 19,6
CITY OF CHICAGO-:-WARD 23 PRECINCT 01,11
CITY OF CHICAGO-:-WARD 23 PRECINCT 02,11
CITY OF CHICAGO-:-WARD 23 PRECINCT 03,11
CITY OF CHICAGO-:-WARD 23 PRECINCT 04,11
CITY OF CHICAGO-:-WARD 23 PRECINCT 05,11
CITY OF CHICAGO-:-WARD 23 PRECINCT 06,11
CITY OF CHICAGO-:-WARD 23 PRECINCT 07,11
CITY OF CHICAGO-:-WARD 23 PRECINCT 08,11
CITY OF CHICAGO-:-WARD 23 PRECINCT 09,8
CITY OF CHICAGO-:-WARD 23 PRECINCT 10,8
CITY OF CHICAGO-:-WARD 23 PRECINCT 11,8
CITY OF CHICAGO-:-WARD 23 PRECINCT 12,8
CITY OF CHICAGO-:-WARD 23 PRECINCT 13,6
CITY OF CHICAGO-:-WARD 23 PRECINCT 14,6
CITY OF CHICAGO-:-WARD 23 PRECINCT 15,6
CITY OF CHICAGO-:-WARD 23 PRECINCT 16,6
CITY OF CHICAGO-:-WARD 23 PRECINCT 17,6
CITY OF CHICAGO-:-WARD 23 PRECINCT 18,8
CITY OF CHICAGO-:-WARD 23 PRECINCT 19,8
CITY OF CHICAGO-:-WARD 23 PRECINCT 20,8
CITY OF CHICAGO-:-WARD 23 PRECINCT 21,8
CITY OF CHICAGO-:-WARD 23 PRECINCT 22,8
CITY OF CHICAGO-:-WARD 23 PRECINCT 23,8
CITY OF CHICAGO-:-WARD 23 PRECINCT 24,8
CITY OF CHICAGO-:-WARD 23 PRECINCT 25,8
CITY OF CHICAGO-:-WARD 23 PRECINCT 26,8
CITY OF CHICAGO-:-WARD 23 PRECINCT 27,8
CITY OF CHICAGO-:-WARD 23 PRECINCT 28,8
CITY OF CHICAGO-:-WARD 23 PRECINCT 29,8
CITY OF CHICAGO-:-WARD 23 PRECINCT 30,8
CITY OF CHICAGO-:-WARD 23 PRECINCT 31,8
CITY OF CHICAGO-:-WARD 23 PRECINCT 32,8
CITY OF CHICAGO-:-WARD 23 PRECINCT 33,8
CITY OF CHICAGO-:-WARD 24 PRECINCT 01,6
CITY OF CHICAGO-:-WARD 24 PRECINCT 02,6
CITY OF CHICAGO-:-WARD 24 PRECINCT 03,6
CITY OF CHICAGO-:-WARD 24 PRECINCT 04,6
CITY OF CHICAGO-:-WARD 24 PRECINCT 05,6
CITY OF CHICAGO-:-WARD 24 PRECINCT 06,6
CITY OF CHICAGO-:-WARD 24 PRECINCT 07,6
CITY OF CHICAGO-:-WARD 24 PRECINCT 08,6
CITY OF CHICAGO-:-WARD 24 PRECINCT 09,6
CITY OF CHICAGO-:-WARD 24 PRECINCT 10,6
CITY OF CHICAGO-:-WARD 24 PRECINCT 11,6
CITY OF CHICAGO-:-WARD 24 PRECINCT 12,6
CITY OF CHICAGO-:-WARD 24 PRECINCT 13,6
CITY OF CHICAGO-:-WARD 24 PRECINCT 14,6
CITY OF CHICAGO-:-WARD 24 PRECINCT 15,6
CITY OF CHICAGO-:-WARD 24 PRECINCT 16,6
CITY OF CHICAGO-:-WARD 24 PRECINCT 17,6
CITY OF CHICAGO-:-WARD 24 PRECINCT 19,6
CITY OF CHICAGO-:-WARD 24 PRECINCT 20,6
CITY OF CHICAGO-:-WARD 25 PRECINCT 01,6
CITY OF CHICAGO-:-WARD 25 PRECINCT 02,6
CITY OF CHICAGO-:-WARD 25 PRECINCT 04,6
CITY OF CHICAGO-:-WARD 25 PRECINCT 05,6
CITY OF CHICAGO-:-WARD 25 PRECINCT 06,6
CITY OF CHICAGO-:-WARD 25 PRECINCT 07,6
CITY OF CHICAGO-:-WARD 25 PRECINCT 08,6
CITY OF CHICAGO-:-WARD 25 PRECINCT 09,6
CITY OF CHICAGO-:-WARD 25 PRECINCT 10,6
CITY OF CHICAGO-:-WARD 25 PRECINCT 11,6
CITY OF CHICAGO-:-WARD 25 PRECINCT 12,6
CITY OF CHICAGO-:-WARD 25 PRECINCT 14,6
CITY OF CHICAGO-:-WARD 25 PRECINCT 15,8
CITY OF CHICAGO-:-WARD 25 PRECINCT 16,6
CITY OF CHICAGO-:-WARD 25 PRECINCT 17,8
CITY OF CHICAGO-:-WARD 26 PRECINCT 01,4
CITY OF CHICAGO-:-WARD 26 PRECINCT 02,3
CITY OF CHICAGO-:-WARD 26 PRECINCT 03,3
CITY OF CHICAGO-:-WARD 26 PRECINCT 04,4
CITY OF CHICAGO-:-WARD 26 PRECINCT 05,3
CITY OF CHICAGO-:-WARD 26 PRECINCT 06,3
CITY OF CHICAGO-:-WARD 26 PRECINCT 07,3
CITY OF CHICAGO-:-WARD 26 PRECINCT 08,3
CITY OF CHICAGO-:-WARD 26 PRECINCT 09,3
CITY OF CHICAGO-:-WARD 26 PRECINCT 10,3
CITY OF CHICAGO-:-WARD 26 PRECINCT 11,3
CITY OF CHICAGO-:-WARD 26 PRECINCT 12,3
CITY OF CHICAGO-:-WARD 26 PRECINCT 13,3
CITY OF CHICAGO-:-WARD 26 PRECINCT 14,3
CITY OF CHICAGO-:-WARD 26 PRECINCT 15,6
CITY OF CHICAGO-:-WARD 26 PRECINCT 16,3
CITY OF CHICAGO-:-WARD 26 PRECINCT 17,3
CITY OF CHICAGO-:-WARD 26 PRECINCT 18,4
CITY OF CHICAGO-:-WARD 26 PRECINCT 19,3
CITY OF CHICAGO-:-WARD 26 PRECINCT 20,3
CITY OF CHICAGO-:-WARD 26 PRECINCT 21,4
CITY OF CHICAGO-:-WARD 26 PRECINCT 22,6
CITY OF CHICAGO-:-WARD 26 PRECINCT 23,3
CITY OF CHICAGO-:-WARD 26 PRECINCT 24,3
CITY OF CHICAGO-:-WARD 26 PRECINCT 25,3
CITY OF CHICAGO-:-WARD 26 PRECINCT 26,6
CITY OF CHICAGO-:-WARD 26 PRECINCT 28,3
CITY OF CHICAGO-:-WARD 26 PRECINCT 29,3
CITY OF CHICAGO-:-WARD 26 PRECINCT 30,3
CITY OF CHICAGO-:-WARD 26 PRECINCT 31,6
CITY OF CHICAGO-:-WARD 26 PRECINCT 32,3
CITY OF CHICAGO-:-WARD 27 PRECINCT 01,3
CITY OF CHICAGO-:-WARD 27 PRECINCT 02,6
CITY OF CHICAGO-:-WARD 27 PRECINCT 03,3
CITY OF CHICAGO-:-WARD 27 PRECINCT 04,3
CITY OF CHICAGO-:-WARD 27 PRECINCT 05,3
CITY OF CHICAGO-:-WARD 27 PRECINCT 06,6
CITY OF CHICAGO-:-WARD 27 PRECINCT 07,6
CITY OF CHICAGO-:-WARD 27 PRECINCT 08,3
CITY OF CHICAGO-:-WARD 27 PRECINCT 10,3
CITY OF CHICAGO-:-WARD 27 PRECINCT 11,6
CITY OF CHICAGO-:-WARD 27 PRECINCT 14,3
CITY OF CHICAGO-:-WARD 27 PRECINCT 15,4
CITY OF CHICAGO-:-WARD 27 PRECINCT 16,6
CITY OF CHICAGO-:-WARD 27 PRECINCT 17,3
CITY OF CHICAGO-:-WARD 27 PRECINCT 18,6
CITY OF CHICAGO-:-WARD 27 PRECINCT 19,3
CITY OF CHICAGO-:-WARD 27 PRECINCT 20,4
CITY OF CHICAGO-:-WARD 27 PRECINCT 22,3
CITY OF CHICAGO-:-WARD 27 PRECINCT 23,3
CITY OF CHICAGO-:-WARD 27 PRECINCT 24,3
CITY OF CHICAGO-:-WARD 27 PRECINCT 25,3
CITY OF CHICAGO-:-WARD 27 PRECINCT 26,3
CITY OF CHICAGO-:-WARD 27 PRECINCT 27,3
CITY OF CHICAGO-:-WARD 27 PRECINCT 28,4
CITY OF CHICAGO-:-WARD 27 PRECINCT 29,6
CITY OF CHICAGO-:-WARD 28 PRECINCT 01,6
CITY OF CHICAGO-:-WARD 28 PRECINCT 02,6
CITY OF CHICAGO-:-WARD 28 PRECINCT 03,6
CITY OF CHICAGO-:-WARD 28 PRECINCT 04,6
CITY OF CHICAGO-:-WARD 28 PRECINCT 05,6
CITY OF CHICAGO-:-WARD 28 PRECINCT 06,6
CITY OF CHICAGO-:-WARD 28 PRECINCT 07,6
CITY OF CHICAGO-:-WARD 28 PRECINCT 08,6
CITY OF CHICAGO-:-WARD 28 PRECINCT 09,3
CITY OF CHICAGO-:-WARD 28 PRECINCT 10,6
CITY OF CHICAGO-:-WARD 28 PRECINCT 11,6
CITY OF CHICAGO-:-WARD 28 PRECINCT 12,6
CITY OF CHICAGO-:-WARD 28 PRECINCT 13,6
CITY OF CHICAGO-:-WARD 28 PRECINCT 14,6
CITY OF CHICAGO-:-WARD 28 PRECINCT 15,6
CITY OF CHICAGO-:-WARD 28 PRECINCT 16,6
CITY OF CHICAGO-:-WARD 28 PRECINCT 18,6
CITY OF CHICAGO-:-WARD 28 PRECINCT 19,6
CITY OF CHICAGO-:-WARD 28 PRECINCT 20,6
CITY OF CHICAGO-:-WARD 28 PRECINCT 21,6
CITY OF CHICAGO-:-WARD 28 PRECINCT 22,6
CITY OF CHICAGO-:-WARD 28 PRECINCT 23,6
CITY OF CHICAGO-:-WARD 28 PRECINCT 24,6
CITY OF CHICAGO-:-WARD 28 PRECINCT 25,6
CITY OF CHICAGO-:-WARD 28 PRECINCT 26,6
CITY OF CHICAGO-:-WARD 29 PRECINCT 01,1
CITY OF CHICAGO-:-WARD 29 PRECINCT 02,1
CITY OF CHICAGO-:-WARD 29 PRECINCT 03,1
CITY OF CHICAGO-:-WARD 29 PRECINCT 06,1
CITY OF CHICAGO-:-WARD 29 PRECINCT 07,1
CITY OF CHICAGO-:-WARD 29 PRECINCT 08,1
CITY OF CHICAGO-:-WARD 29 PRECINCT 09,1
CITY OF CHICAGO-:-WARD 29 PRECINCT 10,1
CITY OF CHICAGO-:-WARD 29 PRECINCT 11,1
CITY OF CHICAGO-:-WARD 29 PRECINCT 12,1
CITY OF CHICAGO-:-WARD 29 PRECINCT 13,6
CITY OF CHICAGO-:-WARD 29 PRECINCT 14,6
CITY OF CHICAGO-:-WARD 29 PRECINCT 15,6
CITY OF CHICAGO-:-WARD 29 PRECINCT 16,6
CITY OF CHICAGO-:-WARD 29 PRECINCT 17,1
CITY OF CHICAGO-:-WARD 29 PRECINCT 18,6
CITY OF CHICAGO-:-WARD 29 PRECINCT 19,6
CITY OF CHICAGO-:-WARD 29 PRECINCT 20,6
CITY OF CHICAGO-:-WARD 29 PRECINCT 21,6
CITY OF CHICAGO-:-WARD 29 PRECINCT 22,6
CITY OF CHICAGO-:-WARD 29 PRECINCT 23,6
CITY OF CHICAGO-:-WARD 29 PRECINCT 24,6
CITY OF CHICAGO-:-WARD 30 PRECINCT 01,4
CITY OF CHICAGO-:-WARD 30 PRECINCT 02,4
CITY OF CHICAGO-:-WARD 30 PRECINCT 04,4
CITY OF CHICAGO-:-WARD 30 PRECINCT 05,4
CITY OF CHICAGO-:-WARD 30 PRECINCT 06,1
CITY OF CHICAGO-:-WARD 30 PRECINCT 07,1
CITY OF CHICAGO-:-WARD 30 PRECINCT 08,4
CITY OF CHICAGO-:-WARD 30 PRECINCT 09,4
CITY OF CHICAGO-:-WARD 30 PRECINCT 10,4
CITY OF CHICAGO-:-WARD 30 PRECINCT 11,4
CITY OF CHICAGO-:-WARD 30 PRECINCT 12,4
CITY OF CHICAGO-:-WARD 30 PRECINCT 13,4
CITY OF CHICAGO-:-WARD 30 PRECINCT 14,4
CITY OF CHICAGO-:-WARD 30 PRECINCT 16,4
CITY OF CHICAGO-:-WARD 30 PRECINCT 17,4
CITY OF CHICAGO-:-WARD 30 PRECINCT 18,4
CITY OF CHICAGO-:-WARD 30 PRECINCT 19,1
CITY OF CHICAGO-:-WARD 30 PRECINCT 20,1
CITY OF CHICAGO-:-WARD 30 PRECINCT 21,4
CITY OF CHICAGO-:-WARD 30 PRECINCT 24,4
CITY OF CHICAGO-:-WARD 30 PRECINCT 25,4
CITY OF CHICAGO-:-WARD 30 PRECINCT 26,4
CITY OF CHICAGO-:-WARD 31 PRECINCT 01,4
CITY OF CHICAGO-:-WARD 31 PRECINCT 02,4
CITY OF CHICAGO-:-WARD 31 PRECINCT 03,4
CITY OF CHICAGO-:-WARD 31 PRECINCT 04,4
CITY OF CHICAGO-:-WARD 31 PRECINCT 05,4
CITY OF CHICAGO-:-WARD 31 PRECINCT 06,4
CITY OF CHICAGO-:-WARD 31 PRECINCT 07,1
CITY OF CHICAGO-:-WARD 31 PRECINCT 08,4
CITY OF CHICAGO-:-WARD 31 PRECINCT 09,4
CITY OF CHICAGO-:-WARD 31 PRECINCT 10,4
CITY OF CHICAGO-:-WARD 31 PRECINCT 11,4
CITY OF CHICAGO-:-WARD 31 PRECINCT 12,4
CITY OF CHICAGO-:-WARD 31 PRECINCT 13,4
CITY OF CHICAGO-:-WARD 31 PRECINCT 14,4
CITY OF CHICAGO-:-WARD 31 PRECINCT 15,4
CITY OF CHICAGO-:-WARD 31 PRECINCT 16,4
CITY OF CHICAGO-:-WARD 31 PRECINCT 17,4
CITY OF CHICAGO-:-WARD 31 PRECINCT 18,4
CITY OF CHICAGO-:-WARD 31 PRECINCT 19,4
CITY OF CHICAGO-:-WARD 31 PRECINCT 20,4
CITY OF CHICAGO-:-WARD 31 PRECINCT 21,4
CITY OF CHICAGO-:-WARD 31 PRECINCT 22,4
CITY OF CHICAGO-:-WARD 31 PRECINCT 23,4
CITY OF CHICAGO-:-WARD 32 PRECINCT 01,4
CITY OF CHICAGO-:-WARD 32 PRECINCT 02,4
CITY OF CHICAGO-:-WARD 32 PRECINCT 03,4
CITY OF CHICAGO-:-WARD 32 PRECINCT 04,4
CITY OF CHICAGO-:-WARD 32 PRECINCT 05,4
CITY OF CHICAGO-:-WARD 32 PRECINCT 06,4
CITY OF CHICAGO-:-WARD 32 PRECINCT 07,4
CITY OF CHICAGO-:-WARD 32 PRECINCT 08,4
CITY OF CHICAGO-:-WARD 32 PRECINCT 09,4
CITY OF CHICAGO-:-WARD 32 PRECINCT 10,4
CITY OF CHICAGO-:-WARD 32 PRECINCT 11,4
CITY OF CHICAGO-:-WARD 32 PRECINCT 12,4
CITY OF CHICAGO-:-WARD 32 PRECINCT 13,4
CITY OF CHICAGO-:-WARD 32 PRECINCT 14,4
CITY OF CHICAGO-:-WARD 32 PRECINCT 15,4
CITY OF CHICAGO-:-WARD 32 PRECINCT 16,4
CITY OF CHICAGO-:-WARD 32 PRECINCT 17,4
CITY OF CHICAGO-:-WARD 32 PRECINCT 18,4
CITY OF CHICAGO-:-WARD 32 PRECINCT 20,4
CITY OF CHICAGO-:-WARD 32 PRECINCT 21,4
CITY OF CHICAGO-:-WARD 32 PRECINCT 22,4
CITY OF CHICAGO-:-WARD 32 PRECINCT 23,4
CITY OF CHICAGO-:-WARD 32 PRECINCT 24,6
CITY OF CHICAGO-:-WARD 32 PRECINCT 25,4
CITY OF CHICAGO-:-WARD 32 PRECINCT 26,6
CITY OF CHICAGO-:-WARD 32 PRECINCT 27,6
CITY OF CHICAGO-:-WARD 32 PRECINCT 28,6
CITY OF CHICAGO-:-WARD 32 PRECINCT 29,4
CITY OF CHICAGO-:-WARD 32 PRECINCT 30,6
CITY OF CHICAGO-:-WARD 33 PRECINCT 01,4
CITY OF CHICAGO-:-WARD 33 PRECINCT 02,4
CITY OF CHICAGO-:-WARD 33 PRECINCT 03,4
CITY OF CHICAGO-:-WARD 33 PRECINCT 04,4
CITY OF CHICAGO-:-WARD 33 PRECINCT 05,4
CITY OF CHICAGO-:-WARD 33 PRECINCT 06,4
CITY OF CHICAGO-:-WARD 33 PRECINCT 07,4
CITY OF CHICAGO-:-WARD 33 PRECINCT 08,1
CITY OF CHICAGO-:-WARD 33 PRECINCT 09,4
CITY OF CHICAGO-:-WARD 33 PRECINCT 10,4
CITY OF CHICAGO-:-WARD 33 PRECINCT 11,4
CITY OF CHICAGO-:-WARD 33 PRECINCT 12,4
CITY OF CHICAGO-:-WARD 33 PRECINCT 13,4
CITY OF CHICAGO-:-WARD 33 PRECINCT 14,4
CITY OF CHICAGO-:-WARD 33 PRECINCT 15,4
CITY OF CHICAGO-:-WARD 33 PRECINCT 17,4
CITY OF CHICAGO-:-WARD 34 PRECINCT 01,3
CITY OF CHICAGO-:-WARD 34 PRECINCT 02,6
CITY OF CHICAGO-:-WARD 34 PRECINCT 03,6
CITY OF CHICAGO-:-WARD 34 PRECINCT 04,6
CITY OF CHICAGO-:-WARD 34 PRECINCT 05,6
CITY OF CHICAGO-:-WARD 34 PRECINCT 06,6
CITY OF CHICAGO-:-WARD 34 PRECINCT 07,6
CITY OF CHICAGO-:-WARD 34 PRECINCT 08,6
CITY OF CHICAGO-:-WARD 34 PRECINCT 09,6
CITY OF CHICAGO-:-WARD 34 PRECINCT 10,6
CITY OF CHICAGO-:-WARD 34 PRECINCT 11,6
CITY OF CHICAGO-:-WARD 34 PRECINCT 12,6
CITY OF CHICAGO-:-WARD 34 PRECINCT 13,6
CITY OF CHICAGO-:-WARD 34 PRECINCT 14,6
CITY OF CHICAGO-:-WARD 34 PRECINCT 15,6
CITY OF CHICAGO-:-WARD 34 PRECINCT 16,6
CITY OF CHICAGO-:-WARD 34 PRECINCT 17,6
CITY OF CHICAGO-:-WARD 34 PRECINCT 18,6
CITY OF CHICAGO-:-WARD 34 PRECINCT 19,6
CITY OF CHICAGO-:-WARD 34 PRECINCT 20,6
CITY OF CHICAGO-:-WARD 35 PRECINCT 01,4
CITY OF CHICAGO-:-WARD 35 PRECINCT 02,4
CITY OF CHICAGO-:-WARD 35 PRECINCT 03,3
CITY OF CHICAGO-:-WARD 35 PRECINCT 04,4
CITY OF CHICAGO-:-WARD 35 PRECINCT 05,4
CITY OF CHICAGO-:-WARD 35 PRECINCT 06,4
CITY OF CHICAGO-:-WARD 35 PRECINCT 07,4
CITY OF CHICAGO-:-WARD 35 PRECINCT 08,4
CITY OF CHICAGO-:-WARD 35 PRECINCT 09,4
CITY OF CHICAGO-:-WARD 35 PRECINCT 10,4
CITY OF CHICAGO-:-WARD 35 PRECINCT 11,4
CITY OF CHICAGO-:-WARD 35 PRECINCT 12,4
CITY OF CHICAGO-:-WARD 35 PRECINCT 13,4
CITY OF CHICAGO-:-WARD 35 PRECINCT 14,4
CITY OF CHICAGO-:-WARD 35 PRECINCT 15,4
CITY OF CHICAGO-:-WARD 35 PRECINCT 16,4
CITY OF CHICAGO-:-WARD 35 PRECINCT 17,4
CITY OF CHICAGO-:-WARD 35 PRECINCT 18,4
CITY OF CHICAGO-:-WARD 35 PRECINCT 19,4
CITY OF CHICAGO-:-WARD 35 PRECINCT 20,4
CITY OF CHICAGO-:-WARD 35 PRECINCT 21,4
CITY OF CHICAGO-:-WARD 36 PRECINCT 01,1
CITY OF CHICAGO-:-WARD 36 PRECINCT 02,1
CITY OF CHICAGO-:-WARD 36 PRECINCT 03,1
CITY OF CHICAGO-:-WARD 36 PRECINCT 04,1
CITY OF CHICAGO-:-WARD 36 PRECINCT 05,1
CITY OF CHICAGO-:-WARD 36 PRECINCT 06,1
CITY OF CHICAGO-:-WARD 36 PRECINCT 07,1
CITY OF CHICAGO-:-WARD 36 PRECINCT 08,1
CITY OF CHICAGO-:-WARD 36 PRECINCT 09,4
CITY OF CHICAGO-:-WARD 36 PRECINCT 10,4
CITY OF CHICAGO-:-WARD 36 PRECINCT 11,4
CITY OF CHICAGO-:-WARD 36 PRECINCT 12,4
CITY OF CHICAGO-:-WARD 36 PRECINCT 13,3
CITY OF CHICAGO-:-WARD 36 PRECINCT 14,6
CITY OF CHICAGO-:-WARD 36 PRECINCT 15,3
CITY OF CHICAGO-:-WARD 36 PRECINCT 16,3
CITY OF CHICAGO-:-WARD 36 PRECINCT 17,3
CITY OF CHICAGO-:-WARD 36 PRECINCT 18,3
CITY OF CHICAGO-:-WARD 36 PRECINCT 19,6
CITY OF CHICAGO-:-WARD 36 PRECINCT 20,6
CITY OF CHICAGO-:-WARD 36 PRECINCT 21,3
CITY OF CHICAGO-:-WARD 36 PRECINCT 22,3
CITY OF CHICAGO-:-WARD 36 PRECINCT 23,3
CITY OF CHICAGO-:-WARD 36 PRECINCT 24,3
CITY OF CHICAGO-:-WARD 36 PRECINCT 25,6
CITY OF CHICAGO-:-WARD 36 PRECINCT 26,3
CITY OF CHICAGO-:-WARD 36 PRECINCT 27,6
CITY OF CHICAGO-:-WARD 37 PRECINCT 01,6
CITY OF CHICAGO-:-WARD 37 PRECINCT 02,6
CITY OF CHICAGO-:-WARD 37 PRECINCT 03,6
CITY OF CHICAGO-:-WARD 37 PRECINCT 04,1
CITY OF CHICAGO-:-WARD 37 PRECINCT 05,6
CITY OF CHICAGO-:-WARD 37 PRECINCT 06,6
CITY OF CHICAGO-:-WARD 37 PRECINCT 07,6
CITY OF CHICAGO-:-WARD 37 PRECINCT 08,6
CITY OF CHICAGO-:-WARD 37 PRECINCT 09,1
CITY OF CHICAGO-:-WARD 37 PRECINCT 10,3
CITY OF CHICAGO-:-WARD 37 PRECINCT 11,6
CITY OF CHICAGO-:-WARD 37 PRECINCT 12,6
CITY OF CHICAGO-:-WARD 37 PRECINCT 13,6
CITY OF CHICAGO-:-WARD 37 PRECINCT 14,6
CITY OF CHICAGO-:-WARD 37 PRECINCT 15,6
CITY OF CHICAGO-:-WARD 37 PRECINCT 17,1
CITY OF CHICAGO-:-WARD 37 PRECINCT 18,1
CITY OF CHICAGO-:-WARD 37 PRECINCT 19,6
CITY OF CHICAGO-:-WARD 37 PRECINCT 20,6
CITY OF CHICAGO-:-WARD 37 PRECINCT 21,6
CITY OF CHICAGO-:-WARD 37 PRECINCT 22,6
CITY OF CHICAGO-:-WARD 38 PRECINCT 01,1
CITY OF CHICAGO-:-WARD 38 PRECINCT 02,1
CITY OF CHICAGO-:-WARD 38 PRECINCT 03,1
CITY OF CHICAGO-:-WARD 38 PRECINCT 04,1
CITY OF CHICAGO-:-WARD 38 PRECINCT 05,1
CITY OF CHICAGO-:-WARD 38 PRECINCT 07,1
CITY OF CHICAGO-:-WARD 38 PRECINCT 08,1
CITY OF CHICAGO-:-WARD 38 PRECINCT 09,1
CITY OF CHICAGO-:-WARD 38 PRECINCT 10,1
CITY OF CHICAGO-:-WARD 38 PRECINCT 12,1
CITY OF CHICAGO-:-WARD 38 PRECINCT 13,1
CITY OF CHICAGO-:-WARD 38 PRECINCT 14,1
CITY OF CHICAGO-:-WARD 38 PRECINCT 15,4
CITY OF CHICAGO-:-WARD 38 PRECINCT 16,1
CITY OF CHICAGO-:-WARD 38 PRECINCT 18,4
CITY OF CHICAGO-:-WARD 38 PRECINCT 19,4
CITY OF CHICAGO-:-WARD 38 PRECINCT 20,4
CITY OF CHICAGO-:-WARD 38 PRECINCT 21,4
CITY OF CHICAGO-:-WARD 38 PRECINCT 22,4
CITY OF CHICAGO-:-WARD 38 PRECINCT 23,4
CITY OF CHICAGO-:-WARD 38 PRECINCT 25,4
CITY OF CHICAGO-:-WARD 39 PRECINCT 01,1
CITY OF CHICAGO-:-WARD 39 PRECINCT 02,4
CITY OF CHICAGO-:-WARD 39 PRECINCT 03,1
CITY OF CHICAGO-:-WARD 39 PRECINCT 04,1
CITY OF CHICAGO-:-WARD 39 PRECINCT 05,1
CITY OF CHICAGO-:-WARD 39 PRECINCT 06,1
CITY OF CHICAGO-:-WARD 39 PRECINCT 07,1
CITY OF CHICAGO-:-WARD 39 PRECINCT 08,1
CITY OF CHICAGO-:-WARD 39 PRECINCT 09,1
CITY OF CHICAGO-:-WARD 39 PRECINCT 10,4
CITY OF CHICAGO-:-WARD 39 PRECINCT 11,1
CITY OF CHICAGO-:-WARD 39 PRECINCT 12,4
CITY OF CHICAGO-:-WARD 39 PRECINCT 13,1
CITY OF CHICAGO-:-WARD 39 PRECINCT 14,1
CITY OF CHICAGO-:-WARD 39 PRECINCT 15,4
CITY OF CHICAGO-:-WARD 39 PRECINCT 16,1
CITY OF CHICAGO-:-WARD 39 PRECINCT 17,1
CITY OF CHICAGO-:-WARD 39 PRECINCT 18,1
CITY OF CHICAGO-:-WARD 39 PRECINCT 19,4
CITY OF CHICAGO-:-WARD 39 PRECINCT 20,1
CITY OF CHICAGO-:-WARD 39 PRECINCT 21,4
CITY OF CHICAGO-:-WARD 39 PRECINCT 22,1
CITY OF CHICAGO-:-WARD 39 PRECINCT 23,1
CITY OF CHICAGO-:-WARD 39 PRECINCT 24,1
CITY OF CHICAGO-:-WARD 39 PRECINCT 25,4
CITY OF CHICAGO-:-WARD 39 PRECINCT 26,1
CITY OF CHICAGO-:-WARD 39 PRECINCT 27,1
CITY OF CHICAGO-:-WARD 39 PRECINCT 29,4
CITY OF CHICAGO-:-WARD 39 PRECINCT 30,4
CITY OF CHICAGO-:-WARD 39 PRECINCT 31,1
CITY OF CHICAGO-:-WARD 39 PRECINCT 32,1
CITY OF CHICAGO-:-WARD 39 PRECINCT 33,1
CITY OF CHICAGO-:-WARD 39 PRECINCT 34,1
CITY OF CHICAGO-:-WARD 39 PRECINCT 35,4
CITY OF CHICAGO-:-WARD 40 PRECINCT 01,4
CITY OF CHICAGO-:-WARD 40 PRECINCT 02,4
CITY OF CHICAGO-:-WARD 40 PRECINCT 03,4
CITY OF CHICAGO-:-WARD 40 PRECINCT 05,4
CITY OF CHICAGO-:-WARD 40 PRECINCT 06,4
CITY OF CHICAGO-:-WARD 40 PRECINCT 07,4
CITY OF CHICAGO-:-WARD 40 PRECINCT 08,4
CITY OF CHICAGO-:-WARD 40 PRECINCT 09,4
CITY OF CHICAGO-:-WARD 40 PRECINCT 10,4
CITY OF CHICAGO-:-WARD 40 PRECINCT 11,4
CITY OF CHICAGO-:-WARD 40 PRECINCT 12,4
CITY OF CHICAGO-:-WARD 40 PRECINCT 13,4
CITY OF CHICAGO-:-WARD 40 PRECINCT 14,4
CITY OF CHICAGO-:-WARD 40 PRECINCT 15,4
CITY OF CHICAGO-:-WARD 40 PRECINCT 16,4
CITY OF CHICAGO-:-WARD 40 PRECINCT 17,4
CITY OF CHICAGO-:-WARD 40 PRECINCT 18,4
CITY OF CHICAGO-:-WARD 40 PRECINCT 20,4
CITY OF CHICAGO-:-WARD 40 PRECINCT 21,4
CITY OF CHICAGO-:-WARD 40 PRECINCT 22,4
CITY OF CHICAGO-:-WARD 41 PRECINCT 01,1
CITY OF CHICAGO-:-WARD 41 PRECINCT 02,1
CITY OF CHICAGO-:-WARD 41 PRECINCT 03,1
CITY OF CHICAGO-:-WARD 41 PRECINCT 04,1
CITY OF CHICAGO-:-WARD 41 PRECINCT 05,1
CITY OF CHICAGO-:-WARD 41 PRECINCT 06,1
CITY OF CHICAGO-:-WARD 41 PRECINCT 07,1
CITY OF CHICAGO-:-WARD 41 PRECINCT 08,1
CITY OF CHICAGO-:-WARD 41 PRECINCT 09,4
CITY OF CHICAGO-:-WARD 41 PRECINCT 10,1
CITY OF CHICAGO-:-WARD 41 PRECINCT 11,1
CITY OF CHICAGO-:-WARD 41 PRECINCT 12,4
CITY OF CHICAGO-:-WARD 41 PRECINCT 13,4
CITY OF CHICAGO-:-WARD 41 PRECINCT 14,4
CITY OF CHICAGO-:-WARD 41 PRECINCT 15,1
CITY OF CHICAGO-:-WARD 41 PRECINCT 16,4
CITY OF CHICAGO-:-WARD 41 PRECINCT 17,4
CITY OF CHICAGO-:-WARD 41 PRECINCT 18,1
CITY OF CHICAGO-:-WARD 41 PRECINCT 19,4
CITY OF CHICAGO-:-WARD 41 PRECINCT 20,1
CITY OF CHICAGO-:-WARD 41 PRECINCT 21,4
CITY OF CHICAGO-:-WARD 41 PRECINCT 22,4
CITY OF CHICAGO-:-WARD 41 PRECINCT 23,1
CITY OF CHICAGO-:-WARD 41 PRECINCT 24,1
CITY OF CHICAGO-:-WARD 41 PRECINCT 25,1
CITY OF CHICAGO-:-WARD 41 PRECINCT 26,1
CITY OF CHICAGO-:-WARD 41 PRECINCT 27,1
CITY OF CHICAGO-:-WARD 41 PRECINCT 29,1
CITY OF CHICAGO-:-WARD 41 PRECINCT 30,1
CITY OF CHICAGO-:-WARD 41 PRECINCT 31,1
CITY OF CHICAGO-:-WARD 42 PRECINCT 01,6
CITY OF CHICAGO-:-WARD 42 PRECINCT 02,6
CITY OF CHICAGO-:-WARD 42 PRECINCT 03,6
CITY OF CHICAGO-:-WARD 42 PRECINCT 04,6
CITY OF CHICAGO-:-WARD 42 PRECINCT 05,6
CITY OF CHICAGO-:-WARD 42 PRECINCT 06,6
CITY OF CHICAGO-:-WARD 42 PRECINCT 07,6
CITY OF CHICAGO-:-WARD 42 PRECINCT 08,6
CITY OF CHICAGO-:-WARD 42 PRECINCT 10,6
CITY OF CHICAGO-:-WARD 42 PRECINCT 11,6
CITY OF CHICAGO-:-WARD 42 PRECINCT 12,6
CITY OF CHICAGO-:-WARD 42 PRECINCT 13,6
CITY OF CHICAGO-:-WARD 42 PRECINCT 14,6
CITY OF CHICAGO-:-WARD 42 PRECINCT 15,6
CITY OF CHICAGO-:-WARD 42 PRECINCT 16,6
CITY OF CHICAGO-:-WARD 42 PRECINCT 17,6
CITY OF CHICAGO-:-WARD 42 PRECINCT 18,6
CITY OF CHICAGO-:-WARD 42 PRECINCT 19,6
CITY OF CHICAGO-:-WARD 42 PRECINCT 20,6
CITY OF CHICAGO-:-WARD 42 PRECINCT 21,6
CITY OF CHICAGO-:-WARD 42 PRECINCT 23,6
CITY OF CHICAGO-:-WARD 42 PRECINCT 24,6
CITY OF CHICAGO-:-WARD 43 PRECINCT 01,4
CITY OF CHICAGO-:-WARD 43 PRECINCT 02,4
CITY OF CHICAGO-:-WARD 43 PRECINCT 03,4
CITY OF CHICAGO-:-WARD 43 PRECINCT 04,4
CITY OF CHICAGO-:-WARD 43 PRECINCT 05,4
CITY OF CHICAGO-:-WARD 43 PRECINCT 06,4
CITY OF CHICAGO-:-WARD 43 PRECINCT 07,4
CITY OF CHICAGO-:-WARD 43 PRECINCT 08,4
CITY OF CHICAGO-:-WARD 43 PRECINCT 09,4
CITY OF CHICAGO-:-WARD 43 PRECINCT 10,4
CITY OF CHICAGO-:-WARD 43 PRECINCT 11,4
CITY OF CHICAGO-:-WARD 43 PRECINCT 12,4
CITY OF CHICAGO-:-WARD 43 PRECINCT 13,4
CITY OF CHICAGO-:-WARD 43 PRECINCT 14,4
CITY OF CHICAGO-:-WARD 43 PRECINCT 16,4
CITY OF CHICAGO-:-WARD 43 PRECINCT 17,4
CITY OF CHICAGO-:-WARD 43 PRECINCT 18,4
CITY OF CHICAGO-:-WARD 43 PRECINCT 19,4
CITY OF CHICAGO-:-WARD 43 PRECINCT 20,4
CITY OF CHICAGO-:-WARD 43 PRECINCT 21,4
CITY OF CHICAGO-:-WARD 43 PRECINCT 22,4
CITY OF CHICAGO-:-WARD 43 PRECINCT 23,4
CITY OF CHICAGO-:-WARD 44 PRECINCT 01,4
CITY OF CHICAGO-:-WARD 44 PRECINCT 02,4
CITY OF CHICAGO-:-WARD 44 PRECINCT 03,4
CITY OF CHICAGO-:-WARD 44 PRECINCT 04,4
CITY OF CHICAGO-:-WARD 44 PRECINCT 05,4
CITY OF CHICAGO-:-WARD 44 PRECINCT 06,4
CITY OF CHICAGO-:-WARD 44 PRECINCT 07,4
CITY OF CHICAGO-:-WARD 44 PRECINCT 08,4
CITY OF CHICAGO-:-WARD 44 PRECINCT 09,4
CITY OF CHICAGO-:-WARD 44 PRECINCT 10,4
CITY OF CHICAGO-:-WARD 44 PRECINCT 11,4
CITY OF CHICAGO-:-WARD 44 PRECINCT 12,4
CITY OF CHICAGO-:-WARD 44 PRECINCT 13,4
CITY OF CHICAGO-:-WARD 44 PRECINCT 14,4
CITY OF CHICAGO-:-WARD 44 PRECINCT 15,4
CITY OF CHICAGO-:-WARD 44 PRECINCT 16,4
CITY OF CHICAGO-:-WARD 44 PRECINCT 17,4
CITY OF CHICAGO-:-WARD 44 PRECINCT 18,4
CITY OF CHICAGO-:-WARD 44 PRECINCT 19,4
CITY OF CHICAGO-:-WARD 44 PRECINCT 20,4
CITY OF CHICAGO-:-WARD 44 PRECINCT 21,4
CITY OF CHICAGO-:-WARD 45 PRECINCT 01,1
CITY OF CHICAGO-:-WARD 45 PRECINCT 02,1
CITY OF CHICAGO-:-WARD 45 PRECINCT 03,1
CITY OF CHICAGO-:-WARD 45 PRECINCT 04,1
CITY OF CHICAGO-:-WARD 45 PRECINCT 05,1
CITY OF CHICAGO-:-WARD 45 PRECINCT 06,1
CITY OF CHICAGO-:-WARD 45 PRECINCT 07,1
CITY OF CHICAGO-:-WARD 45 PRECINCT 08,1
CITY OF CHICAGO-:-WARD 45 PRECINCT 09,1
CITY OF CHICAGO-:-WARD 45 PRECINCT 10,1
CITY OF CHICAGO-:-WARD 45 PRECINCT 11,4
CITY OF CHICAGO-:-WARD 45 PRECINCT 12,1
CITY OF CHICAGO-:-WARD 45 PRECINCT 13,1
CITY OF CHICAGO-:-WARD 45 PRECINCT 14,1
CITY OF CHICAGO-:-WARD 45 PRECINCT 15,1
CITY OF CHICAGO-:-WARD 45 PRECINCT 16,1
CITY OF CHICAGO-:-WARD 45 PRECINCT 17,4
CITY OF CHICAGO-:-WARD 45 PRECINCT 18,4
CITY OF CHICAGO-:-WARD 45 PRECINCT 19,1
CITY OF CHICAGO-:-WARD 45 PRECINCT 20,1
CITY OF CHICAGO-:-WARD 45 PRECINCT 21,4
CITY OF CHICAGO-:-WARD 45 PRECINCT 22,1
CITY OF CHICAGO-:-WARD 45 PRECINCT 23,1
CITY OF CHICAGO-:-WARD 45 PRECINCT 25,4
CITY OF CHICAGO-:-WARD 45 PRECINCT 26,4
CITY OF CHICAGO-:-WARD 45 PRECINCT 28,4
CITY OF CHICAGO-:-WARD 46 PRECINCT 01,4
CITY OF CHICAGO-:-WARD 46 PRECINCT 02,4
CITY OF CHICAGO-:-WARD 46 PRECINCT 03,4
CITY OF CHICAGO-:-WARD 46 PRECINCT 04,4
CITY OF CHICAGO-:-WARD 46 PRECINCT 05,4
CITY OF CHICAGO-:-WARD 46 PRECINCT 06,4
CITY OF CHICAGO-:-WARD 46 PRECINCT 09,4
CITY OF CHICAGO-:-WARD 46 PRECINCT 11,4
CITY OF CHICAGO-:-WARD 46 PRECINCT 12,4
CITY OF CHICAGO-:-WARD 46 PRECINCT 13,4
CITY OF CHICAGO-:-WARD 46 PRECINCT 14,4
CITY OF CHICAGO-:-WARD 46 PRECINCT 15,4
CITY OF CHICAGO-:-WARD 46 PRECINCT 16,4
CITY OF CHICAGO-:-WARD 46 PRECINCT 17,4
CITY OF CHICAGO-:-WARD 46 PRECINCT 18,4
CITY OF CHICAGO-:-WARD 46 PRECINCT 19,4
CITY OF CHICAGO-:-WARD 46 PRECINCT 20,4
CITY OF CHICAGO-:-WARD 46 PRECINCT 21,4
CITY OF CHICAGO-:-WARD 46 PRECINCT 22,4
CITY OF CHICAGO-:-WARD 46 PRECINCT 23,4
CITY OF CHICAGO-:-WARD 47 PRECINCT 01,4
CITY OF CHICAGO-:-WARD 47 PRECINCT 04,4
CITY OF CHICAGO-:-WARD 47 PRECINCT 05,4
CITY OF CHICAGO-:-WARD 47 PRECINCT 06,4
CITY OF CHICAGO-:-WARD 47 PRECINCT 07,4
CITY OF CHICAGO-:-WARD 47 PRECINCT 08,4
CITY OF CHICAGO-:-WARD 47 PRECINCT 09,4
CITY OF CHICAGO-:-WARD 47 PRECINCT 10,4
CITY OF CHICAGO-:-WARD 47 PRECINCT 11,4
CITY OF CHICAGO-:-WARD 47 PRECINCT 12,4
CITY OF CHICAGO-:-WARD 47 PRECINCT 13,4
CITY OF CHICAGO-:-WARD 47 PRECINCT 14,4
CITY OF CHICAGO-:-WARD 47 PRECINCT 15,4
CITY OF CHICAGO-:-WARD 47 PRECINCT 16,4
CITY OF CHICAGO-:-WARD 47 PRECINCT 17,4
CITY OF CHICAGO-:-WARD 47 PRECINCT 18,4
CITY OF CHICAGO-:-WARD 47 PRECINCT 19,4
CITY OF CHICAGO-:-WARD 47 PRECINCT 20,4
CITY OF CHICAGO-:-WARD 47 PRECINCT 21,4
CITY OF CHICAGO-:-WARD 47 PRECINCT 22,4
CITY OF CHICAGO-:-WARD 47 PRECINCT 23,4
CITY OF CHICAGO-:-WARD 47 PRECINCT 24,4
CITY OF CHICAGO-:-WARD 47 PRECINCT 25,4
CITY OF CHICAGO-:-WARD 47 PRECINCT 26,4
CITY OF CHICAGO-:-WARD 47 PRECINCT 27,4
CITY OF CHICAGO-:-WARD 48 PRECINCT 01,11
CITY OF CHICAGO-:-WARD 48 PRECINCT 02,4
CITY OF CHICAGO-:-WARD 48 PRECINCT 03,11
CITY OF CHICAGO-:-WARD 48 PRECINCT 04,4
CITY OF CHICAGO-:-WARD 48 PRECINCT 05,4
CITY OF CHICAGO-:-WARD 48 PRECINCT 06,4
CITY OF CHICAGO-:-WARD 48 PRECINCT 07,11
CITY OF CHICAGO-:-WARD 48 PRECINCT 08,11
CITY OF CHICAGO-:-WARD 48 PRECINCT 09,4
CITY OF CHICAGO-:-WARD 48 PRECINCT 10,11
CITY OF CHICAGO-:-WARD 48 PRECINCT 11,11
CITY OF CHICAGO-:-WARD 48 PRECINCT 12,4
CITY OF CHICAGO-:-WARD 48 PRECINCT 13,4
CITY OF CHICAGO-:-WARD 48 PRECINCT 14,4
CITY OF CHICAGO-:-WARD 48 PRECINCT 15,11
CITY OF CHICAGO-:-WARD 48 PRECINCT 16,11
CITY OF CHICAGO-:-WARD 48 PRECINCT 17,4
CITY OF CHICAGO-:-WARD 48 PRECINCT 18,4
CITY OF CHICAGO-:-WARD 48 PRECINCT 19,4
CITY OF CHICAGO-:-WARD 48 PRECINCT 20,4
CITY OF CHICAGO-:-WARD 48 PRECINCT 21,4
CITY OF CHICAGO-:-WARD 48 PRECINCT 22,4
CITY OF CHICAGO-:-WARD 48 PRECINCT 23,4
CITY OF CHICAGO-:-WARD 48 PRECINCT 24,4
CITY OF CHICAGO-:-WARD 48 PRECINCT 25,11
CITY OF CHICAGO-:-WARD 48 PRECINCT 26,4
CITY OF CHICAGO-:-WARD 48 PRECINCT 27,4
CITY OF CHICAGO-:-WARD 48 PRECINCT 28,11
CITY OF CHICAGO-:-WARD 48 PRECINCT 29,4
CITY OF CHICAGO-:-WARD 48 PRECINCT 30,11
CITY OF CHICAGO-:-WARD 48 PRECINCT 31,11
CITY OF CHICAGO-:-WARD 48 PRECINCT 32,4
CITY OF CHICAGO-:-WARD 48 PRECINCT 33,4
CITY OF CHICAGO-:-WARD 48 PRECINCT 34,11
CITY OF CHICAGO-:-WARD 48 PRECINCT 35,11
CITY OF CHICAGO-:-WARD 49 PRECINCT 01,4
CITY OF CHICAGO-:-WARD 49 PRECINCT 02,4
CITY OF CHICAGO-:-WARD 49 PRECINCT 03,4
CITY OF CHICAGO-:-WARD 49 PRECINCT 04,4
CITY OF CHICAGO-:-WARD 49 PRECINCT 05,4
CITY OF CHICAGO-:-WARD 49 PRECINCT 06,11
CITY OF CHICAGO-:-WARD 49 PRECINCT 07,4
CITY OF CHICAGO-:-WARD 49 PRECINCT 08,4
CITY OF CHICAGO-:-WARD 49 PRECINCT 09,4
CITY OF CHICAGO-:-WARD 49 PRECINCT 10,4
CITY OF CHICAGO-:-WARD 49 PRECINCT 11,4
CITY OF CHICAGO-:-WARD 49 PRECINCT 12,4
CITY OF CHICAGO-:-WARD 49 PRECINCT 13,4
CITY OF CHICAGO-:-WARD 49 PRECINCT 14,4
CITY OF CHICAGO-:-WARD 49 PRECINCT 15,4
CITY OF CHICAGO-:-WARD 49 PRECINCT 16,4
CITY OF CHICAGO-:-WARD 49 PRECINCT 17,4
CITY OF CHICAGO-:-WARD 50 PRECINCT 01,4
CITY OF CHICAGO-:-WARD 50 PRECINCT 02,4
CITY OF CHICAGO-:-WARD 50 PRECINCT 03,4
CITY OF CHICAGO-:-WARD 50 PRECINCT 04,4
CITY OF CHICAGO-:-WARD 50 PRECINCT 05,4
CITY OF CHICAGO-:-WARD 50 PRECINCT 06,4
CITY OF CHICAGO-:-WARD 50 PRECINCT 07,4
CITY OF CHICAGO-:-WARD 50 PRECINCT 08,4
CITY OF CHICAGO-:-WARD 50 PRECINCT 09,4
CITY OF CHICAGO-:-WARD 50 PRECINCT 10,4
CITY OF CHICAGO-:-WARD 50 PRECINCT 11,4
CITY OF CHICAGO-:-WARD 50 PRECINCT 12,4
CITY OF CHICAGO-:-WARD 50 PRECINCT 13,4
CITY OF CHICAGO-:-WARD 50 PRECINCT 14,4
CITY OF CHICAGO-:-WARD 50 PRECINCT 15,4
CITY OF CHICAGO-:-WARD 50 PRECINCT 16,4
CITY OF CHICAGO-:-WARD 50 PRECINCT 17,4
CITY OF CHICAGO-:-WARD 50 PRECINCT 18,4
CITY OF CHICAGO-:-WARD 50 PRECINCT 19,4
CITY OF CHICAGO-:-WARD 50 PRECINCT 20,4
CITY OF CHICAGO-:-WARD 50 PRECINCT 21,4
CITY OF CHICAGO-:-WARD 50 PRECINCT 22,4
CITY OF CHICAGO-:-WARD 50 PRECINCT 23,4
CITY OF CHICAGO-:-WARD 50 PRECINCT 25,4
CITY OF CHICAGO-:-WARD 50 PRECINCT 26,4
CITY OF CHICAGO-:-WARD 50 PRECINCT 27,4
CITY OF CHICAGO-:-WARD 50 PRECINCT 28,4
CITY OF DANVILLE-:-PRECINCT 1,14
CITY OF DANVILLE-:-PRECINCT 10,14
CITY OF DANVILLE-:-PRECINCT 11,14
CITY OF DANVILLE-:-PRECINCT 12,14
CITY OF DANVILLE-:-PRECINCT 13,14
CITY OF DANVILLE-:-PRECINCT 14,14
CITY OF DANVILLE-:-PRECINCT 15,14
CITY OF DANVILLE-:-PRECINCT 16,14
CITY OF DANVILLE-:-PRECINCT 17,14
CITY OF DANVILLE-:-PRECINCT 18,14
CITY OF DANVILLE-:-PRECINCT 19,14
CITY OF DANVILLE-:-PRECINCT 2,14
CITY OF DANVILLE-:-PRECINCT 20,14
CITY OF DANVILLE-:-PRECINCT 21,14
CITY OF DANVILLE-:-PRECINCT 22,14
CITY OF DANVILLE-:-PRECINCT 3,14
CITY OF DANVILLE-:-PRECINCT 4,14
CITY OF DANVILLE-:-PRECINCT 5,14
CITY OF DANVILLE-:-PRECINCT 6,14
CITY OF DANVILLE-:-PRECINCT 7,14
CITY OF DANVILLE-:-PRECINCT 8,14
CITY OF DANVILLE-:-PRECINCT 9,14
CITY OF EAST ST. LOUIS-:-PRECINCT 1,13
CITY OF EAST ST. LOUIS-:-PRECINCT 10,13
CITY OF EAST ST. LOUIS-:-PRECINCT 11,13
CITY OF EAST ST. LOUIS-:-PRECINCT 12,13
CITY OF EAST ST. LOUIS-:-PRECINCT 13,13
CITY OF EAST ST. LOUIS-:-PRECINCT 2,13
CITY OF EAST ST. LOUIS-:-PRECINCT 3,13
CITY OF EAST ST. LOUIS-:-PRECINCT 4,13
CITY OF EAST ST. LOUIS-:-PRECINCT 5,13
CITY OF EAST ST. LOUIS-:-PRECINCT 6,13
CITY OF EAST ST. LOUIS-:-PRECINCT 7,13
CITY OF EAST ST. LOUIS-:-PRECINCT 8,13
CITY OF EAST ST. LOUIS-:-PRECINCT 9,13
CITY OF GALESBURG-:-PRECINCT 1,13
CITY OF GALESBURG-:-PRECINCT 10,13
CITY OF GALESBURG-:-PRECINCT 11,13
CITY OF GALESBURG-:-PRECINCT 12,13
CITY OF GALESBURG-:-PRECINCT 13,13
CITY OF GALESBURG-:-PRECINCT 14,13
CITY OF GALESBURG-:-PRECINCT 15,13
CITY OF GALESBURG-:-PRECINCT 16,13
CITY OF GALESBURG-:-PRECINCT 17,13
CITY OF GALESBURG-:-PRECINCT 18,13
CITY OF GALESBURG-:-PRECINCT 19,13
CITY OF GALESBURG-:-PRECINCT 2,13
CITY OF GALESBURG-:-PRECINCT 20,13
CITY OF GALESBURG-:-PRECINCT 3,13
CITY OF GALESBURG-:-PRECINCT 4,13
CITY OF GALESBURG-:-PRECINCT 5,13
CITY OF GALESBURG-:-PRECINCT 6,13
CITY OF GALESBURG-:-PRECINCT 7,13
CITY OF GALESBURG-:-PRECINCT 8,13
CITY OF GALESBURG-:-PRECINCT 9,13
CITY OF ROCKFORD-:-WARD 1 PRECINCT 1,12
CITY OF ROCKFORD-:-WARD 1 PRECINCT 3,12
CITY OF ROCKFORD-:-WARD 1 PRECINCT 4,12
CITY OF ROCKFORD-:-WARD 1 PRECINCT 6,12
CITY OF ROCKFORD-:-WARD 1 PRECINCT 7,12
CITY OF ROCKFORD-:-WARD 1 PRECINCT 8,12
CITY OF ROCKFORD-:-WARD 10 PRECINCT 1,12
CITY OF ROCKFORD-:-WARD 10 PRECINCT 2,12
CITY OF ROCKFORD-:-WARD 10 PRECINCT 3,12
CITY OF ROCKFORD-:-WARD 10 PRECINCT 4,12
CITY OF ROCKFORD-:-WARD 10 PRECINCT 5,12
CITY OF ROCKFORD-:-WARD 10 PRECINCT 6,12
CITY OF ROCKFORD-:-WARD 10 PRECINCT 7,12
CITY OF ROCKFORD-:-WARD 11 PRECINCT 1,12
CITY OF ROCKFORD-:-WARD 11 PRECINCT 2,12
CITY OF ROCKFORD-:-WARD 11 PRECINCT 3,12
CITY OF ROCKFORD-:-WARD 11 PRECINCT 4,12
CITY OF ROCKFORD-:-WARD 12 PRECINCT 1,12
CITY OF ROCKFORD-:-WARD 12 PRECINCT 3,12
CITY OF ROCKFORD-:-WARD 12 PRECINCT 4,12
CITY OF ROCKFORD-:-WARD 12 PRECINCT 6,12
CITY OF ROCKFORD-:-WARD 12 PRECINCT 7,12
CITY OF ROCKFORD-:-WARD 13 PRECINCT 1,12
CITY OF ROCKFORD-:-WARD 13 PRECINCT 2,12
CITY OF ROCKFORD-:-WARD 13 PRECINCT 3,12
CITY OF ROCKFORD-:-WARD 13 PRECINCT 4,12
CITY OF ROCKFORD-:-WARD 13 PRECINCT 5,12
CITY OF ROCKFORD-:-WARD 14 PRECINCT 1,12
CITY OF ROCKFORD-:-WARD 14 PRECINCT 2,12
CITY OF ROCKFORD-:-WARD 14 PRECINCT 3,12
CITY OF ROCKFORD-:-WARD 14 PRECINCT 4,12
CITY OF ROCKFORD-:-WARD 14 PRECINCT 5,12
CITY OF ROCKFORD-:-WARD 14 PRECINCT 6,12
CITY OF ROCKFORD-:-WARD 2 PRECINCT 1,12
CITY OF ROCKFORD-:-WARD 2 PRECINCT 2,12
CITY OF ROCKFORD-:-WARD 2 PRECINCT 3,12
CITY OF ROCKFORD-:-WARD 2 PRECINCT 4,12
CITY OF ROCKFORD-:-WARD 2 PRECINCT 5,12
CITY OF ROCKFORD-:-WARD 2 PRECINCT 6,12
CITY OF ROCKFORD-:-WARD 3 PRECINCT 1,12
CITY OF ROCKFORD-:-WARD 3 PRECINCT 2,12
CITY OF ROCKFORD-:-WARD 3 PRECINCT 3,12
CITY OF ROCKFORD-:-WARD 3 PRECINCT 4,12
CITY OF ROCKFORD-:-WARD 3 PRECINCT 5,12
CITY OF ROCKFORD-:-WARD 3 PRECINCT 6,12
CITY OF ROCKFORD-:-WARD 3 PRECINCT 7,12
CITY OF ROCKFORD-:-WARD 4 PRECINCT 2,12
CITY OF ROCKFORD-:-WARD 4 PRECINCT 3,12
CITY OF ROCKFORD-:-WARD 4 PRECINCT 5,12
CITY OF ROCKFORD-:-WARD 4 PRECINCT 6,12
CITY OF ROCKFORD-:-WARD 4 PRECINCT 7,12
CITY OF ROCKFORD-:-WARD 5 PRECINCT 1,12
CITY OF ROCKFORD-:-WARD 5 PRECINCT 2,12
CITY OF ROCKFORD-:-WARD 5 PRECINCT 4,12
CITY OF ROCKFORD-:-WARD 5 PRECINCT 5,12
CITY OF ROCKFORD-:-WARD 6 PRECINCT 2,12
CITY OF ROCKFORD-:-WARD 6 PRECINCT 4,12
CITY OF ROCKFORD-:-WARD 6 PRECINCT 5,12
CITY OF ROCKFORD-:-WARD 7 PRECINCT 1,12
CITY OF ROCKFORD-:-WARD 7 PRECINCT 2,12
CITY OF ROCKFORD-:-WARD 7 PRECINCT 3,12
CITY OF ROCKFORD-:-WARD 7 PRECINCT 5,12
CITY OF ROCKFORD-:-WARD 7 PRECINCT 6,12
CITY OF ROCKFORD-:-WARD 8 PRECINCT 1,12
CITY OF ROCKFORD-:-WARD 8 PRECINCT 2,12
CITY OF ROCKFORD-:-WARD 8 PRECINCT 3,12
CITY OF ROCKFORD-:-WARD 8 PRECINCT 4,12
CITY OF ROCKFORD-:-WARD 8 PRECINCT 5,12
CITY OF ROCKFORD-:-WARD 8 PRECINCT 6,12
CITY OF ROCKFORD-:-WARD 9 PRECINCT 1,12
CITY OF ROCKFORD-:-WARD 9 PRECINCT 2,12
CITY OF ROCKFORD-:-WARD 9 PRECINCT 4,12
CITY OF ROCKFORD-:-WARD 9 PRECINCT 5,12
CITY OF ROCKFORD-:-WARD 9 PRECINCT 6,12
CLARK-:-ANDERSON,14
CLARK-:-AUBURN,14
CLARK-:-CASEY 1,14
CLARK-:-CASEY 2,14
CLARK-:-CASEY 3,14
CLARK-:-CASEY 4,14
CLARK-:-DARWIN,14
CLARK-:-DOLSON,14
CLARK-:-DOUGLAS,14
CLARK-:-JOHNSON,14
CLARK-:-MARSHALL 1,14
CLARK-:-MARSHALL 2,14
CLARK-:-MARSHALL 3,14
CLARK-:-MARSHALL 4,14
CLARK-:-MARTINSVILLE 1,14
CLARK-:-MARTINSVILLE 2,14
CLARK-:-MELROSE,14
CLARK-:-ORANGE,14
CLARK-:-PARKER,14
CLARK-:-WABASH 1,14
CLARK-:-WABASH 2,14
CLARK-:-WESTFIELD,14
CLARK-:-YORK,14
CLAY-:-BIBLE GROVE,11
CLAY-:-BLAIR,11
CLAY-:-CLAY CITY,11
CLAY-:-HARTER 1,11
CLAY-:-HARTER 3,11
CLAY-:-HARTER 4,11
CLAY-:-HARTER 5,11
CLAY-:-HARTER 6,11
CLAY-:-HARTER 7,11
CLAY-:-HOOSIER,11
CLAY-:-LARKINSBURG,11
CLAY-:-LOUISVILLE 1,11
CLAY-:-LOUISVILLE 2,11
CLAY-:-OSKALOOSA,0
CLAY-:-PIXLEY,11
CLAY-:-SONGER,0
CLAY-:-STANFORD,11
CLAY-:-XENIA,11
CLINTON-:-BREESE 1,0
CLINTON-:-BREESE 2,0
CLINTON-:-BREESE 3,0
CLINTON-:-BREESE 4,0
CLINTON-:-BROOKSIDE 1,0
CLINTON-:-BROOKSIDE 2,0
CLINTON-:-BROOKSIDE 3,0
CLINTON-:-CARLYLE 1,0
CLINTON-:-CARLYLE 2,0
CLINTON-:-CARLYLE 3,0
CLINTON-:-CARLYLE 4,0
CLINTON-:-CLEMENT,0
CLINTON-:-EAST FORK,0
CLINTON-:-GERMANTOWN 1,0
CLINTON-:-GERMANTOWN 2,0
CLINTON-:-IRISHTOWN,0
CLINTON-:-LAKE,0
CLINTON-:-LOOKINGGLASS 1,0
CLINTON-:-LOOKINGGLASS 2,0
CLINTON-:-LOOKINGGLASS 3,0
CLINTON-:-LOOKINGGLASS 4,0
CLINTON-:-LOOKINGGLASS 5,0
CLINTON-:-LOOKINGGLASS 6,0
CLINTON-:-MERIDIAN,0
CLINTON-:-SANTA FE,0
CLINTON-:-ST ROSE,0
CLINTON-:-SUGAR CREEK 1,0
CLINTON-:-SUGAR CREEK 2,0
CLINTON-:-SUGAR CREEK 3,0
CLINTON-:-SUGAR CREEK 4,0
CLINTON-:-SUGAR CREEK 5,0
CLINTON-:-WADE 1,0
CLINTON-:-WADE 2,0
CLINTON-:-WHEATFIELD,0
COLES-:-ASHMORE 1,13
COLES-:-CHARLESTON 1,13
COLES-:-CHARLESTON 10,13
COLES-:-CHARLESTON 11,13
COLES-:-CHARLESTON 12,13
COLES-:-CHARLESTON 13,3
COLES-:-CHARLESTON 14,13
COLES-:-CHARLESTON 15,13
COLES-:-CHARLESTON 16,13
COLES-:-CHARLESTON 17,13
COLES-:-CHARLESTON 18,13
COLES-:-CHARLESTON 19,13
COLES-:-CHARLESTON 2,13
COLES-:-CHARLESTON 3,13
COLES-:-CHARLESTON 4,13
COLES-:-CHARLESTON 5,3
COLES-:-CHARLESTON 6,13
COLES-:-CHARLESTON 8,13
COLES-:-EAST OAKLAND 1,13
COLES-:-HUMBOLDT 1,13
COLES-:-HUTTON 1,13
COLES-:-LAFAYETTE 1,13
COLES-:-LAFAYETTE 2,13
COLES-:-LAFAYETTE 3,13
COLES-:-LAFAYETTE 4,13
COLES-:-MATTOON 10,13
COLES-:-MATTOON 12,13
COLES-:-MATTOON 13,13
COLES-:-MATTOON 16,13
COLES-:-MATTOON 17,13
COLES-:-MATTOON 18,13
COLES-:-MATTOON 19,13
COLES-:-MATTOON 21,13
COLES-:-MATTOON 22,13
COLES-:-MATTOON 3,13
COLES-:-MATTOON 4,3
COLES-:-MATTOON 5,13
COLES-:-MATTOON 6,13
COLES-:-MATTOON 8,13
COLES-:-MORGAN 1,13
COLES-:-NORTH OKAW 1,13
COLES-:-PARADISE 1,13
COLES-:-PLEASANT GROVE 1,13
COLES-:-SEVEN HICKORY 1,13
COOK-:-7000001,5
COOK-:-7000002,5
COOK-:-7000003,5
COOK-:-7000005,5
COOK-:-7000006,5
COOK-:-7000007,5
COOK-:-7000009,5
COOK-:-7000010,3
COOK-:-7000011,5
COOK-:-7100001,9
COOK-:-7100002,3
COOK-:-7100003,9
COOK-:-7100004,9
COOK-:-7100005,9
COOK-:-7100006,9
COOK-:-7100007,9
COOK-:-7100008,9
COOK-:-7100009,9
COOK-:-7100010,9
COOK-:-7100011,9
COOK-:-7100012,9
COOK-:-7100013,9
COOK-:-7100014,9
COOK-:-7100015,9
COOK-:-7100016,9
COOK-:-7100017,9
COOK-:-7100018,9
COOK-:-7100019,9
COOK-:-7100020,3
COOK-:-7100021,9
COOK-:-7100022,9
COOK-:-7100023,9
COOK-:-7100024,9
COOK-:-7100025,9
COOK-:-7100026,9
COOK-:-7100027,9
COOK-:-7100028,9
COOK-:-7100029,9
COOK-:-7100030,9
COOK-:-7100031,9
COOK-:-7100032,9
COOK-:-7100033,9
COOK-:-7100034,9
COOK-:-7100035,9
COOK-:-7100036,9
COOK-:-7100037,9
COOK-:-7100038,9
COOK-:-7100039,9
COOK-:-7100040,9
COOK-:-7100041,9
COOK-:-7100042,9
COOK-:-7100043,9
COOK-:-7100044,9
COOK-:-7100045,9
COOK-:-7100046,9
COOK-:-7100047,9
COOK-:-7100048,9
COOK-:-7100049,9
COOK-:-7100050,9
COOK-:-7100051,9
COOK-:-7100052,9
COOK-:-7100053,9
COOK-:-7100054,9
COOK-:-7200001,9
COOK-:-7200002,9
COOK-:-7200004,9
COOK-:-7200005,9
COOK-:-7200006,9
COOK-:-7200008,9
COOK-:-7200009,9
COOK-:-7200010,9
COOK-:-7200011,9
COOK-:-7200013,9
COOK-:-7200014,9
COOK-:-7200015,9
COOK-:-7200016,9
COOK-:-7200017,9
COOK-:-7200018,9
COOK-:-7200019,9
COOK-:-7200020,9
COOK-:-7200022,9
COOK-:-7200023,9
COOK-:-7200024,9
COOK-:-7200025,9
COOK-:-7200026,3
COOK-:-7200027,9
COOK-:-7200028,9
COOK-:-7200029,9
COOK-:-7200031,9
COOK-:-7200032,9
COOK-:-7200033,9
COOK-:-7200034,9
COOK-:-7200035,9
COOK-:-7200036,3
COOK-:-7200037,9
COOK-:-7200038,9
COOK-:-7200039,9
COOK-:-7200040,9
COOK-:-7200041,9
COOK-:-7200042,9
COOK-:-7200043,9
COOK-:-7200044,9
COOK-:-7200046,9
COOK-:-7200047,9
COOK-:-7200048,9
COOK-:-7200049,9
COOK-:-7200050,9
COOK-:-7200051,9
COOK-:-7200052,9
COOK-:-7200053,9
COOK-:-7200054,9
COOK-:-7200055,9
COOK-:-7200056,9
COOK-:-7200057,9
COOK-:-7200058,9
COOK-:-7200059,9
COOK-:-7200060,9
COOK-:-7200061,9
COOK-:-7200062,9
COOK-:-7200063,9
COOK-:-7200064,9
COOK-:-7200065,9
COOK-:-7200066,9
COOK-:-7300003,9
COOK-:-7300004,9
COOK-:-7300005,9
COOK-:-7300006,9
COOK-:-7300007,9
COOK-:-7300008,9
COOK-:-7300009,9
COOK-:-7300010,9
COOK-:-7300011,9
COOK-:-7400001,5
COOK-:-7400002,5
COOK-:-7400003,5
COOK-:-7400004,5
COOK-:-7400005,5
COOK-:-7400006,5
COOK-:-7400007,5
COOK-:-7400008,5
COOK-:-7400009,5
COOK-:-7400010,5
COOK-:-7400011,5
COOK-:-7400012,5
COOK-:-7400013,5
COOK-:-7400015,5
COOK-:-7400018,5
COOK-:-7400019,3
COOK-:-7400020,5
COOK-:-7400021,5
COOK-:-7400022,5
COOK-:-7400024,5
COOK-:-7400025,5
COOK-:-7400026,5
COOK-:-7400028,5
COOK-:-7400029,5
COOK-:-7400030,5
COOK-:-7400031,5
COOK-:-7400032,5
COOK-:-7400033,3
COOK-:-7400034,5
COOK-:-7400035,5
COOK-:-7400036,5
COOK-:-7400037,5
COOK-:-7400038,5
COOK-:-7400039,5
COOK-:-7400040,5
COOK-:-7400041,3
COOK-:-7400042,5
COOK-:-7400043,5
COOK-:-7400045,5
COOK-:-7501001,1
COOK-:-7501002,5
COOK-:-7501003,5
COOK-:-7501004,1
COOK-:-7502001,5
COOK-:-7502002,5
COOK-:-7502003,5
COOK-:-7502004,5
COOK-:-7502005,5
COOK-:-7503001,1
COOK-:-7503002,1
COOK-:-7503003,1
COOK-:-7503004,1
COOK-:-7503005,1
COOK-:-7504001,5
COOK-:-7504002,1
COOK-:-7504003,1
COOK-:-7504004,5
COOK-:-7504005,5
COOK-:-7504006,5
COOK-:-7504007,1
COOK-:-7505001,5
COOK-:-7505002,5
COOK-:-7505003,5
COOK-:-7506001,15
COOK-:-7506002,15
COOK-:-7506003,15
COOK-:-7506004,15
COOK-:-7506005,15
COOK-:-7506006,15
COOK-:-7507001,15
COOK-:-7507002,15
COOK-:-7507003,5
COOK-:-7507004,15
COOK-:-7507005,15
COOK-:-7508001,5
COOK-:-7508002,1
COOK-:-7508003,1
COOK-:-7508004,1
COOK-:-7508005,1
COOK-:-7509001,1
COOK-:-7509002,5
COOK-:-7509003,5
COOK-:-7509004,5
COOK-:-7509005,1
COOK-:-7600001,5
COOK-:-7600002,5
COOK-:-7600003,5
COOK-:-7600005,5
COOK-:-7600006,5
COOK-:-7600007,5
COOK-:-7600008,5
COOK-:-7600009,5
COOK-:-7600010,5
COOK-:-7600011,5
COOK-:-7600012,5
COOK-:-7600013,5
COOK-:-7600014,5
COOK-:-7600016,5
COOK-:-7600017,5
COOK-:-7600018,5
COOK-:-7600019,5
COOK-:-7600020,5
COOK-:-7600021,5
COOK-:-7600022,5
COOK-:-7600023,5
COOK-:-7600024,5
COOK-:-7600025,5
COOK-:-7600026,5
COOK-:-7600027,5
COOK-:-7600028,5
COOK-:-7600029,5
COOK-:-7600030,5
COOK-:-7600031,5
COOK-:-7600032,5
COOK-:-7600033,5
COOK-:-7600034,5
COOK-:-7600035,5
COOK-:-7600036,5
COOK-:-7600037,5
COOK-:-7600038,5
COOK-:-7600039,5
COOK-:-7600040,5
COOK-:-7600041,5
COOK-:-7600042,5
COOK-:-7600043,5
COOK-:-7700001,9
COOK-:-7700002,3
COOK-:-7700003,9
COOK-:-7700004,3
COOK-:-7700005,3
COOK-:-7700006,9
COOK-:-7700007,3
COOK-:-7700008,3
COOK-:-7700009,9
COOK-:-7700010,3
COOK-:-7700011,9
COOK-:-7700012,9
COOK-:-7700014,9
COOK-:-7800001,16
COOK-:-7800002,16
COOK-:-7800003,16
COOK-:-7800004,16
COOK-:-7800005,16
COOK-:-7800006,16
COOK-:-7800007,16
COOK-:-7800008,16
COOK-:-7800009,16
COOK-:-7800010,16
COOK-:-7800011,16
COOK-:-7800012,15
COOK-:-7800013,16
COOK-:-7800014,16
COOK-:-7800015,16
COOK-:-7800016,16
COOK-:-7800017,16
COOK-:-7800018,16
COOK-:-7800019,16
COOK-:-7800020,16
COOK-:-7800021,16
COOK-:-7800022,16
COOK-:-7800023,15
COOK-:-7800024,16
COOK-:-7800025,16
COOK-:-7800027,16
COOK-:-7800028,16
COOK-:-7800029,16
COOK-:-7800030,16
COOK-:-7800031,16
COOK-:-7800032,16
COOK-:-7800033,16
COOK-:-7800034,16
COOK-:-7800035,16
COOK-:-7800036,16
COOK-:-7800037,16
COOK-:-7800038,15
COOK-:-7800039,16
COOK-:-7800040,16
COOK-:-7800041,16
COOK-:-7800043,16
COOK-:-7800044,16
COOK-:-7800045,16
COOK-:-7800046,16
COOK-:-7800047,16
COOK-:-7800048,16
COOK-:-7800049,16
COOK-:-7800050,16
COOK-:-7900001,9
COOK-:-7900002,9
COOK-:-7900003,16
COOK-:-7900004,9
COOK-:-7900005,9
COOK-:-7900006,9
COOK-:-7900007,9
COOK-:-7900008,9
COOK-:-7900009,9
COOK-:-7900011,9
COOK-:-7900013,9
COOK-:-7900014,9
COOK-:-7900015,9
COOK-:-7900016,9
COOK-:-7900017,9
COOK-:-7900018,9
COOK-:-7900019,16
COOK-:-7900020,9
COOK-:-7900021,9
COOK-:-7900022,16
COOK-:-7900023,9
COOK-:-7900024,9
COOK-:-7900025,9
COOK-:-7900027,9
COOK-:-7900028,9
COOK-:-7900029,9
COOK-:-7900030,9
COOK-:-7900031,9
COOK-:-7900032,9
COOK-:-7900033,9
COOK-:-7900034,9
COOK-:-7900035,9
COOK-:-7900036,9
COOK-:-7900037,16
COOK-:-7900038,9
COOK-:-7900039,9
COOK-:-7900041,10
COOK-:-7900042,9
COOK-:-7900044,9
COOK-:-7900045,9
COOK-:-7900046,10
COOK-:-7900048,9
COOK-:-7900049,9
COOK-:-7900051,9
COOK-:-7900052,9
COOK-:-7900053,10
COOK-:-7900054,9
COOK-:-7900055,9
COOK-:-7900056,16
COOK-:-7900057,16
COOK-:-7900058,9
COOK-:-7900059,16
COOK-:-7900060,16
COOK-:-7900061,9
COOK-:-7900062,10
COOK-:-7900063,10
COOK-:-7900064,16
COOK-:-7900065,9
COOK-:-7900066,9
COOK-:-7900067,9
COOK-:-7900068,9
COOK-:-7900069,9
COOK-:-8000001,5
COOK-:-8000002,5
COOK-:-8000003,5
COOK-:-8000005,5
COOK-:-8000006,5
COOK-:-8000007,15
COOK-:-8000008,5
COOK-:-8000009,5
COOK-:-8000010,5
COOK-:-8000011,5
COOK-:-8000013,5
COOK-:-8000014,15
COOK-:-8000015,5
COOK-:-8000019,5
COOK-:-8000021,15
COOK-:-8000022,15
COOK-:-8000023,5
COOK-:-8000024,15
COOK-:-8000025,15
COOK-:-8000026,15
COOK-:-8000027,15
COOK-:-8000028,5
COOK-:-8000029,5
COOK-:-8000030,5
COOK-:-8000031,5
COOK-:-8000032,5
COOK-:-8000033,5
COOK-:-8000034,5
COOK-:-8000036,15
COOK-:-8000037,15
COOK-:-8000038,5
COOK-:-8000039,5
COOK-:-8000040,5
COOK-:-8000041,15
COOK-:-8000042,15
COOK-:-8000043,5
COOK-:-8000044,5
COOK-:-8000045,5
COOK-:-8000046,5
COOK-:-8000047,15
COOK-:-8000048,15
COOK-:-8000049,15
COOK-:-8000050,15
COOK-:-8000051,5
COOK-:-8000052,5
COOK-:-8000053,15
COOK-:-8000054,15
COOK-:-8000055,5
COOK-:-8000056,5
COOK-:-8000057,5
COOK-:-8000058,5
COOK-:-8000059,5
COOK-:-8000060,5
COOK-:-8000061,5
COOK-:-8000062,5
COOK-:-8000063,5
COOK-:-8000064,5
COOK-:-8000065,5
COOK-:-8000066,15
COOK-:-8000067,15
COOK-:-8000068,5
COOK-:-8000070,5
COOK-:-8000071,5
COOK-:-8000072,5
COOK-:-8000073,5
COOK-:-8000074,5
COOK-:-8000075,5
COOK-:-8000076,5
COOK-:-8000077,5
COOK-:-8000078,5
COOK-:-8000079,5
COOK-:-8000080,15
COOK-:-8000081,5
COOK-:-8000082,15
COOK-:-8000083,5
COOK-:-8100001,5
COOK-:-8100002,5
COOK-:-8100003,15
COOK-:-8100004,15
COOK-:-8100005,15
COOK-:-8100006,5
COOK-:-8100007,15
COOK-:-8100008,15
COOK-:-8100009,15
COOK-:-8100010,15
COOK-:-8100011,5
COOK-:-8100012,5
COOK-:-8100013,5
COOK-:-8100014,15
COOK-:-8100015,5
COOK-:-8100016,5
COOK-:-8100017,15
COOK-:-8100019,5
COOK-:-8100020,5
COOK-:-8100021,15
COOK-:-8100022,15
COOK-:-8100023,15
COOK-:-8100024,5
COOK-:-8100025,15
COOK-:-8100026,5
COOK-:-8100028,5
COOK-:-8100029,15
COOK-:-8100030,15
COOK-:-8100033,15
COOK-:-8100034,15
COOK-:-8100035,15
COOK-:-8100036,15
COOK-:-8100037,15
COOK-:-8100038,15
COOK-:-8100039,5
COOK-:-8200002,5
COOK-:-8200003,5
COOK-:-8200004,10
COOK-:-8200005,10
COOK-:-8200006,5
COOK-:-8200007,5
COOK-:-8200008,5
COOK-:-8200009,11
COOK-:-8200010,5
COOK-:-8200011,5
COOK-:-8200012,5
COOK-:-8200013,5
COOK-:-8200014,5
COOK-:-8200015,5
COOK-:-8200016,5
COOK-:-8200017,5
COOK-:-8200018,5
COOK-:-8200019,15
COOK-:-8200020,5
COOK-:-8200021,5
COOK-:-8200022,5
COOK-:-8200023,5
COOK-:-8200024,5
COOK-:-8200025,5
COOK-:-8200027,5
COOK-:-8200028,15
COOK-:-8200029,10
COOK-:-8200030,10
COOK-:-8200031,5
COOK-:-8200032,5
COOK-:-8200033,5
COOK-:-8200034,5
COOK-:-8200035,5
COOK-:-8200036,5
COOK-:-8200037,5
COOK-:-8200038,5
COOK-:-8200039,5
COOK-:-8200040,5
COOK-:-8200041,5
COOK-:-8200042,5
COOK-:-8200043,5
COOK-:-8200044,5
COOK-:-8200045,15
COOK-:-8200046,5
COOK-:-8200047,5
COOK-:-8200048,5
COOK-:-8200049,15
COOK-:-8200050,5
COOK-:-8200051,10
COOK-:-8200052,10
COOK-:-8200053,5
COOK-:-8200054,5
COOK-:-8200055,5
COOK-:-8200056,5
COOK-:-8200057,5
COOK-:-8200058,5
COOK-:-8200059,5
COOK-:-8200060,5
COOK-:-8200061,5
COOK-:-8200062,5
COOK-:-8300001,5
COOK-:-8300002,5
COOK-:-8300003,5
COOK-:-8300004,5
COOK-:-8300005,5
COOK-:-8300006,5
COOK-:-8300007,13
COOK-:-8300009,13
COOK-:-8300010,13
COOK-:-8300011,5
COOK-:-8300012,13
COOK-:-8300013,13
COOK-:-8300014,13
COOK-:-8300015,5
COOK-:-8300016,5
COOK-:-8300017,5
COOK-:-8300018,5
COOK-:-8300019,13
COOK-:-8300020,13
COOK-:-8300021,13
COOK-:-8300022,5
COOK-:-8300023,13
COOK-:-8300024,13
COOK-:-8300025,13
COOK-:-8300026,5
COOK-:-8300027,5
COOK-:-8300028,5
COOK-:-8300029,5
COOK-:-8300030,13
COOK-:-8300031,13
COOK-:-8300032,5
COOK-:-8300034,5
COOK-:-8300035,13
COOK-:-8300036,5
COOK-:-8300037,13
COOK-:-8300038,13
COOK-:-8300039,5
COOK-:-8300040,5
COOK-:-8300041,13
COOK-:-8300042,13
COOK-:-8300044,13
COOK-:-8300045,13
COOK-:-8300046,5
COOK-:-8300047,5
COOK-:-8300048,13
COOK-:-8300049,13
COOK-:-8300050,5
COOK-:-8300051,13
COOK-:-8300052,13
COOK-:-8300053,13
COOK-:-8300054,5
COOK-:-8300055,5
COOK-:-8300056,13
COOK-:-8300057,13
COOK-:-8300058,5
COOK-:-8400001,7
COOK-:-8400002,7
COOK-:-8400003,15
COOK-:-8400004,7
COOK-:-8400005,7
COOK-:-8400006,7
COOK-:-8400007,7
COOK-:-8400008,7
COOK-:-8400009,7
COOK-:-8400010,3
COOK-:-8400011,15
COOK-:-8400012,7
COOK-:-8400013,7
COOK-:-8400014,15
COOK-:-8500001,16
COOK-:-8500002,16
COOK-:-8500003,16
COOK-:-8500004,16
COOK-:-8500005,16
COOK-:-8500006,16
COOK-:-8500007,16
COOK-:-8500008,16
COOK-:-8500009,16
COOK-:-8500010,16
COOK-:-8500011,16
COOK-:-8500012,16
COOK-:-8500013,16
COOK-:-8500014,16
COOK-:-8500015,16
COOK-:-8500016,16
COOK-:-8500017,16
COOK-:-8500018,16
COOK-:-8500019,16
COOK-:-8500020,16
COOK-:-8500021,16
COOK-:-8500022,16
COOK-:-8500023,16
COOK-:-8500024,16
COOK-:-8500025,16
COOK-:-8500026,16
COOK-:-8500027,16
COOK-:-8500028,16
COOK-:-8500029,16
COOK-:-8500031,16
COOK-:-8500032,16
COOK-:-8600001,9
COOK-:-8600002,9
COOK-:-8600003,9
COOK-:-8600004,9
COOK-:-8600005,9
COOK-:-8600006,9
COOK-:-8600007,9
COOK-:-8600008,9
COOK-:-8600009,9
COOK-:-8600010,9
COOK-:-8600011,9
COOK-:-8600012,9
COOK-:-8600013,9
COOK-:-8600014,9
COOK-:-8600016,9
COOK-:-8600017,9
COOK-:-8600018,9
COOK-:-8600019,9
COOK-:-8600020,9
COOK-:-8600021,9
COOK-:-8600022,9
COOK-:-8600023,9
COOK-:-8600024,9
COOK-:-8600025,9
COOK-:-8600026,9
COOK-:-8600027,9
COOK-:-8600028,9
COOK-:-8600029,9
COOK-:-8600030,9
COOK-:-8600031,9
COOK-:-8600032,9
COOK-:-8600033,9
COOK-:-8600034,9
COOK-:-8600035,9
COOK-:-8600036,9
COOK-:-8600037,9
COOK-:-8600038,9
COOK-:-8600039,9
COOK-:-8600040,9
COOK-:-8600041,9
COOK-:-8600042,9
COOK-:-8600043,9
COOK-:-8600044,9
COOK-:-8600045,9
COOK-:-8600046,9
COOK-:-8600047,9
COOK-:-8600048,9
COOK-:-8600049,9
COOK-:-8600050,9
COOK-:-8600051,9
COOK-:-8600052,9
COOK-:-8600053,9
COOK-:-8600054,9
COOK-:-8600055,9
COOK-:-8600056,9
COOK-:-8600057,9
COOK-:-8600058,9
COOK-:-8600059,9
COOK-:-8600060,9
COOK-:-8600061,9
COOK-:-8600062,9
COOK-:-8700001,3
COOK-:-8700003,5
COOK-:-8700004,5
COOK-:-8700005,5
COOK-:-8700006,5
COOK-:-8700007,5
COOK-:-8700008,3
COOK-:-8700009,3
COOK-:-8700010,5
COOK-:-8700011,3
COOK-:-8700012,3
COOK-:-8700013,3
COOK-:-8700014,3
COOK-:-8700015,5
COOK-:-8700016,5
COOK-:-8700017,3
COOK-:-8700019,3
COOK-:-8700020,5
COOK-:-8700021,5
COOK-:-8700022,3
COOK-:-8700023,5
COOK-:-8700024,3
COOK-:-8700025,3
COOK-:-8700026,3
COOK-:-8700028,3
COOK-:-8700029,5
COOK-:-8700030,3
COOK-:-8700031,5
COOK-:-8700032,3
COOK-:-8700033,5
COOK-:-8700034,3
COOK-:-8700036,3
COOK-:-8700037,5
COOK-:-8700039,5
COOK-:-8700040,5
COOK-:-8700041,3
COOK-:-8700042,5
COOK-:-8700043,3
COOK-:-8700044,5
COOK-:-8700045,3
COOK-:-8700046,3
COOK-:-8700048,3
COOK-:-8700049,5
COOK-:-8700050,5
COOK-:-8700051,3
COOK-:-8700052,3
COOK-:-8700053,3
COOK-:-8700054,3
COOK-:-8700055,5
COOK-:-8700056,5
COOK-:-8700057,5
COOK-:-8700058,5
COOK-:-8700060,5
COOK-:-8700061,5
COOK-:-8700062,5
COOK-:-8700063,3
COOK-:-8700064,5
COOK-:-8700065,5
COOK-:-8800001,9
COOK-:-8800002,9
COOK-:-8800003,9
COOK-:-8800004,9
COOK-:-8800005,9
COOK-:-8800006,9
COOK-:-8800007,9
COOK-:-8800008,9
COOK-:-8800009,9
COOK-:-8800010,9
COOK-:-8800011,9
COOK-:-8800012,9
COOK-:-8800013,9
COOK-:-8800014,9
COOK-:-8800015,9
COOK-:-8800016,9
COOK-:-8800017,9
COOK-:-8800018,9
COOK-:-8800019,9
COOK-:-8800020,9
COOK-:-8800021,9
COOK-:-8800022,9
COOK-:-8800023,9
COOK-:-8800024,9
COOK-:-8800025,9
COOK-:-8800026,9
COOK-:-8800027,9
COOK-:-8800028,9
COOK-:-8800029,9
COOK-:-8800030,9
COOK-:-8800031,9
COOK-:-8800032,9
COOK-:-8800033,9
COOK-:-8800034,9
COOK-:-8800035,9
COOK-:-8900001,16
COOK-:-8900002,16
COOK-:-8900003,16
COOK-:-8900004,16
COOK-:-8900005,9
COOK-:-8900006,16
COOK-:-8900007,16
COOK-:-8900008,16
COOK-:-8900009,16
COOK-:-8900010,16
COOK-:-8900011,16
COOK-:-8900012,16
COOK-:-8900013,16
COOK-:-8900014,16
COOK-:-8900015,16
COOK-:-8900016,16
COOK-:-8900017,16
COOK-:-8900018,16
COOK-:-8900019,16
COOK-:-8900020,16
COOK-:-8900021,9
COOK-:-8900022,16
COOK-:-8900024,16
COOK-:-8900026,16
COOK-:-8900027,16
COOK-:-8900028,16
COOK-:-8900029,16
COOK-:-8900031,16
COOK-:-8900032,9
COOK-:-8900033,16
COOK-:-8900034,16
COOK-:-8900035,16
COOK-:-8900036,16
COOK-:-8900037,16
COOK-:-8900038,16
COOK-:-8900039,16
COOK-:-8900040,16
COOK-:-8900041,16
COOK-:-8900042,16
COOK-:-8900043,16
COOK-:-8900044,16
COOK-:-8900045,16
COOK-:-8900046,9
COOK-:-8900047,16
COOK-:-8900048,16
COOK-:-8900049,16
COOK-:-8900050,16
COOK-:-8900051,16
COOK-:-8900052,16
COOK-:-8900053,16
COOK-:-8900054,16
COOK-:-8900055,16
COOK-:-8900056,16
COOK-:-8900057,16
COOK-:-8900058,16
COOK-:-8900059,16
COOK-:-8900060,16
COOK-:-8900061,16
COOK-:-8900062,16
COOK-:-8900063,9
COOK-:-8900064,16
COOK-:-8900065,16
COOK-:-8900066,16
COOK-:-8900067,16
COOK-:-8900068,16
COOK-:-8900069,16
COOK-:-8900070,9
COOK-:-8900072,16
COOK-:-8900073,16
COOK-:-8900074,16
COOK-:-8900075,16
COOK-:-8900076,16
COOK-:-8900077,16
COOK-:-8900078,16
COOK-:-8900079,16
COOK-:-8900080,16
COOK-:-8900081,16
COOK-:-8900082,16
COOK-:-8900083,16
COOK-:-8900084,9
COOK-:-8900085,16
COOK-:-8900086,16
COOK-:-8900087,16
COOK-:-8900088,9
COOK-:-8900089,16
COOK-:-9000001,9
COOK-:-9000002,9
COOK-:-9000003,9
COOK-:-9000004,9
COOK-:-9000005,3
COOK-:-9000006,9
COOK-:-9000007,9
COOK-:-9000008,9
COOK-:-9000009,9
COOK-:-9000010,9
COOK-:-9000011,3
COOK-:-9000012,9
COOK-:-9000013,9
COOK-:-9000014,9
COOK-:-9000015,9
COOK-:-9000016,9
COOK-:-9000017,9
COOK-:-9000018,9
COOK-:-9000019,9
COOK-:-9000020,9
COOK-:-9000021,9
COOK-:-9000022,9
COOK-:-9000023,9
COOK-:-9000024,9
COOK-:-9000025,9
COOK-:-9000026,9
COOK-:-9000027,9
COOK-:-9000028,9
COOK-:-9000029,3
COOK-:-9000030,9
COOK-:-9000031,3
COOK-:-9000032,9
COOK-:-9000033,9
COOK-:-9000034,3
COOK-:-9000035,9
COOK-:-9000036,9
COOK-:-9000037,9
COOK-:-9000038,9
COOK-:-9000039,3
COOK-:-9000040,9
COOK-:-9000041,9
COOK-:-9000042,9
COOK-:-9000043,9
COOK-:-9000044,9
COOK-:-9000045,3
COOK-:-9000046,9
COOK-:-9000047,9
COOK-:-9100001,16
COOK-:-9100002,16
COOK-:-9100003,16
COOK-:-9100004,16
COOK-:-9100005,16
COOK-:-9100006,16
COOK-:-9100007,16
COOK-:-9200001,16
COOK-:-9200002,9
COOK-:-9200003,9
COOK-:-9200004,16
COOK-:-9200005,16
COOK-:-9200006,16
COOK-:-9200007,16
COOK-:-9200008,16
COOK-:-9200009,16
COOK-:-9200010,16
COOK-:-9200011,16
COOK-:-9200012,9
COOK-:-9300001,5
COOK-:-9300002,5
COOK-:-9300003,5
COOK-:-9300004,5
COOK-:-9300005,5
COOK-:-9300006,5
COOK-:-9300007,5
COOK-:-9300008,5
COOK-:-9300009,5
COOK-:-9300010,5
COOK-:-9300011,5
COOK-:-9300012,5
COOK-:-9300013,5
COOK-:-9300014,5
COOK-:-9300015,3
COOK-:-9300016,5
COOK-:-9300017,5
COOK-:-9300018,5
COOK-:-9300019,5
COOK-:-9300020,5
COOK-:-9300021,5
COOK-:-9300022,5
COOK-:-9300023,5
COOK-:-9300024,5
COOK-:-9300025,5
COOK-:-9300026,5
COOK-:-9300027,5
COOK-:-9300028,3
COOK-:-9300029,5
COOK-:-9300030,5
COOK-:-9300031,5
COOK-:-9300032,5
COOK-:-9300033,5
COOK-:-9300034,5
COOK-:-9300035,5
COOK-:-9300036,5
COOK-:-9300037,5
COOK-:-9300038,5
COOK-:-9300039,5
COOK-:-9300040,5
COOK-:-9300041,5
COOK-:-9300042,5
COOK-:-9300043,5
COOK-:-9300044,5
COOK-:-9300045,5
COOK-:-9300046,5
COOK-:-9300047,5
COOK-:-9300048,5
COOK-:-9300049,5
COOK-:-9300050,5
COOK-:-9300051,5
COOK-:-9300052,5
COOK-:-9300053,5
COOK-:-9300054,5
COOK-:-9300055,5
COOK-:-9300056,5
COOK-:-9300057,5
COOK-:-9300058,3
COOK-:-9300059,5
COOK-:-9300060,5
COOK-:-9300061,5
COOK-:-9300062,5
COOK-:-9300063,5
COOK-:-9300064,5
COOK-:-9300065,5
COOK-:-9300066,5
COOK-:-9300067,5
COOK-:-9300068,5
COOK-:-9300069,5
COOK-:-9400001,16
COOK-:-9400002,16
COOK-:-9400003,9
COOK-:-9400004,9
COOK-:-9400005,9
COOK-:-9400006,9
COOK-:-9400007,9
COOK-:-9400008,9
COOK-:-9400009,9
COOK-:-9400010,16
COOK-:-9400011,9
COOK-:-9400013,9
COOK-:-9400014,9
COOK-:-9400015,9
COOK-:-9400016,16
COOK-:-9400017,16
COOK-:-9400018,9
COOK-:-9400019,16
COOK-:-9400020,9
COOK-:-9500001,9
COOK-:-9500002,9
COOK-:-9500003,9
COOK-:-9500004,9
COOK-:-9500005,9
COOK-:-9500006,3
COOK-:-9500007,3
COOK-:-9500008,9
COOK-:-9500009,9
COOK-:-9500010,9
COOK-:-9500011,9
COOK-:-9500012,9
COOK-:-9500013,9
COOK-:-9500014,9
COOK-:-9500015,9
COOK-:-9500016,9
COOK-:-9500017,9
COOK-:-9500018,9
COOK-:-9500019,9
COOK-:-9500020,3
COOK-:-9500021,9
COOK-:-9500022,9
COOK-:-9500023,3
COOK-:-9500024,3
COOK-:-9500025,3
COOK-:-9500026,3
COOK-:-9500027,3
COOK-:-9500028,3
COOK-:-9500029,9
COOK-:-9500030,9
COOK-:-9500031,9
COOK-:-9500032,9
COOK-:-9500033,9
COOK-:-9500034,9
COOK-:-9500035,9
COOK-:-9500036,9
COOK-:-9500037,9
COOK-:-9500038,9
COOK-:-9500039,9
COOK-:-9500040,9
COOK-:-9500041,9
COOK-:-9500042,9
COOK-:-9500043,9
COOK-:-9500044,9
COOK-:-9500045,9
COOK-:-9500046,9
COOK-:-9500047,9
COOK-:-9500048,9
COOK-:-9500050,9
COOK-:-9500051,9
COOK-:-9500052,9
COOK-:-9500053,3
COOK-:-9500054,9
COOK-:-9500055,3
COOK-:-9500056,9
COOK-:-9500057,9
COOK-:-9500058,9
COOK-:-9500059,3
COOK-:-9500060,9
COOK-:-9500061,9
COOK-:-9500062,9
COOK-:-9500063,3
COOK-:-9500064,9
COOK-:-9500065,9
COOK-:-9500066,9
COOK-:-9500067,3
COOK-:-9500068,9
COOK-:-9500069,9
COOK-:-9500070,9
COOK-:-9500071,9
COOK-:-9500072,9
COOK-:-9500073,9
COOK-:-9500074,9
COOK-:-9500075,9
COOK-:-9500076,3
COOK-:-9500077,9
COOK-:-9500078,9
COOK-:-9500079,9
COOK-:-9500080,3
COOK-:-9500081,9
COOK-:-9500082,3
COOK-:-9500083,9
COOK-:-9500084,9
COOK-:-9500085,9
COOK-:-9500086,9
COOK-:-9500087,9
COOK-:-9500088,9
COOK-:-9500089,9
COOK-:-9500090,3
COOK-:-9500091,3
COOK-:-9500092,9
COOK-:-9500093,9
COOK-:-9500094,9
COOK-:-9500095,9
COOK-:-9500096,9
COOK-:-9500097,9
COOK-:-9500098,9
COOK-:-9500099,9
COOK-:-9500100,9
COOK-:-9500101,9
COOK-:-9500102,9
COOK-:-9500103,9
COOK-:-9500104,3
COOK-:-9600001,5
COOK-:-9600002,5
COOK-:-9600003,3
COOK-:-9600004,5
COOK-:-9600005,3
COOK-:-9600006,5
COOK-:-9600007,3
COOK-:-9600008,5
COOK-:-9600009,5
COOK-:-9600010,5
COOK-:-9600012,5
COOK-:-9600013,5
COOK-:-9600014,3
COOK-:-9600015,3
COOK-:-9600016,5
COOK-:-9600017,5
COOK-:-9600018,5
COOK-:-9600019,3
COOK-:-9600020,5
COOK-:-9600022,3
COOK-:-9600023,3
COOK-:-9600024,3
COOK-:-9600025,5
COOK-:-9600026,5
COOK-:-9600027,5
COOK-:-9600028,5
COOK-:-9600029,5
COOK-:-9600030,5
COOK-:-9600031,5
COOK-:-9600032,5
COOK-:-9600033,5
COOK-:-9600034,5
COOK-:-9600035,3
COOK-:-9600036,5
COOK-:-9600037,5
COOK-:-9600038,5
COOK-:-9600039,5
COOK-:-9600041,5
COOK-:-9600042,5
COOK-:-9600043,5
COOK-:-9600044,5
COOK-:-9600045,5
COOK-:-9600049,5
COOK-:-9600050,5
COOK-:-9600051,5
COOK-:-9600052,5
COOK-:-9600053,5
COOK-:-9600055,5
COOK-:-9600056,5
COOK-:-9600057,5
COOK-:-9600058,5
COOK-:-9600059,5
COOK-:-9600061,5
COOK-:-9600062,5
COOK-:-9600064,5
COOK-:-9600065,5
COOK-:-9600066,5
COOK-:-9600067,5
COOK-:-9600069,5
COOK-:-9600070,5
COOK-:-9600071,5
COOK-:-9600072,5
COOK-:-9600073,3
COOK-:-9600074,5
COOK-:-9600075,5
COOK-:-9600076,5
COOK-:-9600077,5
COOK-:-9600078,5
COOK-:-9600079,5
COOK-:-9600080,5
COOK-:-9600081,5
COOK-:-9700002,9
COOK-:-9700003,9
COOK-:-9700004,9
COOK-:-9700005,9
COOK-:-9700006,9
COOK-:-9700007,9
COOK-:-9700008,9
COOK-:-9700009,10
COOK-:-9700010,9
COOK-:-9700011,9
COOK-:-9700012,9
COOK-:-9700013,9
COOK-:-9700014,9
COOK-:-9700015,10
COOK-:-9700016,9
COOK-:-9700017,9
COOK-:-9700018,9
COOK-:-9700019,9
COOK-:-9700020,9
COOK-:-9700021,9
COOK-:-9700022,10
COOK-:-9700023,9
COOK-:-9700025,9
COOK-:-9700026,9
COOK-:-9700027,9
COOK-:-9700028,9
COOK-:-9700029,9
COOK-:-9700030,9
COOK-:-9700031,9
COOK-:-9700032,9
COOK-:-9700033,9
COOK-:-9700034,9
COOK-:-9700035,9
COOK-:-9700036,9
COOK-:-9700037,9
COOK-:-9700038,9
COOK-:-9700039,9
COOK-:-9700040,9
COOK-:-9700041,9
COOK-:-9700042,9
COOK-:-9700044,10
COOK-:-9700045,9
COOK-:-9700046,9
COOK-:-9700047,9
COOK-:-9700048,9
COOK-:-9700049,9
COOK-:-9700050,9
COOK-:-9700051,9
COOK-:-9700052,9
COOK-:-9700053,9
COOK-:-9700054,9
COOK-:-9700055,10
COOK-:-9700056,9
COOK-:-9700057,9
COOK-:-9700059,9
COOK-:-9700060,9
COOK-:-9700061,9
COOK-:-9700062,9
COOK-:-9700063,9
COOK-:-9700064,9
COOK-:-9700065,9
COOK-:-9700066,9
COOK-:-9700067,9
COOK-:-9700068,10
COOK-:-9700069,9
COOK-:-9700070,9
COOK-:-9700071,9
COOK-:-9700072,9
COOK-:-9700074,9
COOK-:-9700075,9
COOK-:-9700076,9
COOK-:-9700077,10
COOK-:-9700078,9
COOK-:-9700079,9
COOK-:-9700080,9
COOK-:-9700081,9
COOK-:-9700082,9
COOK-:-9800001,16
COOK-:-9800002,16
COOK-:-9800003,16
COOK-:-9800004,16
COOK-:-9800005,16
COOK-:-9800006,16
COOK-:-9800007,16
COOK-:-9800008,16
COOK-:-9800009,16
COOK-:-9800010,16
COOK-:-9800011,16
COOK-:-9800012,16
COOK-:-9800013,16
COOK-:-9800014,16
COOK-:-9800015,16
COOK-:-9800016,16
COOK-:-9800017,16
COOK-:-9800018,16
COOK-:-9800019,16
COOK-:-9800020,16
COOK-:-9800021,16
COOK-:-9800022,16
COOK-:-9800023,16
COOK-:-9800024,16
COOK-:-9800025,16
COOK-:-9800026,16
COOK-:-9800027,16
COOK-:-9800028,16
COOK-:-9800029,16
COOK-:-9800030,16
COOK-:-9800031,16
COOK-:-9901001,16
COOK-:-9901002,16
COOK-:-9901003,16
COOK-:-9901004,16
COOK-:-9902001,16
COOK-:-9902002,16
COOK-:-9902003,16
COOK-:-9902004,16
COOK-:-9903001,16
COOK-:-9903002,16
COOK-:-9903003,16
COOK-:-9903004,16
COOK-:-9904001,16
COOK-:-9904002,16
COOK-:-9904003,16
COOK-:-9904004,16
COOK-:-9905001,16
COOK-:-9905002,16
COOK-:-9905003,16
COOK-:-9906001,16
COOK-:-9906002,16
COOK-:-9906003,16
COOK-:-9906004,16
COOK-:-9907001,16
COOK-:-9907002,16
COOK-:-9907003,16
COOK-:-9907004,16
COOK-:-9908001,16
COOK-:-9908002,16
COOK-:-9908003,16
CRAWFORD-:-HONEY CREEK 1,11
CRAWFORD-:-HONEY CREEK 2,11
CRAWFORD-:-HUTSONVILLE 1,11
CRAWFORD-:-HUTSONVILLE 2,14
CRAWFORD-:-LAMOTTE 1,11
CRAWFORD-:-LAMOTTE 2,11
CRAWFORD-:-LICKING,14
CRAWFORD-:-MARTIN,11
CRAWFORD-:-MONTGOMERY,11
CRAWFORD-:-OBLONG 1,11
CRAWFORD-:-OBLONG 2,11
CRAWFORD-:-OBLONG 3,11
CRAWFORD-:-PRAIRIE 1,14
CRAWFORD-:-PRAIRIE 2,14
CRAWFORD-:-ROBINSON 1,11
CRAWFORD-:-ROBINSON 2,11
CRAWFORD-:-ROBINSON 3,11
CRAWFORD-:-ROBINSON 4,11
CRAWFORD-:-ROBINSON 5,11
CRAWFORD-:-ROBINSON 6,11
CRAWFORD-:-ROBINSON 7,11
CRAWFORD-:-ROBINSON 8,11
CRAWFORD-:-ROBINSON 9,11
CRAWFORD-:-SOUTHWEST,11
CUMBERLAND-:-COTTONWOOD-2,14
CUMBERLAND-:-CROOKED CREEK-1,14
CUMBERLAND-:-GREENUP 1-1,14
CUMBERLAND-:-GREENUP 2-1,14
CUMBERLAND-:-GREENUP 3-1,14
CUMBERLAND-:-NEOGA 1-2,14
CUMBERLAND-:-NEOGA 1-3,14
CUMBERLAND-:-NEOGA 2-2,14
CUMBERLAND-:-NEOGA 2-3,14
CUMBERLAND-:-SPRING POINT-3,14
CUMBERLAND-:-SPRING POINT-4,14
CUMBERLAND-:-SUMPTER 1-2,14
CUMBERLAND-:-SUMPTER 2-2,14
CUMBERLAND-:-UNION-1,14
CUMBERLAND-:-WOODBURY-2,11
DEKALB-:-AFTON 1,11
DEKALB-:-CLINTON 1,11
DEKALB-:-CORTLAND 1,11
DEKALB-:-CORTLAND 2,11
DEKALB-:-CORTLAND 3,11
DEKALB-:-CORTLAND 4,11
DEKALB-:-CORTLAND 5,11
DEKALB-:-CORTLAND 6,1
DEKALB-:-CORTLAND 7,11
DEKALB-:-CORTLAND 8,3
DEKALB-:-CORTLAND 9,1
DEKALB-:-DEKALB 1,11
DEKALB-:-DEKALB 10,11
DEKALB-:-DEKALB 11,11
DEKALB-:-DEKALB 12,11
DEKALB-:-DEKALB 13,11
DEKALB-:-DEKALB 14,11
DEKALB-:-DEKALB 15,11
DEKALB-:-DEKALB 16,11
DEKALB-:-DEKALB 17,11
DEKALB-:-DEKALB 18,11
DEKALB-:-DEKALB 19,11
DEKALB-:-DEKALB 2,11
DEKALB-:-DEKALB 20,11
DEKALB-:-DEKALB 21,11
DEKALB-:-DEKALB 22,11
DEKALB-:-DEKALB 23,11
DEKALB-:-DEKALB 24,11
DEKALB-:-DEKALB 3,11
DEKALB-:-DEKALB 4,11
DEKALB-:-DEKALB 5,11
DEKALB-:-DEKALB 6,11
DEKALB-:-DEKALB 7,11
DEKALB-:-DEKALB 8,11
DEKALB-:-DEKALB 9,3
DEKALB-:-FRANKLIN 1,11
DEKALB-:-FRANKLIN 2,11
DEKALB-:-GENOA 1,10
DEKALB-:-GENOA 2,1
DEKALB-:-GENOA 3,3
DEKALB-:-KINGSTON 1,11
DEKALB-:-KINGSTON 2,11
DEKALB-:-MALTA 1,11
DEKALB-:-MILAN 1,11
DEKALB-:-PAW PAW 1,11
DEKALB-:-PIERCE 1,11
DEKALB-:-SANDWICH 1,11
DEKALB-:-SANDWICH 2,11
DEKALB-:-SANDWICH 3,11
DEKALB-:-SANDWICH 4,11
DEKALB-:-SANDWICH 5,11
DEKALB-:-SHABBONA 1,11
DEKALB-:-SOMONAUK 1,11
DEKALB-:-SOUTH GROVE 1,11
DEKALB-:-SQUAW GROVE 1,11
DEKALB-:-SQUAW GROVE 2,11
DEKALB-:-SYCAMORE 1,11
DEKALB-:-SYCAMORE 10,11
DEKALB-:-SYCAMORE 11,11
DEKALB-:-SYCAMORE 2,1
DEKALB-:-SYCAMORE 3,11
DEKALB-:-SYCAMORE 4,11
DEKALB-:-SYCAMORE 5,11
DEKALB-:-SYCAMORE 6,11
DEKALB-:-SYCAMORE 8,11
DEKALB-:-VICTOR 1,11
DEWITT-:-BARNETT,14
DEWITT-:-CLINTONIA 1,14
DEWITT-:-CLINTONIA 2,14
DEWITT-:-CLINTONIA 3,14
DEWITT-:-CLINTONIA 4,14
DEWITT-:-CLINTONIA 5,14
DEWITT-:-CLINTONIA 6,14
DEWITT-:-CLINTONIA 7,14
DEWITT-:-CLINTONIA 8,14
DEWITT-:-CLINTONIA 9,14
DEWITT-:-CREEK,14
DEWITT-:-DEWITT,14
DEWITT-:-HARP,14
DEWITT-:-NIXON,14
DEWITT-:-RUTLEDGE,14
DEWITT-:-SANTA ANNA 1,14
DEWITT-:-SANTA ANNA 2,14
DEWITT-:-SANTA ANNA 3,14
DEWITT-:-TEXAS,14
DEWITT-:-TUNBRIDGE,14
DEWITT-:-WAPELLA,14
DEWITT-:-WAYNESVILLE,14
DEWITT-:-WILSON,14
DOUGLAS-:-ARCOLA 1,14
DOUGLAS-:-ARCOLA 2,14
DOUGLAS-:-ARCOLA 3,14
DOUGLAS-:-BOURBON 1,14
DOUGLAS-:-BOURBON 2,14
DOUGLAS-:-BOWDRE,14
DOUGLAS-:-CAMARGO 1,14
DOUGLAS-:-CAMARGO 2,14
DOUGLAS-:-CAMARGO 3,14
DOUGLAS-:-GARRETT,14
DOUGLAS-:-MURDOCK,14
DOUGLAS-:-NEWMAN,14
DOUGLAS-:-SARGENT,14
DOUGLAS-:-TUSCOLA 1,14
DOUGLAS-:-TUSCOLA 2,14
DOUGLAS-:-TUSCOLA 3,14
DOUGLAS-:-TUSCOLA 4,14
DUPAGE-:-ADDISON 001-0152,10
DUPAGE-:-ADDISON 002-0153,10
DUPAGE-:-ADDISON 003-0154,10
DUPAGE-:-ADDISON 004-0155,3
DUPAGE-:-ADDISON 005-0156,3
DUPAGE-:-ADDISON 006-0157,3
DUPAGE-:-ADDISON 007-0158,3
DUPAGE-:-ADDISON 008-0159,3
DUPAGE-:-ADDISON 009-0160,3
DUPAGE-:-ADDISON 010-0161,3
DUPAGE-:-ADDISON 011-0162,3
DUPAGE-:-ADDISON 012-0163/0164,3
DUPAGE-:-ADDISON 013-0165,3
DUPAGE-:-ADDISON 014-0166,3
DUPAGE-:-ADDISON 015-0167,3
DUPAGE-:-ADDISON 016-0168,3
DUPAGE-:-ADDISON 017-0169,3
DUPAGE-:-ADDISON 018-0170,3
DUPAGE-:-ADDISON 019-0171,3
DUPAGE-:-ADDISON 020-0172,3
DUPAGE-:-ADDISON 021-0173,3
DUPAGE-:-ADDISON 022-0174/0175,3
DUPAGE-:-ADDISON 023-0176,3
DUPAGE-:-ADDISON 024-0177,3
DUPAGE-:-ADDISON 025-0178,3
DUPAGE-:-ADDISON 026-0179,3
DUPAGE-:-ADDISON 027-0180,3
DUPAGE-:-ADDISON 028-0181,3
DUPAGE-:-ADDISON 029-0182,3
DUPAGE-:-ADDISON 030-0183,3
DUPAGE-:-ADDISON 031-0184,3
DUPAGE-:-ADDISON 032-0185,3
DUPAGE-:-ADDISON 033-0186/0187,3
DUPAGE-:-ADDISON 034-0188,3
DUPAGE-:-ADDISON 035-0189,3
DUPAGE-:-ADDISON 036-0190,3
DUPAGE-:-ADDISON 037-0191/0192,3
DUPAGE-:-ADDISON 038-0193,3
DUPAGE-:-ADDISON 039-0194,3
DUPAGE-:-ADDISON 040-0195,3
DUPAGE-:-ADDISON 041-0196,3
DUPAGE-:-ADDISON 042-0197,3
DUPAGE-:-ADDISON 043-0198,3
DUPAGE-:-ADDISON 044-0199/0200,3
DUPAGE-:-ADDISON 045-0201,3
DUPAGE-:-ADDISON 046-0202,3
DUPAGE-:-ADDISON 047-0203/0204,3
DUPAGE-:-ADDISON 048-0205,3
DUPAGE-:-ADDISON 049-0207,3
DUPAGE-:-ADDISON 050-0208,3
DUPAGE-:-ADDISON 051-0209,3
DUPAGE-:-ADDISON 052-0210,3
DUPAGE-:-ADDISON 053-0211,3
DUPAGE-:-BLOOMINGDALE 001-0046,1
DUPAGE-:-BLOOMINGDALE 002-0047/0048,1
DUPAGE-:-BLOOMINGDALE 003-0050,1
DUPAGE-:-BLOOMINGDALE 004-0051,1
DUPAGE-:-BLOOMINGDALE 005-0052,1
DUPAGE-:-BLOOMINGDALE 006-0053/0054,1
DUPAGE-:-BLOOMINGDALE 007-0055,1
DUPAGE-:-BLOOMINGDALE 008-0056,1
DUPAGE-:-BLOOMINGDALE 009-0057/0058,1
DUPAGE-:-BLOOMINGDALE 010-0059,1
DUPAGE-:-BLOOMINGDALE 011-0060,1
DUPAGE-:-BLOOMINGDALE 012-0061/0062,1
DUPAGE-:-BLOOMINGDALE 013-0063,1
DUPAGE-:-BLOOMINGDALE 014-0064,1
DUPAGE-:-BLOOMINGDALE 015-0065/0066,1
DUPAGE-:-BLOOMINGDALE 016-0067/0068,1
DUPAGE-:-BLOOMINGDALE 017-0069/0070,1
DUPAGE-:-BLOOMINGDALE 018-0071/0072/0073,1
DUPAGE-:-BLOOMINGDALE 019-0074/0075/0076/0077,1
DUPAGE-:-BLOOMINGDALE 020-0078/0079,1
DUPAGE-:-BLOOMINGDALE 021-0080,1
DUPAGE-:-BLOOMINGDALE 022-0081,1
DUPAGE-:-BLOOMINGDALE 023-0083/0084/0085,1
DUPAGE-:-BLOOMINGDALE 024-0086,1
DUPAGE-:-BLOOMINGDALE 025-0087,1
DUPAGE-:-BLOOMINGDALE 026-0088/0089,1
DUPAGE-:-BLOOMINGDALE 027-0090,3
DUPAGE-:-BLOOMINGDALE 028-0091,1
DUPAGE-:-BLOOMINGDALE 029-0092,1
DUPAGE-:-BLOOMINGDALE 030-0093,1
DUPAGE-:-BLOOMINGDALE 031-0094,1
DUPAGE-:-BLOOMINGDALE 032-0095/0096,1
DUPAGE-:-BLOOMINGDALE 033-0097,1
DUPAGE-:-BLOOMINGDALE 034-0098,1
DUPAGE-:-BLOOMINGDALE 035-0099,1
DUPAGE-:-BLOOMINGDALE 036-0101,1
DUPAGE-:-BLOOMINGDALE 037-0102/0103,1
DUPAGE-:-BLOOMINGDALE 038-0104/0105/0106/0107,1
DUPAGE-:-BLOOMINGDALE 039-0108/0109,1
DUPAGE-:-BLOOMINGDALE 040-0110/0112,1
DUPAGE-:-BLOOMINGDALE 041-0113/0114,1
DUPAGE-:-BLOOMINGDALE 042-0115,1
DUPAGE-:-BLOOMINGDALE 043-0116,1
DUPAGE-:-BLOOMINGDALE 044-0117,1
DUPAGE-:-BLOOMINGDALE 045-0118,1
DUPAGE-:-BLOOMINGDALE 045-0119,1
DUPAGE-:-BLOOMINGDALE 046-0120,1
DUPAGE-:-BLOOMINGDALE 047-0121,1
DUPAGE-:-BLOOMINGDALE 048-0122,1
DUPAGE-:-BLOOMINGDALE 049-0123/0124,1
DUPAGE-:-BLOOMINGDALE 050-0125/0126,1
DUPAGE-:-BLOOMINGDALE 051-0127,1
DUPAGE-:-BLOOMINGDALE 052-0128,1
DUPAGE-:-BLOOMINGDALE 053-0129,1
DUPAGE-:-BLOOMINGDALE 054-0130/0131,1
DUPAGE-:-BLOOMINGDALE 055-0132,1
DUPAGE-:-BLOOMINGDALE 056-0133,1
DUPAGE-:-BLOOMINGDALE 057-0134,1
DUPAGE-:-BLOOMINGDALE 058-0135,1
DUPAGE-:-BLOOMINGDALE 059-0136,1
DUPAGE-:-BLOOMINGDALE 060-0137,1
DUPAGE-:-BLOOMINGDALE 061-0138,1
DUPAGE-:-BLOOMINGDALE 062-0139,1
DUPAGE-:-BLOOMINGDALE 063-0140,1
DUPAGE-:-BLOOMINGDALE 064-0141,1
DUPAGE-:-BLOOMINGDALE 065-0142,1
DUPAGE-:-BLOOMINGDALE 066-0143,1
DUPAGE-:-BLOOMINGDALE 067-0144,3
DUPAGE-:-BLOOMINGDALE 068-0145/0146,1
DUPAGE-:-BLOOMINGDALE 069-0147,1
DUPAGE-:-BLOOMINGDALE 070-0148,1
DUPAGE-:-BLOOMINGDALE 071-0150,1
DUPAGE-:-BLOOMINGDALE 072-0151,1
DUPAGE-:-DOWNERS GROVE 001-0691,3
DUPAGE-:-DOWNERS GROVE 002-0692,3
DUPAGE-:-DOWNERS GROVE 003-0693/0694,3
DUPAGE-:-DOWNERS GROVE 004-0695/0696/0697,3
DUPAGE-:-DOWNERS GROVE 005-0698,3
DUPAGE-:-DOWNERS GROVE 006-0699/0700/0701,3
DUPAGE-:-DOWNERS GROVE 007-0702,3
DUPAGE-:-DOWNERS GROVE 008-0703,3
DUPAGE-:-DOWNERS GROVE 009-0704,3
DUPAGE-:-DOWNERS GROVE 010-0705/0706,3
DUPAGE-:-DOWNERS GROVE 011-0707,3
DUPAGE-:-DOWNERS GROVE 012-0708,3
DUPAGE-:-DOWNERS GROVE 013-0710,3
DUPAGE-:-DOWNERS GROVE 014-0712,3
DUPAGE-:-DOWNERS GROVE 015-0714/0715/0716/0717,3
DUPAGE-:-DOWNERS GROVE 016-0718/0719/0720,3
DUPAGE-:-DOWNERS GROVE 017-0721,10
DUPAGE-:-DOWNERS GROVE 018-0723/0724/0725/0726,10
DUPAGE-:-DOWNERS GROVE 019-0727,10
DUPAGE-:-DOWNERS GROVE 020-0728/0729,3
DUPAGE-:-DOWNERS GROVE 021-0730/0731,3
DUPAGE-:-DOWNERS GROVE 022-0732,3
DUPAGE-:-DOWNERS GROVE 023-0733,3
DUPAGE-:-DOWNERS GROVE 024-0734/0735,3
DUPAGE-:-DOWNERS GROVE 025-0736,10
DUPAGE-:-DOWNERS GROVE 026-0737,3
DUPAGE-:-DOWNERS GROVE 027-0738,3
DUPAGE-:-DOWNERS GROVE 028-0739,3
DUPAGE-:-DOWNERS GROVE 029-0740,10
DUPAGE-:-DOWNERS GROVE 030-0741,10
DUPAGE-:-DOWNERS GROVE 031-0742,10
DUPAGE-:-DOWNERS GROVE 032-0743,3
DUPAGE-:-DOWNERS GROVE 033-0744,3
DUPAGE-:-DOWNERS GROVE 034-0745,3
DUPAGE-:-DOWNERS GROVE 035-0746,3
DUPAGE-:-DOWNERS GROVE 036-0747/0748,10
DUPAGE-:-DOWNERS GROVE 037-0749,3
DUPAGE-:-DOWNERS GROVE 038-0750,3
DUPAGE-:-DOWNERS GROVE 039-0751/0752,3
DUPAGE-:-DOWNERS GROVE 040-0753,3
DUPAGE-:-DOWNERS GROVE 041-0754,3
DUPAGE-:-DOWNERS GROVE 042-0755,3
DUPAGE-:-DOWNERS GROVE 043-0756,10
DUPAGE-:-DOWNERS GROVE 044-0757/0758,3
DUPAGE-:-DOWNERS GROVE 045-0759,3
DUPAGE-:-DOWNERS GROVE 046-0760/0761,3
DUPAGE-:-DOWNERS GROVE 047-0762/0763,3
DUPAGE-:-DOWNERS GROVE 048-0764,3
DUPAGE-:-DOWNERS GROVE 049-0765,10
DUPAGE-:-DOWNERS GROVE 050-0766,10
DUPAGE-:-DOWNERS GROVE 051-0767,10
DUPAGE-:-DOWNERS GROVE 052-0768,10
DUPAGE-:-DOWNERS GROVE 053-0769,3
DUPAGE-:-DOWNERS GROVE 054-0770,3
DUPAGE-:-DOWNERS GROVE 055-0771/0772,3
DUPAGE-:-DOWNERS GROVE 056-0773,3
DUPAGE-:-DOWNERS GROVE 057-0774,3
DUPAGE-:-DOWNERS GROVE 058-0775,10
DUPAGE-:-DOWNERS GROVE 059-0776,10
DUPAGE-:-DOWNERS GROVE 060-0777,10
DUPAGE-:-DOWNERS GROVE 061-0778,3
DUPAGE-:-DOWNERS GROVE 062-0779,3
DUPAGE-:-DOWNERS GROVE 063-0780,3
DUPAGE-:-DOWNERS GROVE 064-0781,15
DUPAGE-:-DOWNERS GROVE 065-0782/0783,3
DUPAGE-:-DOWNERS GROVE 066-0784,3
DUPAGE-:-DOWNERS GROVE 067-0785,15
DUPAGE-:-DOWNERS GROVE 068-0786,15
DUPAGE-:-DOWNERS GROVE 069-0787/0788,3
DUPAGE-:-DOWNERS GROVE 070-0789,3
DUPAGE-:-DOWNERS GROVE 071-0790,10
DUPAGE-:-DOWNERS GROVE 072-0791/0792,10
DUPAGE-:-DOWNERS GROVE 073-0793,10
DUPAGE-:-DOWNERS GROVE 074-0794,10
DUPAGE-:-DOWNERS GROVE 075-0795,10
DUPAGE-:-DOWNERS GROVE 076-0796,3
DUPAGE-:-DOWNERS GROVE 077-0797/0798,3
DUPAGE-:-DOWNERS GROVE 078-0799,3
DUPAGE-:-DOWNERS GROVE 079-0800,15
DUPAGE-:-DOWNERS GROVE 080-0801/0802/0803,10
DUPAGE-:-DOWNERS GROVE 081-0804,10
DUPAGE-:-DOWNERS GROVE 082-0805,10
DUPAGE-:-DOWNERS GROVE 083-0806,10
DUPAGE-:-DOWNERS GROVE 084-0807,10
DUPAGE-:-DOWNERS GROVE 085-0808,3
DUPAGE-:-DOWNERS GROVE 085-0809/0810,3
DUPAGE-:-DOWNERS GROVE 086-0811,3
DUPAGE-:-DOWNERS GROVE 087-0812,3
DUPAGE-:-DOWNERS GROVE 088-0813,3
DUPAGE-:-DOWNERS GROVE 089-0814,3
DUPAGE-:-DOWNERS GROVE 090-0815,10
DUPAGE-:-DOWNERS GROVE 091-0816,3
DUPAGE-:-DOWNERS GROVE 092-0817,10
DUPAGE-:-DOWNERS GROVE 093-0818,10
DUPAGE-:-DOWNERS GROVE 094-0819/0820,3
DUPAGE-:-DOWNERS GROVE 095-0821,3
DUPAGE-:-DOWNERS GROVE 096-0822,10
DUPAGE-:-DOWNERS GROVE 097-0823,3
DUPAGE-:-DOWNERS GROVE 098-0824/0825,3
DUPAGE-:-DOWNERS GROVE 099-0826,3
DUPAGE-:-DOWNERS GROVE 100-0827,3
DUPAGE-:-DOWNERS GROVE 101-0828,3
DUPAGE-:-DOWNERS GROVE 102-0829,3
DUPAGE-:-DOWNERS GROVE 103-0830,3
DUPAGE-:-LISLE 001-0583/0584,3
DUPAGE-:-LISLE 002-0585,1
DUPAGE-:-LISLE 003-0586/0587/0589/0590,3
DUPAGE-:-LISLE 004-0591,15
DUPAGE-:-LISLE 005-0592/0593/0594,3
DUPAGE-:-LISLE 006-0595,3
DUPAGE-:-LISLE 007-0596,3
DUPAGE-:-LISLE 008-0597,3
DUPAGE-:-LISLE 009-0598/0599,3
DUPAGE-:-LISLE 010-0600/0601,3
DUPAGE-:-LISLE 011-0602,15
DUPAGE-:-LISLE 012-0603,3
DUPAGE-:-LISLE 013-0604,3
DUPAGE-:-LISLE 014-0605,3
DUPAGE-:-LISLE 015-0606,3
DUPAGE-:-LISLE 015-0607,3
DUPAGE-:-LISLE 016-0608,3
DUPAGE-:-LISLE 017-0609,3
DUPAGE-:-LISLE 018-0610,3
DUPAGE-:-LISLE 018-0611,3
DUPAGE-:-LISLE 019-0612/0613,3
DUPAGE-:-LISLE 020-0614,3
DUPAGE-:-LISLE 021-0615,3
DUPAGE-:-LISLE 022-0616,3
DUPAGE-:-LISLE 023-0617,3
DUPAGE-:-LISLE 024-0618,3
DUPAGE-:-LISLE 025-0619/0620,3
DUPAGE-:-LISLE 026-0621,3
DUPAGE-:-LISLE 027-0622,3
DUPAGE-:-LISLE 028-0623,3
DUPAGE-:-LISLE 029-0624,3
DUPAGE-:-LISLE 030-0625,3
DUPAGE-:-LISLE 031-0626,3
DUPAGE-:-LISLE 032-0627,3
DUPAGE-:-LISLE 033-0628/0629,3
DUPAGE-:-LISLE 034-0630/0631,11
DUPAGE-:-LISLE 035-0632,15
DUPAGE-:-LISLE 036-0633,3
DUPAGE-:-LISLE 037-0634,3
DUPAGE-:-LISLE 038-0635/0636,3
DUPAGE-:-LISLE 039-0637/0638,3
DUPAGE-:-LISLE 040-0639/0640,3
DUPAGE-:-LISLE 041-0641/0642/0643,3
DUPAGE-:-LISLE 042-0644/0645,3
DUPAGE-:-LISLE 043-0646,3
DUPAGE-:-LISLE 044-0647,11
DUPAGE-:-LISLE 045-0648,3
DUPAGE-:-LISLE 046-0649,3
DUPAGE-:-LISLE 047-0651,11
DUPAGE-:-LISLE 048-0652,11
DUPAGE-:-LISLE 049-0653/0654,11
DUPAGE-:-LISLE 050-0655,3
DUPAGE-:-LISLE 051-0656,3
DUPAGE-:-LISLE 052-0657,3
DUPAGE-:-LISLE 053-0658,3
DUPAGE-:-LISLE 054-0659,11
DUPAGE-:-LISLE 055-0660/0661,11
DUPAGE-:-LISLE 056-0662,11
DUPAGE-:-LISLE 057-0663/0664/0665,15
DUPAGE-:-LISLE 058-0666/0667,15
DUPAGE-:-LISLE 059-0668,3
DUPAGE-:-LISLE 060-0669,3
DUPAGE-:-LISLE 061-0670,7
DUPAGE-:-LISLE 062-0671/0672,11
DUPAGE-:-LISLE 063-0673,11
DUPAGE-:-LISLE 064-0674,15
DUPAGE-:-LISLE 065-0675,15
DUPAGE-:-LISLE 066-0676,3
DUPAGE-:-LISLE 067-0677,3
DUPAGE-:-LISLE 068-0678,3
DUPAGE-:-LISLE 069-0679,3
DUPAGE-:-LISLE 070-0680,3
DUPAGE-:-LISLE 071-0681,11
DUPAGE-:-LISLE 072-0682,11
DUPAGE-:-LISLE 073-0683/0684,11
DUPAGE-:-LISLE 074-0685,11
DUPAGE-:-LISLE 075-0686,7
DUPAGE-:-LISLE 076-0687/0688,3
DUPAGE-:-LISLE 077-0689/0690,3
DUPAGE-:-MILTON 001-0263/0264,3
DUPAGE-:-MILTON 002-0265/0266/0267/0268,7
DUPAGE-:-MILTON 003-0269/0270,3
DUPAGE-:-MILTON 004-0271/0272/0273,3
DUPAGE-:-MILTON 005-0275,3
DUPAGE-:-MILTON 006-0276/0277,1
DUPAGE-:-MILTON 007-0278/0279/0280,3
DUPAGE-:-MILTON 008-0282/0283/0284,1
DUPAGE-:-MILTON 009-0285/0286,1
DUPAGE-:-MILTON 010-0287,1
DUPAGE-:-MILTON 011-0288,1
DUPAGE-:-MILTON 012-0289/0290,3
DUPAGE-:-MILTON 013-0291/0292/0293,13
DUPAGE-:-MILTON 014-0294/0295,3
DUPAGE-:-MILTON 015-0296/0297/0298,3
DUPAGE-:-MILTON 016-0299,1
DUPAGE-:-MILTON 017-0300/0301/0302,3
DUPAGE-:-MILTON 018-0303/0304,1
DUPAGE-:-MILTON 019-0305,1
DUPAGE-:-MILTON 020-0306,1
DUPAGE-:-MILTON 021-0307,1
DUPAGE-:-MILTON 022-0308/0309,1
DUPAGE-:-MILTON 023-0310/0311,3
DUPAGE-:-MILTON 024-0312,1
DUPAGE-:-MILTON 025-0313,1
DUPAGE-:-MILTON 026-0314,1
DUPAGE-:-MILTON 027-0315,1
DUPAGE-:-MILTON 028-0316/0317,1
DUPAGE-:-MILTON 029-0318/0319,1
DUPAGE-:-MILTON 030-0320,1
DUPAGE-:-MILTON 031-0321,1
DUPAGE-:-MILTON 031-0322,1
DUPAGE-:-MILTON 032-0323/0324,1
DUPAGE-:-MILTON 033-0325,1
DUPAGE-:-MILTON 034-0326,1
DUPAGE-:-MILTON 035-0327,1
DUPAGE-:-MILTON 036-0328,1
DUPAGE-:-MILTON 037-0329,1
DUPAGE-:-MILTON 038-0330/0331,1
DUPAGE-:-MILTON 039-0332,1
DUPAGE-:-MILTON 040-0333,1
DUPAGE-:-MILTON 041-0334,1
DUPAGE-:-MILTON 042-0335,1
DUPAGE-:-MILTON 043-0336,1
DUPAGE-:-MILTON 044-0337,1
DUPAGE-:-MILTON 045-0338,1
DUPAGE-:-MILTON 046-0339,1
DUPAGE-:-MILTON 047-0340/0341,1
DUPAGE-:-MILTON 048-0342,1
DUPAGE-:-MILTON 049-0343,1
DUPAGE-:-MILTON 050-0344,1
DUPAGE-:-MILTON 051-0345/0346,1
DUPAGE-:-MILTON 052-0347,1
DUPAGE-:-MILTON 053-0348/0349,1
DUPAGE-:-MILTON 054-0350,1
DUPAGE-:-MILTON 055-0351,1
DUPAGE-:-MILTON 056-0352,1
DUPAGE-:-MILTON 057-0353,1
DUPAGE-:-MILTON 058-0354/0355,1
DUPAGE-:-MILTON 059-0356/0357,1
DUPAGE-:-MILTON 060-0358/0359,1
DUPAGE-:-MILTON 061-0360,1
DUPAGE-:-MILTON 062-0361,1
DUPAGE-:-MILTON 062-0362,1
DUPAGE-:-MILTON 063-0363,1
DUPAGE-:-MILTON 064-0364,1
DUPAGE-:-MILTON 065-0365/0366,1
DUPAGE-:-MILTON 066-0368,1
DUPAGE-:-MILTON 067-0369,1
DUPAGE-:-MILTON 068-0370/0371,1
DUPAGE-:-MILTON 069-0372/0373,1
DUPAGE-:-MILTON 070-0374,1
DUPAGE-:-MILTON 071-0375/0376,1
DUPAGE-:-MILTON 072-0377/0378,1
DUPAGE-:-MILTON 073-0379/0380/0381,1
DUPAGE-:-MILTON 074-0382,1
DUPAGE-:-MILTON 075-0383,1
DUPAGE-:-MILTON 076-0384,1
DUPAGE-:-MILTON 077-0385/0386,1
DUPAGE-:-MILTON 078-0387/0388,3
DUPAGE-:-MILTON 079-0389/0390,1
DUPAGE-:-MILTON 080-0391,1
DUPAGE-:-MILTON 081-0392,1
DUPAGE-:-NAPERVILLE 001-0509,3
DUPAGE-:-NAPERVILLE 002-0510/0511,3
DUPAGE-:-NAPERVILLE 003-0512/0513/0514,3
DUPAGE-:-NAPERVILLE 004-0515/0517,3
DUPAGE-:-NAPERVILLE 005-0519,3
DUPAGE-:-NAPERVILLE 006-0520/0521,3
DUPAGE-:-NAPERVILLE 007-0522,7
DUPAGE-:-NAPERVILLE 008-0523,3
DUPAGE-:-NAPERVILLE 009-0524,3
DUPAGE-:-NAPERVILLE 010-0525/0526,3
DUPAGE-:-NAPERVILLE 011-0527/0528,3
DUPAGE-:-NAPERVILLE 012-0529,13
DUPAGE-:-NAPERVILLE 013-0530/0531,3
DUPAGE-:-NAPERVILLE 014-0532/0533,3
DUPAGE-:-NAPERVILLE 015-0534,3
DUPAGE-:-NAPERVILLE 016-0535,3
DUPAGE-:-NAPERVILLE 017-0536/0537,3
DUPAGE-:-NAPERVILLE 018-0538/0539,3
DUPAGE-:-NAPERVILLE 019-0540,3
DUPAGE-:-NAPERVILLE 020-0541,3
DUPAGE-:-NAPERVILLE 021-0542,3
DUPAGE-:-NAPERVILLE 022-0543,3
DUPAGE-:-NAPERVILLE 023-0544/0545,3
DUPAGE-:-NAPERVILLE 024-0546,15
DUPAGE-:-NAPERVILLE 025-0547,3
DUPAGE-:-NAPERVILLE 026-0548,3
DUPAGE-:-NAPERVILLE 027-0549,3
DUPAGE-:-NAPERVILLE 028-0550,3
DUPAGE-:-NAPERVILLE 029-0551,3
DUPAGE-:-NAPERVILLE 030-0552,3
DUPAGE-:-NAPERVILLE 031-0553/0554,3
DUPAGE-:-NAPERVILLE 032-0555,15
DUPAGE-:-NAPERVILLE 033-0556,3
DUPAGE-:-NAPERVILLE 034-0557,3
DUPAGE-:-NAPERVILLE 035-0558,15
DUPAGE-:-NAPERVILLE 036-0559,15
DUPAGE-:-NAPERVILLE 037-0560,15
DUPAGE-:-NAPERVILLE 038-0561,3
DUPAGE-:-NAPERVILLE 039-0562,3
DUPAGE-:-NAPERVILLE 040-0563,3
DUPAGE-:-NAPERVILLE 041-0564,3
DUPAGE-:-NAPERVILLE 042-0565,3
DUPAGE-:-NAPERVILLE 043-0566,3
DUPAGE-:-NAPERVILLE 044-0567,3
DUPAGE-:-NAPERVILLE 045-0568,3
DUPAGE-:-NAPERVILLE 046-0570,11
DUPAGE-:-NAPERVILLE 047-0571,3
DUPAGE-:-NAPERVILLE 048-0572,3
DUPAGE-:-NAPERVILLE 049-0573,3
DUPAGE-:-NAPERVILLE 050-0574,7
DUPAGE-:-NAPERVILLE 051-0575,3
DUPAGE-:-NAPERVILLE 052-0576,13
DUPAGE-:-NAPERVILLE 053-0577,3
DUPAGE-:-NAPERVILLE 054-0578,3
DUPAGE-:-NAPERVILLE 055-0579,3
DUPAGE-:-NAPERVILLE 056-0580,3
DUPAGE-:-NAPERVILLE 057-0581,3
DUPAGE-:-NAPERVILLE 058-0582,11
DUPAGE-:-WAYNE 001-0001,1
DUPAGE-:-WAYNE 002-0002,1
DUPAGE-:-WAYNE 003-0003,1
DUPAGE-:-WAYNE 004-0004,1
DUPAGE-:-WAYNE 005-0005,1
DUPAGE-:-WAYNE 006-0006,1
DUPAGE-:-WAYNE 007-0007,1
DUPAGE-:-WAYNE 008-0008,1
DUPAGE-:-WAYNE 009-0009,1
DUPAGE-:-WAYNE 010-0010,1
DUPAGE-:-WAYNE 011-0011,1
DUPAGE-:-WAYNE 012-0012,1
DUPAGE-:-WAYNE 013-0013,1
DUPAGE-:-WAYNE 014-0014,1
DUPAGE-:-WAYNE 015-0015,1
DUPAGE-:-WAYNE 016-0016,1
DUPAGE-:-WAYNE 017-0017,1
DUPAGE-:-WAYNE 018-0018,1
DUPAGE-:-WAYNE 019-0019,1
DUPAGE-:-WAYNE 020-0020,1
DUPAGE-:-WAYNE 021-0021,1
DUPAGE-:-WAYNE 022-0022,1
DUPAGE-:-WAYNE 023-0023,1
DUPAGE-:-WAYNE 024-0024,1
DUPAGE-:-WAYNE 025-0025,1
DUPAGE-:-WAYNE 026-0026,1
DUPAGE-:-WAYNE 027-0027,1
DUPAGE-:-WAYNE 028-0028,1
DUPAGE-:-WAYNE 029-0029,1
DUPAGE-:-WAYNE 030-0030,1
DUPAGE-:-WAYNE 031-0031,1
DUPAGE-:-WAYNE 032-0032,1
DUPAGE-:-WAYNE 033-0033,1
DUPAGE-:-WAYNE 034-0034,1
DUPAGE-:-WAYNE 035-0035,1
DUPAGE-:-WAYNE 036-0036,1
DUPAGE-:-WAYNE 037-0037,1
DUPAGE-:-WAYNE 038-0038,1
DUPAGE-:-WAYNE 038-0039,1
DUPAGE-:-WAYNE 039-0040,1
DUPAGE-:-WAYNE 040-0041/0042,1
DUPAGE-:-WAYNE 041-0043,1
DUPAGE-:-WAYNE 042-0044,1
DUPAGE-:-WAYNE 043-0045,3
DUPAGE-:-WINFIELD 001-0212,3
DUPAGE-:-WINFIELD 002-0213/0214,3
DUPAGE-:-WINFIELD 003-0215/0216/0217/0218,3
DUPAGE-:-WINFIELD 004-0219/0220/0221,3
DUPAGE-:-WINFIELD 005-0222,3
DUPAGE-:-WINFIELD 006-0223/0224,3
DUPAGE-:-WINFIELD 006-0225,3
DUPAGE-:-WINFIELD 007-0226/0227,1
DUPAGE-:-WINFIELD 008-0228/0229,1
DUPAGE-:-WINFIELD 009-0230,3
DUPAGE-:-WINFIELD 010-0231,3
DUPAGE-:-WINFIELD 011-0232/0233,3
DUPAGE-:-WINFIELD 012-0234/0235,3
DUPAGE-:-WINFIELD 013-0236/0237,3
DUPAGE-:-WINFIELD 014-0238/0239,1
DUPAGE-:-WINFIELD 015-0240,1
DUPAGE-:-WINFIELD 016-0241/0242/0243,1
DUPAGE-:-WINFIELD 017-0244,3
DUPAGE-:-WINFIELD 018-0245/0246/0247,3
DUPAGE-:-WINFIELD 019-0248/0249/0250/0251,1
DUPAGE-:-WINFIELD 020-0252,3
DUPAGE-:-WINFIELD 021-0253,3
DUPAGE-:-WINFIELD 022-0254,3
DUPAGE-:-WINFIELD 023-0255,3
DUPAGE-:-WINFIELD 023-0257,3
DUPAGE-:-WINFIELD 024-0258/0259,3
DUPAGE-:-WINFIELD 025-0260,3
DUPAGE-:-WINFIELD 026-0261,3
DUPAGE-:-WINFIELD 027-0262,1
DUPAGE-:-YORK 001-0394/0395,1
DUPAGE-:-YORK 002-0396,1
DUPAGE-:-YORK 003-0397,1
DUPAGE-:-YORK 004-0398,1
DUPAGE-:-YORK 005-0399,3
DUPAGE-:-YORK 006-0400,3
DUPAGE-:-YORK 007-0401,3
DUPAGE-:-YORK 008-0403/0404,3
DUPAGE-:-YORK 009-0406,3
DUPAGE-:-YORK 010-0407,3
DUPAGE-:-YORK 011-0408,3
DUPAGE-:-YORK 012-0409,3
DUPAGE-:-YORK 013-0410,3
DUPAGE-:-YORK 014-0411,3
DUPAGE-:-YORK 015-0412,3
DUPAGE-:-YORK 016-0413/0414,3
DUPAGE-:-YORK 017-0415/0416,3
DUPAGE-:-YORK 018-0417,3
DUPAGE-:-YORK 019-0418,3
DUPAGE-:-YORK 020-0419,3
DUPAGE-:-YORK 021-0420,1
DUPAGE-:-YORK 022-0421,1
DUPAGE-:-YORK 023-0422,3
DUPAGE-:-YORK 024-0423,3
DUPAGE-:-YORK 025-0424,3
DUPAGE-:-YORK 026-0425,3
DUPAGE-:-YORK 027-0426,3
DUPAGE-:-YORK 028-0427,3
DUPAGE-:-YORK 029-0428/0429,3
DUPAGE-:-YORK 030-0430,3
DUPAGE-:-YORK 031-0431,1
DUPAGE-:-YORK 032-0432,1
DUPAGE-:-YORK 033-0433,3
DUPAGE-:-YORK 034-0434,3
DUPAGE-:-YORK 035-0435,3
DUPAGE-:-YORK 036-0436,3
DUPAGE-:-YORK 037-0437,3
DUPAGE-:-YORK 038-0438,3
DUPAGE-:-YORK 039-0439,3
DUPAGE-:-YORK 040-0440,3
DUPAGE-:-YORK 041-0442,3
DUPAGE-:-YORK 042-0443,3
DUPAGE-:-YORK 043-0444,3
DUPAGE-:-YORK 044-0445,3
DUPAGE-:-YORK 045-0446,3
DUPAGE-:-YORK 046-0447,3
DUPAGE-:-YORK 047-0448,3
DUPAGE-:-YORK 048-0449,3
DUPAGE-:-YORK 049-0450,3
DUPAGE-:-YORK 050-0451,3
DUPAGE-:-YORK 051-0452,13
DUPAGE-:-YORK 052-0453,13
DUPAGE-:-YORK 053-0454,3
DUPAGE-:-YORK 054-0455,3
DUPAGE-:-YORK 055-0456/0457/0458,3
DUPAGE-:-YORK 056-0459,3
DUPAGE-:-YORK 057-0460/0461,3
DUPAGE-:-YORK 058-0462/0463,3
DUPAGE-:-YORK 059-0464/0465,3
DUPAGE-:-YORK 060-0466,3
DUPAGE-:-YORK 061-0467,3
DUPAGE-:-YORK 062-0468,3
DUPAGE-:-YORK 063-0469/0470,3
DUPAGE-:-YORK 064-0471/0472,3
DUPAGE-:-YORK 065-0473,3
DUPAGE-:-YORK 066-0474,3
DUPAGE-:-YORK 067-0475,3
DUPAGE-:-YORK 068-0476/0477/0478,3
DUPAGE-:-YORK 069-0479,3
DUPAGE-:-YORK 070-0480/0481,3
DUPAGE-:-YORK 071-0483/0484,3
DUPAGE-:-YORK 072-0485,3
DUPAGE-:-YORK 073-0486/0487,3
DUPAGE-:-YORK 074-0488/0489/0490,3
DUPAGE-:-YORK 075-0491,3
DUPAGE-:-YORK 076-0492/0493,3
DUPAGE-:-YORK 077-0494/0495,3
DUPAGE-:-YORK 078-0496,3
DUPAGE-:-YORK 079-0497/0498,3
DUPAGE-:-YORK 080-0499/0500,3
DUPAGE-:-YORK 081-0501/0502,3
DUPAGE-:-YORK 082-0503,3
DUPAGE-:-YORK 083-0504,3
DUPAGE-:-YORK 084-0505/0506,3
DUPAGE-:-YORK 085-0507,3
DUPAGE-:-YORK 086-0508,3
EDGAR-:-BROUILLETTS CREEK,14
EDGAR-:-BUCK,14
EDGAR-:-EDGAR,14
EDGAR-:-ELBRIDGE,14
EDGAR-:-EMBARRASS,14
EDGAR-:-GRANDVIEW,14
EDGAR-:-HUNTER,14
EDGAR-:-KANSAS,14
EDGAR-:-PARIS 1,14
EDGAR-:-PARIS 10,14
EDGAR-:-PARIS 11,14
EDGAR-:-PARIS 12,14
EDGAR-:-PARIS 14,14
EDGAR-:-PARIS 15,14
EDGAR-:-PARIS 2,14
EDGAR-:-PARIS 3,14
EDGAR-:-PARIS 4,14
EDGAR-:-PARIS 5,14
EDGAR-:-PARIS 6,14
EDGAR-:-PARIS 7,14
EDGAR-:-PARIS 8,14
EDGAR-:-PARIS 9,14
EDGAR-:-PRAIRIE,14
EDGAR-:-ROSS 1,14
EDGAR-:-ROSS 2,14
EDGAR-:-SHILOH,14
EDGAR-:-STRATTON,14
EDGAR-:-SYMMES 1,14
EDGAR-:-SYMMES 2,14
EDGAR-:-YOUNG AMERICA 1,14
EDGAR-:-YOUNG AMERICA 2,14
EDWARDS-:-ALBION 1,0
EDWARDS-:-ALBION 2,0
EDWARDS-:-ALBION 3,0
EDWARDS-:-BONE GAP,0
EDWARDS-:-BROWNS,0
EDWARDS-:-DIXON,0
EDWARDS-:-ELLERY,0
EDWARDS-:-FRENCH CREEK,0
EDWARDS-:-SALEM 1,0
EDWARDS-:-SALEM 2,0
EDWARDS-:-SHELBY 1,0
EDWARDS-:-SHELBY 2,0
EFFINGHAM-:-BANNER,11
EFFINGHAM-:-BISHOP,14
EFFINGHAM-:-DOUGLAS 1,14
EFFINGHAM-:-DOUGLAS 10,14
EFFINGHAM-:-DOUGLAS 11,14
EFFINGHAM-:-DOUGLAS 12,14
EFFINGHAM-:-DOUGLAS 13,14
EFFINGHAM-:-DOUGLAS 14,14
EFFINGHAM-:-DOUGLAS 2,14
EFFINGHAM-:-DOUGLAS 3,14
EFFINGHAM-:-DOUGLAS 4,14
EFFINGHAM-:-DOUGLAS 5,14
EFFINGHAM-:-DOUGLAS 6,14
EFFINGHAM-:-DOUGLAS 7,14
EFFINGHAM-:-DOUGLAS 8,14
EFFINGHAM-:-DOUGLAS 9,14
EFFINGHAM-:-JACKSON,14
EFFINGHAM-:-LIBERTY,11
EFFINGHAM-:-LUCAS,11
EFFINGHAM-:-MASON,14
EFFINGHAM-:-MOCCASIN,11
EFFINGHAM-:-MOUND 1,14
EFFINGHAM-:-MOUND 2,11
EFFINGHAM-:-MOUND 3,11
EFFINGHAM-:-ST. FRANCIS,14
EFFINGHAM-:-SUMMIT 1,14
EFFINGHAM-:-SUMMIT 2,11
EFFINGHAM-:-SUMMIT 3,14
EFFINGHAM-:-SUMMIT 4,14
EFFINGHAM-:-SUMMIT 5,14
EFFINGHAM-:-TEUTOPOLIS 1,14
EFFINGHAM-:-TEUTOPOLIS 2,14
EFFINGHAM-:-TEUTOPOLIS 3,14
EFFINGHAM-:-UNION,14
EFFINGHAM-:-WATSON 1,14
EFFINGHAM-:-WATSON 2,14
EFFINGHAM-:-WATSON 3,14
EFFINGHAM-:-WEST,14
FAYETTE-:-AVENA,11
FAYETTE-:-BEAR GROVE,11
FAYETTE-:-BOWLING GREEN,11
FAYETTE-:-CARSON,11
FAYETTE-:-KASKASKIA,11
FAYETTE-:-LACLEDE,11
FAYETTE-:-LONE GROVE,11
FAYETTE-:-LOUDON,11
FAYETTE-:-NORTH HURRICANE,14
FAYETTE-:-OTEGO,11
FAYETTE-:-POPE,0
FAYETTE-:-RAMSEY,11
FAYETTE-:-SEFTON,11
FAYETTE-:-SEMINARY,11
FAYETTE-:-SHAFTER,11
FAYETTE-:-SHARON,11
FAYETTE-:-SOUTH HURRICANE,14
FAYETTE-:-VANDALIA 1,11
FAYETTE-:-VANDALIA 2,11
FAYETTE-:-VANDALIA 3,11
FAYETTE-:-VANDALIA 4,11
FAYETTE-:-VANDALIA 5,11
FAYETTE-:-VANDALIA 6,11
FAYETTE-:-VANDALIA 7,11
FAYETTE-:-VANDALIA 8,11
FAYETTE-:-VANDALIA 9,11
FAYETTE-:-WHEATLAND,11
FAYETTE-:-WILBERTON,11
FORD-:-BRENTON,14
FORD-:-BUTTON,14
FORD-:-DIX,14
FORD-:-DRUMMER 1,14
FORD-:-DRUMMER 2,14
FORD-:-DRUMMER 3,14
FORD-:-DRUMMER 4,14
FORD-:-DRUMMER 5,14
FORD-:-LYMAN,14
FORD-:-MONA,2
FORD-:-PATTON 1,14
FORD-:-PATTON 2,14
FORD-:-PATTON 3,14
FORD-:-PATTON 4,14
FORD-:-PATTON 5,14
FORD-:-PATTON 6,14
FORD-:-PATTON 7,14
FORD-:-PEACH ORCHARD,14
FORD-:-PELLA,2
FORD-:-ROGERS,2
FORD-:-SULLIVANT,14
FORD-:-WALL,14
FRANKLIN-:-BARREN,0
FRANKLIN-:-BENTON 1,0
FRANKLIN-:-BENTON 2,0
FRANKLIN-:-BENTON 3,0
FRANKLIN-:-BENTON 4,0
FRANKLIN-:-BENTON 5,0
FRANKLIN-:-BENTON 6,0
FRANKLIN-:-BENTON 7,0
FRANKLIN-:-BROWNING 1,0
FRANKLIN-:-BROWNING 2,0
FRANKLIN-:-BROWNING 3,0
FRANKLIN-:-CAVE,0
FRANKLIN-:-DENNING 1,0
FRANKLIN-:-DENNING 2,0
FRANKLIN-:-DENNING 3,0
FRANKLIN-:-DENNING 4,0
FRANKLIN-:-DENNING 5,0
FRANKLIN-:-EASTERN,0
FRANKLIN-:-EWING 1,0
FRANKLIN-:-EWING 2,0
FRANKLIN-:-FRANKFORT 1,0
FRANKLIN-:-FRANKFORT 2,0
FRANKLIN-:-FRANKFORT 3,0
FRANKLIN-:-FRANKFORT 4,0
FRANKLIN-:-GOODE 1,0
FRANKLIN-:-GOODE 2,0
FRANKLIN-:-NORTHERN,0
FRANKLIN-:-SIX MILE 1,0
FRANKLIN-:-SIX MILE 2,0
FRANKLIN-:-SIX MILE 3,0
FRANKLIN-:-TYRONE 1,0
FRANKLIN-:-TYRONE 2,0
FRANKLIN-:-TYRONE 3,0
FRANKLIN-:-TYRONE 4,0
FRANKLIN-:-TYRONE 5,0
FULTON-:-ASTORIA-42,7
FULTON-:-ASTORIA-43,7
FULTON-:-BANNER-31,7
FULTON-:-BERNADOTTE-33,7
FULTON-:-BUCKHEART-30,7
FULTON-:-CANTON  1-10,7
FULTON-:-CANTON  2-11,7
FULTON-:-CANTON  3-12,7
FULTON-:-CANTON  4-13,7
FULTON-:-CANTON  5-14,7
FULTON-:-CANTON  6-15,7
FULTON-:-CANTON  7-16,7
FULTON-:-CANTON  8-17,7
FULTON-:-CANTON  9-18,7
FULTON-:-CANTON 10-19,7
FULTON-:-CANTON 11-20,7
FULTON-:-CANTON 12-21,7
FULTON-:-CANTON 13-22,7
FULTON-:-CANTON 14-23,7
FULTON-:-CANTON 15-24,7
FULTON-:-CANTON 16-25,7
FULTON-:-CASS-28,7
FULTON-:-DEERFIELD-8,7
FULTON-:-ELLISVILLE-2,7
FULTON-:-FAIRVIEW-4,7
FULTON-:-FARMERS-32,7
FULTON-:-FARMINGTON 1-5,7
FULTON-:-FARMINGTON 2-6,7
FULTON-:-HARRIS-27,7
FULTON-:-ISABEL-40,7
FULTON-:-JOSHUA-9,7
FULTON-:-KERTON-45,7
FULTON-:-LEE TWP-7,7
FULTON-:-LEWISTOWN 1-34,7
FULTON-:-LEWISTOWN 2-35,7
FULTON-:-LEWISTOWN 3-36,7
FULTON-:-LIVERPOOL-37,7
FULTON-:-ORION-26,7
FULTON-:-PLEASANT-39,7
FULTON-:-PUTMAN-29,7
FULTON-:-UNION-1,7
FULTON-:-VERMONT-38,7
FULTON-:-WATERFORD-41,7
FULTON-:-WOODLAND-44,7
FULTON-:-YOUNG HICKORY-3,7
GALLATIN-:-ASBURY 1,0
GALLATIN-:-BOWLESVILLE 1,0
GALLATIN-:-EAGLE CREEK 1,0
GALLATIN-:-EQUALITY 1,0
GALLATIN-:-GOLD HILL 1,0
GALLATIN-:-GOLD HILL 2,0
GALLATIN-:-NEW HAVEN 1,0
GALLATIN-:-NORTH FORK 1,0
GALLATIN-:-OMAHA 1,0
GALLATIN-:-RIDGWAY 1,0
GALLATIN-:-SHAWNEE 1,0
GREENE-:-ATHENSVILLE 1-1,14
GREENE-:-BLUFFDALE 1-1,14
GREENE-:-CARROLLTON 1-1,15
GREENE-:-CARROLLTON 2-1,15
GREENE-:-CARROLLTON 3-1,15
GREENE-:-KANE 1-1,14
GREENE-:-KANE 2-1,14
GREENE-:-LINDER 1-1,14
GREENE-:-PATTERSON 1-1,15
GREENE-:-ROCKBRIDGE 1-1,14
GREENE-:-ROCKBRIDGE 2-1,14
GREENE-:-ROCKBRIDGE 3-1,14
GREENE-:-ROODHOUSE 1-1,15
GREENE-:-ROODHOUSE 2-1,15
GREENE-:-ROODHOUSE 3-1,15
GREENE-:-RUBICON 1-1,14
GREENE-:-WALKERVILLE 1-1,14
GREENE-:-WHITE HALL 1-1,15
GREENE-:-WHITE HALL 2-1,15
GREENE-:-WHITE HALL 3-1,15
GREENE-:-WOODVILLE 1-1,14
GREENE-:-WRIGHTS 2-1,14
GRUNDY-:-AUX SABLE 01-001,2
GRUNDY-:-AUX SABLE 02-002,2
GRUNDY-:-AUX SABLE 02-003,2
GRUNDY-:-AUX SABLE 03-004,2
GRUNDY-:-AUX SABLE 04-005,2
GRUNDY-:-AUX SABLE 05-006,2
GRUNDY-:-AUX SABLE 05-007,2
GRUNDY-:-AUX SABLE 06-008,2
GRUNDY-:-AUX SABLE 07-009,2
GRUNDY-:-AUX SABLE 07-010,2
GRUNDY-:-BRACEVILLE 01-011,2
GRUNDY-:-BRACEVILLE 02-12/13,2
GRUNDY-:-BRACEVILLE 02-14/15,2
GRUNDY-:-BRACEVILLE 03-016,2
GRUNDY-:-BRACEVILLE 04-017,2
GRUNDY-:-ERIENNA 01-018,2
GRUNDY-:-ERIENNA 02-019,2
GRUNDY-:-FELIX 01-021,2
GRUNDY-:-FELIX 02-022,2
GRUNDY-:-FELIX 03-023,2
GRUNDY-:-FELIX 04-024,2
GRUNDY-:-GARFIELD 01-025,2
GRUNDY-:-GOODFARM 01-026,2
GRUNDY-:-GOOSE LAKE 01-027,2
GRUNDY-:-GOOSE LAKE 02-028,2
GRUNDY-:-GREENFIELD 01-029,2
GRUNDY-:-GREENFIELD 01-030,2
GRUNDY-:-HIGHLAND 01-031,2
GRUNDY-:-MAINE 01-32/33,2
GRUNDY-:-MAZON 01-034,2
GRUNDY-:-MORRIS 01-035,2
GRUNDY-:-MORRIS 02-036,2
GRUNDY-:-MORRIS 03-037,2
GRUNDY-:-MORRIS 04-038,2
GRUNDY-:-MORRIS 05-039,2
GRUNDY-:-NETTLE CREEK 01-040,2
GRUNDY-:-NORMAN 01-041,2
GRUNDY-:-SARATOGA 01-042,2
GRUNDY-:-SARATOGA 02-043,2
GRUNDY-:-SARATOGA 02-044,2
GRUNDY-:-SARATOGA 03-045,2
GRUNDY-:-SARATOGA 04-046,2
GRUNDY-:-SARATOGA 05-047,2
GRUNDY-:-VIENNA 01-048,2
GRUNDY-:-WAUPONSEE 01-049,2
GRUNDY-:-WAUPONSEE 02-050,2
HAMILTON-:-BEAVER CREEK,0
HAMILTON-:-CROOK,0
HAMILTON-:-CROUCH,0
HAMILTON-:-DAHLGREN 1,0
HAMILTON-:-DAHLGREN 2,0
HAMILTON-:-FLANNIGAN,0
HAMILTON-:-KNIGHTS PRAIRIE,0
HAMILTON-:-MAYBERRY,0
HAMILTON-:-MCLEANSBORO 1,0
HAMILTON-:-MCLEANSBORO 2,0
HAMILTON-:-MCLEANSBORO 3,0
HAMILTON-:-MCLEANSBORO 4,0
HAMILTON-:-SOUTH CROUCH,0
HAMILTON-:-SOUTH FLANNIGAN,0
HAMILTON-:-SOUTH TWIGG,0
HAMILTON-:-TWIGG,0
HANCOCK-:-APPANOOSE,12
HANCOCK-:-AUGUSTA,15
HANCOCK-:-BEAR CREEK,12
HANCOCK-:-CARTHAGE 1,15
HANCOCK-:-CARTHAGE 2,15
HANCOCK-:-CARTHAGE 3,15
HANCOCK-:-CARTHAGE 4,15
HANCOCK-:-CHILI,15
HANCOCK-:-DALLAS CITY,15
HANCOCK-:-DURHAM,12
HANCOCK-:-FOUNTAIN GREEN,12
HANCOCK-:-HANCOCK,12
HANCOCK-:-HARMONY,12
HANCOCK-:-LAHARPE 1,15
HANCOCK-:-LAHARPE 2,15
HANCOCK-:-MONTEBELLO 1,13
HANCOCK-:-MONTEBELLO 2,13
HANCOCK-:-MONTEBELLO 3,13
HANCOCK-:-MONTEBELLO 4,13
HANCOCK-:-NAUVOO,12
HANCOCK-:-PILOT GROVE,12
HANCOCK-:-PONTOOSUC,12
HANCOCK-:-PRAIRIE,12
HANCOCK-:-ROCK CREEK,12
HANCOCK-:-ROCKY RUN-WILCOX,12
HANCOCK-:-SONORA,12
HANCOCK-:-ST ALBANS,12
HANCOCK-:-ST MARYS,15
HANCOCK-:-WALKER,12
HANCOCK-:-WARSAW 1,12
HANCOCK-:-WARSAW 2,12
HANCOCK-:-WARSAW 3,12
HANCOCK-:-WYTHE,12
HARDIN-:-CAVE IN ROCK,0
HARDIN-:-MCFARLAN,0
HARDIN-:-MONROE,0
HARDIN-:-ROCK,0
HARDIN-:-ROSICLARE,0
HARDIN-:-STONE CHURCH,0
HENDERSON-:-BALD BLUFF,12
HENDERSON-:-BIGGSVILLE,12
HENDERSON-:-CARMAN,12
HENDERSON-:-GLADSTONE 1,12
HENDERSON-:-GLADSTONE 2,12
HENDERSON-:-LOMAX,15
HENDERSON-:-MEDIA,12
HENDERSON-:-OQUAWKA 1,12
HENDERSON-:-OQUAWKA 2,12
HENDERSON-:-RARITAN,12
HENDERSON-:-ROZETTA,12
HENDERSON-:-STRONGHURST,12
HENDERSON-:-TERRE HAUTE,12
HENRY-:-ALBA,12
HENRY-:-ANDOVER,12
HENRY-:-ANNAWAN,12
HENRY-:-ATKINSON,12
HENRY-:-BURNS,12
HENRY-:-CAMBRIDGE 1,12
HENRY-:-CAMBRIDGE 2,12
HENRY-:-CLOVER,12
HENRY-:-COLONA 2,12
HENRY-:-COLONA 3,12
HENRY-:-COLONA 4,12
HENRY-:-COLONA 5,12
HENRY-:-CORNWALL,12
HENRY-:-EDFORD,12
HENRY-:-GALVA 1,12
HENRY-:-GALVA 2,12
HENRY-:-GALVA 3,12
HENRY-:-GENESEO 1,12
HENRY-:-GENESEO 2,12
HENRY-:-GENESEO 3,12
HENRY-:-GENESEO 4,12
HENRY-:-GENESEO 5,12
HENRY-:-GENESEO 6,12
HENRY-:-HANNA 1,12
HENRY-:-HANNA 2,12
HENRY-:-KEWANEE 1,12
HENRY-:-KEWANEE 10,12
HENRY-:-KEWANEE 11,12
HENRY-:-KEWANEE 2,12
HENRY-:-KEWANEE 3,12
HENRY-:-KEWANEE 4,12
HENRY-:-KEWANEE 5,12
HENRY-:-KEWANEE 6,12
HENRY-:-KEWANEE 7,12
HENRY-:-KEWANEE 8,12
HENRY-:-KEWANEE 9,12
HENRY-:-LORAINE,12
HENRY-:-LYNN,12
HENRY-:-MUNSON,12
HENRY-:-OSCO,12
HENRY-:-OXFORD,12
HENRY-:-PHENIX,12
HENRY-:-WELLER,12
HENRY-:-WESTERN 1,12
HENRY-:-WESTERN 2,12
HENRY-:-WESTERN 3,12
HENRY-:-WETHERSFIELD 1,12
HENRY-:-WETHERSFIELD 2,12
HENRY-:-WETHERSFIELD 3,12
HENRY-:-WETHERSFIELD 4,12
HENRY-:-YORKTOWN,12
IROQUOIS-:-ARTESIA-1,14
IROQUOIS-:-ASH GROVE-2,14
IROQUOIS-:-ASHKUM 1-3,14
IROQUOIS-:-ASHKUM 2-3,14
IROQUOIS-:-BEAVER-3,14
IROQUOIS-:-BEAVERVILLE-3,14
IROQUOIS-:-BELMONT 1-4,14
IROQUOIS-:-BELMONT 2-4,14
IROQUOIS-:-BELMONT 3-4,14
IROQUOIS-:-CHEBANSE 1-3,14
IROQUOIS-:-CHEBANSE 2-3,14
IROQUOIS-:-CONCORD-4/5,14
IROQUOIS-:-CRESCENT-1,14
IROQUOIS-:-DANFORTH-1,14
IROQUOIS-:-DOUGLAS 1-1,14
IROQUOIS-:-DOUGLAS 2-1,14
IROQUOIS-:-FOUNTAIN CREEK-2,14
IROQUOIS-:-IROQUOIS-1,14
IROQUOIS-:-LODA-2,14
IROQUOIS-:-LOVEJOY-2,14
IROQUOIS-:-MARTINTON-3,14
IROQUOIS-:-MIDDLEPORT 1-4,14
IROQUOIS-:-MIDDLEPORT 2-4,14
IROQUOIS-:-MIDDLEPORT 3-4/5,14
IROQUOIS-:-MIDDLEPORT 4-4,14
IROQUOIS-:-MILFORD 1-2,14
IROQUOIS-:-MILFORD 2-2,14
IROQUOIS-:-MILKS GROVE-3,2
IROQUOIS-:-ONARGA 1-1,14
IROQUOIS-:-ONARGA 2-1,14
IROQUOIS-:-PAPINEAU-3,14
IROQUOIS-:-PIGEON GROVE-2,14
IROQUOIS-:-PRAIRIE GREEN-2,14
IROQUOIS-:-RIDGELAND-1,14
IROQUOIS-:-SHELDON 1-2,14
IROQUOIS-:-SHELDON 2-2,14
IROQUOIS-:-STOCKLAND-2,14
JACKSON-:-BRADLEY - AVA-4,0
JACKSON-:-BRADLEY - CAMPBELL HILL-4,0
JACKSON-:-CARBONDALE 1-8,0
JACKSON-:-CARBONDALE 10-12,0
JACKSON-:-CARBONDALE 11-13,0
JACKSON-:-CARBONDALE 12-13,0
JACKSON-:-CARBONDALE 13-13,0
JACKSON-:-CARBONDALE 14-12,0
JACKSON-:-CARBONDALE 15-12,0
JACKSON-:-CARBONDALE 16-12,0
JACKSON-:-CARBONDALE 18-10,0
JACKSON-:-CARBONDALE 19-10,0
JACKSON-:-CARBONDALE 2-10,0
JACKSON-:-CARBONDALE 20-10,0
JACKSON-:-CARBONDALE 21-10/13,0
JACKSON-:-CARBONDALE 24-12/13,0
JACKSON-:-CARBONDALE 25-13,0
JACKSON-:-CARBONDALE 26-13,0
JACKSON-:-CARBONDALE 4-8,0
JACKSON-:-CARBONDALE 5-8,0
JACKSON-:-CARBONDALE 6-8,0
JACKSON-:-CARBONDALE 7-11,0
JACKSON-:-CARBONDALE 8-11,0
JACKSON-:-CARBONDALE 9-8,0
JACKSON-:-DEGOGNIA-4,0
JACKSON-:-DESOTO 1-8/9,0
JACKSON-:-DESOTO 2-8/9,0
JACKSON-:-ELK 1-1,0
JACKSON-:-ELK 3-1,0
JACKSON-:-FOUNTAIN BLUFF-4,0
JACKSON-:-GRAND TOWER-15,0
JACKSON-:-KINKAID-4,0
JACKSON-:-LEVAN-5/6,0
JACKSON-:-MAKANDA 1-12,0
JACKSON-:-MAKANDA 2-12,0
JACKSON-:-MAKANDA 3-10,0
JACKSON-:-MAKANDA 4-12,0
JACKSON-:-MURPHYSBORO 1-11,0
JACKSON-:-MURPHYSBORO 1-14,0
JACKSON-:-MURPHYSBORO 10-11,0
JACKSON-:-MURPHYSBORO 12-4,0
JACKSON-:-MURPHYSBORO 2-14,0
JACKSON-:-MURPHYSBORO 3-11,0
JACKSON-:-MURPHYSBORO 3-14,0
JACKSON-:-MURPHYSBORO 4-11/12,0
JACKSON-:-MURPHYSBORO 5-14,0
JACKSON-:-MURPHYSBORO 6-4,0
JACKSON-:-MURPHYSBORO 7-14,0
JACKSON-:-MURPHYSBORO 8-4,0
JACKSON-:-MURPHYSBORO 9-4,0
JACKSON-:-ORA-3/4,0
JACKSON-:-POMONA-15,0
JACKSON-:-SAND RIDGE-6,0
JACKSON-:-SOMERSET 1-6/7,0
JACKSON-:-SOMERSET 2-6,0
JACKSON-:-SOMERSET 3-6,0
JACKSON-:-SOMERSET 4-6/7,0
JACKSON-:-VERGENNES-2,0
JASPER-:-CROOKED CREEK-1,11
JASPER-:-FOX-3,11
JASPER-:-GRANDVILLE-1,14
JASPER-:-GROVE-2,11
JASPER-:-HUNT CITY-1,14
JASPER-:-NORTH MUDDY-2,11
JASPER-:-SMALLWOOD-3,11
JASPER-:-SOUTH MUDDY-2,11
JASPER-:-STE. MARIE 1-3,11
JASPER-:-STE. MARIE 2-1,11
JASPER-:-WADE 1-1,11
JASPER-:-WADE 2-2,11
JASPER-:-WADE 3-2,11
JASPER-:-WADE 4-3,11
JASPER-:-WILLOW HILL-1,11
JEFFERSON-:-BALD HILL,0
JEFFERSON-:-BLISSVILLE,0
JEFFERSON-:-CASNER,0
JEFFERSON-:-DODDS 1,0
JEFFERSON-:-DODDS 2,0
JEFFERSON-:-ELK PRAIRIE,0
JEFFERSON-:-FARRINGTON,0
JEFFERSON-:-FIELD,0
JEFFERSON-:-GRAND PRAIRIE,0
JEFFERSON-:-MCCLELLAN,0
JEFFERSON-:-MOORES PRAIRIE,0
JEFFERSON-:-MT VERNON 1,0
JEFFERSON-:-MT VERNON 10,0
JEFFERSON-:-MT VERNON 2,0
JEFFERSON-:-MT VERNON 3,0
JEFFERSON-:-MT VERNON 4,0
JEFFERSON-:-MT VERNON 5,0
JEFFERSON-:-MT VERNON 6,0
JEFFERSON-:-MT VERNON 7,0
JEFFERSON-:-MT VERNON 8,0
JEFFERSON-:-MT VERNON 9,0
JEFFERSON-:-PENDLETON,0
JEFFERSON-:-ROME 1,0
JEFFERSON-:-ROME 2,0
JEFFERSON-:-SHILOH 1,0
JEFFERSON-:-SHILOH 2,0
JEFFERSON-:-SHILOH 3,0
JEFFERSON-:-SHILOH 4,0
JEFFERSON-:-SHILOH 5,0
JEFFERSON-:-SPRING GARDEN 1,0
JEFFERSON-:-SPRING GARDEN 2,0
JEFFERSON-:-WEBBER 1,0
JEFFERSON-:-WEBBER 2,0
JERSEY-:-ELSAH 1,0
JERSEY-:-ELSAH 2,0
JERSEY-:-ENGLISH,0
JERSEY-:-FIDELITY,0
JERSEY-:-JERSEY 1,0
JERSEY-:-JERSEY 2,0
JERSEY-:-JERSEY 3,0
JERSEY-:-JERSEY 4,0
JERSEY-:-JERSEY 5,0
JERSEY-:-JERSEY 6,0
JERSEY-:-JERSEY 7,0
JERSEY-:-JERSEY 8,0
JERSEY-:-MISSISSIPPI 1,15
JERSEY-:-MISSISSIPPI 2,0
JERSEY-:-OTTER CREEK,0
JERSEY-:-PIASA 1,13
JERSEY-:-PIASA 2,13
JERSEY-:-PIASA 3,13
JERSEY-:-QUARRY,0
JERSEY-:-RICHWOOD,0
JERSEY-:-ROSEDALE,0
JERSEY-:-RUYLE,0
JODAVIESS-:-APPLE RIVER,12
JODAVIESS-:-BERREMAN,12
JODAVIESS-:-COUNCIL HILL,15
JODAVIESS-:-DERINDA,12
JODAVIESS-:-DUNLEITH 1,15
JODAVIESS-:-DUNLEITH 2,15
JODAVIESS-:-DUNLEITH 3,15
JODAVIESS-:-EAST GALENA,15
JODAVIESS-:-ELIZABETH,15
JODAVIESS-:-GUILFORD,15
JODAVIESS-:-HANOVER,15
JODAVIESS-:-MENOMINEE,15
JODAVIESS-:-NORA,12
JODAVIESS-:-PLEASANT VALLEY,12
JODAVIESS-:-RAWLINS,15
JODAVIESS-:-RICE,15
JODAVIESS-:-RUSH,12
JODAVIESS-:-SCALES MOUND,15
JODAVIESS-:-STOCKTON 1,15
JODAVIESS-:-STOCKTON 2,15
JODAVIESS-:-THOMPSON,15
JODAVIESS-:-VINEGAR HILL,15
JODAVIESS-:-WARDS GROVE,12
JODAVIESS-:-WARREN,12
JODAVIESS-:-WEST GALENA 1,15
JODAVIESS-:-WEST GALENA 2,15
JODAVIESS-:-WEST GALENA 3,15
JODAVIESS-:-WOODBINE,15
JOHNSON-:-BELKNAP-1,0
JOHNSON-:-BLOOMFIELD-1,0
JOHNSON-:-BURNSIDE-1,0
JOHNSON-:-CACHE-1,0
JOHNSON-:-ELVIRA-1,0
JOHNSON-:-GOREVILLE 1-1,0
JOHNSON-:-GOREVILLE 2-1,0
JOHNSON-:-GRANTSBURG-1,0
JOHNSON-:-LAKE 1-1,0
JOHNSON-:-LAKE 2-1,0
JOHNSON-:-OZARK-1,0
JOHNSON-:-SIMPSON-1,0
JOHNSON-:-TUNNEL HILL-1,0
JOHNSON-:-VIENNA 1-1,0
JOHNSON-:-VIENNA 2-1,0
JOHNSON-:-VIENNA 3-1,0
KANE-:-AU0001-1/2,11
KANE-:-AU0002-3/4,11
KANE-:-AU0003-5,11
KANE-:-AU0004-6,6
KANE-:-AU0005-7,6
KANE-:-AU0006-8,6
KANE-:-AU0007-9,6
KANE-:-AU0008-10,6
KANE-:-AU0009-11,6
KANE-:-AU0009-12,6
KANE-:-AU0010-13,6
KANE-:-AU0010-14,6
KANE-:-AU0011-15,6
KANE-:-AU0012-16,6
KANE-:-AU0013-17,6
KANE-:-AU0014-18,6
KANE-:-AU0015-19,6
KANE-:-AU0016-20,6
KANE-:-AU0017-21,6
KANE-:-AU0018-22,6
KANE-:-AU0019-23,6
KANE-:-AU0020-24,6
KANE-:-AU0021-25,6
KANE-:-AU0021-26,6
KANE-:-AU0022-27,6
KANE-:-AU0023-28,6
KANE-:-AU0024-29,6
KANE-:-AU0025-30,6
KANE-:-AU0026-31,6
KANE-:-AU0027-32,6
KANE-:-AU0028-33,6
KANE-:-AU0029-34,6
KANE-:-AU0030-35,11
KANE-:-AU0031-36,6
KANE-:-AU0032-37,6
KANE-:-AU0033-38,11
KANE-:-AU0034-39,6
KANE-:-AU0035-40,6
KANE-:-AU0036-41,6
KANE-:-AU0037-42,11
KANE-:-AU0038-43,11
KANE-:-AU0039-44,11
KANE-:-AU0040-45,6
KANE-:-AU0041-46,11
KANE-:-AU0042-47,11
KANE-:-AU0043-48,11
KANE-:-AU0044-49,11
KANE-:-AU0045-50/51,11
KANE-:-AU0046-52,11
KANE-:-AU0047-53,6
KANE-:-AU0048-54,6
KANE-:-AU0049-55,6
KANE-:-AU0050-56,6
KANE-:-AU0050-57,6
KANE-:-AU0051-58,6
KANE-:-AU0052-59,11
KANE-:-AU0053-60,11
KANE-:-AU0054-61,11
KANE-:-AU0055-62,6
KANE-:-AU0056-63,11
KANE-:-AU0057-64,11
KANE-:-AU0058-65,11
KANE-:-AU0059-66,11
KANE-:-AU0060-67,11
KANE-:-AU0061-68,11
KANE-:-BA0001-69,11
KANE-:-BA0002-70,11
KANE-:-BA0003-71,11
KANE-:-BA0004-72,11
KANE-:-BA0005-73/74,11
KANE-:-BA0006-75,11
KANE-:-BA0007-76,11
KANE-:-BA0008-77,11
KANE-:-BA0009-78,11
KANE-:-BA0010-79,0
KANE-:-BA0011-80,11
KANE-:-BA0012-81,11
KANE-:-BA0013-82,11
KANE-:-BA0014-83,11
KANE-:-BA0015-84,0
KANE-:-BA0016-85,11
KANE-:-BA0017-86,0
KANE-:-BA0018-87/88,11
KANE-:-BA0019-89,11
KANE-:-BA0020-90,11
KANE-:-BA0021-91,11
KANE-:-BA0022-92,11
KANE-:-BB0001-93,0
KANE-:-BB0002-94/95,11
KANE-:-BB0003-97,0
KANE-:-BB0004-98,0
KANE-:-BB0005-99,0
KANE-:-BB0006-100,0
KANE-:-BB0007-101,0
KANE-:-BB0008-103,11
KANE-:-BB0009-104,0
KANE-:-BB0010-105,0
KANE-:-BB0011-106/107,11
KANE-:-BR0001-108,11
KANE-:-BR0002-109,11
KANE-:-BU0001-110/111/112,0
KANE-:-CA0001-114,0
KANE-:-CA0002-115/116,0
KANE-:-CA0003-117/118,0
KANE-:-CA0004-119,0
KANE-:-CA0005-121/122,0
KANE-:-CA0006-123,0
KANE-:-CA0007-124,0
KANE-:-CA0008-125,0
KANE-:-CA0009-127,0
KANE-:-CA0010-128/129,0
KANE-:-CA0011-130/131,0
KANE-:-CA0012-132/133,0
KANE-:-DU0001-134,5
KANE-:-DU0002-135,5
KANE-:-DU0003-136,5
KANE-:-DU0004-137,12
KANE-:-DU0005-138,5
KANE-:-DU0006-139,5
KANE-:-DU0007-141,5
KANE-:-DU0008-142,5
KANE-:-DU0009-143,5
KANE-:-DU0009-144,5
KANE-:-DU0010-145,12
KANE-:-DU0011-146,5
KANE-:-DU0012-147,5
KANE-:-DU0013-148,5
KANE-:-DU0014-149/150,12
KANE-:-DU0015-151,5
KANE-:-DU0016-152,10
KANE-:-DU0016-153,10
KANE-:-DU0017-154,5
KANE-:-DU0018-155,5
KANE-:-DU0019-156,5
KANE-:-DU0020-157,12
KANE-:-DU0021-158,5
KANE-:-DU0022-159,12
KANE-:-DU0023-160,12
KANE-:-DU0024-161,5
KANE-:-DU0025-162,5
KANE-:-DU0026-163,12
KANE-:-DU0027-164,5
KANE-:-DU0028-165,12
KANE-:-DU0029-166,5
KANE-:-DU0030-167,5
KANE-:-DU0031-168,5
KANE-:-DU0032-169,5
KANE-:-DU0033-170,12
KANE-:-DU0034-171,5
KANE-:-DU0035-172,5
KANE-:-EL0001-173,10
KANE-:-EL0002-174,10
KANE-:-EL0003-175,0
KANE-:-EL0004-176,0
KANE-:-EL0005-177,10
KANE-:-EL0006-178,0
KANE-:-EL0007-179,0
KANE-:-EL0008-180,0
KANE-:-EL0009-181,10
KANE-:-EL0010-182,0
KANE-:-EL0010-183,0
KANE-:-EL0011-184,10
KANE-:-EL0012-185,0
KANE-:-EL0013-186,10
KANE-:-EL0014-187,10
KANE-:-EL0015-188/189/190,0
KANE-:-EL0016-191,0
KANE-:-EL0017-192,10
KANE-:-EL0018-193,0
KANE-:-EL0019-194,10
KANE-:-EL0020-195,10
KANE-:-EL0021-196,10
KANE-:-EL0022-197/198/199,0
KANE-:-EL0023-200/201,10
KANE-:-EL0024-202/203/204,0
KANE-:-EL0025-205,10
KANE-:-EL0026-206,10
KANE-:-EL0027-207,0
KANE-:-EL0028-208,0
KANE-:-EL0029-209,0
KANE-:-EL0030-210/211,0
KANE-:-EL0031-212,10
KANE-:-EL0032-214,10
KANE-:-EL0033-215,0
KANE-:-EL0033-216,0
KANE-:-EL0034-217,0
KANE-:-EL0035-218,10
KANE-:-EL0036-219,10
KANE-:-EL0037-220,0
KANE-:-EL0037-221,0
KANE-:-EL0038-222,10
KANE-:-EL0039-223,10
KANE-:-EL0040-224/225/226,0
KANE-:-EL0041-227/228,0
KANE-:-EL0042-229,0
KANE-:-EL0043-230/231,0
KANE-:-EL0044-232,0
KANE-:-EL0045-233/234,0
KANE-:-EL0046-235,0
KANE-:-EL0047-236,0
KANE-:-EL0048-237,0
KANE-:-EL0049-238,10
KANE-:-EL0050-239/240,0
KANE-:-EL0051-241,0
KANE-:-EL0052-242,12
KANE-:-EL0052-243,12
KANE-:-GE0001-244,10
KANE-:-GE0002-245,10
KANE-:-GE0003-246,10
KANE-:-GE0004-247,0
KANE-:-GE0005-248,10
KANE-:-GE0006-249,11
KANE-:-GE0007-250,10
KANE-:-GE0008-251,11
KANE-:-GE0009-252,10
KANE-:-GE0010-253,11
KANE-:-GE0010-254,11
KANE-:-GE0010-255,11
KANE-:-GE0011-256,10
KANE-:-GE0012-257,11
KANE-:-GE0013-258/259,11
KANE-:-GE0014-260,10
KANE-:-GE0015-261,11
KANE-:-GE0016-262/263,11
KANE-:-GE0017-264,10
KANE-:-GE0018-265,10
KANE-:-GE0019-266/267,0
KANE-:-GE0020-268,0
KANE-:-HA0001-269/270/271,12
KANE-:-HA0002-272,12
KANE-:-HA0003-274,12
KANE-:-HA0004-275,12
KANE-:-HA0005-276,12
KANE-:-KA0001-277,11
KANE-:-PL0001-278,0
KANE-:-PL0002-280/281/282/283,0
KANE-:-PL0003-284/285,12
KANE-:-PL0004-286/287/288,12
KANE-:-PL0005-289/290,0
KANE-:-PL0006-291,12
KANE-:-RU0001-292/293,12
KANE-:-RU0002-294/295/296/297/298,12
KANE-:-RU0003-299/300,12
KANE-:-RU0004-301,12
KANE-:-RU0005-302,12
KANE-:-RU0006-304,12
KANE-:-RU0007-305/306,12
KANE-:-RU0008-307,12
KANE-:-RU0009-308/309,12
KANE-:-RU0009-310,12
KANE-:-RU0010-311,12
KANE-:-RU0011-312,12
KANE-:-RU0012-313,12
KANE-:-RU0013-314,12
KANE-:-RU0013-315,12
KANE-:-RU0014-316,12
KANE-:-SC0001-317,10
KANE-:-SC0002-318,10
KANE-:-SC0003-319,10
KANE-:-SC0004-320/321,10
KANE-:-SC0005-322,10
KANE-:-SC0006-323,10
KANE-:-SC0007-324,10
KANE-:-SC0008-325/326,10
KANE-:-SC0009-327,10
KANE-:-SC0010-328,10
KANE-:-SC0011-329,10
KANE-:-SC0012-330,10
KANE-:-SC0013-331,10
KANE-:-SC0013-332,10
KANE-:-SC0014-333,10
KANE-:-SC0015-334,10
KANE-:-SC0016-335,10
KANE-:-SC0017-336/337,10
KANE-:-SC0018-338,0
KANE-:-SC0018-339,10
KANE-:-SC0019-340,10
KANE-:-SC0020-341,10
KANE-:-SC0021-342,0
KANE-:-SC0022-344,10
KANE-:-SC0023-345,0
KANE-:-SC0024-346,10
KANE-:-SC0025-347/348,10
KANE-:-SC0026-349,10
KANE-:-SC0027-350,10
KANE-:-SC0028-351,10
KANE-:-SC0029-352,10
KANE-:-SC0030-353,0
KANE-:-SC0031-354,10
KANE-:-SC0032-355,10
KANE-:-SC0033-356,0
KANE-:-SC0034-357,10
KANE-:-SG0001-358,11
KANE-:-SG0002-359,6
KANE-:-SG0003-360,11
KANE-:-SG0004-361,11
KANE-:-SG0005-362,11
KANE-:-SG0006-363/364,11
KANE-:-SG0007-365,6
KANE-:-SG0008-366,6
KANE-:-SG0009-367,6
KANE-:-SG0010-368,6
KANE-:-SG0011-369,6
KANE-:-SG0012-370,11
KANE-:-SG0013-371,11
KANE-:-SG0014-372,11
KANE-:-VI0001-373,11
KANE-:-VI0002-374/375/376,11
KANKAKEE-:-AROMA 1,2
KANKAKEE-:-AROMA 2,2
KANKAKEE-:-AROMA 3,2
KANKAKEE-:-BOURBONNAIS 1,2
KANKAKEE-:-BOURBONNAIS 12,2
KANKAKEE-:-BOURBONNAIS 15,2
KANKAKEE-:-BOURBONNAIS 16,2
KANKAKEE-:-BOURBONNAIS 18,2
KANKAKEE-:-BOURBONNAIS 19,2
KANKAKEE-:-BOURBONNAIS 2,2
KANKAKEE-:-BOURBONNAIS 3,2
KANKAKEE-:-BOURBONNAIS 4,2
KANKAKEE-:-BOURBONNAIS 6,2
KANKAKEE-:-BOURBONNAIS 7,2
KANKAKEE-:-BOURBONNAIS 8,2
KANKAKEE-:-BOURBONNAIS 9,2
KANKAKEE-:-ESSEX,2
KANKAKEE-:-GANEER 1,2
KANKAKEE-:-GANEER 2,2
KANKAKEE-:-GANEER 3,2
KANKAKEE-:-KANKAKEE 1,2
KANKAKEE-:-KANKAKEE 2,2
KANKAKEE-:-KANKAKEE 3,2
KANKAKEE-:-KANKAKEE 4,2
KANKAKEE-:-KANKAKEE 5,2
KANKAKEE-:-KANKAKEE 6,2
KANKAKEE-:-KANKAKEE 7,2
KANKAKEE-:-KANKAKEE 8,2
KANKAKEE-:-KANKAKEE 9,2
KANKAKEE-:-LIMESTONE 1,2
KANKAKEE-:-LIMESTONE 2,2
KANKAKEE-:-LIMESTONE 3,2
KANKAKEE-:-LIMESTONE 4,2
KANKAKEE-:-MANTENO 1,2
KANKAKEE-:-MANTENO 2,2
KANKAKEE-:-MANTENO 3,2
KANKAKEE-:-MANTENO 5,2
KANKAKEE-:-MANTENO 6,2
KANKAKEE-:-MOMENCE 1,2
KANKAKEE-:-MOMENCE 2,2
KANKAKEE-:-NORTON,2
KANKAKEE-:-OTTO 1,2
KANKAKEE-:-OTTO 2,2
KANKAKEE-:-PEMBROKE 1,2
KANKAKEE-:-PEMBROKE 2,2
KANKAKEE-:-PILOT,2
KANKAKEE-:-ROCKVILLE,2
KANKAKEE-:-SALINA,2
KANKAKEE-:-ST. ANNE,2
KANKAKEE-:-SUMNER,2
KANKAKEE-:-YELLOWHEAD 1,2
KANKAKEE-:-YELLOWHEAD 2,2
KENDALL-:-BIG GROVE 1,10
KENDALL-:-BRISTOL 1,13
KENDALL-:-BRISTOL 10,10
KENDALL-:-BRISTOL 11,13
KENDALL-:-BRISTOL 12,13
KENDALL-:-BRISTOL 13,13
KENDALL-:-BRISTOL 14,10
KENDALL-:-BRISTOL 15,13
KENDALL-:-BRISTOL 16,13
KENDALL-:-BRISTOL 17,13
KENDALL-:-BRISTOL 18,13
KENDALL-:-BRISTOL 2,13
KENDALL-:-BRISTOL 3,10
KENDALL-:-BRISTOL 4,13
KENDALL-:-BRISTOL 5,10
KENDALL-:-BRISTOL 6,10
KENDALL-:-BRISTOL 7,13
KENDALL-:-BRISTOL 8,13
KENDALL-:-BRISTOL 9,13
KENDALL-:-FOX 1,10
KENDALL-:-FOX 2,10
KENDALL-:-KENDALL 1,10
KENDALL-:-KENDALL 2,10
KENDALL-:-KENDALL 3,10
KENDALL-:-KENDALL 4,10
KENDALL-:-KENDALL 5,10
KENDALL-:-KENDALL 6,10
KENDALL-:-LISBON 1,10
KENDALL-:-LITTLE ROCK 1,10
KENDALL-:-LITTLE ROCK 2,10
KENDALL-:-LITTLE ROCK 3,10
KENDALL-:-LITTLE ROCK 4,10
KENDALL-:-LITTLE ROCK 5,10
KENDALL-:-LITTLE ROCK 6,10
KENDALL-:-LITTLE ROCK 7,10
KENDALL-:-LITTLE ROCK 8,10
KENDALL-:-NA AU SAY 1,10
KENDALL-:-NA AU SAY 2,10
KENDALL-:-NA AU SAY 3,10
KENDALL-:-NA AU SAY 4,10
KENDALL-:-NA AU SAY 5,10
KENDALL-:-NA AU SAY 6,10
KENDALL-:-OSWEGO 1,13
KENDALL-:-OSWEGO 10,10
KENDALL-:-OSWEGO 11,10
KENDALL-:-OSWEGO 12,13
KENDALL-:-OSWEGO 13,13
KENDALL-:-OSWEGO 14,10
KENDALL-:-OSWEGO 15,13
KENDALL-:-OSWEGO 16,10
KENDALL-:-OSWEGO 17,13
KENDALL-:-OSWEGO 18,13
KENDALL-:-OSWEGO 19,13
KENDALL-:-OSWEGO 2,10
KENDALL-:-OSWEGO 20,10
KENDALL-:-OSWEGO 21,10
KENDALL-:-OSWEGO 22,10
KENDALL-:-OSWEGO 23,13
KENDALL-:-OSWEGO 24,13
KENDALL-:-OSWEGO 25,10
KENDALL-:-OSWEGO 26,10
KENDALL-:-OSWEGO 27,10
KENDALL-:-OSWEGO 28,10
KENDALL-:-OSWEGO 29,13
KENDALL-:-OSWEGO 3,13
KENDALL-:-OSWEGO 30,13
KENDALL-:-OSWEGO 31,13
KENDALL-:-OSWEGO 32,10
KENDALL-:-OSWEGO 33,13
KENDALL-:-OSWEGO 4,13
KENDALL-:-OSWEGO 5,13
KENDALL-:-OSWEGO 6,13
KENDALL-:-OSWEGO 7,10
KENDALL-:-OSWEGO 8,13
KENDALL-:-OSWEGO 9,13
KENDALL-:-SEWARD 1,10
KENDALL-:-SEWARD 2,10
KENDALL-:-SEWARD 3,10
KNOX-:-CEDAR FIRST,13
KNOX-:-CEDAR FOURTH,13
KNOX-:-CEDAR SECOND,13
KNOX-:-CEDAR THIRD,13
KNOX-:-CHESTNUT,12
KNOX-:-COPLEY,12
KNOX-:-ELBA,12
KNOX-:-GALESBURG,13
KNOX-:-HAW CREEK,12
KNOX-:-HENDERSON,12
KNOX-:-INDIAN POINT,13
KNOX-:-KNOX FIFTH,13
KNOX-:-KNOX FIRST,12
KNOX-:-KNOX FOURTH,12
KNOX-:-KNOX SECOND,12
KNOX-:-KNOX SIX,12
KNOX-:-KNOX THIRD,12
KNOX-:-LYNN,12
KNOX-:-MAQUON,12
KNOX-:-ONTARIO,12
KNOX-:-ORANGE,13
KNOX-:-PERSIFER,12
KNOX-:-RIO TWP,12
KNOX-:-SALEM,12
KNOX-:-SPARTA,12
KNOX-:-TRURO,12
KNOX-:-VICTORIA,12
KNOX-:-WALNUT GROVE,12
LAKE-:-ANTIOCH 1,7
LAKE-:-ANTIOCH 10,7
LAKE-:-ANTIOCH 11,7
LAKE-:-ANTIOCH 12,7
LAKE-:-ANTIOCH 13,7
LAKE-:-ANTIOCH 14,7
LAKE-:-ANTIOCH 15,7
LAKE-:-ANTIOCH 16,7
LAKE-:-ANTIOCH 17,7
LAKE-:-ANTIOCH 18,7
LAKE-:-ANTIOCH 19,7
LAKE-:-ANTIOCH 2,7
LAKE-:-ANTIOCH 3,7
LAKE-:-ANTIOCH 4,7
LAKE-:-ANTIOCH 5,7
LAKE-:-ANTIOCH 6,7
LAKE-:-ANTIOCH 7,7
LAKE-:-ANTIOCH 8,7
LAKE-:-ANTIOCH 9,7
LAKE-:-AVON 20,7
LAKE-:-AVON 21,7
LAKE-:-AVON 22,7
LAKE-:-AVON 23,7
LAKE-:-AVON 24,15
LAKE-:-AVON 25,7
LAKE-:-AVON 26,15
LAKE-:-AVON 27,7
LAKE-:-AVON 28,7
LAKE-:-AVON 29,7
LAKE-:-AVON 30,7
LAKE-:-AVON 31,7
LAKE-:-AVON 32,7
LAKE-:-AVON 33,7
LAKE-:-AVON 34,15
LAKE-:-AVON 35,15
LAKE-:-AVON 36,15
LAKE-:-AVON 37,15
LAKE-:-AVON 38,15
LAKE-:-AVON 39,15
LAKE-:-AVON 40,15
LAKE-:-AVON 41,15
LAKE-:-AVON 42,15
LAKE-:-AVON 43,15
LAKE-:-AVON 44,15
LAKE-:-AVON 45,15
LAKE-:-AVON 46,15
LAKE-:-AVON 47,15
LAKE-:-AVON 48,15
LAKE-:-AVON 49,15
LAKE-:-AVON 50,15
LAKE-:-AVON 51,15
LAKE-:-AVON 52,13
LAKE-:-BENTON 53,3
LAKE-:-BENTON 54,3
LAKE-:-BENTON 55,3
LAKE-:-BENTON 56,3
LAKE-:-BENTON 57,3
LAKE-:-BENTON 58,3
LAKE-:-BENTON 59,3
LAKE-:-BENTON 60,3
LAKE-:-BENTON 61,3
LAKE-:-BENTON 62,8
LAKE-:-BENTON 63,8
LAKE-:-BENTON 64,3
LAKE-:-BENTON 65,3
LAKE-:-CUBA 66,4
LAKE-:-CUBA 67,4
LAKE-:-CUBA 68,4
LAKE-:-CUBA 69,4
LAKE-:-CUBA 70,4
LAKE-:-CUBA 71,4
LAKE-:-CUBA 72,4
LAKE-:-CUBA 73,4
LAKE-:-CUBA 74,4
LAKE-:-CUBA 75,4
LAKE-:-CUBA 76,4
LAKE-:-CUBA 77,4
LAKE-:-CUBA 78,4
LAKE-:-ELA 100,13
LAKE-:-ELA 101,14
LAKE-:-ELA 102,4
LAKE-:-ELA 103,4
LAKE-:-ELA 104,4
LAKE-:-ELA 105,4
LAKE-:-ELA 106,4
LAKE-:-ELA 107,4
LAKE-:-ELA 79,4
LAKE-:-ELA 80,4
LAKE-:-ELA 81,4
LAKE-:-ELA 82,4
LAKE-:-ELA 83,13
LAKE-:-ELA 84,4
LAKE-:-ELA 85,4
LAKE-:-ELA 86,4
LAKE-:-ELA 87,4
LAKE-:-ELA 88,4
LAKE-:-ELA 89,4
LAKE-:-ELA 90,13
LAKE-:-ELA 91,4
LAKE-:-ELA 92,4
LAKE-:-ELA 93,4
LAKE-:-ELA 94,4
LAKE-:-ELA 95,4
LAKE-:-ELA 96,4
LAKE-:-ELA 97,4
LAKE-:-ELA 98,4
LAKE-:-ELA 99,4
LAKE-:-FREMONT 108,15
LAKE-:-FREMONT 109,15
LAKE-:-FREMONT 110,13
LAKE-:-FREMONT 111,13
LAKE-:-FREMONT 112,15
LAKE-:-FREMONT 113,13
LAKE-:-FREMONT 114,13
LAKE-:-FREMONT 115,4
LAKE-:-FREMONT 116,13
LAKE-:-FREMONT 117,13
LAKE-:-FREMONT 118,13
LAKE-:-FREMONT 119,13
LAKE-:-FREMONT 120,13
LAKE-:-FREMONT 121,13
LAKE-:-FREMONT 122,13
LAKE-:-FREMONT 123,13
LAKE-:-FREMONT 124,13
LAKE-:-FREMONT 125,13
LAKE-:-FREMONT 126,13
LAKE-:-FREMONT 127,13
LAKE-:-FREMONT 128,13
LAKE-:-FREMONT 129,13
LAKE-:-GRANT 130,7
LAKE-:-GRANT 131,7
LAKE-:-GRANT 132,7
LAKE-:-GRANT 133,7
LAKE-:-GRANT 134,7
LAKE-:-GRANT 135,7
LAKE-:-GRANT 136,7
LAKE-:-GRANT 137,7
LAKE-:-GRANT 138,15
LAKE-:-GRANT 139,7
LAKE-:-GRANT 140,7
LAKE-:-GRANT 141,15
LAKE-:-GRANT 142,4
LAKE-:-GRANT 143,4
LAKE-:-GRANT 144,4
LAKE-:-GRANT 145,4
LAKE-:-GRANT 146,7
LAKE-:-GRANT 147,7
LAKE-:-LAKE VILLA 148,7
LAKE-:-LAKE VILLA 149,7
LAKE-:-LAKE VILLA 150,7
LAKE-:-LAKE VILLA 151,7
LAKE-:-LAKE VILLA 152,7
LAKE-:-LAKE VILLA 153,7
LAKE-:-LAKE VILLA 154,7
LAKE-:-LAKE VILLA 155,15
LAKE-:-LAKE VILLA 156,15
LAKE-:-LAKE VILLA 157,7
LAKE-:-LAKE VILLA 158,15
LAKE-:-LAKE VILLA 159,15
LAKE-:-LAKE VILLA 160,15
LAKE-:-LAKE VILLA 161,15
LAKE-:-LAKE VILLA 162,15
LAKE-:-LAKE VILLA 163,7
LAKE-:-LAKE VILLA 164,7
LAKE-:-LAKE VILLA 165,7
LAKE-:-LAKE VILLA 166,7
LAKE-:-LAKE VILLA 167,15
LAKE-:-LAKE VILLA 168,15
LAKE-:-LAKE VILLA 169,15
LAKE-:-LAKE VILLA 170,7
LAKE-:-LAKE VILLA 171,15
LAKE-:-LAKE VILLA 172,15
LAKE-:-LAKE VILLA 173,15
LAKE-:-LIBERTYVILLE 174,13
LAKE-:-LIBERTYVILLE 175,13
LAKE-:-LIBERTYVILLE 176,1
LAKE-:-LIBERTYVILLE 177,1
LAKE-:-LIBERTYVILLE 178,13
LAKE-:-LIBERTYVILLE 179,13
LAKE-:-LIBERTYVILLE 180,13
LAKE-:-LIBERTYVILLE 181,13
LAKE-:-LIBERTYVILLE 182,13
LAKE-:-LIBERTYVILLE 183,13
LAKE-:-LIBERTYVILLE 184,13
LAKE-:-LIBERTYVILLE 185,13
LAKE-:-LIBERTYVILLE 186,13
LAKE-:-LIBERTYVILLE 187,1
LAKE-:-LIBERTYVILLE 188,14
LAKE-:-LIBERTYVILLE 189,13
LAKE-:-LIBERTYVILLE 190,13
LAKE-:-LIBERTYVILLE 191,13
LAKE-:-LIBERTYVILLE 192,14
LAKE-:-LIBERTYVILLE 193,1
LAKE-:-LIBERTYVILLE 194,13
LAKE-:-LIBERTYVILLE 195,13
LAKE-:-LIBERTYVILLE 196,14
LAKE-:-LIBERTYVILLE 197,14
LAKE-:-LIBERTYVILLE 198,14
LAKE-:-LIBERTYVILLE 199,14
LAKE-:-LIBERTYVILLE 200,14
LAKE-:-LIBERTYVILLE 201,1
LAKE-:-LIBERTYVILLE 202,13
LAKE-:-LIBERTYVILLE 203,14
LAKE-:-LIBERTYVILLE 204,14
LAKE-:-LIBERTYVILLE 205,14
LAKE-:-LIBERTYVILLE 206,13
LAKE-:-LIBERTYVILLE 207,13
LAKE-:-LIBERTYVILLE 208,14
LAKE-:-LIBERTYVILLE 209,14
LAKE-:-MORAINE 210,1
LAKE-:-MORAINE 211,1
LAKE-:-MORAINE 212,1
LAKE-:-MORAINE 213,1
LAKE-:-MORAINE 214,1
LAKE-:-MORAINE 215,1
LAKE-:-MORAINE 216,1
LAKE-:-MORAINE 217,1
LAKE-:-MORAINE 218,1
LAKE-:-MORAINE 219,1
LAKE-:-MORAINE 220,1
LAKE-:-MORAINE 221,1
LAKE-:-MORAINE 222,1
LAKE-:-MORAINE 223,1
LAKE-:-MORAINE 224,1
LAKE-:-MORAINE 225,1
LAKE-:-MORAINE 226,1
LAKE-:-MORAINE 227,1
LAKE-:-MORAINE 228,1
LAKE-:-MORAINE 229,1
LAKE-:-MORAINE 230,1
LAKE-:-MORAINE 231,1
LAKE-:-MORAINE 232,1
LAKE-:-NEWPORT 233,15
LAKE-:-NEWPORT 234,3
LAKE-:-NEWPORT 235,3
LAKE-:-NEWPORT 236,3
LAKE-:-NEWPORT 237,3
LAKE-:-SHIELDS 238,1
LAKE-:-SHIELDS 239,8
LAKE-:-SHIELDS 240,1
LAKE-:-SHIELDS 241,8
LAKE-:-SHIELDS 242,8
LAKE-:-SHIELDS 243,8
LAKE-:-SHIELDS 244,8
LAKE-:-SHIELDS 245,1
LAKE-:-SHIELDS 246,8
LAKE-:-SHIELDS 247,8
LAKE-:-SHIELDS 248,1
LAKE-:-SHIELDS 249,1
LAKE-:-SHIELDS 250,1
LAKE-:-SHIELDS 251,1
LAKE-:-SHIELDS 252,1
LAKE-:-SHIELDS 253,1
LAKE-:-SHIELDS 254,1
LAKE-:-SHIELDS 255,1
LAKE-:-VERNON 256,13
LAKE-:-VERNON 257,13
LAKE-:-VERNON 258,13
LAKE-:-VERNON 259,13
LAKE-:-VERNON 260,14
LAKE-:-VERNON 261,14
LAKE-:-VERNON 262,14
LAKE-:-VERNON 263,1
LAKE-:-VERNON 264,13
LAKE-:-VERNON 265,13
LAKE-:-VERNON 266,13
LAKE-:-VERNON 267,13
LAKE-:-VERNON 268,14
LAKE-:-VERNON 269,14
LAKE-:-VERNON 270,14
LAKE-:-VERNON 271,14
LAKE-:-VERNON 272,14
LAKE-:-VERNON 273,14
LAKE-:-VERNON 274,1
LAKE-:-VERNON 275,14
LAKE-:-VERNON 276,14
LAKE-:-VERNON 277,14
LAKE-:-VERNON 278,14
LAKE-:-VERNON 279,14
LAKE-:-VERNON 280,14
LAKE-:-VERNON 281,14
LAKE-:-VERNON 282,14
LAKE-:-VERNON 283,14
LAKE-:-VERNON 284,14
LAKE-:-VERNON 285,14
LAKE-:-VERNON 286,14
LAKE-:-VERNON 287,14
LAKE-:-VERNON 288,14
LAKE-:-VERNON 289,14
LAKE-:-VERNON 290,14
LAKE-:-VERNON 291,14
LAKE-:-VERNON 292,14
LAKE-:-VERNON 293,14
LAKE-:-VERNON 294,14
LAKE-:-VERNON 295,14
LAKE-:-VERNON 296,14
LAKE-:-VERNON 297,14
LAKE-:-VERNON 298,14
LAKE-:-WARREN 299,3
LAKE-:-WARREN 300,3
LAKE-:-WARREN 301,15
LAKE-:-WARREN 302,15
LAKE-:-WARREN 303,15
LAKE-:-WARREN 304,15
LAKE-:-WARREN 305,15
LAKE-:-WARREN 306,3
LAKE-:-WARREN 307,3
LAKE-:-WARREN 308,3
LAKE-:-WARREN 309,15
LAKE-:-WARREN 310,15
LAKE-:-WARREN 311,15
LAKE-:-WARREN 312,15
LAKE-:-WARREN 313,8
LAKE-:-WARREN 314,15
LAKE-:-WARREN 315,15
LAKE-:-WARREN 316,1
LAKE-:-WARREN 317,1
LAKE-:-WARREN 318,15
LAKE-:-WARREN 319,8
LAKE-:-WARREN 320,8
LAKE-:-WARREN 321,15
LAKE-:-WARREN 322,15
LAKE-:-WARREN 323,15
LAKE-:-WARREN 324,1
LAKE-:-WARREN 325,15
LAKE-:-WARREN 326,15
LAKE-:-WARREN 327,15
LAKE-:-WARREN 328,13
LAKE-:-WARREN 329,15
LAKE-:-WARREN 330,1
LAKE-:-WARREN 331,1
LAKE-:-WARREN 332,15
LAKE-:-WARREN 333,15
LAKE-:-WARREN 334,8
LAKE-:-WARREN 335,8
LAKE-:-WARREN 336,1
LAKE-:-WARREN 337,15
LAKE-:-WARREN 338,8
LAKE-:-WAUCONDA 339,4
LAKE-:-WAUCONDA 340,7
LAKE-:-WAUCONDA 341,7
LAKE-:-WAUCONDA 342,15
LAKE-:-WAUCONDA 343,4
LAKE-:-WAUCONDA 345,4
LAKE-:-WAUCONDA 346,4
LAKE-:-WAUCONDA 347,4
LAKE-:-WAUCONDA 348,4
LAKE-:-WAUCONDA 349,4
LAKE-:-WAUCONDA 351,4
LAKE-:-WAUCONDA 352,4
LAKE-:-WAUCONDA 353,4
LAKE-:-WAUCONDA 354,4
LAKE-:-WAUKEGAN 355,3
LAKE-:-WAUKEGAN 356,3
LAKE-:-WAUKEGAN 357,3
LAKE-:-WAUKEGAN 358,3
LAKE-:-WAUKEGAN 359,8
LAKE-:-WAUKEGAN 360,3
LAKE-:-WAUKEGAN 361,3
LAKE-:-WAUKEGAN 362,3
LAKE-:-WAUKEGAN 363,3
LAKE-:-WAUKEGAN 364,3
LAKE-:-WAUKEGAN 365,3
LAKE-:-WAUKEGAN 366,8
LAKE-:-WAUKEGAN 367,8
LAKE-:-WAUKEGAN 368,3
LAKE-:-WAUKEGAN 369,8
LAKE-:-WAUKEGAN 370,3
LAKE-:-WAUKEGAN 371,3
LAKE-:-WAUKEGAN 372,3
LAKE-:-WAUKEGAN 373,3
LAKE-:-WAUKEGAN 374,3
LAKE-:-WAUKEGAN 375,8
LAKE-:-WAUKEGAN 376,3
LAKE-:-WAUKEGAN 377,8
LAKE-:-WAUKEGAN 378,8
LAKE-:-WAUKEGAN 379,3
LAKE-:-WAUKEGAN 380,3
LAKE-:-WAUKEGAN 381,8
LAKE-:-WAUKEGAN 382,8
LAKE-:-WAUKEGAN 383,8
LAKE-:-WAUKEGAN 384,8
LAKE-:-WAUKEGAN 385,8
LAKE-:-WAUKEGAN 386,8
LAKE-:-WAUKEGAN 387,8
LAKE-:-WAUKEGAN 388,8
LAKE-:-WAUKEGAN 389,8
LAKE-:-WAUKEGAN 390,8
LAKE-:-WAUKEGAN 391,8
LAKE-:-WAUKEGAN 392,8
LAKE-:-WAUKEGAN 393,8
LAKE-:-WEST DEERFIELD 394,1
LAKE-:-WEST DEERFIELD 395,8
LAKE-:-WEST DEERFIELD 396,1
LAKE-:-WEST DEERFIELD 397,8
LAKE-:-WEST DEERFIELD 398,1
LAKE-:-WEST DEERFIELD 399,8
LAKE-:-WEST DEERFIELD 400,8
LAKE-:-WEST DEERFIELD 401,1
LAKE-:-WEST DEERFIELD 402,8
LAKE-:-WEST DEERFIELD 403,1
LAKE-:-WEST DEERFIELD 404,1
LAKE-:-WEST DEERFIELD 405,1
LAKE-:-WEST DEERFIELD 406,1
LAKE-:-WEST DEERFIELD 407,1
LAKE-:-WEST DEERFIELD 408,14
LAKE-:-WEST DEERFIELD 409,1
LAKE-:-WEST DEERFIELD 410,1
LAKE-:-WEST DEERFIELD 411,1
LAKE-:-WEST DEERFIELD 412,1
LAKE-:-WEST DEERFIELD 413,14
LAKE-:-WEST DEERFIELD 414,1
LAKE-:-WEST DEERFIELD 415,1
LAKE-:-WEST DEERFIELD 416,1
LAKE-:-WEST DEERFIELD 417,1
LAKE-:-WEST DEERFIELD 418,1
LAKE-:-ZION 419,3
LAKE-:-ZION 420,3
LAKE-:-ZION 421,3
LAKE-:-ZION 422,3
LAKE-:-ZION 423,3
LAKE-:-ZION 424,3
LAKE-:-ZION 425,3
LAKE-:-ZION 426,3
LAKE-:-ZION 427,3
LAKE-:-ZION 428,3
LAKE-:-ZION 429,3
LAKE-:-ZION 430,3
LAKE-:-ZION 431,3
LASALLE-:-ADAMS 1,2
LASALLE-:-ADAMS 2,2
LASALLE-:-ALLEN,2
LASALLE-:-BROOKFIELD,2
LASALLE-:-BRUCE 1,2
LASALLE-:-BRUCE 10,2
LASALLE-:-BRUCE 11,2
LASALLE-:-BRUCE 12,2
LASALLE-:-BRUCE 2,2
LASALLE-:-BRUCE 3,2
LASALLE-:-BRUCE 4,2
LASALLE-:-BRUCE 5,2
LASALLE-:-BRUCE 6,2
LASALLE-:-BRUCE 7,2
LASALLE-:-BRUCE 8,2
LASALLE-:-BRUCE 9,2
LASALLE-:-DAYTON 1,2
LASALLE-:-DAYTON 2,2
LASALLE-:-DIMMICK,2
LASALLE-:-EAGLE 1,2
LASALLE-:-EAGLE 2,2
LASALLE-:-EAGLE 3,2
LASALLE-:-EARL 1,2
LASALLE-:-EARL 2,2
LASALLE-:-EDEN 2,2
LASALLE-:-FREEDOM,2
LASALLE-:-GRAND RAPIDS,2
LASALLE-:-GROVELAND,2
LASALLE-:-HOPE,2
LASALLE-:-LASALLE 1,2
LASALLE-:-LASALLE 10,2
LASALLE-:-LASALLE 11,2
LASALLE-:-LASALLE 12,2
LASALLE-:-LASALLE 13,2
LASALLE-:-LASALLE 14,2
LASALLE-:-LASALLE 2,2
LASALLE-:-LASALLE 3,2
LASALLE-:-LASALLE 4,2
LASALLE-:-LASALLE 5,2
LASALLE-:-LASALLE 6,2
LASALLE-:-LASALLE 7,2
LASALLE-:-LASALLE 8,2
LASALLE-:-LASALLE 9,2
LASALLE-:-MANLIUS 1,2
LASALLE-:-MANLIUS 2,2
LASALLE-:-MANLIUS 3,2
LASALLE-:-MANLIUS 4,2
LASALLE-:-MANLIUS 5,2
LASALLE-:-MENDOTA 1,2
LASALLE-:-MENDOTA 2,2
LASALLE-:-MENDOTA 3,2
LASALLE-:-MENDOTA 4,2
LASALLE-:-MENDOTA 5,2
LASALLE-:-MENDOTA 6,2
LASALLE-:-MENDOTA 7,2
LASALLE-:-MERIDEN,2
LASALLE-:-MILLER,10
LASALLE-:-MISSION 1,2
LASALLE-:-MISSION 2,2
LASALLE-:-NORTHVILLE 1,2
LASALLE-:-NORTHVILLE 2,2
LASALLE-:-NORTHVILLE 3,2
LASALLE-:-NORTHVILLE 4,2
LASALLE-:-NORTHVILLE 5,2
LASALLE-:-NORTHVILLE 6,2
LASALLE-:-NORTHVILLE 7,2
LASALLE-:-OPHIR,2
LASALLE-:-OSAGE,2
LASALLE-:-OTTAWA 1,2
LASALLE-:-OTTAWA 10,2
LASALLE-:-OTTAWA 11,2
LASALLE-:-OTTAWA 12,2
LASALLE-:-OTTAWA 13,2
LASALLE-:-OTTAWA 2,2
LASALLE-:-OTTAWA 3,2
LASALLE-:-OTTAWA 4,2
LASALLE-:-OTTAWA 5,2
LASALLE-:-OTTAWA 6,2
LASALLE-:-OTTAWA 7,2
LASALLE-:-OTTAWA 8,2
LASALLE-:-OTTAWA 9,2
LASALLE-:-OTTER CREEK 1,2
LASALLE-:-OTTER CREEK 2,2
LASALLE-:-OTTER CREEK 3,2
LASALLE-:-PERU 1,2
LASALLE-:-PERU 10,2
LASALLE-:-PERU 11,2
LASALLE-:-PERU 2,2
LASALLE-:-PERU 3,2
LASALLE-:-PERU 4,2
LASALLE-:-PERU 5,2
LASALLE-:-PERU 6,2
LASALLE-:-PERU 7,2
LASALLE-:-PERU 8,2
LASALLE-:-PERU 9,2
LASALLE-:-RICHLAND,2
LASALLE-:-RUTLAND 1,2
LASALLE-:-RUTLAND 2,2
LASALLE-:-RUTLAND 3,2
LASALLE-:-SERENA,2
LASALLE-:-SO. OTTAWA 1,2
LASALLE-:-SO. OTTAWA 2,2
LASALLE-:-SO. OTTAWA 3,2
LASALLE-:-SO. OTTAWA 4,2
LASALLE-:-SO. OTTAWA 5,2
LASALLE-:-SO. OTTAWA 6,2
LASALLE-:-SO. OTTAWA 7,2
LASALLE-:-SO. OTTAWA 8,2
LASALLE-:-TROY GROVE 1,2
LASALLE-:-TROY GROVE 2,2
LASALLE-:-UTICA 1,2
LASALLE-:-UTICA 2,2
LASALLE-:-VERMILLION,2
LASALLE-:-WALLACE,2
LASALLE-:-WALTHAM,2
LAWRENCE-:-ALLISON 1,11
LAWRENCE-:-BOND 3,11
LAWRENCE-:-BRIDGEPORT 4,11
LAWRENCE-:-BRIDGEPORT 6,11
LAWRENCE-:-CHRISTY 8,11
LAWRENCE-:-DENISON 10,11
LAWRENCE-:-DENISON 12,11
LAWRENCE-:-LAWRENCE 13,11
LAWRENCE-:-LAWRENCE 15,11
LAWRENCE-:-LAWRENCE 16,11
LAWRENCE-:-LAWRENCE 17,11
LAWRENCE-:-LAWRENCE 18,11
LAWRENCE-:-LAWRENCE 20,11
LAWRENCE-:-LAWRENCE 22,11
LAWRENCE-:-LUKIN 24,0
LAWRENCE-:-PETTY 25,11
LAWRENCE-:-RUSSELL 27,11
LEE-:-ALTO,2
LEE-:-AMBOY 1,2
LEE-:-AMBOY 2,2
LEE-:-AMBOY 3,2
LEE-:-ASHTON 1,2
LEE-:-ASHTON 2,2
LEE-:-BRADFORD,2
LEE-:-BROOKLYN 1,2
LEE-:-BROOKLYN 2,2
LEE-:-DIXON 1,2
LEE-:-DIXON 10,2
LEE-:-DIXON 11,2
LEE-:-DIXON 12,2
LEE-:-DIXON 13,2
LEE-:-DIXON 14,2
LEE-:-DIXON 15,2
LEE-:-DIXON 16,2
LEE-:-DIXON 17,2
LEE-:-DIXON 2,2
LEE-:-DIXON 3,2
LEE-:-DIXON 4,2
LEE-:-DIXON 5,2
LEE-:-DIXON 6,2
LEE-:-DIXON 7,2
LEE-:-DIXON 8,2
LEE-:-DIXON 9,2
LEE-:-EAST GROVE,12
LEE-:-FRANKLIN GROVE 1,2
LEE-:-FRANKLIN GROVE 2,2
LEE-:-HAMILTON,12
LEE-:-HARMON,12
LEE-:-LEE CENTER,2
LEE-:-MARION,12
LEE-:-MAY,12
LEE-:-NACHUSA,2
LEE-:-NELSON,2
LEE-:-PALMYRA 1,2
LEE-:-PALMYRA 2,12
LEE-:-PALMYRA 3,12
LEE-:-REYNOLDS,2
LEE-:-SOUTH DIXON,2
LEE-:-SUBLETTE,2
LEE-:-VIOLA,2
LEE-:-WILLOW CREEK,2
LEE-:-WYOMING 1,2
LEE-:-WYOMING 2,2
LIVINGSTON-:-AMITY,2
LIVINGSTON-:-AVOCA,2
LIVINGSTON-:-BELLE PRAIRIE,14
LIVINGSTON-:-BROUGHTON,2
LIVINGSTON-:-CHARLOTTE,2
LIVINGSTON-:-CHATSWORTH 1,14
LIVINGSTON-:-DWIGHT 1,2
LIVINGSTON-:-DWIGHT 2,2
LIVINGSTON-:-DWIGHT 3,2
LIVINGSTON-:-DWIGHT 4,2
LIVINGSTON-:-EPPARDS POINT,2
LIVINGSTON-:-FAYETTE,14
LIVINGSTON-:-FORREST 1,14
LIVINGSTON-:-GERMANVILLE,14
LIVINGSTON-:-INDIAN GRV 1,14
LIVINGSTON-:-INDIAN GRV 2,14
LIVINGSTON-:-INDIAN GRV 3,14
LIVINGSTON-:-INDIAN GRV 4,14
LIVINGSTON-:-LONG POINT,2
LIVINGSTON-:-NEBRASKA 1,2
LIVINGSTON-:-NEVADA,2
LIVINGSTON-:-NEWTOWN,2
LIVINGSTON-:-ODELL 1,2
LIVINGSTON-:-OWEGO,2
LIVINGSTON-:-PIKE,2
LIVINGSTON-:-PLEASANT RIDGE,2
LIVINGSTON-:-PONTIAC 1,2
LIVINGSTON-:-PONTIAC 2,2
LIVINGSTON-:-PONTIAC 3,2
LIVINGSTON-:-PONTIAC 4,2
LIVINGSTON-:-PONTIAC 5,2
LIVINGSTON-:-PONTIAC 6,2
LIVINGSTON-:-PONTIAC 7,2
LIVINGSTON-:-PONTIAC 8,2
LIVINGSTON-:-READING 1,2
LIVINGSTON-:-READING 2,2
LIVINGSTON-:-ROOKS CREEK,2
LIVINGSTON-:-ROUND GROVE,2
LIVINGSTON-:-SAUNEMIN,2
LIVINGSTON-:-SULLIVAN,2
LIVINGSTON-:-SUNBURY,2
LIVINGSTON-:-UNION,2
LIVINGSTON-:-WALDO,2
LOGAN-:-AETNA,14
LOGAN-:-ATLANTA,14
LOGAN-:-BROADWELL,14
LOGAN-:-CHESTER,14
LOGAN-:-CORWIN,14
LOGAN-:-EAST LINCOLN 1,14
LOGAN-:-EAST LINCOLN 2,14
LOGAN-:-EAST LINCOLN 3,14
LOGAN-:-EAST LINCOLN 4,14
LOGAN-:-EAST LINCOLN 5,14
LOGAN-:-EAST LINCOLN 6,14
LOGAN-:-ELKHART,14
LOGAN-:-EMINENCE,2
LOGAN-:-HURLBUT,14
LOGAN-:-LAKE FORK/LAENNA,14
LOGAN-:-MT. PULASKI 1,14
LOGAN-:-MT. PULASKI 2,14
LOGAN-:-ORAN,14
LOGAN-:-ORVIL 1,2
LOGAN-:-ORVIL 2,2
LOGAN-:-PRAIRIE CREEK,2
LOGAN-:-SHERIDAN,2
LOGAN-:-WEST LINCOLN 1,14
LOGAN-:-WEST LINCOLN 2,14
LOGAN-:-WEST LINCOLN 3,14
LOGAN-:-WEST LINCOLN 4,14
LOGAN-:-WEST LINCOLN 5,14
LOGAN-:-WEST LINCOLN 6,14
LOGAN-:-WEST LINCOLN 7,14
MACON-:-AUSTIN,14
MACON-:-BLUE MOUND,14
MACON-:-DECATUR 1,14
MACON-:-DECATUR 10,14
MACON-:-DECATUR 11,14
MACON-:-DECATUR 12,14
MACON-:-DECATUR 13,14
MACON-:-DECATUR 14,14
MACON-:-DECATUR 15,14
MACON-:-DECATUR 17,14
MACON-:-DECATUR 18,14
MACON-:-DECATUR 2,14
MACON-:-DECATUR 20,14
MACON-:-DECATUR 21,14
MACON-:-DECATUR 22,14
MACON-:-DECATUR 23,14
MACON-:-DECATUR 24,14
MACON-:-DECATUR 25,14
MACON-:-DECATUR 26,14
MACON-:-DECATUR 3,14
MACON-:-DECATUR 4,14
MACON-:-DECATUR 5,14
MACON-:-DECATUR 6,14
MACON-:-FRIENDS CREEK,14
MACON-:-HICKORY PT. 1,14
MACON-:-HICKORY PT. 10,14
MACON-:-HICKORY PT. 11,14
MACON-:-HICKORY PT. 4,14
MACON-:-HICKORY PT. 5,14
MACON-:-HICKORY PT. 6,14
MACON-:-HICKORY PT. 7,14
MACON-:-HICKORY PT. 8,14
MACON-:-HICKORY PT. 9,14
MACON-:-ILLINI,14
MACON-:-LONG CREEK 1,14
MACON-:-LONG CREEK 2,14
MACON-:-LONG CREEK 3,14
MACON-:-LONG CREEK 5,14
MACON-:-LONG CREEK 6,14
MACON-:-LONG CREEK 7,14
MACON-:-MAROA,14
MACON-:-MT. ZION 1,14
MACON-:-MT. ZION 2,14
MACON-:-MT. ZION 3,14
MACON-:-NIANTIC,14
MACON-:-PLEASANT VIEW,14
MACON-:-SOUTH MACON,14
MACON-:-SOUTH WHEATLAND 1,14
MACON-:-SOUTH WHEATLAND 2,14
MACON-:-SOUTH WHEATLAND 3,14
MACON-:-WHITMORE 1,14
MACON-:-WHITMORE 2,14
MACOUPIN-:-BARR,14
MACOUPIN-:-BIRD,14
MACOUPIN-:-BRIGHTON 1,0
MACOUPIN-:-BRIGHTON 2,0
MACOUPIN-:-BRIGHTON 3,0
MACOUPIN-:-BRUSHY MOUND,14
MACOUPIN-:-BUNKER HILL 1,0
MACOUPIN-:-BUNKER HILL 2,0
MACOUPIN-:-BUNKER HILL 3,0
MACOUPIN-:-CAHOKIA 1,14
MACOUPIN-:-CAHOKIA 2,14
MACOUPIN-:-CARLINVILLE 1,11
MACOUPIN-:-CARLINVILLE 2,11
MACOUPIN-:-CARLINVILLE 3,11
MACOUPIN-:-CARLINVILLE 4,11
MACOUPIN-:-CARLINVILLE 5,11
MACOUPIN-:-CHESTERFIELD,0
MACOUPIN-:-DORCHESTER,14
MACOUPIN-:-GILLESPIE 1,0
MACOUPIN-:-GILLESPIE 2,0
MACOUPIN-:-GILLESPIE 3,0
MACOUPIN-:-GIRARD 1,14
MACOUPIN-:-GIRARD 2,14
MACOUPIN-:-HILYARD,11
MACOUPIN-:-HONEY POINT,14
MACOUPIN-:-MT. OLIVE 1,14
MACOUPIN-:-MT. OLIVE 2,14
MACOUPIN-:-MT. OLIVE 3,14
MACOUPIN-:-MT. OLIVE 4,14
MACOUPIN-:-NILWOOD,11
MACOUPIN-:-NORTH OTTER,11
MACOUPIN-:-NORTH PALMYRA,11
MACOUPIN-:-POLK,11
MACOUPIN-:-SCOTTVILLE,14
MACOUPIN-:-SHAWS POINT,11
MACOUPIN-:-SHIPMAN,0
MACOUPIN-:-SOUTH OTTER,14
MACOUPIN-:-SOUTH PALMYRA,11
MACOUPIN-:-STAUNTON 1,14
MACOUPIN-:-STAUNTON 2,14
MACOUPIN-:-STAUNTON 3,14
MACOUPIN-:-STAUNTON 4,14
MACOUPIN-:-VIRDEN 1,14
MACOUPIN-:-VIRDEN 2,14
MACOUPIN-:-WESTERN MOUND,14
MADISON-:-ALHAMBRA 01,14
MADISON-:-ALTON 02,0
MADISON-:-ALTON 04,0
MADISON-:-ALTON 06,0
MADISON-:-ALTON 07,0
MADISON-:-ALTON 08,0
MADISON-:-ALTON 09,0
MADISON-:-ALTON 10,0
MADISON-:-ALTON 11,0
MADISON-:-ALTON 12,0
MADISON-:-ALTON 13,0
MADISON-:-ALTON 14,0
MADISON-:-ALTON 15,0
MADISON-:-ALTON 16,0
MADISON-:-ALTON 17,0
MADISON-:-CHOUTEAU 01,0
MADISON-:-CHOUTEAU 02,0
MADISON-:-CHOUTEAU 03,0
MADISON-:-CHOUTEAU 04,0
MADISON-:-CHOUTEAU 05,0
MADISON-:-CHOUTEAU 06,0
MADISON-:-COLLINSVILLE 02,0
MADISON-:-COLLINSVILLE 03,0
MADISON-:-COLLINSVILLE 04,0
MADISON-:-COLLINSVILLE 05,0
MADISON-:-COLLINSVILLE 06,0
MADISON-:-COLLINSVILLE 07,0
MADISON-:-COLLINSVILLE 08,0
MADISON-:-COLLINSVILLE 09,0
MADISON-:-COLLINSVILLE 10,0
MADISON-:-COLLINSVILLE 11,0
MADISON-:-COLLINSVILLE 12,0
MADISON-:-COLLINSVILLE 13,0
MADISON-:-COLLINSVILLE 14,0
MADISON-:-COLLINSVILLE 15,0
MADISON-:-COLLINSVILLE 16,0
MADISON-:-COLLINSVILLE 17,0
MADISON-:-COLLINSVILLE 18,0
MADISON-:-COLLINSVILLE 19,0
MADISON-:-COLLINSVILLE 21,0
MADISON-:-COLLINSVILLE 22,0
MADISON-:-COLLINSVILLE 23,0
MADISON-:-COLLINSVILLE 24,0
MADISON-:-COLLINSVILLE 25,0
MADISON-:-EDWARDSVILLE 01,0
MADISON-:-EDWARDSVILLE 02,0
MADISON-:-EDWARDSVILLE 03,14
MADISON-:-EDWARDSVILLE 04,0
MADISON-:-EDWARDSVILLE 05,0
MADISON-:-EDWARDSVILLE 06,0
MADISON-:-EDWARDSVILLE 07,0
MADISON-:-EDWARDSVILLE 08,0
MADISON-:-EDWARDSVILLE 09,0
MADISON-:-EDWARDSVILLE 10,0
MADISON-:-EDWARDSVILLE 11,0
MADISON-:-EDWARDSVILLE 12,0
MADISON-:-EDWARDSVILLE 13,0
MADISON-:-EDWARDSVILLE 14,0
MADISON-:-EDWARDSVILLE 15,0
MADISON-:-EDWARDSVILLE 16,0
MADISON-:-EDWARDSVILLE 17,0
MADISON-:-EDWARDSVILLE 18,0
MADISON-:-EDWARDSVILLE 19,0
MADISON-:-EDWARDSVILLE 20,0
MADISON-:-EDWARDSVILLE 21,0
MADISON-:-EDWARDSVILLE 22,0
MADISON-:-EDWARDSVILLE 23,0
MADISON-:-EDWARDSVILLE 24,0
MADISON-:-EDWARDSVILLE 25,0
MADISON-:-EDWARDSVILLE 26,0
MADISON-:-FOSTER 01,0
MADISON-:-FOSTER 03,0
MADISON-:-FOSTER 04,0
MADISON-:-FT. RUSSELL 01,0
MADISON-:-FT. RUSSELL 02,0
MADISON-:-FT. RUSSELL 03,0
MADISON-:-FT. RUSSELL 04,0
MADISON-:-FT. RUSSELL 05,14
MADISON-:-FT. RUSSELL 06,14
MADISON-:-GODFREY 01,0
MADISON-:-GODFREY 02,0
MADISON-:-GODFREY 03,0
MADISON-:-GODFREY 04,0
MADISON-:-GODFREY 05,0
MADISON-:-GODFREY 06,0
MADISON-:-GODFREY 07,0
MADISON-:-GODFREY 08,0
MADISON-:-GODFREY 09,0
MADISON-:-GODFREY 10,0
MADISON-:-GODFREY 11,0
MADISON-:-GODFREY 12,0
MADISON-:-GODFREY 13,0
MADISON-:-GODFREY 14,0
MADISON-:-GRANITE CITY 01,0
MADISON-:-GRANITE CITY 02,0
MADISON-:-GRANITE CITY 03,0
MADISON-:-GRANITE CITY 04,0
MADISON-:-GRANITE CITY 05,0
MADISON-:-GRANITE CITY 06,0
MADISON-:-GRANITE CITY 07,0
MADISON-:-GRANITE CITY 08,0
MADISON-:-GRANITE CITY 09,0
MADISON-:-GRANITE CITY 10,0
MADISON-:-GRANITE CITY 11,0
MADISON-:-GRANITE CITY 12,0
MADISON-:-GRANITE CITY 13,0
MADISON-:-GRANITE CITY 14,0
MADISON-:-GRANITE CITY 15,0
MADISON-:-GRANITE CITY 16,0
MADISON-:-GRANITE CITY 17,0
MADISON-:-HAMEL 01,14
MADISON-:-HAMEL 02,14
MADISON-:-HELVETIA 01,0
MADISON-:-HELVETIA 02,0
MADISON-:-HELVETIA 03,0
MADISON-:-HELVETIA 04,0
MADISON-:-HELVETIA 05,0
MADISON-:-HELVETIA 06,0
MADISON-:-JARVIS 01,14
MADISON-:-JARVIS 02,14
MADISON-:-JARVIS 03,0
MADISON-:-JARVIS 04,0
MADISON-:-JARVIS 05,0
MADISON-:-JARVIS 06,0
MADISON-:-JARVIS 07,0
MADISON-:-JARVIS 08,0
MADISON-:-JARVIS 09,0
MADISON-:-JARVIS 10,14
MADISON-:-JARVIS 11,14
MADISON-:-JARVIS 12,0
MADISON-:-LEEF 01,14
MADISON-:-MARINE 01,14
MADISON-:-MARINE 02,0
MADISON-:-MORO 01,0
MADISON-:-MORO 03,14
MADISON-:-NAMEOKI 01,0
MADISON-:-NAMEOKI 02,0
MADISON-:-NAMEOKI 03,0
MADISON-:-NAMEOKI 04,0
MADISON-:-NAMEOKI 05,0
MADISON-:-NAMEOKI 06,0
MADISON-:-NAMEOKI 07,0
MADISON-:-NAMEOKI 08,0
MADISON-:-NEW DOUGLAS 01,14
MADISON-:-OLIVE 01,14
MADISON-:-OLIVE 02,14
MADISON-:-OMPHGHENT 01,14
MADISON-:-OMPHGHENT 02,0
MADISON-:-PIN OAK 01,0
MADISON-:-PIN OAK 02,14
MADISON-:-PIN OAK 03,14
MADISON-:-SALINE 01,0
MADISON-:-SALINE 02,0
MADISON-:-SALINE 03,0
MADISON-:-SALINE 04,0
MADISON-:-SALINE 05,0
MADISON-:-ST. JACOB 01,0
MADISON-:-ST. JACOB 02,0
MADISON-:-VENICE 01,0
MADISON-:-VENICE 02,0
MADISON-:-VENICE 03,0
MADISON-:-VENICE 04,0
MADISON-:-WOOD RIVER 01,0
MADISON-:-WOOD RIVER 02,0
MADISON-:-WOOD RIVER 03,0
MADISON-:-WOOD RIVER 04,0
MADISON-:-WOOD RIVER 05,0
MADISON-:-WOOD RIVER 06,0
MADISON-:-WOOD RIVER 07,0
MADISON-:-WOOD RIVER 08,0
MADISON-:-WOOD RIVER 09,0
MADISON-:-WOOD RIVER 10,0
MADISON-:-WOOD RIVER 11,0
MADISON-:-WOOD RIVER 12,0
MADISON-:-WOOD RIVER 13,0
MADISON-:-WOOD RIVER 14,0
MADISON-:-WOOD RIVER 15,0
MADISON-:-WOOD RIVER 16,0
MADISON-:-WOOD RIVER 17,0
MADISON-:-WOOD RIVER 18,0
MADISON-:-WOOD RIVER 19,0
MADISON-:-WOOD RIVER 20,0
MADISON-:-WOOD RIVER 21,0
MARION-:-ALMA,0
MARION-:-CARRIGAN,0
MARION-:-CENTRALIA 1,0
MARION-:-CENTRALIA 11,0
MARION-:-CENTRALIA 12,0
MARION-:-CENTRALIA 13,0
MARION-:-CENTRALIA 14,0
MARION-:-CENTRALIA 15,0
MARION-:-CENTRALIA 17,0
MARION-:-CENTRALIA 3,0
MARION-:-CENTRALIA 4,0
MARION-:-CENTRALIA 5,0
MARION-:-CENTRALIA 6,0
MARION-:-CENTRALIA 7,0
MARION-:-CENTRALIA 9,0
MARION-:-FOSTER,0
MARION-:-HAINES,0
MARION-:-IUKA,0
MARION-:-KINMUNDY,0
MARION-:-MEACHAM,0
MARION-:-ODIN,0
MARION-:-OMEGA,0
MARION-:-PATOKA,0
MARION-:-RACCOON,0
MARION-:-ROMINE,0
MARION-:-SALEM 1,0
MARION-:-SALEM 2,0
MARION-:-SALEM 4,0
MARION-:-SALEM 5,0
MARION-:-SALEM 6,0
MARION-:-SALEM 7,0
MARION-:-SALEM 8,0
MARION-:-SALEM 9,0
MARION-:-SANDOVAL 1,0
MARION-:-SANDOVAL 3,0
MARION-:-STEVENSON,0
MARION-:-TONTI,0
MARSHALL-:-BELL PLAIN,2
MARSHALL-:-BENNINGTON,2
MARSHALL-:-EVANS,2
MARSHALL-:-HENRY 1,2
MARSHALL-:-HENRY 2,2
MARSHALL-:-HOPEWELL,2
MARSHALL-:-LA PRAIRIE,12
MARSHALL-:-LACON 1,2
MARSHALL-:-LACON 2,2
MARSHALL-:-RICHLAND,2
MARSHALL-:-ROBERTS,2
MARSHALL-:-SARATOGA,12
MARSHALL-:-STEUBEN,2
MARSHALL-:-WHITEFIELD,12
MASON-:-ALLENS GROVE,2
MASON-:-BATH 1,2
MASON-:-CRANE CREEK,2
MASON-:-FOREST CITY,2
MASON-:-HAVANA 1,2
MASON-:-HAVANA 2,2
MASON-:-HAVANA 3,2
MASON-:-HAVANA 4,2
MASON-:-HAVANA 5,2
MASON-:-HAVANA 6,2
MASON-:-KILBOURNE,2
MASON-:-LYNCHBURG,2
MASON-:-MANITO 1,2
MASON-:-MANITO 2,2
MASON-:-MASON CITY 1,14
MASON-:-MASON CITY 2,14
MASON-:-MASON CITY 3,14
MASON-:-PENNSYLVANIA,2
MASON-:-QUIVER,2
MASON-:-SALT CREEK,2
MASON-:-SHERMAN,2
MASSAC-:-ADKINS-17COMB,0
MASSAC-:-BENTON-10,0
MASSAC-:-EAST BROOKLYN-7COMB,0
MASSAC-:-FRANKLIN-15,0
MASSAC-:-GEORGE'S CREEK-11,0
MASSAC-:-GRANT-14,0
MASSAC-:-HILLERMAN-13COMB,0
MASSAC-:-JACKSON-8,0
MASSAC-:-JEFFERSON-16COMB,0
MASSAC-:-LINCOLN-5,0
MASSAC-:-LOGAN-12,0
MASSAC-:-METROPOLIS 1-1,0
MASSAC-:-METROPOLIS 2-2,0
MASSAC-:-METROPOLIS 3-3,0
MASSAC-:-METROPOLIS 4-4,0
MASSAC-:-WASHINGTON-9,0
MASSAC-:-WEST BROOKLYN-6COMB,0
MCDONOUGH-:-BETHEL-1/2,15
MCDONOUGH-:-BLANDINSVILLE-3/4,15
MCDONOUGH-:-BUSHNELL 1-5,15
MCDONOUGH-:-BUSHNELL 2-6,15
MCDONOUGH-:-CHALMERS-7/8,15
MCDONOUGH-:-COLCHESTER-9,15
MCDONOUGH-:-ELDORADO-10,15
MCDONOUGH-:-EMMET-11/12,15
MCDONOUGH-:-EMMET-13,15
MCDONOUGH-:-HIRE-14,15
MCDONOUGH-:-INDUSTRY-15,15
MCDONOUGH-:-LAMOINE-16/17,15
MCDONOUGH-:-MACOMB CITY 1-18,15
MCDONOUGH-:-MACOMB CITY 1-19,15
MCDONOUGH-:-MACOMB CITY 2-20,15
MCDONOUGH-:-MACOMB CITY 2-21,15
MCDONOUGH-:-MACOMB CITY 3-22,15
MCDONOUGH-:-MACOMB CITY 3-23,15
MCDONOUGH-:-MACOMB CITY 4-24,15
MCDONOUGH-:-MACOMB CITY 5-25,15
MCDONOUGH-:-MACOMB CITY 5-26,15
MCDONOUGH-:-MACOMB CITY 6-27,15
MCDONOUGH-:-MACOMB CITY 7-28,15
MCDONOUGH-:-MACOMB CITY 7-29,15
MCDONOUGH-:-MACOMB CITY 7-30,15
MCDONOUGH-:-MACOMB CITY 8-31,15
MCDONOUGH-:-MACOMB TOWNSHIP-32/33,15
MCDONOUGH-:-MOUND-34,15
MCDONOUGH-:-MOUND-35,15
MCDONOUGH-:-NEW SALEM-36,15
MCDONOUGH-:-PRAIRIE CITY-37,15
MCDONOUGH-:-SCIOTA-38/39,15
MCDONOUGH-:-SCOTLAND-40,15
MCDONOUGH-:-SCOTLAND-41,15
MCDONOUGH-:-TENNESSEE-43,15
MCDONOUGH-:-WALNUT GROVE-44/45,15
MCHENRY-:-ALDEN ALD 01,2
MCHENRY-:-ALGONQUIN ALG 01,16
MCHENRY-:-ALGONQUIN ALG 02,16
MCHENRY-:-ALGONQUIN ALG 03,9
MCHENRY-:-ALGONQUIN ALG 04,9
MCHENRY-:-ALGONQUIN ALG 05,5
MCHENRY-:-ALGONQUIN ALG 06,9
MCHENRY-:-ALGONQUIN ALG 07,9
MCHENRY-:-ALGONQUIN ALG 08,9
MCHENRY-:-ALGONQUIN ALG 09,9
MCHENRY-:-ALGONQUIN ALG 10,9
MCHENRY-:-ALGONQUIN ALG 11,9
MCHENRY-:-ALGONQUIN ALG 12,9
MCHENRY-:-ALGONQUIN ALG 13,9
MCHENRY-:-ALGONQUIN ALG 14,9
MCHENRY-:-ALGONQUIN ALG 15,9
MCHENRY-:-ALGONQUIN ALG 16,9
MCHENRY-:-ALGONQUIN ALG 17,9
MCHENRY-:-ALGONQUIN ALG 18,5
MCHENRY-:-ALGONQUIN ALG 19,5
MCHENRY-:-ALGONQUIN ALG 20,5
MCHENRY-:-ALGONQUIN ALG 21,5
MCHENRY-:-ALGONQUIN ALG 22,5
MCHENRY-:-ALGONQUIN ALG 23,9
MCHENRY-:-ALGONQUIN ALG 24,9
MCHENRY-:-ALGONQUIN ALG 25,5
MCHENRY-:-ALGONQUIN ALG 26,9
MCHENRY-:-ALGONQUIN ALG 27,9
MCHENRY-:-ALGONQUIN ALG 28,16
MCHENRY-:-ALGONQUIN ALG 29,5
MCHENRY-:-ALGONQUIN ALG 30,5
MCHENRY-:-ALGONQUIN ALG 31,5
MCHENRY-:-ALGONQUIN ALG 32,5
MCHENRY-:-ALGONQUIN ALG 33,16
MCHENRY-:-ALGONQUIN ALG 34,5
MCHENRY-:-ALGONQUIN ALG 35,5
MCHENRY-:-ALGONQUIN ALG 36,16
MCHENRY-:-ALGONQUIN ALG 37,16
MCHENRY-:-ALGONQUIN ALG 38,16
MCHENRY-:-ALGONQUIN ALG 39,16
MCHENRY-:-ALGONQUIN ALG 40,5
MCHENRY-:-ALGONQUIN ALG 41,16
MCHENRY-:-ALGONQUIN ALG 42,5
MCHENRY-:-ALGONQUIN ALG 43,5
MCHENRY-:-ALGONQUIN ALG 44,5
MCHENRY-:-ALGONQUIN ALG 45,5
MCHENRY-:-ALGONQUIN ALG 46,5
MCHENRY-:-ALGONQUIN ALG 47,5
MCHENRY-:-ALGONQUIN ALG 48,5
MCHENRY-:-ALGONQUIN ALG 49,5
MCHENRY-:-ALGONQUIN ALG 50,5
MCHENRY-:-ALGONQUIN ALG 51,5
MCHENRY-:-ALGONQUIN ALG 52,16
MCHENRY-:-ALGONQUIN ALG 53,5
MCHENRY-:-ALGONQUIN ALG 54,16
MCHENRY-:-ALGONQUIN ALG 55,5
MCHENRY-:-ALGONQUIN ALG 56,16
MCHENRY-:-ALGONQUIN ALG 57,16
MCHENRY-:-ALGONQUIN ALG 58,5
MCHENRY-:-ALGONQUIN ALG 59,5
MCHENRY-:-ALGONQUIN ALG 60,5
MCHENRY-:-ALGONQUIN ALG 61,5
MCHENRY-:-ALGONQUIN ALG 62,5
MCHENRY-:-ALGONQUIN ALG 63,5
MCHENRY-:-BURTON BUR 01,2
MCHENRY-:-BURTON BUR 02,2
MCHENRY-:-BURTON BUR 03,2
MCHENRY-:-BURTON BUR 04,2
MCHENRY-:-CHEMUNG CHE 01,2
MCHENRY-:-CHEMUNG CHE 02,2
MCHENRY-:-CHEMUNG CHE 03,2
MCHENRY-:-CHEMUNG CHE 04,2
MCHENRY-:-CHEMUNG CHE 05,2
MCHENRY-:-CORAL COR 01,2
MCHENRY-:-CORAL COR 02,2
MCHENRY-:-CORAL COR 03,9
MCHENRY-:-DORR DOR 01,9
MCHENRY-:-DORR DOR 02,9
MCHENRY-:-DORR DOR 03,9
MCHENRY-:-DORR DOR 04,9
MCHENRY-:-DORR DOR 05,2
MCHENRY-:-DORR DOR 06,9
MCHENRY-:-DORR DOR 07,2
MCHENRY-:-DORR DOR 08,2
MCHENRY-:-DORR DOR 09,9
MCHENRY-:-DORR DOR 10,9
MCHENRY-:-DORR DOR 11,9
MCHENRY-:-DORR DOR 12,16
MCHENRY-:-DORR DOR 13,2
MCHENRY-:-DORR DOR 14,2
MCHENRY-:-DUNHAM DUN 01,2
MCHENRY-:-DUNHAM DUN 02,2
MCHENRY-:-GRAFTON GRA 01,9
MCHENRY-:-GRAFTON GRA 02,16
MCHENRY-:-GRAFTON GRA 03,16
MCHENRY-:-GRAFTON GRA 04,9
MCHENRY-:-GRAFTON GRA 05,16
MCHENRY-:-GRAFTON GRA 06,16
MCHENRY-:-GRAFTON GRA 07,9
MCHENRY-:-GRAFTON GRA 08,9
MCHENRY-:-GRAFTON GRA 09,9
MCHENRY-:-GRAFTON GRA 10,9
MCHENRY-:-GRAFTON GRA 11,16
MCHENRY-:-GRAFTON GRA 12,9
MCHENRY-:-GRAFTON GRA 13,9
MCHENRY-:-GRAFTON GRA 14,9
MCHENRY-:-GRAFTON GRA 15,9
MCHENRY-:-GRAFTON GRA 16,9
MCHENRY-:-GRAFTON GRA 17,9
MCHENRY-:-GRAFTON GRA 18,9
MCHENRY-:-GRAFTON GRA 19,9
MCHENRY-:-GRAFTON GRA 20,9
MCHENRY-:-GRAFTON GRA 21,9
MCHENRY-:-GRAFTON GRA 22,9
MCHENRY-:-GRAFTON GRA 23,9
MCHENRY-:-GRAFTON GRA 24,9
MCHENRY-:-GRAFTON GRA 25,9
MCHENRY-:-GRAFTON GRA 26,9
MCHENRY-:-GRAFTON GRA 27,9
MCHENRY-:-GRAFTON GRA 28,9
MCHENRY-:-GRAFTON GRA 29,9
MCHENRY-:-GRAFTON GRA 30,9
MCHENRY-:-GRAFTON GRA 31,16
MCHENRY-:-GRAFTON GRA 32,15
MCHENRY-:-GRAFTON GRA 33,9
MCHENRY-:-GRAFTON GRA 34,9
MCHENRY-:-GRAFTON GRA 35,9
MCHENRY-:-GRAFTON GRA 36,9
MCHENRY-:-GRAFTON GRA 37,9
MCHENRY-:-GRAFTON GRA 38,9
MCHENRY-:-GREENWOOD GRE 01,2
MCHENRY-:-GREENWOOD GRE 02,2
MCHENRY-:-GREENWOOD GRE 03,9
MCHENRY-:-GREENWOOD GRE 04,9
MCHENRY-:-GREENWOOD GRE 05,9
MCHENRY-:-GREENWOOD GRE 07,2
MCHENRY-:-GREENWOOD GRE 08,2
MCHENRY-:-GREENWOOD GRE 09,2
MCHENRY-:-GREENWOOD GRE 10,2
MCHENRY-:-HEBRON HEB 01,2
MCHENRY-:-HEBRON HEB 02,2
MCHENRY-:-MARENGO MAR 01,2
MCHENRY-:-MARENGO MAR 02,2
MCHENRY-:-MARENGO MAR 03,2
MCHENRY-:-MARENGO MAR 04,2
MCHENRY-:-MARENGO MAR 05,2
MCHENRY-:-MCHENRY MCH 01,2
MCHENRY-:-MCHENRY MCH 02,16
MCHENRY-:-MCHENRY MCH 03,2
MCHENRY-:-MCHENRY MCH 04,2
MCHENRY-:-MCHENRY MCH 05,2
MCHENRY-:-MCHENRY MCH 06,16
MCHENRY-:-MCHENRY MCH 08,16
MCHENRY-:-MCHENRY MCH 09,16
MCHENRY-:-MCHENRY MCH 10,16
MCHENRY-:-MCHENRY MCH 11,16
MCHENRY-:-MCHENRY MCH 12,16
MCHENRY-:-MCHENRY MCH 13,16
MCHENRY-:-MCHENRY MCH 14,16
MCHENRY-:-MCHENRY MCH 15,16
MCHENRY-:-MCHENRY MCH 16,16
MCHENRY-:-MCHENRY MCH 17,16
MCHENRY-:-MCHENRY MCH 18,16
MCHENRY-:-MCHENRY MCH 19,16
MCHENRY-:-MCHENRY MCH 20,16
MCHENRY-:-MCHENRY MCH 21,16
MCHENRY-:-MCHENRY MCH 22,16
MCHENRY-:-MCHENRY MCH 23,16
MCHENRY-:-MCHENRY MCH 24,16
MCHENRY-:-MCHENRY MCH 25,16
MCHENRY-:-MCHENRY MCH 26,16
MCHENRY-:-MCHENRY MCH 27,4
MCHENRY-:-MCHENRY MCH 28,16
MCHENRY-:-MCHENRY MCH 29,4
MCHENRY-:-MCHENRY MCH 30,4
MCHENRY-:-MCHENRY MCH 31,4
MCHENRY-:-MCHENRY MCH 32,4
MCHENRY-:-MCHENRY MCH 33,16
MCHENRY-:-MCHENRY MCH 34,4
MCHENRY-:-NUNDA NUN 01,16
MCHENRY-:-NUNDA NUN 02,16
MCHENRY-:-NUNDA NUN 03,16
MCHENRY-:-NUNDA NUN 04,16
MCHENRY-:-NUNDA NUN 05,16
MCHENRY-:-NUNDA NUN 06,16
MCHENRY-:-NUNDA NUN 07,16
MCHENRY-:-NUNDA NUN 08,16
MCHENRY-:-NUNDA NUN 09,16
MCHENRY-:-NUNDA NUN 10,16
MCHENRY-:-NUNDA NUN 11,16
MCHENRY-:-NUNDA NUN 12,16
MCHENRY-:-NUNDA NUN 13,16
MCHENRY-:-NUNDA NUN 14,16
MCHENRY-:-NUNDA NUN 15,16
MCHENRY-:-NUNDA NUN 16,16
MCHENRY-:-NUNDA NUN 17,16
MCHENRY-:-NUNDA NUN 18,16
MCHENRY-:-NUNDA NUN 19,5
MCHENRY-:-NUNDA NUN 20,16
MCHENRY-:-NUNDA NUN 21,16
MCHENRY-:-NUNDA NUN 22,16
MCHENRY-:-NUNDA NUN 23,16
MCHENRY-:-NUNDA NUN 24,16
MCHENRY-:-NUNDA NUN 25,4
MCHENRY-:-NUNDA NUN 26,4
MCHENRY-:-NUNDA NUN 27,16
MCHENRY-:-NUNDA NUN 28,16
MCHENRY-:-NUNDA NUN 29,4
MCHENRY-:-RICHMOND RIC 01,2
MCHENRY-:-RICHMOND RIC 02,2
MCHENRY-:-RICHMOND RIC 03,2
MCHENRY-:-RICHMOND RIC 04,2
MCHENRY-:-RICHMOND RIC 05,2
MCHENRY-:-RICHMOND RIC 06,2
MCHENRY-:-RILEY RIL 01,2
MCHENRY-:-RILEY RIL 02,2
MCHENRY-:-SENECA SEN 01,2
MCHENRY-:-SENECA SEN 02,2
MCHENRY-:-SENECA SEN 03,2
MCLEAN-:-ANCHOR 01,13
MCLEAN-:-ARROWSMITH 01,13
MCLEAN-:-BELLFLOWER 01,13
MCLEAN-:-BLOOMINGTON 03,13
MCLEAN-:-BLUE MOUND 01,13
MCLEAN-:-CHENEY'S GROVE 01,13
MCLEAN-:-CHENOA 01,13
MCLEAN-:-CHENOA 02,13
MCLEAN-:-CROPSEY 01,13
MCLEAN-:-DANVERS 01,13
MCLEAN-:-DANVERS 02,11
MCLEAN-:-DAWSON 01,13
MCLEAN-:-DOWNS 01,13
MCLEAN-:-DRY GROVE 01,13
MCLEAN-:-DRY GROVE 02,13
MCLEAN-:-EMPIRE 01,13
MCLEAN-:-EMPIRE 02,13
MCLEAN-:-EMPIRE 03,13
MCLEAN-:-FUNKS GROVE 01,13
MCLEAN-:-GRIDLEY 01,13
MCLEAN-:-GRIDLEY 02,13
MCLEAN-:-HUDSON 01,13
MCLEAN-:-HUDSON 02,13
MCLEAN-:-LAWNDALE 01,13
MCLEAN-:-LEXINGTON 01,13
MCLEAN-:-LEXINGTON 02,13
MCLEAN-:-MARTIN 01,13
MCLEAN-:-MONEY CREEK 01,13
MCLEAN-:-MT. HOPE 01,13
MCLEAN-:-NORMAL 01,13
MCLEAN-:-NORMAL 02,13
MCLEAN-:-NORMAL 03,13
MCLEAN-:-NORMAL 04,13
MCLEAN-:-NORMAL 05,13
MCLEAN-:-NORMAL 06,13
MCLEAN-:-NORMAL 07,13
MCLEAN-:-NORMAL 08,13
MCLEAN-:-NORMAL 09,13
MCLEAN-:-NORMAL 10,13
MCLEAN-:-NORMAL 11,13
MCLEAN-:-NORMAL 12,13
MCLEAN-:-NORMAL 13,13
MCLEAN-:-NORMAL 14,13
MCLEAN-:-NORMAL 15,13
MCLEAN-:-NORMAL 16,13
MCLEAN-:-NORMAL 17,13
MCLEAN-:-NORMAL 18,13
MCLEAN-:-NORMAL 19,13
MCLEAN-:-NORMAL 20,13
MCLEAN-:-NORMAL 21,13
MCLEAN-:-NORMAL 22,13
MCLEAN-:-NORMAL 23,13
MCLEAN-:-NORMAL 24,13
MCLEAN-:-NORMAL 25,13
MCLEAN-:-NORMAL 26,13
MCLEAN-:-NORMAL 27,13
MCLEAN-:-NORMAL 28,15
MCLEAN-:-NORMAL 29,13
MCLEAN-:-NORMAL 30,13
MCLEAN-:-NORMAL 32,13
MCLEAN-:-NORMAL 33,13
MCLEAN-:-NORMAL 34,13
MCLEAN-:-NORMAL 35,13
MCLEAN-:-NORMAL 36,13
MCLEAN-:-OLD TOWN 01,13
MCLEAN-:-OLD TOWN 02,13
MCLEAN-:-OLD TOWN 03,13
MCLEAN-:-RANDOLPH 01,13
MCLEAN-:-RANDOLPH 02,13
MCLEAN-:-RANDOLPH 03,13
MCLEAN-:-RANDOLPH 04,13
MCLEAN-:-TOWANDA 01,13
MCLEAN-:-TOWANDA 02,13
MCLEAN-:-WEST 01,13
MCLEAN-:-WHITE OAK 01,13
MCLEAN-:-YATES 01,13
MENARD-:-EAST MENARD,14
MENARD-:-EAST PETERSBURG,14
MENARD-:-GREENVIEW,14
MENARD-:-INDIAN CREEK,2
MENARD-:-NORTH ATHENS-CITY,14
MENARD-:-NORTH ATHENS-RURAL,14
MENARD-:-NORTH PETERSBURG,14
MENARD-:-NORTHWEST MENARD,14
MENARD-:-ROCK CREEK,14
MENARD-:-SOUTH ATHENS-CITY,14
MENARD-:-SOUTH ATHENS-RURAL,14
MENARD-:-SOUTH PETERSBURG,14
MENARD-:-SOUTHWEST MENARD,14
MENARD-:-WEST PETERSBURG,14
MERCER-:-ABINGTON,12
MERCER-:-DUNCAN,12
MERCER-:-ELIZA,12
MERCER-:-GREENE 1,12
MERCER-:-GREENE 2,12
MERCER-:-KEITHSBURG,12
MERCER-:-MERCER 1,12
MERCER-:-MERCER 2,12
MERCER-:-MERCER 3,12
MERCER-:-MERCER 4,12
MERCER-:-MERCER 5,12
MERCER-:-MERCER 6,12
MERCER-:-MILLERSBURG,12
MERCER-:-NEW BOSTON,12
MERCER-:-NORTH HENDERSON,12
MERCER-:-OHIO GROVE,12
MERCER-:-PERRYTON,12
MERCER-:-PREEMPTION 1,12
MERCER-:-PREEMPTION 2,12
MERCER-:-RICHLAND GROVE 1,12
MERCER-:-RICHLAND GROVE 2,12
MERCER-:-RICHLAND GROVE 3,12
MERCER-:-RIVOLI,12
MERCER-:-SUEZ,12
MONROE-:-PRECINCT 1,0
MONROE-:-PRECINCT 10,0
MONROE-:-PRECINCT 11,0
MONROE-:-PRECINCT 12,0
MONROE-:-PRECINCT 13,0
MONROE-:-PRECINCT 14,0
MONROE-:-PRECINCT 15,0
MONROE-:-PRECINCT 16,0
MONROE-:-PRECINCT 17,0
MONROE-:-PRECINCT 18,0
MONROE-:-PRECINCT 19,0
MONROE-:-PRECINCT 2,0
MONROE-:-PRECINCT 20,0
MONROE-:-PRECINCT 21,0
MONROE-:-PRECINCT 22,0
MONROE-:-PRECINCT 23,0
MONROE-:-PRECINCT 24,0
MONROE-:-PRECINCT 25,0
MONROE-:-PRECINCT 3,0
MONROE-:-PRECINCT 4,0
MONROE-:-PRECINCT 5,0
MONROE-:-PRECINCT 6,0
MONROE-:-PRECINCT 7,0
MONROE-:-PRECINCT 8,0
MONROE-:-PRECINCT 9,0
MONTGOMERY-:-AUDUBON,11
MONTGOMERY-:-BOIS D'ARC,14
MONTGOMERY-:-BUTLER GROVE,14
MONTGOMERY-:-EAST FORK 1,14
MONTGOMERY-:-EAST FORK 2,14
MONTGOMERY-:-EAST FORK 3,14
MONTGOMERY-:-FILLMORE CONS,14
MONTGOMERY-:-GRISHAM 1,14
MONTGOMERY-:-GRISHAM 2,14
MONTGOMERY-:-HARVEL,14
MONTGOMERY-:-HILLSBORO 1,14
MONTGOMERY-:-HILLSBORO 2,14
MONTGOMERY-:-HILLSBORO 3,14
MONTGOMERY-:-HILLSBORO 4,14
MONTGOMERY-:-HILLSBORO 5,14
MONTGOMERY-:-HILLSBORO 6,14
MONTGOMERY-:-IRVING,14
MONTGOMERY-:-NOKOMIS 1,14
MONTGOMERY-:-NOKOMIS 2,14
MONTGOMERY-:-NOKOMIS 3,11
MONTGOMERY-:-NOKOMIS 4,11
MONTGOMERY-:-NORTH LITCHFIELD 1,14
MONTGOMERY-:-NORTH LITCHFIELD 2,14
MONTGOMERY-:-NORTH LITCHFIELD 3,11
MONTGOMERY-:-NORTH LITCHFIELD 4,11
MONTGOMERY-:-NORTH LITCHFIELD 5,11
MONTGOMERY-:-NORTH LITCHFIELD 6,14
MONTGOMERY-:-PITMAN,14
MONTGOMERY-:-RAYMOND,14
MONTGOMERY-:-ROUNTREE,14
MONTGOMERY-:-SOUTH LITCHFIELD 1,14
MONTGOMERY-:-SOUTH LITCHFIELD 2,14
MONTGOMERY-:-SOUTH LITCHFIELD 3,11
MONTGOMERY-:-SOUTH LITCHFIELD 4,14
MONTGOMERY-:-WALSHVILLE,14
MONTGOMERY-:-WITT 1,11
MONTGOMERY-:-WITT 2,11
MONTGOMERY-:-ZANESVILLE,14
MORGAN-:-ALEX-PRENT-SINC-1/2,2
MORGAN-:-ARCADIA-1,15
MORGAN-:-CHAPIN-CONCORD-1,15
MORGAN-:-FRANKLIN-3/4,11
MORGAN-:-JACKSONVILLE 01-1,15
MORGAN-:-JACKSONVILLE 02-1,11
MORGAN-:-JACKSONVILLE 03-1,15
MORGAN-:-JACKSONVILLE 04-1,11
MORGAN-:-JACKSONVILLE 05-1,15
MORGAN-:-JACKSONVILLE 06-1,11
MORGAN-:-JACKSONVILLE 07-1,7
MORGAN-:-JACKSONVILLE 08-1,11
MORGAN-:-JACKSONVILLE 09-1,15
MORGAN-:-JACKSONVILLE 10-1,11
MORGAN-:-JACKSONVILLE 11-1,15
MORGAN-:-JACKSONVILLE 12-1,11
MORGAN-:-LITERBERRY-1,15
MORGAN-:-LYNNVL-MARKM-1,15
MORGAN-:-LYNNVL-MARKM-3,15
MORGAN-:-MEREDOSIA-3,7
MORGAN-:-MURRVL-NORTNVL-3/4,11
MORGAN-:-PISGAH-1/2/6,15
MORGAN-:-S JACKSONVILLE 1-1,7
MORGAN-:-S JACKSONVILLE 2-1,15
MORGAN-:-S JACKSONVILLE 3-1,15
MORGAN-:-WAVERLY 01-3,11
MORGAN-:-WAVERLY 02-3/4,11
MORGAN-:-WOODSON-3/5,15
MOULTRIE-:-DORA #1,14
MOULTRIE-:-EAST NELSON #1,14
MOULTRIE-:-JONATHAN CREEK #1,14
MOULTRIE-:-LOVINGTON #1,14
MOULTRIE-:-LOVINGTON #2,14
MOULTRIE-:-LOWE #1,14
MOULTRIE-:-MARROWBONE #1,14
MOULTRIE-:-MARROWBONE #2,14
MOULTRIE-:-SULLIVAN #1,14
MOULTRIE-:-SULLIVAN #2,14
MOULTRIE-:-SULLIVAN #3,14
MOULTRIE-:-SULLIVAN #4,14
MOULTRIE-:-SULLIVAN #5,14
MOULTRIE-:-SULLIVAN #6,14
MOULTRIE-:-SULLIVAN #7,14
MOULTRIE-:-WHITLEY #1,14
OGLE-:-BROOKVILLE,12
OGLE-:-BUFFALO 1,12
OGLE-:-BUFFALO 2,12
OGLE-:-BUFFALO 3,12
OGLE-:-BYRON 1,12
OGLE-:-BYRON 2,12
OGLE-:-BYRON 3,12
OGLE-:-BYRON 4,12
OGLE-:-DEMENT,11
OGLE-:-EAGLE POINT,12
OGLE-:-FLAGG 1,7
OGLE-:-FLAGG 10,11
OGLE-:-FLAGG 11,15
OGLE-:-FLAGG 2,7
OGLE-:-FLAGG 3,7
OGLE-:-FLAGG 4,15
OGLE-:-FLAGG 5,15
OGLE-:-FLAGG 6,7
OGLE-:-FLAGG 7,7
OGLE-:-FLAGG 8,15
OGLE-:-FLAGG 9,7
OGLE-:-FORRESTON 1,12
OGLE-:-FORRESTON 2,12
OGLE-:-GRAND DETOUR,15
OGLE-:-LAFAYETTE,15
OGLE-:-LEAF RIVER,12
OGLE-:-LINCOLN,12
OGLE-:-LYNNVILLE,15
OGLE-:-MARION 1,12
OGLE-:-MARION 2,12
OGLE-:-MARION 3,12
OGLE-:-MARYLAND,12
OGLE-:-MONROE,15
OGLE-:-MT. MORRIS 1,15
OGLE-:-MT. MORRIS 2,15
OGLE-:-MT. MORRIS 3,11
OGLE-:-MT. MORRIS 4,11
OGLE-:-OREGON-NASHUA 1,15
OGLE-:-OREGON-NASHUA 2,11
OGLE-:-OREGON-NASHUA 3,11
OGLE-:-OREGON-NASHUA 4,15
OGLE-:-OREGON-NASHUA 5,11
OGLE-:-OREGON-NASHUA 6,15
OGLE-:-PINE CREEK,15
OGLE-:-PINE ROCK,15
OGLE-:-ROCKVALE 1,12
OGLE-:-ROCKVALE 2,12
OGLE-:-SCOTT,15
OGLE-:-TAYLOR,15
OGLE-:-WHITE ROCK,15
OGLE-:-WOOSUNG,12
PEORIA-:-AK01 - 1,2
PEORIA-:-BR01 - 2,12
PEORIA-:-CH01 - 3,2
PEORIA-:-CH02 - 4,2
PEORIA-:-CH03 - 5,2
PEORIA-:-CH04 - 6,2
PEORIA-:-CH05 - 7,2
PEORIA-:-CH06 - 8,2
PEORIA-:-EL01 - 9,12
PEORIA-:-EL02 - 10,12
PEORIA-:-EL03 - 11,12
PEORIA-:-HA01 - 12/13,2
PEORIA-:-HO01 - 14,11
PEORIA-:-HO02 - 15,11
PEORIA-:-JU01 - 16,2
PEORIA-:-JU02 - 17/18,2
PEORIA-:-KI01 - 19,2
PEORIA-:-KI01 - 20/22,12
PEORIA-:-KI01 - 21/23,12
PEORIA-:-KI02 - 24,12
PEORIA-:-LI01 - 25,11
PEORIA-:-LI01 - 26,2
PEORIA-:-LI02 - 27/28,12
PEORIA-:-LI02 - 29,12
PEORIA-:-LI02 - 30,12
PEORIA-:-LI03 - 31/32,11
PEORIA-:-LI04 - 33,11
PEORIA-:-LI05 - 34,11
PEORIA-:-LI06 - 35,11
PEORIA-:-LI06 - 36/37,11
PEORIA-:-LI07 - 38,11
PEORIA-:-LI07 - 39/40,11
PEORIA-:-LI08 - 41,11
PEORIA-:-LI09 - 42,11
PEORIA-:-LI10 - 43/44,11
PEORIA-:-LI11 - 45/46,11
PEORIA-:-LI11 - 47/48,11
PEORIA-:-LO01 - 49,11
PEORIA-:-LO02 - 50,12
PEORIA-:-ME01 - 51,2
PEORIA-:-ME01 - 52,12
PEORIA-:-ME02 - 53/54/55,2
PEORIA-:-ME03 - 56/57,2
PEORIA-:-ME04 - 58,2
PEORIA-:-MI01 - 59/60,12
PEORIA-:-PE01 - 61,11
PEORIA-:-PE02 - 62,11
PEORIA-:-PE03 - 63/64,11
PEORIA-:-PE04 - 65,11
PEORIA-:-PE05 - 66,11
PEORIA-:-PE06 - 67,12
PEORIA-:-PE07 - 68,12
PEORIA-:-PE08 - 69/70,12
PEORIA-:-PE09 - 71,12
PEORIA-:-PE10 - 72,12
PEORIA-:-PE11 - 73/74,12
PEORIA-:-PE12 - 75,12
PEORIA-:-PE13 - 76/77,12
PEORIA-:-PE14 - 78,12
PEORIA-:-PE15 - 79,12
PEORIA-:-PE16 - 80,12
PEORIA-:-PE17 - 81,12
PEORIA-:-PE18 - 82,12
PEORIA-:-PE19 - 83,12
PEORIA-:-PE20 - 84,12
PEORIA-:-PE21 - 85,12
PEORIA-:-PE22 - 87,12
PEORIA-:-PE23 - 88,12
PEORIA-:-PE24 - 89,12
PEORIA-:-PE25 - 90/91,12
PEORIA-:-PE26 - 92/93,12
PEORIA-:-PE27 - 94,12
PEORIA-:-PE28 - 95/96/97,12
PEORIA-:-PE29 - 98/99,12
PEORIA-:-PE30 - 100,12
PEORIA-:-PE31 - 101,12
PEORIA-:-PE32 - 102,12
PEORIA-:-PE33 - 103,12
PEORIA-:-PE34 - 104/105,12
PEORIA-:-PE35 - 106,12
PEORIA-:-PE36 - 107,12
PEORIA-:-PE37 - 108,12
PEORIA-:-PE38 - 109,12
PEORIA-:-PE39 - 110,12
PEORIA-:-PE40 - 111,12
PEORIA-:-PE41 - 112,12
PEORIA-:-PE42 - 113/114,12
PEORIA-:-PE43 - 115/116,12
PEORIA-:-PE44 - 117,12
PEORIA-:-PE44 - 118,12
PEORIA-:-PE45 - 119/120,12
PEORIA-:-PE46 - 121,12
PEORIA-:-PE47 - 122/123/127,2
PEORIA-:-PE47 - 124/126,2
PEORIA-:-PE48 - 128/129,12
PEORIA-:-PE49 - 130/131/133/134,12
PEORIA-:-PE49 - 132,12
PEORIA-:-PE50 - 135/136,12
PEORIA-:-PE51 - 137/138/139/141,12
PEORIA-:-PE52 - 142/143,12
PEORIA-:-PE53 - 144,12
PEORIA-:-PE54 - 145/147,2
PEORIA-:-PE54 - 146,2
PEORIA-:-PE55 - 148,12
PEORIA-:-PE56 - 149,2
PEORIA-:-PE57 - 150,2
PEORIA-:-PE57 - 151,2
PEORIA-:-PE58 - 152,2
PEORIA-:-PE58 - 153,2
PEORIA-:-PE59 - 154,2
PEORIA-:-PE60 - 155,2
PEORIA-:-PE61 - 156,12
PEORIA-:-PE62 - 157,12
PEORIA-:-PE63 - 158/159,12
PEORIA-:-PE64 - 160,12
PEORIA-:-PE65 - 161/162,2
PEORIA-:-PE65 - 163,2
PEORIA-:-PR01 - 164,2
PEORIA-:-PR01 - 165,2
PEORIA-:-RA01 - 166,2
PEORIA-:-RA01 - 167,2
PEORIA-:-RA02 - 168,2
PEORIA-:-RA02 - 169/170,2
PEORIA-:-RA02 - 171,12
PEORIA-:-RI01 - 172,12
PEORIA-:-RI01 - 173,12
PEORIA-:-RI02 - 174,12
PEORIA-:-RI03 - 175,12
PEORIA-:-RI03 - 176,12
PEORIA-:-RI04 - 177,12
PEORIA-:-RO01 - 178,2
PEORIA-:-RO01 - 179,2
PEORIA-:-TI01 - 180/181,11
PEORIA-:-TI02 - 182,7
PEORIA-:-TR01 - 183,11
PEORIA-:-TR01 - 184,11
PEORIA-:-WP01 - 185,11
PEORIA-:-WP02 - 186,11
PEORIA-:-WP03 - 187,11
PEORIA-:-WP04 - 188,11
PERRY-:-BEAUCOUP-001,0
PERRY-:-CUTLER-001,0
PERRY-:-DUQUOIN 1-001,7
PERRY-:-DUQUOIN 10-001,7
PERRY-:-DUQUOIN 11-001,7
PERRY-:-DUQUOIN 12-001,7
PERRY-:-DUQUOIN 2-001,7
PERRY-:-DUQUOIN 3-001,7
PERRY-:-DUQUOIN 4-001,7
PERRY-:-DUQUOIN 5-001,7
PERRY-:-DUQUOIN 6-001,7
PERRY-:-DUQUOIN 7-001,7
PERRY-:-DUQUOIN 8-001,7
PERRY-:-DUQUOIN 9-001,7
PERRY-:-PINCKNEYVILLE 1-001,0
PERRY-:-PINCKNEYVILLE 2-001,7
PERRY-:-PINCKNEYVILLE 3-001,7
PERRY-:-PINCKNEYVILLE 4-001,7
PERRY-:-PINCKNEYVILLE 5-001,7
PERRY-:-PINCKNEYVILLE 6-001,0
PERRY-:-PINCKNEYVILLE 7-001,0
PERRY-:-PINCKNEYVILLE 8-001,0
PERRY-:-SUNFIELD-001,0
PERRY-:-SWANWICK-001,0
PERRY-:-TAMAROA 1-001,0
PERRY-:-TAMAROA 2-001,0
PERRY-:-WILLISVILLE-001,0
PIATT-:-BEMENT 1,14
PIATT-:-BEMENT 2,14
PIATT-:-BLUE RIDGE,14
PIATT-:-CERRO GORDO 1,14
PIATT-:-CERRO GORDO 2,14
PIATT-:-CERRO GORDO 4,14
PIATT-:-GOOSE CREEK,14
PIATT-:-MONTICELLO 1,14
PIATT-:-MONTICELLO 2,14
PIATT-:-MONTICELLO 3,14
PIATT-:-MONTICELLO 4,14
PIATT-:-SANGAMON 1,14
PIATT-:-SANGAMON 2,14
PIATT-:-UNITY 1,14
PIATT-:-UNITY 2,14
PIATT-:-WILLOW BRANCH,14
PIKE-:-ATLAS 1,15
PIKE-:-BARRY 1,15
PIKE-:-BARRY 2,15
PIKE-:-CHAMBERSBURG 1,14
PIKE-:-CINCINNATI,15
PIKE-:-DERRY 1,15
PIKE-:-DETROIT 1,14
PIKE-:-FAIRMOUNT 1,14
PIKE-:-FLINT 1,14
PIKE-:-GRIGGSVILLE 1,15
PIKE-:-GRIGGSVILLE 2,15
PIKE-:-HADLEY 1,15
PIKE-:-HARDIN 1,14
PIKE-:-KINDERHOOK 1,15
PIKE-:-KINDERHOOK 2,15
PIKE-:-LEVEE 1,15
PIKE-:-MARTINSBURG 1,15
PIKE-:-MONTEZUMA 1,15
PIKE-:-NEW SALEM 1,15
PIKE-:-NEW SALEM 2,15
PIKE-:-NEWBURG 1,15
PIKE-:-PEARL 1,14
PIKE-:-PERRY 1,15
PIKE-:-PITTSFIELD 1,15
PIKE-:-PITTSFIELD 2,15
PIKE-:-PITTSFIELD 3,15
PIKE-:-PITTSFIELD 4,15
PIKE-:-PLEASANT HILL 1,15
PIKE-:-PLEASANT VALE 1,15
PIKE-:-ROSS 1,15
PIKE-:-SPRING CREEK 1,15
POPE-:-EDDYVILLE 6,0
POPE-:-GOLCONDA 1,0
POPE-:-GOLCONDA 2,0
POPE-:-GOLCONDA 3,0
POPE-:-JEFFERSON 4,0
POPE-:-WEBSTER 5,0
PULASKI-:-GRAND CHAIN,0
PULASKI-:-KARNAK,0
PULASKI-:-MOUND CITY,0
PULASKI-:-MOUNDS 1,0
PULASKI-:-MOUNDS 2,0
PULASKI-:-MOUNDS 3,0
PULASKI-:-OLMSTED,0
PULASKI-:-PERKS-WETAUG,0
PULASKI-:-PULASKI,0
PULASKI-:-ULLIN,0
PULASKI-:-VILLA RIDGE-AMERICA,0
PUTNAM-:-GRANVILLE 1,2
PUTNAM-:-GRANVILLE 2,2
PUTNAM-:-GRANVILLE 3,2
PUTNAM-:-GRANVILLE 4,2
PUTNAM-:-MAGNOLIA 1,2
PUTNAM-:-SENACHWINE 1,2
RANDOLPH-:-BALDWIN,0
RANDOLPH-:-BREMEN,0
RANDOLPH-:-CENTRAL,0
RANDOLPH-:-CHESTER 1,0
RANDOLPH-:-CHESTER 2,0
RANDOLPH-:-CHESTER 3,0
RANDOLPH-:-CHESTER 4,0
RANDOLPH-:-CHESTER 5,0
RANDOLPH-:-CHESTER 6,0
RANDOLPH-:-CHESTER 7,0
RANDOLPH-:-COULTERVILLE 1,0
RANDOLPH-:-COULTERVILLE 2,0
RANDOLPH-:-ELLIS GROVE,0
RANDOLPH-:-EVANSVILLE,0
RANDOLPH-:-KASKASKIA,0
RANDOLPH-:-PALESTINE,0
RANDOLPH-:-PERCY,0
RANDOLPH-:-PRAIRIE DU ROCHER,0
RANDOLPH-:-RED BUD 1,0
RANDOLPH-:-RED BUD 2,0
RANDOLPH-:-RED BUD 3,0
RANDOLPH-:-RED BUD 4,0
RANDOLPH-:-RED BUD 5,0
RANDOLPH-:-ROCKWOOD,0
RANDOLPH-:-RUMA,0
RANDOLPH-:-SPARTA 1,0
RANDOLPH-:-SPARTA 2,0
RANDOLPH-:-SPARTA 3,0
RANDOLPH-:-SPARTA 4,0
RANDOLPH-:-SPARTA 5,0
RANDOLPH-:-SPARTA 6,0
RANDOLPH-:-STEELEVILLE 1,0
RANDOLPH-:-STEELEVILLE 2,0
RANDOLPH-:-STEELEVILLE 3,0
RANDOLPH-:-TILDEN,0
RANDOLPH-:-WALSH,0
RANDOLPH-:-WINE HILL,0
RICHLAND-:-BONPAS-3,0
RICHLAND-:-CLAREMONT-3,11
RICHLAND-:-DECKER-2,0
RICHLAND-:-DENVER-2,11
RICHLAND-:-GERMAN-1,11
RICHLAND-:-MADISON 1-3,0
RICHLAND-:-MADISON 2-3,0
RICHLAND-:-NOBLE 1-2,11
RICHLAND-:-NOBLE 2-2,11
RICHLAND-:-OLNEY 1-4,11
RICHLAND-:-OLNEY 10-1,11
RICHLAND-:-OLNEY 11-1,11
RICHLAND-:-OLNEY 2-1,11
RICHLAND-:-OLNEY 3-1,11
RICHLAND-:-OLNEY 4-1,11
RICHLAND-:-OLNEY 5-1,11
RICHLAND-:-OLNEY 6-1,11
RICHLAND-:-OLNEY 7-4,11
RICHLAND-:-OLNEY 9-1,11
RICHLAND-:-PRESTON 1-1,11
RICHLAND-:-PRESTON 2-1,11
ROCK ISLAND-:-ANDALUSIA,12
ROCK ISLAND-:-BLACKHAWK 1,12
ROCK ISLAND-:-BLACKHAWK 2,12
ROCK ISLAND-:-BLACKHAWK 3,12
ROCK ISLAND-:-BLACKHAWK 4,12
ROCK ISLAND-:-BLACKHAWK 5,12
ROCK ISLAND-:-BLACKHAWK 6,12
ROCK ISLAND-:-BLACKHAWK 7,12
ROCK ISLAND-:-BOWLING 1,12
ROCK ISLAND-:-BOWLING 2,12
ROCK ISLAND-:-BUFFALO PRAIRIE,12
ROCK ISLAND-:-CANOE CREEK,12
ROCK ISLAND-:-COAL VALLEY 1,12
ROCK ISLAND-:-COAL VALLEY 2,12
ROCK ISLAND-:-COAL VALLEY 3,12
ROCK ISLAND-:-COE,12
ROCK ISLAND-:-CORDOVA,12
ROCK ISLAND-:-DRURY,12
ROCK ISLAND-:-EDGINGTON 1,12
ROCK ISLAND-:-EDGINGTON 2,12
ROCK ISLAND-:-HAMPTON 1,12
ROCK ISLAND-:-HAMPTON 10,12
ROCK ISLAND-:-HAMPTON 11,12
ROCK ISLAND-:-HAMPTON 12,12
ROCK ISLAND-:-HAMPTON 13,12
ROCK ISLAND-:-HAMPTON 14,12
ROCK ISLAND-:-HAMPTON 15,12
ROCK ISLAND-:-HAMPTON 16,12
ROCK ISLAND-:-HAMPTON 17,12
ROCK ISLAND-:-HAMPTON 2,12
ROCK ISLAND-:-HAMPTON 3,12
ROCK ISLAND-:-HAMPTON 4,12
ROCK ISLAND-:-HAMPTON 5,12
ROCK ISLAND-:-HAMPTON 6,12
ROCK ISLAND-:-HAMPTON 7,12
ROCK ISLAND-:-HAMPTON 8,12
ROCK ISLAND-:-HAMPTON 9,12
ROCK ISLAND-:-MOLINE 1,12
ROCK ISLAND-:-MOLINE 10,12
ROCK ISLAND-:-MOLINE 11,12
ROCK ISLAND-:-MOLINE 12,12
ROCK ISLAND-:-MOLINE 13,12
ROCK ISLAND-:-MOLINE 14,12
ROCK ISLAND-:-MOLINE 15,12
ROCK ISLAND-:-MOLINE 16,12
ROCK ISLAND-:-MOLINE 17,12
ROCK ISLAND-:-MOLINE 18,12
ROCK ISLAND-:-MOLINE 19,12
ROCK ISLAND-:-MOLINE 2,12
ROCK ISLAND-:-MOLINE 20,12
ROCK ISLAND-:-MOLINE 3,12
ROCK ISLAND-:-MOLINE 4,12
ROCK ISLAND-:-MOLINE 5,12
ROCK ISLAND-:-MOLINE 6,12
ROCK ISLAND-:-MOLINE 7,12
ROCK ISLAND-:-MOLINE 8,12
ROCK ISLAND-:-MOLINE 9,12
ROCK ISLAND-:-PORT BYRON,12
ROCK ISLAND-:-ROCK ISLAND 1,12
ROCK ISLAND-:-ROCK ISLAND 10,12
ROCK ISLAND-:-ROCK ISLAND 11,12
ROCK ISLAND-:-ROCK ISLAND 12,12
ROCK ISLAND-:-ROCK ISLAND 13,12
ROCK ISLAND-:-ROCK ISLAND 14,12
ROCK ISLAND-:-ROCK ISLAND 15,12
ROCK ISLAND-:-ROCK ISLAND 2,12
ROCK ISLAND-:-ROCK ISLAND 3,12
ROCK ISLAND-:-ROCK ISLAND 4,12
ROCK ISLAND-:-ROCK ISLAND 5,12
ROCK ISLAND-:-ROCK ISLAND 6,12
ROCK ISLAND-:-ROCK ISLAND 7,12
ROCK ISLAND-:-ROCK ISLAND 8,12
ROCK ISLAND-:-ROCK ISLAND 9,12
ROCK ISLAND-:-RURAL,12
ROCK ISLAND-:-SO MOLINE 1,12
ROCK ISLAND-:-SO MOLINE 10,12
ROCK ISLAND-:-SO MOLINE 11,12
ROCK ISLAND-:-SO MOLINE 12,12
ROCK ISLAND-:-SO MOLINE 13,12
ROCK ISLAND-:-SO MOLINE 14,12
ROCK ISLAND-:-SO MOLINE 15,12
ROCK ISLAND-:-SO MOLINE 16,12
ROCK ISLAND-:-SO MOLINE 17,12
ROCK ISLAND-:-SO MOLINE 18,12
ROCK ISLAND-:-SO MOLINE 19,12
ROCK ISLAND-:-SO MOLINE 2,12
ROCK ISLAND-:-SO MOLINE 20,12
ROCK ISLAND-:-SO MOLINE 21,12
ROCK ISLAND-:-SO MOLINE 22,12
ROCK ISLAND-:-SO MOLINE 23,12
ROCK ISLAND-:-SO MOLINE 24,12
ROCK ISLAND-:-SO MOLINE 25,12
ROCK ISLAND-:-SO MOLINE 26,12
ROCK ISLAND-:-SO MOLINE 27,12
ROCK ISLAND-:-SO MOLINE 28,12
ROCK ISLAND-:-SO MOLINE 29,12
ROCK ISLAND-:-SO MOLINE 3,12
ROCK ISLAND-:-SO MOLINE 4,12
ROCK ISLAND-:-SO MOLINE 5,12
ROCK ISLAND-:-SO MOLINE 6,12
ROCK ISLAND-:-SO MOLINE 7,12
ROCK ISLAND-:-SO MOLINE 8,12
ROCK ISLAND-:-SO MOLINE 9,12
ROCK ISLAND-:-SO ROCK ISLAND 1,12
ROCK ISLAND-:-SO ROCK ISLAND 10,12
ROCK ISLAND-:-SO ROCK ISLAND 11,12
ROCK ISLAND-:-SO ROCK ISLAND 12,12
ROCK ISLAND-:-SO ROCK ISLAND 13,12
ROCK ISLAND-:-SO ROCK ISLAND 14,12
ROCK ISLAND-:-SO ROCK ISLAND 15,12
ROCK ISLAND-:-SO ROCK ISLAND 16,12
ROCK ISLAND-:-SO ROCK ISLAND 2,12
ROCK ISLAND-:-SO ROCK ISLAND 3,12
ROCK ISLAND-:-SO ROCK ISLAND 4,12
ROCK ISLAND-:-SO ROCK ISLAND 5,12
ROCK ISLAND-:-SO ROCK ISLAND 6,12
ROCK ISLAND-:-SO ROCK ISLAND 7,12
ROCK ISLAND-:-SO ROCK ISLAND 8,12
ROCK ISLAND-:-SO ROCK ISLAND 9,12
ROCK ISLAND-:-ZUMA,12
SALINE-:-BRUSHY,0
SALINE-:-CARRIER MILLS #1,0
SALINE-:-CARRIER MILLS #2,0
SALINE-:-COTTAGE,0
SALINE-:-EAST ELDORADO #1,0
SALINE-:-EAST ELDORADO #2,0
SALINE-:-EAST ELDORADO #3,0
SALINE-:-EAST ELDORADO #4,0
SALINE-:-EAST ELDORADO #5,0
SALINE-:-EAST ELDORADO #6,0
SALINE-:-GALATIA,0
SALINE-:-HARRISBURG # 1,0
SALINE-:-HARRISBURG # 2,0
SALINE-:-HARRISBURG # 3,0
SALINE-:-HARRISBURG # 4,0
SALINE-:-HARRISBURG # 5,0
SALINE-:-HARRISBURG # 6,0
SALINE-:-HARRISBURG # 7,0
SALINE-:-HARRISBURG # 8,0
SALINE-:-HARRISBURG # 9,0
SALINE-:-HARRISBURG #10,0
SALINE-:-INDEPENDENCE,0
SALINE-:-LONG BRANCH,0
SALINE-:-MOUNTAIN,0
SALINE-:-RALEIGH,0
SALINE-:-RECTOR,0
SALINE-:-STONEFORT,0
SALINE-:-TATE,0
SANGAMON-:-AUBURN 001,10
SANGAMON-:-AUBURN 002,10
SANGAMON-:-AUBURN 003,10
SANGAMON-:-AUBURN 004,10
SANGAMON-:-AUBURN 005,10
SANGAMON-:-BALL 001,10
SANGAMON-:-BALL 002,10
SANGAMON-:-BALL 003,10
SANGAMON-:-BALL 004,10
SANGAMON-:-BALL 005,10
SANGAMON-:-BUFFALO HART,10
SANGAMON-:-CAPITAL 001,10
SANGAMON-:-CAPITAL 002,10
SANGAMON-:-CAPITAL 003,10
SANGAMON-:-CAPITAL 004,10
SANGAMON-:-CAPITAL 005,10
SANGAMON-:-CAPITAL 006,10
SANGAMON-:-CAPITAL 007,10
SANGAMON-:-CAPITAL 008,10
SANGAMON-:-CAPITAL 009,10
SANGAMON-:-CAPITAL 010,10
SANGAMON-:-CAPITAL 011,10
SANGAMON-:-CAPITAL 013,10
SANGAMON-:-CAPITAL 014,10
SANGAMON-:-CAPITAL 015,10
SANGAMON-:-CAPITAL 017,10
SANGAMON-:-CAPITAL 018,10
SANGAMON-:-CAPITAL 019,10
SANGAMON-:-CAPITAL 021,10
SANGAMON-:-CAPITAL 022,10
SANGAMON-:-CAPITAL 023,10
SANGAMON-:-CAPITAL 024,10
SANGAMON-:-CAPITAL 026,10
SANGAMON-:-CAPITAL 027,10
SANGAMON-:-CAPITAL 028,10
SANGAMON-:-CAPITAL 030,10
SANGAMON-:-CAPITAL 031,10
SANGAMON-:-CAPITAL 032,10
SANGAMON-:-CAPITAL 033,7
SANGAMON-:-CAPITAL 034,10
SANGAMON-:-CAPITAL 035,10
SANGAMON-:-CAPITAL 036,10
SANGAMON-:-CAPITAL 037,10
SANGAMON-:-CAPITAL 038,10
SANGAMON-:-CAPITAL 039,10
SANGAMON-:-CAPITAL 040,10
SANGAMON-:-CAPITAL 041,10
SANGAMON-:-CAPITAL 042,10
SANGAMON-:-CAPITAL 043,10
SANGAMON-:-CAPITAL 044,10
SANGAMON-:-CAPITAL 045,10
SANGAMON-:-CAPITAL 046,10
SANGAMON-:-CAPITAL 047,10
SANGAMON-:-CAPITAL 048,10
SANGAMON-:-CAPITAL 049,10
SANGAMON-:-CAPITAL 050,10
SANGAMON-:-CAPITAL 051,10
SANGAMON-:-CAPITAL 052,10
SANGAMON-:-CAPITAL 053,10
SANGAMON-:-CAPITAL 054,10
SANGAMON-:-CAPITAL 055,10
SANGAMON-:-CAPITAL 056,10
SANGAMON-:-CAPITAL 057,10
SANGAMON-:-CAPITAL 058,10
SANGAMON-:-CAPITAL 059,10
SANGAMON-:-CAPITAL 060,10
SANGAMON-:-CAPITAL 061,10
SANGAMON-:-CAPITAL 062,10
SANGAMON-:-CAPITAL 063,10
SANGAMON-:-CAPITAL 064,10
SANGAMON-:-CAPITAL 065,10
SANGAMON-:-CAPITAL 066,10
SANGAMON-:-CAPITAL 067,10
SANGAMON-:-CAPITAL 068,10
SANGAMON-:-CAPITAL 069,10
SANGAMON-:-CAPITAL 070,10
SANGAMON-:-CAPITAL 071,10
SANGAMON-:-CAPITAL 072,10
SANGAMON-:-CAPITAL 073,10
SANGAMON-:-CAPITAL 074,10
SANGAMON-:-CAPITAL 075,10
SANGAMON-:-CAPITAL 076,10
SANGAMON-:-CAPITAL 077,10
SANGAMON-:-CAPITAL 078,10
SANGAMON-:-CAPITAL 079,10
SANGAMON-:-CAPITAL 082,10
SANGAMON-:-CAPITAL 083,10
SANGAMON-:-CAPITAL 084,10
SANGAMON-:-CAPITAL 085,10
SANGAMON-:-CAPITAL 086,10
SANGAMON-:-CAPITAL 087,10
SANGAMON-:-CAPITAL 088,10
SANGAMON-:-CAPITAL 089,10
SANGAMON-:-CAPITAL 090,10
SANGAMON-:-CAPITAL 091,10
SANGAMON-:-CAPITAL 092,10
SANGAMON-:-CAPITAL 093,10
SANGAMON-:-CARTWRIGHT,10
SANGAMON-:-CHATHAM 001,10
SANGAMON-:-CHATHAM 002,10
SANGAMON-:-CHATHAM 003,10
SANGAMON-:-CHATHAM 004,10
SANGAMON-:-CHATHAM 005,10
SANGAMON-:-CLEARLAKE 001,10
SANGAMON-:-CLEARLAKE 002,10
SANGAMON-:-CLEARLAKE 003,10
SANGAMON-:-CLEARLAKE 004,10
SANGAMON-:-CLEARLAKE 005,10
SANGAMON-:-CLEARLAKE 006,10
SANGAMON-:-CLEARLAKE 007,10
SANGAMON-:-COOPER,10
SANGAMON-:-COTTON HILL,10
SANGAMON-:-CURRAN 002,10
SANGAMON-:-DIVERNON 001,10
SANGAMON-:-DIVERNON 002,10
SANGAMON-:-FANCY CREEK 001,10
SANGAMON-:-FANCY CREEK 002,10
SANGAMON-:-FANCY CREEK 003,10
SANGAMON-:-FANCY CREEK 004,10
SANGAMON-:-FANCY CREEK 005,10
SANGAMON-:-GARDNER 001,10
SANGAMON-:-GARDNER 002,10
SANGAMON-:-GARDNER 003,10
SANGAMON-:-ILLIOPOLIS,10
SANGAMON-:-ISLAND GROVE,10
SANGAMON-:-LANESVILLE,10
SANGAMON-:-LOAMI,10
SANGAMON-:-MAXWELL,10
SANGAMON-:-MECHANICSBURG 001,10
SANGAMON-:-MECHANICSBURG 002,10
SANGAMON-:-MECHANICSBURG 003,10
SANGAMON-:-NEW BERLIN,10
SANGAMON-:-PAWNEE 001,10
SANGAMON-:-PAWNEE 002,10
SANGAMON-:-PAWNEE 003,10
SANGAMON-:-ROCHESTER 001,10
SANGAMON-:-ROCHESTER 002,10
SANGAMON-:-ROCHESTER 003,15
SANGAMON-:-ROCHESTER 004,10
SANGAMON-:-SPRINGFIELD 002,10
SANGAMON-:-SPRINGFIELD 003,10
SANGAMON-:-SPRINGFIELD 004,10
SANGAMON-:-SPRINGFIELD 005,10
SANGAMON-:-TALKINGTON,10
SANGAMON-:-WILLIAMS 001,10
SANGAMON-:-WILLIAMS 002,10
SANGAMON-:-WILLIAMS 003,10
SANGAMON-:-WOODSIDE 001,10
SANGAMON-:-WOODSIDE 002,10
SANGAMON-:-WOODSIDE 003,10
SANGAMON-:-WOODSIDE 004,10
SANGAMON-:-WOODSIDE 005,10
SANGAMON-:-WOODSIDE 006,10
SANGAMON-:-WOODSIDE 007,10
SANGAMON-:-WOODSIDE 008,10
SANGAMON-:-WOODSIDE 009,10
SCHUYLER-:-BAINBRIDGE-2,15
SCHUYLER-:-BIRMINGHAM-1,15
SCHUYLER-:-BROOKLYN-1,15
SCHUYLER-:-BROWNING-2,2
SCHUYLER-:-BUENAVISTA 1-2,15
SCHUYLER-:-BUENAVISTA 2-2,15
SCHUYLER-:-CAMDEN-1,15
SCHUYLER-:-FREDERICK-2,2
SCHUYLER-:-HICKORY-1,2
SCHUYLER-:-HUNTSVILLE-1,15
SCHUYLER-:-LITTLETON-1,15
SCHUYLER-:-OAKLAND-1,15
SCHUYLER-:-RUSHVILLE 1-2,15
SCHUYLER-:-RUSHVILLE 2-2,15
SCHUYLER-:-RUSHVILLE 3-2,15
SCHUYLER-:-RUSHVILLE 4-2,15
SCHUYLER-:-WOODSTOCK-2,15
SCOTT-:-ALSEY-1,15
SCOTT-:-BLOOMFIELD-1,15
SCOTT-:-EXETER-BLUFFS-1,15
SCOTT-:-GLASGOW-1,14
SCOTT-:-MANCHESTER-1,15
SCOTT-:-MERRITT-1,15
SCOTT-:-NAPLES-BLUFFS-1,15
SCOTT-:-WINCHESTER I-1,15
SCOTT-:-WINCHESTER II-1,15
SCOTT-:-WINCHESTER III-1,15
SHELBY-:-ASH GROVE,14
SHELBY-:-BIG SPRING,14
SHELBY-:-CLARKSBURG,14
SHELBY-:-COLD SPRING,14
SHELBY-:-DRY POINT,11
SHELBY-:-FLAT BRANCH,14
SHELBY-:-HERRICK,11
SHELBY-:-HOLLAND,14
SHELBY-:-LAKEWOOD,14
SHELBY-:-MOWEAQUA 1,14
SHELBY-:-MOWEAQUA 2,14
SHELBY-:-OCONEE,11
SHELBY-:-OKAW,14
SHELBY-:-PENN,14
SHELBY-:-PICKAWAY,14
SHELBY-:-PRAIRIE,14
SHELBY-:-RICHLAND,14
SHELBY-:-RIDGE,14
SHELBY-:-ROSE 1,14
SHELBY-:-ROSE 2,14
SHELBY-:-RURAL,14
SHELBY-:-SHELBYVILLE 1,15
SHELBY-:-SHELBYVILLE 2,14
SHELBY-:-SHELBYVILLE 3,15
SHELBY-:-SHELBYVILLE 4,15
SHELBY-:-SHELBYVILLE 5,15
SHELBY-:-SHELBYVILLE 6,14
SHELBY-:-SHELBYVILLE 7,14
SHELBY-:-SIGEL,14
SHELBY-:-TODDS POINT,14
SHELBY-:-TOWER HILL,14
SHELBY-:-WINDSOR 1,14
SHELBY-:-WINDSOR 2,15
ST. CLAIR-:-BELLEVILLE 1,7
ST. CLAIR-:-BELLEVILLE 10,7
ST. CLAIR-:-BELLEVILLE 11,7
ST. CLAIR-:-BELLEVILLE 12,7
ST. CLAIR-:-BELLEVILLE 13,7
ST. CLAIR-:-BELLEVILLE 14,7
ST. CLAIR-:-BELLEVILLE 15,7
ST. CLAIR-:-BELLEVILLE 16,7
ST. CLAIR-:-BELLEVILLE 17,7
ST. CLAIR-:-BELLEVILLE 18,7
ST. CLAIR-:-BELLEVILLE 19,7
ST. CLAIR-:-BELLEVILLE 2,7
ST. CLAIR-:-BELLEVILLE 21,7
ST. CLAIR-:-BELLEVILLE 23,7
ST. CLAIR-:-BELLEVILLE 24,7
ST. CLAIR-:-BELLEVILLE 25,7
ST. CLAIR-:-BELLEVILLE 3,7
ST. CLAIR-:-BELLEVILLE 4,7
ST. CLAIR-:-BELLEVILLE 5,7
ST. CLAIR-:-BELLEVILLE 6,7
ST. CLAIR-:-BELLEVILLE 7,7
ST. CLAIR-:-BELLEVILLE 8,7
ST. CLAIR-:-BELLEVILLE 9,7
ST. CLAIR-:-CANTEEN 1,7
ST. CLAIR-:-CANTEEN 2,7
ST. CLAIR-:-CANTEEN 3,7
ST. CLAIR-:-CANTEEN 4,7
ST. CLAIR-:-CANTEEN 5,7
ST. CLAIR-:-CASEYVILLE 11,7
ST. CLAIR-:-CASEYVILLE 13,7
ST. CLAIR-:-CASEYVILLE 14,7
ST. CLAIR-:-CASEYVILLE 15,7
ST. CLAIR-:-CASEYVILLE 16,7
ST. CLAIR-:-CASEYVILLE 17,7
ST. CLAIR-:-CASEYVILLE 18,7
ST. CLAIR-:-CASEYVILLE 19,7
ST. CLAIR-:-CASEYVILLE 2,7
ST. CLAIR-:-CASEYVILLE 20,7
ST. CLAIR-:-CASEYVILLE 21,7
ST. CLAIR-:-CASEYVILLE 22,7
ST. CLAIR-:-CASEYVILLE 3,7
ST. CLAIR-:-CASEYVILLE 4,7
ST. CLAIR-:-CASEYVILLE 5,7
ST. CLAIR-:-CASEYVILLE 6,7
ST. CLAIR-:-CASEYVILLE 7,7
ST. CLAIR-:-CASEYVILLE 8,7
ST. CLAIR-:-CASEYVILLE 9,7
ST. CLAIR-:-CENTREVILLE 1,7
ST. CLAIR-:-CENTREVILLE 2,7
ST. CLAIR-:-CENTREVILLE 3,7
ST. CLAIR-:-CENTREVILLE 4,7
ST. CLAIR-:-CENTREVILLE 5,7
ST. CLAIR-:-CENTREVILLE 6,7
ST. CLAIR-:-CENTREVILLE 7,7
ST. CLAIR-:-CENTREVILLE 9,7
ST. CLAIR-:-ENGELMANN 1,7
ST. CLAIR-:-FAYETTEVILLE 1,7
ST. CLAIR-:-FAYETTEVILLE 2,7
ST. CLAIR-:-FREEBURG 1,7
ST. CLAIR-:-FREEBURG 2,7
ST. CLAIR-:-FREEBURG 3,7
ST. CLAIR-:-LEBANON 1,7
ST. CLAIR-:-LEBANON 2,7
ST. CLAIR-:-LEBANON 3,7
ST. CLAIR-:-LENZBURG 1,7
ST. CLAIR-:-MARISSA 1,7
ST. CLAIR-:-MASCOUTAH 1,7
ST. CLAIR-:-MASCOUTAH 2,7
ST. CLAIR-:-MASCOUTAH 3,7
ST. CLAIR-:-MASCOUTAH 4,7
ST. CLAIR-:-MILLSTADT 1,7
ST. CLAIR-:-MILLSTADT 2,7
ST. CLAIR-:-MILLSTADT 3,7
ST. CLAIR-:-MILLSTADT 4,7
ST. CLAIR-:-MILLSTADT 5,7
ST. CLAIR-:-NEW ATHENS 1,7
ST. CLAIR-:-NEW ATHENS 2,7
ST. CLAIR-:-O FALLON 1,7
ST. CLAIR-:-O FALLON 10,7
ST. CLAIR-:-O FALLON 11,7
ST. CLAIR-:-O FALLON 12,7
ST. CLAIR-:-O FALLON 13,7
ST. CLAIR-:-O FALLON 14,7
ST. CLAIR-:-O FALLON 15,7
ST. CLAIR-:-O FALLON 16,7
ST. CLAIR-:-O FALLON 17,7
ST. CLAIR-:-O FALLON 18,7
ST. CLAIR-:-O FALLON 3,7
ST. CLAIR-:-O FALLON 4,7
ST. CLAIR-:-O FALLON 5,7
ST. CLAIR-:-O FALLON 6,7
ST. CLAIR-:-O FALLON 7,7
ST. CLAIR-:-O FALLON 8,7
ST. CLAIR-:-O FALLON 9,7
ST. CLAIR-:-PRAIRIE DU LONG 1,7
ST. CLAIR-:-PRAIRIE DU LONG 2,7
ST. CLAIR-:-SHILOH VALLEY 1,7
ST. CLAIR-:-SHILOH VALLEY 2,7
ST. CLAIR-:-SHILOH VALLEY 3,7
ST. CLAIR-:-SHILOH VALLEY 4,7
ST. CLAIR-:-SHILOH VALLEY 5,7
ST. CLAIR-:-SMITHTON 1,7
ST. CLAIR-:-SMITHTON 2,7
ST. CLAIR-:-SMITHTON 3,7
ST. CLAIR-:-ST CLAIR 1,7
ST. CLAIR-:-ST CLAIR 11,7
ST. CLAIR-:-ST CLAIR 12,7
ST. CLAIR-:-ST CLAIR 13,7
ST. CLAIR-:-ST CLAIR 14,7
ST. CLAIR-:-ST CLAIR 15,7
ST. CLAIR-:-ST CLAIR 16,7
ST. CLAIR-:-ST CLAIR 17,7
ST. CLAIR-:-ST CLAIR 18,7
ST. CLAIR-:-ST CLAIR 19,7
ST. CLAIR-:-ST CLAIR 2,7
ST. CLAIR-:-ST CLAIR 20,7
ST. CLAIR-:-ST CLAIR 21,7
ST. CLAIR-:-ST CLAIR 22,7
ST. CLAIR-:-ST CLAIR 23,7
ST. CLAIR-:-ST CLAIR 24,7
ST. CLAIR-:-ST CLAIR 3,7
ST. CLAIR-:-ST CLAIR 4,7
ST. CLAIR-:-ST CLAIR 5,7
ST. CLAIR-:-ST CLAIR 6,7
ST. CLAIR-:-ST CLAIR 7,7
ST. CLAIR-:-ST CLAIR 8,7
ST. CLAIR-:-ST CLAIR 9,7
ST. CLAIR-:-STITES 1,7
ST. CLAIR-:-STOOKEY 1,7
ST. CLAIR-:-STOOKEY 3,7
ST. CLAIR-:-STOOKEY 4,7
ST. CLAIR-:-STOOKEY 6,7
ST. CLAIR-:-STOOKEY 7,7
ST. CLAIR-:-SUGAR LOAF 1,7
ST. CLAIR-:-SUGAR LOAF 2,7
ST. CLAIR-:-SUGAR LOAF 3,7
ST. CLAIR-:-SUGAR LOAF 4,7
ST. CLAIR-:-SUGAR LOAF 5,7
STARK-:-EAST TOULON,12
STARK-:-ELMIRA,12
STARK-:-ESSEX,2
STARK-:-GOSHEN,2
STARK-:-OSCEOLA,12
STARK-:-PENN,12
STARK-:-VALLEY,12
STARK-:-WEST JERSEY,12
STARK-:-WEST TOULON,12
STEPHENSON-:-BUCKEYE,12
STEPHENSON-:-DAKOTA,12
STEPHENSON-:-ERIN,12
STEPHENSON-:-FLORENCE,12
STEPHENSON-:-FREEPORT 1,12
STEPHENSON-:-FREEPORT 10,12
STEPHENSON-:-FREEPORT 11,12
STEPHENSON-:-FREEPORT 12,12
STEPHENSON-:-FREEPORT 13,12
STEPHENSON-:-FREEPORT 14,12
STEPHENSON-:-FREEPORT 15,12
STEPHENSON-:-FREEPORT 16,12
STEPHENSON-:-FREEPORT 2,12
STEPHENSON-:-FREEPORT 3,12
STEPHENSON-:-FREEPORT 4,12
STEPHENSON-:-FREEPORT 5,12
STEPHENSON-:-FREEPORT 6,12
STEPHENSON-:-FREEPORT 7,12
STEPHENSON-:-FREEPORT 8,12
STEPHENSON-:-FREEPORT 9,7
STEPHENSON-:-HARLEM 1,12
STEPHENSON-:-HARLEM 2,12
STEPHENSON-:-JEFFERSON,12
STEPHENSON-:-KENT,12
STEPHENSON-:-LANCASTER,12
STEPHENSON-:-LORAN,12
STEPHENSON-:-ONECO,12
STEPHENSON-:-RIDOTT,12
STEPHENSON-:-ROCK GROVE,12
STEPHENSON-:-ROCK RUN 1,12
STEPHENSON-:-ROCK RUN 2,12
STEPHENSON-:-SILVER CREEK,12
STEPHENSON-:-WADDAMS,12
STEPHENSON-:-WEST POINT 1,12
STEPHENSON-:-WEST POINT 2,12
STEPHENSON-:-WINSLOW,12
TAZEWELL-:-BOYNTON,2
TAZEWELL-:-CINCINNATI 2,2
TAZEWELL-:-CINCINNATI 4,2
TAZEWELL-:-CINCINNATI 5,2
TAZEWELL-:-DEER CREEK,2
TAZEWELL-:-DELAVAN 1,2
TAZEWELL-:-DILLON,2
TAZEWELL-:-ELM GROVE 1,2
TAZEWELL-:-ELM GROVE 2,2
TAZEWELL-:-FONDULAC 1,2
TAZEWELL-:-FONDULAC 2,2
TAZEWELL-:-FONDULAC 3,2
TAZEWELL-:-FONDULAC 4,2
TAZEWELL-:-FONDULAC 5,2
TAZEWELL-:-FONDULAC 6,2
TAZEWELL-:-FONDULAC 7,2
TAZEWELL-:-GROVELAND 1,2
TAZEWELL-:-GROVELAND 10,2
TAZEWELL-:-GROVELAND 11,2
TAZEWELL-:-GROVELAND 12,2
TAZEWELL-:-GROVELAND 2,2
TAZEWELL-:-GROVELAND 3,2
TAZEWELL-:-GROVELAND 4,2
TAZEWELL-:-GROVELAND 5,2
TAZEWELL-:-GROVELAND 6,2
TAZEWELL-:-GROVELAND 7,2
TAZEWELL-:-GROVELAND 8,2
TAZEWELL-:-GROVELAND 9,2
TAZEWELL-:-HITTLE,2
TAZEWELL-:-MACKINAW 1,2
TAZEWELL-:-MACKINAW 2,2
TAZEWELL-:-MACKINAW 3,2
TAZEWELL-:-MALONE,2
TAZEWELL-:-MORTON 1,2
TAZEWELL-:-MORTON 10,2
TAZEWELL-:-MORTON 11,2
TAZEWELL-:-MORTON 2,2
TAZEWELL-:-MORTON 3,2
TAZEWELL-:-MORTON 4,2
TAZEWELL-:-MORTON 5,2
TAZEWELL-:-MORTON 6,2
TAZEWELL-:-MORTON 7,2
TAZEWELL-:-MORTON 8,2
TAZEWELL-:-MORTON 9,2
TAZEWELL-:-PEKIN 1,2
TAZEWELL-:-PEKIN 10,2
TAZEWELL-:-PEKIN 11,2
TAZEWELL-:-PEKIN 12,2
TAZEWELL-:-PEKIN 14,2
TAZEWELL-:-PEKIN 15,2
TAZEWELL-:-PEKIN 16,2
TAZEWELL-:-PEKIN 2,2
TAZEWELL-:-PEKIN 3,2
TAZEWELL-:-PEKIN 4,2
TAZEWELL-:-PEKIN 5,2
TAZEWELL-:-PEKIN 6,2
TAZEWELL-:-PEKIN 7,2
TAZEWELL-:-PEKIN 8,2
TAZEWELL-:-PEKIN 9,2
TAZEWELL-:-SAND PRAIRIE 1,2
TAZEWELL-:-SPRINGLAKE 1,2
TAZEWELL-:-TREMONT 1,2
TAZEWELL-:-TREMONT 2,2
TAZEWELL-:-WASHINGTON 1,2
TAZEWELL-:-WASHINGTON 10,2
TAZEWELL-:-WASHINGTON 11,2
TAZEWELL-:-WASHINGTON 12,2
TAZEWELL-:-WASHINGTON 13,2
TAZEWELL-:-WASHINGTON 14,2
TAZEWELL-:-WASHINGTON 2,2
TAZEWELL-:-WASHINGTON 3,2
TAZEWELL-:-WASHINGTON 4,2
TAZEWELL-:-WASHINGTON 5,2
TAZEWELL-:-WASHINGTON 6,2
TAZEWELL-:-WASHINGTON 7,2
TAZEWELL-:-WASHINGTON 8,2
TAZEWELL-:-WASHINGTON 9,2
UNION-:-ALTO PASS,0
UNION-:-ANNA 1,0
UNION-:-ANNA 2,0
UNION-:-ANNA 3,0
UNION-:-ANNA 4,0
UNION-:-ANNA 5,0
UNION-:-ANNA 6,0
UNION-:-ANNA 7,0
UNION-:-BALCOM,0
UNION-:-COBDEN 1,0
UNION-:-COBDEN 2,0
UNION-:-DONGOLA 1,0
UNION-:-DONGOLA 2,0
UNION-:-JONESBORO 1,0
UNION-:-JONESBORO 2,0
UNION-:-JONESBORO 3,0
UNION-:-LICK CREEK,0
UNION-:-MILL CREEK,0
UNION-:-STOKES,0
UNION-:-UNION,0
VERMILION-:-BLOUNT 1,14
VERMILION-:-BLOUNT 2,14
VERMILION-:-BUTLER,14
VERMILION-:-CARROLL,14
VERMILION-:-CATLIN 1,14
VERMILION-:-CATLIN 3,14
VERMILION-:-DANVILLE 1,14
VERMILION-:-DANVILLE 13,14
VERMILION-:-DANVILLE 2,14
VERMILION-:-DANVILLE 3,14
VERMILION-:-DANVILLE 5,14
VERMILION-:-DANVILLE 6,14
VERMILION-:-DANVILLE 7,14
VERMILION-:-DANVILLE 8,14
VERMILION-:-ELWOOD,14
VERMILION-:-GEORGETOWN 1,14
VERMILION-:-GEORGETOWN 3,14
VERMILION-:-GRANT 1,14
VERMILION-:-GRANT 2,14
VERMILION-:-GRANT 4,14
VERMILION-:-JAMAICA,14
VERMILION-:-LOVE,14
VERMILION-:-MIDDLEFORK,14
VERMILION-:-NEWELL 1,14
VERMILION-:-NEWELL 2,14
VERMILION-:-NEWELL 3,14
VERMILION-:-OAKWOOD 1,14
VERMILION-:-OAKWOOD 5,14
VERMILION-:-PILOT,14
VERMILION-:-ROSS,14
VERMILION-:-SIDELL,14
VERMILION-:-SOUTH ROSS,14
WABASH-:-BELLMONT,11
WABASH-:-COFFEE,0
WABASH-:-COMPTON,0
WABASH-:-FRIENDSVILLE,11
WABASH-:-LANCASTER,11
WABASH-:-LICK PRAIRIE,0
WABASH-:-MT. CARMEL 1,11
WABASH-:-MT. CARMEL 2,11
WABASH-:-MT. CARMEL 3,11
WABASH-:-MT. CARMEL 4,11
WABASH-:-MT. CARMEL 5,11
WABASH-:-MT. CARMEL 6,11
WABASH-:-MT. CARMEL 7,11
WABASH-:-MT. CARMEL 8,11
WABASH-:-MT. CARMEL 9,11
WABASH-:-WABASH,11
WARREN-:-BERWICK 1-1,12
WARREN-:-COLDBROOK 1-2,12
WARREN-:-ELLISON 1-6,12
WARREN-:-FLOYD 1-1,12
WARREN-:-GREENBUSH 1-1,12
WARREN-:-HALE 1-7,12
WARREN-:-KELLY 1-2,12
WARREN-:-LENOX 1-1,12
WARREN-:-MONMOUTH  1-3,7
WARREN-:-MONMOUTH  2-4,7
WARREN-:-MONMOUTH  3-3,7
WARREN-:-MONMOUTH  4-3,7
WARREN-:-MONMOUTH  5-4,7
WARREN-:-MONMOUTH  6-3,7
WARREN-:-MONMOUTH  7-4,7
WARREN-:-MONMOUTH  8-5,7
WARREN-:-MONMOUTH  9-4,7
WARREN-:-MONMOUTH 10-4,7
WARREN-:-MONMOUTH 11-3,7
WARREN-:-MONMOUTH 12-2/5,7
WARREN-:-POINT PLEASANT 1-6,12
WARREN-:-ROSEVILLE 1-1,7
WARREN-:-ROSEVILLE 2-1,7
WARREN-:-SPRING GROVE-ALEXIS 1-2,7
WARREN-:-SPRING GROVE-GERLAW 2-2,12
WARREN-:-SUMNER 1-7/8,7
WARREN-:-SWAN 1-1,12
WARREN-:-TOMPKINS 1-6,7
WASHINGTON-:-ASHLEY-001,0
WASHINGTON-:-BEAUCOUP-001,0
WASHINGTON-:-BOLO-002,0
WASHINGTON-:-COVINGTON-003,0
WASHINGTON-:-DUBOIS-004,0
WASHINGTON-:-DUBOIS-005,0
WASHINGTON-:-HOYLETON-001,0
WASHINGTON-:-IRVINGTON-001,0
WASHINGTON-:-JOHANNISBURG-3/9,0
WASHINGTON-:-LIVELY GROVE-6/10,0
WASHINGTON-:-NASHVILLE 1-007,0
WASHINGTON-:-NASHVILLE 3-007,0
WASHINGTON-:-NASHVILLE 4-007,0
WASHINGTON-:-OAKDALE-006,0
WASHINGTON-:-OKAWVILLE 1-003,0
WASHINGTON-:-OKAWVILLE 2-003,0
WASHINGTON-:-PILOT KNOB-002,0
WASHINGTON-:-PLUM HILL-003,0
WASHINGTON-:-RICHVIEW-001,0
WASHINGTON-:-VENEDY-3/9,0
WAYNE-:-ARRINGTON,0
WAYNE-:-BARNHILL,0
WAYNE-:-BEDFORD,0
WAYNE-:-BERRY,0
WAYNE-:-BIG MOUND 1,0
WAYNE-:-BIG MOUND 2,0
WAYNE-:-ELM RIVER,0
WAYNE-:-FAIRFIELD 1,15
WAYNE-:-FAIRFIELD 2,15
WAYNE-:-FOUR MILE,0
WAYNE-:-GARDEN HILL,0
WAYNE-:-GOLDENGATE,0
WAYNE-:-GROVER,15
WAYNE-:-HICKORY HILL,0
WAYNE-:-INDIAN PRAIRIE,15
WAYNE-:-JASPER 1,15
WAYNE-:-JASPER 2,15
WAYNE-:-KEITH,0
WAYNE-:-LAMARD 1,15
WAYNE-:-LAMARD 2,15
WAYNE-:-MASSILON,0
WAYNE-:-MERRIAM,15
WAYNE-:-MT. ERIE,0
WAYNE-:-ORCHARD,15
WAYNE-:-OREL,0
WAYNE-:-RIDER,15
WAYNE-:-ZIF,0
WHITE-:-BURNT PRAIRIE 10-1,0
WHITE-:-CARMI 12-1,0
WHITE-:-CARMI 13-2,0
WHITE-:-CARMI 14-1,0
WHITE-:-CARMI 16-1,0
WHITE-:-CARMI 18-4,0
WHITE-:-CARMI 19-4,0
WHITE-:-CARMI 20-4,0
WHITE-:-CARMI 20-5,0
WHITE-:-EMMA 30-3,0
WHITE-:-ENFIELD 4-2,0
WHITE-:-GRAY 24-2,0
WHITE-:-HAWTHORNE 28-2,0
WHITE-:-HAWTHORNE 28-3,0
WHITE-:-HERALDS PRAIRIE 22-3,0
WHITE-:-INDIAN CREEK 6-3,0
WHITE-:-INDIAN CREEK 8-3,0
WHITE-:-MILL SHOALS 1-1,0
WHITE-:-MILL SHOALS 2-2,0
WHITE-:-PHILLIPS 26-2,0
WHITESIDE-:-ALBANY 1,12
WHITESIDE-:-CLYDE 1,12
WHITESIDE-:-COLOMA 1,12
WHITESIDE-:-COLOMA 10,12
WHITESIDE-:-COLOMA 2,12
WHITESIDE-:-COLOMA 3,12
WHITESIDE-:-COLOMA 4,12
WHITESIDE-:-COLOMA 5,12
WHITESIDE-:-COLOMA 6,12
WHITESIDE-:-COLOMA 7,12
WHITESIDE-:-COLOMA 8,12
WHITESIDE-:-COLOMA 9,12
WHITESIDE-:-ERIE 1,12
WHITESIDE-:-ERIE 2,12
WHITESIDE-:-FENTON 1,12
WHITESIDE-:-FULTON 1,12
WHITESIDE-:-FULTON 2,12
WHITESIDE-:-FULTON 3,12
WHITESIDE-:-FULTON 4,12
WHITESIDE-:-GARDEN PLAIN 1,12
WHITESIDE-:-GENESEE 1,12
WHITESIDE-:-HAHNAMAN 1,12
WHITESIDE-:-HOPKINS 1,12
WHITESIDE-:-HOPKINS 2,12
WHITESIDE-:-HUME 1,12
WHITESIDE-:-JORDAN 1,12
WHITESIDE-:-LYNDON 1,12
WHITESIDE-:-MONTMORENCY 1,12
WHITESIDE-:-MONTMORENCY 2,12
WHITESIDE-:-MT. PLEASANT 1,12
WHITESIDE-:-MT. PLEASANT 2,12
WHITESIDE-:-MT. PLEASANT 3,12
WHITESIDE-:-MT. PLEASANT 4,12
WHITESIDE-:-MT. PLEASANT 5,12
WHITESIDE-:-NEWTON 1,12
WHITESIDE-:-PORTLAND 1,12
WHITESIDE-:-PROPHETSTOWN 1,12
WHITESIDE-:-PROPHETSTOWN 2,12
WHITESIDE-:-PROPHETSTOWN 3,12
WHITESIDE-:-STERLING 1,12
WHITESIDE-:-STERLING 10,12
WHITESIDE-:-STERLING 11,12
WHITESIDE-:-STERLING 12,12
WHITESIDE-:-STERLING 13,12
WHITESIDE-:-STERLING 14,12
WHITESIDE-:-STERLING 15,12
WHITESIDE-:-STERLING 16,12
WHITESIDE-:-STERLING 17,12
WHITESIDE-:-STERLING 18,12
WHITESIDE-:-STERLING 2,12
WHITESIDE-:-STERLING 3,12
WHITESIDE-:-STERLING 4,12
WHITESIDE-:-STERLING 5,12
WHITESIDE-:-STERLING 6,12
WHITESIDE-:-STERLING 7,12
WHITESIDE-:-STERLING 8,12
WHITESIDE-:-STERLING 9,12
WHITESIDE-:-TAMPICO 1,12
WHITESIDE-:-UNION GROVE 1,12
WHITESIDE-:-USTICK 1,12
WILL-:-CHANNAHON PCT 001-STYLE 1,13
WILL-:-CHANNAHON PCT 002-STYLE 2,2
WILL-:-CHANNAHON PCT 003-STYLE 3,2
WILL-:-CHANNAHON PCT 004-STYLE 4,2
WILL-:-CHANNAHON PCT 005-STYLE 5,2
WILL-:-CRETE PCT 001-STYLE 6/7,2
WILL-:-CRETE PCT 002-STYLE 8,2
WILL-:-CRETE PCT 003-STYLE 9,2
WILL-:-CRETE PCT 004-STYLE 10,13
WILL-:-CRETE PCT 004-STYLE 11,13
WILL-:-CRETE PCT 005-STYLE 12,13
WILL-:-CRETE PCT 006-STYLE 13,13
WILL-:-CRETE PCT 006-STYLE 14,13
WILL-:-CRETE PCT 007-STYLE 15,13
WILL-:-CRETE PCT 008-STYLE 16,13
WILL-:-CRETE PCT 008-STYLE 17,13
WILL-:-CRETE PCT 009-STYLE 18,2
WILL-:-CRETE PCT 010-STYLE 19,13
WILL-:-CRETE PCT 011-STYLE 20,13
WILL-:-CRETE PCT 011-STYLE 21,2
WILL-:-CRETE PCT 012-STYLE 22,13
WILL-:-CUSTER PCT 001-STYLE 23,2
WILL-:-CUSTER PCT 001-STYLE 24,2
WILL-:-DUPAGE PCT 001-STYLE 25/26,10
WILL-:-DUPAGE PCT 002-STYLE 27,10
WILL-:-DUPAGE PCT 003-STYLE 28,10
WILL-:-DUPAGE PCT 004-STYLE 29,10
WILL-:-DUPAGE PCT 005-STYLE 30/31,10
WILL-:-DUPAGE PCT 006-STYLE 32,10
WILL-:-DUPAGE PCT 007-STYLE 33,10
WILL-:-DUPAGE PCT 008-STYLE 34,10
WILL-:-DUPAGE PCT 009-STYLE 35/37,10
WILL-:-DUPAGE PCT 010-STYLE 38,10
WILL-:-DUPAGE PCT 011-STYLE 39,10
WILL-:-DUPAGE PCT 012-STYLE 40,10
WILL-:-DUPAGE PCT 013-STYLE 41,10
WILL-:-DUPAGE PCT 014-STYLE 42/43,10
WILL-:-DUPAGE PCT 015-STYLE 44,10
WILL-:-DUPAGE PCT 016-STYLE 45,10
WILL-:-DUPAGE PCT 017-STYLE 46,10
WILL-:-DUPAGE PCT 017-STYLE 47,10
WILL-:-DUPAGE PCT 018-STYLE 48,10
WILL-:-DUPAGE PCT 019-STYLE 49,10
WILL-:-DUPAGE PCT 020-STYLE 50,10
WILL-:-DUPAGE PCT 021-STYLE 51,10
WILL-:-DUPAGE PCT 022-STYLE 52,10
WILL-:-DUPAGE PCT 023-STYLE 53,10
WILL-:-DUPAGE PCT 024-STYLE 54,10
WILL-:-DUPAGE PCT 025-STYLE 56,10
WILL-:-DUPAGE PCT 025-STYLE 57,10
WILL-:-DUPAGE PCT 026-STYLE 58,10
WILL-:-DUPAGE PCT 027-STYLE 59,10
WILL-:-DUPAGE PCT 027-STYLE 60,10
WILL-:-DUPAGE PCT 028-STYLE 61/62,10
WILL-:-DUPAGE PCT 029-STYLE 63,10
WILL-:-DUPAGE PCT 030-STYLE 64,10
WILL-:-DUPAGE PCT 031-STYLE 65/66,10
WILL-:-DUPAGE PCT 032-STYLE 67,10
WILL-:-DUPAGE PCT 032-STYLE 68,10
WILL-:-DUPAGE PCT 033-STYLE 69/71,10
WILL-:-DUPAGE PCT 033-STYLE 70/72,2
WILL-:-DUPAGE PCT 034-STYLE 73,10
WILL-:-DUPAGE PCT 035-STYLE 74,10
WILL-:-DUPAGE PCT 036-STYLE 75,2
WILL-:-DUPAGE PCT 036-STYLE 76,2
WILL-:-DUPAGE PCT 037-STYLE 77,2
WILL-:-FLORENCE PCT 001-STYLE 78,2
WILL-:-FRANKFORT PCT 001-STYLE 79,15
WILL-:-FRANKFORT PCT 002-STYLE 80/81,15
WILL-:-FRANKFORT PCT 003-STYLE 83/85,15
WILL-:-FRANKFORT PCT 003-STYLE 84,15
WILL-:-FRANKFORT PCT 004-STYLE 86,15
WILL-:-FRANKFORT PCT 004-STYLE 87,15
WILL-:-FRANKFORT PCT 005-STYLE 88,15
WILL-:-FRANKFORT PCT 006-STYLE 89,15
WILL-:-FRANKFORT PCT 007-STYLE 90/91,15
WILL-:-FRANKFORT PCT 008-STYLE 92,15
WILL-:-FRANKFORT PCT 008-STYLE 93/94,15
WILL-:-FRANKFORT PCT 009-STYLE 95,2
WILL-:-FRANKFORT PCT 010-STYLE 96/97,2
WILL-:-FRANKFORT PCT 011-STYLE 98,2
WILL-:-FRANKFORT PCT 011-STYLE 99,2
WILL-:-FRANKFORT PCT 012-STYLE 100,15
WILL-:-FRANKFORT PCT 013-STYLE 101,15
WILL-:-FRANKFORT PCT 014-STYLE 102/103,2
WILL-:-FRANKFORT PCT 015-STYLE 104,2
WILL-:-FRANKFORT PCT 016-STYLE 105/106,2
WILL-:-FRANKFORT PCT 017-STYLE 107,15
WILL-:-FRANKFORT PCT 017-STYLE 108,15
WILL-:-FRANKFORT PCT 018-STYLE 109,2
WILL-:-FRANKFORT PCT 019-STYLE 110,2
WILL-:-FRANKFORT PCT 020-STYLE 111,2
WILL-:-FRANKFORT PCT 021-STYLE 112,15
WILL-:-FRANKFORT PCT 021-STYLE 113,15
WILL-:-FRANKFORT PCT 022-STYLE 114/115,15
WILL-:-FRANKFORT PCT 023-STYLE 116,2
WILL-:-FRANKFORT PCT 023-STYLE 117,15
WILL-:-FRANKFORT PCT 024-STYLE 118,2
WILL-:-FRANKFORT PCT 025-STYLE 119,15
WILL-:-FRANKFORT PCT 026-STYLE 120,2
WILL-:-FRANKFORT PCT 027-STYLE 121,2
WILL-:-FRANKFORT PCT 027-STYLE 122,2
WILL-:-FRANKFORT PCT 028-STYLE 123,2
WILL-:-GREEN GARDEN PCT 001-STYLE 124,2
WILL-:-GREEN GARDEN PCT 002-STYLE 125,2
WILL-:-GREEN GARDEN PCT 002-STYLE 126,2
WILL-:-HOMER PCT 001-STYLE 127/128,15
WILL-:-HOMER PCT 002-STYLE 129,15
WILL-:-HOMER PCT 003-STYLE 130,15
WILL-:-HOMER PCT 004-STYLE 131,15
WILL-:-HOMER PCT 004-STYLE 132,15
WILL-:-HOMER PCT 005-STYLE 133,15
WILL-:-HOMER PCT 005-STYLE 134,15
WILL-:-HOMER PCT 006-STYLE 135,15
WILL-:-HOMER PCT 007-STYLE 136,15
WILL-:-HOMER PCT 008-STYLE 137,15
WILL-:-HOMER PCT 009-STYLE 138,15
WILL-:-HOMER PCT 009-STYLE 139,15
WILL-:-HOMER PCT 010-STYLE 140,15
WILL-:-HOMER PCT 011-STYLE 141,15
WILL-:-HOMER PCT 012-STYLE 142,15
WILL-:-HOMER PCT 013-STYLE 143,15
WILL-:-HOMER PCT 014-STYLE 144,15
WILL-:-HOMER PCT 015-STYLE 145,15
WILL-:-HOMER PCT 016-STYLE 146,15
WILL-:-HOMER PCT 017-STYLE 147,15
WILL-:-HOMER PCT 018-STYLE 148,15
WILL-:-HOMER PCT 019-STYLE 149,15
WILL-:-JACKSON PCT 001-STYLE 150,2
WILL-:-JACKSON PCT 002-STYLE 151,2
WILL-:-JOLIET PCT 001-STYLE 152/153,10
WILL-:-JOLIET PCT 002-STYLE 154/155,10
WILL-:-JOLIET PCT 003-STYLE 156/157,10
WILL-:-JOLIET PCT 003-STYLE 158,2
WILL-:-JOLIET PCT 004-STYLE 159,2
WILL-:-JOLIET PCT 004-STYLE 160,10
WILL-:-JOLIET PCT 005-STYLE 161,2
WILL-:-JOLIET PCT 006-STYLE 162,15
WILL-:-JOLIET PCT 007-STYLE 163/165,15
WILL-:-JOLIET PCT 007-STYLE 164/166,15
WILL-:-JOLIET PCT 008-STYLE 167,10
WILL-:-JOLIET PCT 009-STYLE 168,10
WILL-:-JOLIET PCT 009-STYLE 169,10
WILL-:-JOLIET PCT 010-STYLE 170,10
WILL-:-JOLIET PCT 011-STYLE 171/172,10
WILL-:-JOLIET PCT 012-STYLE 173,10
WILL-:-JOLIET PCT 012-STYLE 174,2
WILL-:-JOLIET PCT 013-STYLE 175,2
WILL-:-JOLIET PCT 014-STYLE 176,2
WILL-:-JOLIET PCT 015-STYLE 177/178,2
WILL-:-JOLIET PCT 016-STYLE 179/181/182,15
WILL-:-JOLIET PCT 016-STYLE 180,15
WILL-:-JOLIET PCT 017-STYLE 183,10
WILL-:-JOLIET PCT 018-STYLE 184,10
WILL-:-JOLIET PCT 018-STYLE 185,10
WILL-:-JOLIET PCT 019-STYLE 186,10
WILL-:-JOLIET PCT 019-STYLE 187,10
WILL-:-JOLIET PCT 020-STYLE 188/189,10
WILL-:-JOLIET PCT 021-STYLE 190,10
WILL-:-JOLIET PCT 022-STYLE 191,10
WILL-:-JOLIET PCT 023-STYLE 192,2
WILL-:-JOLIET PCT 024-STYLE 193,10
WILL-:-JOLIET PCT 025-STYLE 194,10
WILL-:-JOLIET PCT 026-STYLE 195/196,10
WILL-:-JOLIET PCT 027-STYLE 197,10
WILL-:-JOLIET PCT 028-STYLE 198,10
WILL-:-JOLIET PCT 029-STYLE 199,2
WILL-:-JOLIET PCT 030-STYLE 200,2
WILL-:-JOLIET PCT 031-STYLE 201/202,10
WILL-:-JOLIET PCT 032-STYLE 203,10
WILL-:-JOLIET PCT 033-STYLE 204,10
WILL-:-JOLIET PCT 034-STYLE 205,10
WILL-:-JOLIET PCT 035-STYLE 206,2
WILL-:-JOLIET PCT 036-STYLE 207/208/209/210,10
WILL-:-JOLIET PCT 037-STYLE 211,2
WILL-:-LOCKPORT PCT 001-STYLE 212,10
WILL-:-LOCKPORT PCT 002-STYLE 213,2
WILL-:-LOCKPORT PCT 003-STYLE 214,2
WILL-:-LOCKPORT PCT 004-STYLE 215,2
WILL-:-LOCKPORT PCT 005-STYLE 216/217,15
WILL-:-LOCKPORT PCT 006-STYLE 218,2
WILL-:-LOCKPORT PCT 007-STYLE 219,2
WILL-:-LOCKPORT PCT 008-STYLE 220,2
WILL-:-LOCKPORT PCT 009-STYLE 221,2
WILL-:-LOCKPORT PCT 010-STYLE 222,15
WILL-:-LOCKPORT PCT 011-STYLE 223,15
WILL-:-LOCKPORT PCT 012-STYLE 224,15
WILL-:-LOCKPORT PCT 012-STYLE 225,15
WILL-:-LOCKPORT PCT 013-STYLE 226,10
WILL-:-LOCKPORT PCT 014-STYLE 227,10
WILL-:-LOCKPORT PCT 015-STYLE 228,2
WILL-:-LOCKPORT PCT 015-STYLE 229,10
WILL-:-LOCKPORT PCT 016-STYLE 230,2
WILL-:-LOCKPORT PCT 017-STYLE 231,15
WILL-:-LOCKPORT PCT 018-STYLE 232,2
WILL-:-LOCKPORT PCT 019-STYLE 233,15
WILL-:-LOCKPORT PCT 020-STYLE 234,10
WILL-:-LOCKPORT PCT 021-STYLE 235,10
WILL-:-LOCKPORT PCT 022-STYLE 236,10
WILL-:-LOCKPORT PCT 023-STYLE 237,10
WILL-:-LOCKPORT PCT 023-STYLE 238,2
WILL-:-LOCKPORT PCT 024-STYLE 239,15
WILL-:-MANHATTAN PCT 001-STYLE 240,2
WILL-:-MANHATTAN PCT 002-STYLE 241,2
WILL-:-MANHATTAN PCT 003-STYLE 242,2
WILL-:-MANHATTAN PCT 004-STYLE 243,2
WILL-:-MANHATTAN PCT 005-STYLE 244,2
WILL-:-MONEE PCT 001-STYLE 245/246,2
WILL-:-MONEE PCT 001-STYLE 247,2
WILL-:-MONEE PCT 002-STYLE 248,2
WILL-:-MONEE PCT 002-STYLE 249/250,2
WILL-:-MONEE PCT 003-STYLE 251,2
WILL-:-MONEE PCT 003-STYLE 252,2
WILL-:-MONEE PCT 004-STYLE 253,2
WILL-:-MONEE PCT 005-STYLE 254,2
WILL-:-MONEE PCT 006-STYLE 255,13
WILL-:-MONEE PCT 007-STYLE 256,13
WILL-:-MONEE PCT 008-STYLE 257,13
WILL-:-MONEE PCT 008-STYLE 258,2
WILL-:-NEW LENOX PCT 001-STYLE 259,15
WILL-:-NEW LENOX PCT 002-STYLE 260,15
WILL-:-NEW LENOX PCT 003-STYLE 261,15
WILL-:-NEW LENOX PCT 004-STYLE 262,15
WILL-:-NEW LENOX PCT 005-STYLE 263,15
WILL-:-NEW LENOX PCT 006-STYLE 264,15
WILL-:-NEW LENOX PCT 007-STYLE 265,15
WILL-:-NEW LENOX PCT 008-STYLE 266,15
WILL-:-NEW LENOX PCT 009-STYLE 267,15
WILL-:-NEW LENOX PCT 010-STYLE 268,15
WILL-:-NEW LENOX PCT 010-STYLE 269,15
WILL-:-NEW LENOX PCT 011-STYLE 270,15
WILL-:-NEW LENOX PCT 011-STYLE 271,15
WILL-:-NEW LENOX PCT 012-STYLE 272,15
WILL-:-NEW LENOX PCT 012-STYLE 273,15
WILL-:-NEW LENOX PCT 013-STYLE 274,15
WILL-:-NEW LENOX PCT 013-STYLE 275,15
WILL-:-NEW LENOX PCT 014-STYLE 276,15
WILL-:-NEW LENOX PCT 014-STYLE 277,15
WILL-:-NEW LENOX PCT 015-STYLE 278,15
WILL-:-NEW LENOX PCT 016-STYLE 279,15
WILL-:-NEW LENOX PCT 017-STYLE 280,2
WILL-:-NEW LENOX PCT 018-STYLE 281,2
WILL-:-NEW LENOX PCT 019-STYLE 282,2
WILL-:-NEW LENOX PCT 020-STYLE 283,2
WILL-:-PEOTONE PCT 001-STYLE 284/286,13
WILL-:-PEOTONE PCT 001-STYLE 285,2
WILL-:-PEOTONE PCT 001-STYLE 287,2
WILL-:-PEOTONE PCT 002-STYLE 288/289,13
WILL-:-PEOTONE PCT 002-STYLE 290,2
WILL-:-PEOTONE PCT 002-STYLE 291,2
WILL-:-PEOTONE PCT 002-STYLE 292,13
WILL-:-PLAINFIELD PCT 001-STYLE 293,10
WILL-:-PLAINFIELD PCT 002-STYLE 294,10
WILL-:-PLAINFIELD PCT 003-STYLE 295,10
WILL-:-PLAINFIELD PCT 003-STYLE 296,10
WILL-:-PLAINFIELD PCT 004-STYLE 297,2
WILL-:-PLAINFIELD PCT 005-STYLE 298,10
WILL-:-PLAINFIELD PCT 006-STYLE 299,10
WILL-:-PLAINFIELD PCT 007-STYLE 300,2
WILL-:-PLAINFIELD PCT 008-STYLE 301,10
WILL-:-PLAINFIELD PCT 009-STYLE 302,10
WILL-:-PLAINFIELD PCT 010-STYLE 303,10
WILL-:-PLAINFIELD PCT 010-STYLE 304,10
WILL-:-PLAINFIELD PCT 011-STYLE 305,10
WILL-:-PLAINFIELD PCT 012-STYLE 306,2
WILL-:-PLAINFIELD PCT 013-STYLE 307,10
WILL-:-PLAINFIELD PCT 014-STYLE 308,10
WILL-:-PLAINFIELD PCT 014-STYLE 309,10
WILL-:-PLAINFIELD PCT 015-STYLE 310/311,2
WILL-:-PLAINFIELD PCT 016-STYLE 312,2
WILL-:-PLAINFIELD PCT 017-STYLE 313,2
WILL-:-PLAINFIELD PCT 018-STYLE 314,10
WILL-:-PLAINFIELD PCT 019-STYLE 315,10
WILL-:-PLAINFIELD PCT 020-STYLE 316,10
WILL-:-PLAINFIELD PCT 021-STYLE 317,10
WILL-:-PLAINFIELD PCT 022-STYLE 318,10
WILL-:-PLAINFIELD PCT 023-STYLE 319,10
WILL-:-PLAINFIELD PCT 024-STYLE 320,10
WILL-:-PLAINFIELD PCT 025-STYLE 321/322,10
WILL-:-PLAINFIELD PCT 026-STYLE 323/324,10
WILL-:-PLAINFIELD PCT 027-STYLE 325,10
WILL-:-PLAINFIELD PCT 028-STYLE 326,10
WILL-:-PLAINFIELD PCT 029-STYLE 327,10
WILL-:-PLAINFIELD PCT 030-STYLE 328,10
WILL-:-PLAINFIELD PCT 031-STYLE 329,10
WILL-:-PLAINFIELD PCT 032-STYLE 330,10
WILL-:-PLAINFIELD PCT 033-STYLE 331,10
WILL-:-PLAINFIELD PCT 034-STYLE 332/333,10
WILL-:-PLAINFIELD PCT 035-STYLE 334,10
WILL-:-REED PCT 001-STYLE 335,2
WILL-:-REED PCT 001-STYLE 336,2
WILL-:-REED PCT 001-STYLE 337,2
WILL-:-REED PCT 001-STYLE 338,2
WILL-:-REED PCT 002-STYLE 339,2
WILL-:-REED PCT 002-STYLE 340,2
WILL-:-REED PCT 002-STYLE 341,2
WILL-:-REED PCT 003-STYLE 342,2
WILL-:-REED PCT 003-STYLE 343,2
WILL-:-TROY PCT 001-STYLE 344,10
WILL-:-TROY PCT 002-STYLE 345,10
WILL-:-TROY PCT 003-STYLE 346,2
WILL-:-TROY PCT 003-STYLE 347,10
WILL-:-TROY PCT 004-STYLE 348,10
WILL-:-TROY PCT 005-STYLE 349,10
WILL-:-TROY PCT 006-STYLE 350,10
WILL-:-TROY PCT 007-STYLE 351,10
WILL-:-TROY PCT 008-STYLE 352,10
WILL-:-TROY PCT 008-STYLE 353,10
WILL-:-TROY PCT 009-STYLE 354,10
WILL-:-TROY PCT 009-STYLE 355,10
WILL-:-TROY PCT 010-STYLE 356,10
WILL-:-TROY PCT 010-STYLE 357,10
WILL-:-TROY PCT 011-STYLE 358,10
WILL-:-TROY PCT 012-STYLE 359,10
WILL-:-TROY PCT 013-STYLE 360,10
WILL-:-TROY PCT 014-STYLE 361,10
WILL-:-TROY PCT 014-STYLE 362,10
WILL-:-TROY PCT 015-STYLE 363,10
WILL-:-TROY PCT 015-STYLE 364,10
WILL-:-TROY PCT 016-STYLE 365,10
WILL-:-TROY PCT 017-STYLE 366,10
WILL-:-TROY PCT 018-STYLE 367,10
WILL-:-TROY PCT 019-STYLE 368,10
WILL-:-TROY PCT 020-STYLE 369,10
WILL-:-TROY PCT 021-STYLE 370,10
WILL-:-TROY PCT 022-STYLE 371,10
WILL-:-TROY PCT 022-STYLE 372,2
WILL-:-WASHINGTON PCT 001-STYLE 373,13
WILL-:-WASHINGTON PCT 002-STYLE 374,13
WILL-:-WASHINGTON PCT 002-STYLE 375,13
WILL-:-WASHINGTON PCT 003-STYLE 376,13
WILL-:-WASHINGTON PCT 003-STYLE 377,13
WILL-:-WESLEY PCT 001-STYLE 378,2
WILL-:-WESLEY PCT 001-STYLE 379,2
WILL-:-WHEATLAND PCT 001-STYLE 380,10
WILL-:-WHEATLAND PCT 002-STYLE 381,10
WILL-:-WHEATLAND PCT 003-STYLE 382,10
WILL-:-WHEATLAND PCT 004-STYLE 383,10
WILL-:-WHEATLAND PCT 005-STYLE 384,10
WILL-:-WHEATLAND PCT 006-STYLE 385,10
WILL-:-WHEATLAND PCT 007-STYLE 386,10
WILL-:-WHEATLAND PCT 008-STYLE 387/388,10
WILL-:-WHEATLAND PCT 009-STYLE 389,10
WILL-:-WHEATLAND PCT 010-STYLE 390,10
WILL-:-WHEATLAND PCT 011-STYLE 391,10
WILL-:-WHEATLAND PCT 011-STYLE 392,10
WILL-:-WHEATLAND PCT 012-STYLE 393,10
WILL-:-WHEATLAND PCT 012-STYLE 394,10
WILL-:-WHEATLAND PCT 012-STYLE 395,10
WILL-:-WHEATLAND PCT 013-STYLE 396,10
WILL-:-WHEATLAND PCT 014-STYLE 397,10
WILL-:-WHEATLAND PCT 015-STYLE 398,10
WILL-:-WHEATLAND PCT 016-STYLE 399/401,10
WILL-:-WHEATLAND PCT 016-STYLE 400,10
WILL-:-WHEATLAND PCT 017-STYLE 402,10
WILL-:-WHEATLAND PCT 018-STYLE 403,10
WILL-:-WHEATLAND PCT 019-STYLE 404/405,10
WILL-:-WHEATLAND PCT 020-STYLE 406,10
WILL-:-WHEATLAND PCT 021-STYLE 407,10
WILL-:-WHEATLAND PCT 021-STYLE 408,10
WILL-:-WHEATLAND PCT 022-STYLE 409/412,10
WILL-:-WHEATLAND PCT 022-STYLE 410/411,10
WILL-:-WHEATLAND PCT 023-STYLE 413/414,10
WILL-:-WHEATLAND PCT 024-STYLE 415/416/417,10
WILL-:-WHEATLAND PCT 025-STYLE 418,10
WILL-:-WHEATLAND PCT 026-STYLE 419,10
WILL-:-WHEATLAND PCT 026-STYLE 420,10
WILL-:-WHEATLAND PCT 027-STYLE 421,10
WILL-:-WHEATLAND PCT 027-STYLE 422,10
WILL-:-WHEATLAND PCT 028-STYLE 423,10
WILL-:-WHEATLAND PCT 028-STYLE 424,10
WILL-:-WHEATLAND PCT 029-STYLE 425,10
WILL-:-WHEATLAND PCT 030-STYLE 426,10
WILL-:-WHEATLAND PCT 031-STYLE 427,10
WILL-:-WHEATLAND PCT 032-STYLE 428,10
WILL-:-WHEATLAND PCT 033-STYLE 429,10
WILL-:-WHEATLAND PCT 034-STYLE 431,10
WILL-:-WHEATLAND PCT 035-STYLE 432,10
WILL-:-WHEATLAND PCT 035-STYLE 433,10
WILL-:-WHEATLAND PCT 036-STYLE 434,10
WILL-:-WHEATLAND PCT 037-STYLE 435/436,10
WILL-:-WHEATLAND PCT 038-STYLE 437/438,10
WILL-:-WILL PCT 001-STYLE 439/440,13
WILL-:-WILL PCT 001-STYLE 441,2
WILL-:-WILMINGTON PCT 001-STYLE 442,2
WILL-:-WILMINGTON PCT 001-STYLE 443,2
WILL-:-WILMINGTON PCT 002-STYLE 444,2
WILL-:-WILMINGTON PCT 002-STYLE 445,2
WILL-:-WILMINGTON PCT 003-STYLE 446,2
WILL-:-WILTON PCT 001-STYLE 447,2
WILLIAMSON-:-BLAIRSVILLE 1,0
WILLIAMSON-:-BLAIRSVILLE 2,0
WILLIAMSON-:-BLAIRSVILLE 3,0
WILLIAMSON-:-BLAIRSVILLE 4,0
WILLIAMSON-:-BLAIRSVILLE 5,0
WILLIAMSON-:-CARTERVILLE 1,0
WILLIAMSON-:-CARTERVILLE 2,0
WILLIAMSON-:-CARTERVILLE 3,0
WILLIAMSON-:-CARTERVILLE 4,0
WILLIAMSON-:-CARTERVILLE 5,0
WILLIAMSON-:-CARTERVILLE 6,0
WILLIAMSON-:-CARTERVILLE 7,0
WILLIAMSON-:-CARTERVILLE 8,0
WILLIAMSON-:-CORINTH 1,0
WILLIAMSON-:-CRAB ORCHARD,0
WILLIAMSON-:-CREAL SPRINGS 1,0
WILLIAMSON-:-CREAL SPRINGS 2,0
WILLIAMSON-:-EAST MARION 1,0
WILLIAMSON-:-EAST MARION 2,0
WILLIAMSON-:-EAST MARION 3,0
WILLIAMSON-:-EAST MARION 4,0
WILLIAMSON-:-EAST MARION 5,0
WILLIAMSON-:-EAST MARION 6,0
WILLIAMSON-:-EAST MARION 7,0
WILLIAMSON-:-EAST MARION 8,0
WILLIAMSON-:-EAST MARION 9,0
WILLIAMSON-:-GRASSY,0
WILLIAMSON-:-HERRIN 1,0
WILLIAMSON-:-HERRIN 10,0
WILLIAMSON-:-HERRIN 11,0
WILLIAMSON-:-HERRIN 12,0
WILLIAMSON-:-HERRIN 13,0
WILLIAMSON-:-HERRIN 2,0
WILLIAMSON-:-HERRIN 3,0
WILLIAMSON-:-HERRIN 4,0
WILLIAMSON-:-HERRIN 5,0
WILLIAMSON-:-HERRIN 6,0
WILLIAMSON-:-HERRIN 7,0
WILLIAMSON-:-HERRIN 8,0
WILLIAMSON-:-HERRIN 9,0
WILLIAMSON-:-LAKE CREEK 1,0
WILLIAMSON-:-LAKE CREEK 2,0
WILLIAMSON-:-LAKE CREEK 3,0
WILLIAMSON-:-SOUTHERN 1,0
WILLIAMSON-:-SOUTHERN 2,0
WILLIAMSON-:-STONEFORT,0
WILLIAMSON-:-WEST MARION 1,0
WILLIAMSON-:-WEST MARION 10,0
WILLIAMSON-:-WEST MARION 2,0
WILLIAMSON-:-WEST MARION 3,0
WILLIAMSON-:-WEST MARION 4,0
WILLIAMSON-:-WEST MARION 5,0
WILLIAMSON-:-WEST MARION 6,0
WILLIAMSON-:-WEST MARION 7,0
WILLIAMSON-:-WEST MARION 8,0
WILLIAMSON-:-WEST MARION 9,0
WINNEBAGO-:-BURRITT 1,12
WINNEBAGO-:-CHERRY VALLEY 1,12
WINNEBAGO-:-CHERRY VALLEY 11,12
WINNEBAGO-:-CHERRY VALLEY 4,12
WINNEBAGO-:-CHERRY VALLEY 5,12
WINNEBAGO-:-CHERRY VALLEY 9,12
WINNEBAGO-:-DURAND 1,12
WINNEBAGO-:-DURAND 2,12
WINNEBAGO-:-HARLEM 10,12
WINNEBAGO-:-HARLEM 11,12
WINNEBAGO-:-HARLEM 12,12
WINNEBAGO-:-HARLEM 13,12
WINNEBAGO-:-HARLEM 14,12
WINNEBAGO-:-HARLEM 15,12
WINNEBAGO-:-HARLEM 16,12
WINNEBAGO-:-HARLEM 17,12
WINNEBAGO-:-HARLEM 18,12
WINNEBAGO-:-HARLEM 19,12
WINNEBAGO-:-HARLEM 2,12
WINNEBAGO-:-HARLEM 21,12
WINNEBAGO-:-HARLEM 22,12
WINNEBAGO-:-HARLEM 24,12
WINNEBAGO-:-HARLEM 25,12
WINNEBAGO-:-HARLEM 26,12
WINNEBAGO-:-HARLEM 27,12
WINNEBAGO-:-HARLEM 4,12
WINNEBAGO-:-HARLEM 5,12
WINNEBAGO-:-HARLEM 6,12
WINNEBAGO-:-HARLEM 7,12
WINNEBAGO-:-HARLEM 8,12
WINNEBAGO-:-HARRISON 1,12
WINNEBAGO-:-LAONA 1,12
WINNEBAGO-:-OWEN 1,12
WINNEBAGO-:-OWEN 2,12
WINNEBAGO-:-OWEN 3,12
WINNEBAGO-:-PECATONICA 2,12
WINNEBAGO-:-PECATONICA 3,12
WINNEBAGO-:-PECATONICA 4,12
WINNEBAGO-:-ROCKFORD 12,12
WINNEBAGO-:-ROCKFORD 13,12
WINNEBAGO-:-ROCKFORD 14,12
WINNEBAGO-:-ROCKFORD 26,12
WINNEBAGO-:-ROCKFORD 30,12
WINNEBAGO-:-ROCKFORD 4,12
WINNEBAGO-:-ROCKFORD 5,7
WINNEBAGO-:-ROCKFORD 54,12
WINNEBAGO-:-ROCKFORD 55,12
WINNEBAGO-:-ROCKFORD 8,12
WINNEBAGO-:-ROCKTON 1,12
WINNEBAGO-:-ROCKTON 10,12
WINNEBAGO-:-ROCKTON 11,12
WINNEBAGO-:-ROCKTON 13,12
WINNEBAGO-:-ROCKTON 2,12
WINNEBAGO-:-ROCKTON 3,12
WINNEBAGO-:-ROCKTON 5,12
WINNEBAGO-:-ROCKTON 6,12
WINNEBAGO-:-ROCKTON 8,12
WINNEBAGO-:-ROCKTON 9,12
WINNEBAGO-:-ROSCOE 1,12
WINNEBAGO-:-ROSCOE 10,12
WINNEBAGO-:-ROSCOE 11,12
WINNEBAGO-:-ROSCOE 12,12
WINNEBAGO-:-ROSCOE 14,12
WINNEBAGO-:-ROSCOE 15,12
WINNEBAGO-:-ROSCOE 2,12
WINNEBAGO-:-ROSCOE 3,12
WINNEBAGO-:-ROSCOE 4,12
WINNEBAGO-:-ROSCOE 5,12
WINNEBAGO-:-ROSCOE 6,12
WINNEBAGO-:-ROSCOE 7,12
WINNEBAGO-:-ROSCOE 8,12
WINNEBAGO-:-ROSCOE 9,12
WINNEBAGO-:-SEWARD 1,12
WINNEBAGO-:-SHIRLAND 1,12
WINNEBAGO-:-WINNEBAGO 3,12
WINNEBAGO-:-WINNEBAGO 4,12
WOODFORD-:-CAZENOVIA 1,2
WOODFORD-:-CAZENOVIA 3,2
WOODFORD-:-CLAYTON,2
WOODFORD-:-CRUGER 1,2
WOODFORD-:-CRUGER 2,2
WOODFORD-:-EL PASO 1,2
WOODFORD-:-EL PASO 2,2
WOODFORD-:-EL PASO 3,2
WOODFORD-:-GREENE,2
WOODFORD-:-KANSAS,2
WOODFORD-:-LINN,2
WOODFORD-:-METAMORA 1,2
WOODFORD-:-METAMORA 2,2
WOODFORD-:-METAMORA 3,2
WOODFORD-:-METAMORA 4,2
WOODFORD-:-MINONK 1,2
WOODFORD-:-MINONK 2,2
WOODFORD-:-MONTGOMERY 1,2
WOODFORD-:-MONTGOMERY 2,2
WOODFORD-:-OLIO 1,2
WOODFORD-:-OLIO 2,2
WOODFORD-:-OLIO 3,2
WOODFORD-:-OLIO 4,2
WOODFORD-:-PALESTINE,2
WOODFORD-:-PANOLA,2
WOODFORD-:-PARTRIDGE,2
WOODFORD-:-ROANOKE 1,2
WOODFORD-:-ROANOKE 2,2
WOODFORD-:-SPRING BAY 1,2
WOODFORD-:-SPRING BAY 2,2
WOODFORD-:-WORTH 1,2
WOODFORD-:-WORTH 3,2
WOODFORD-:-WORTH 4,2
WOODFORD-:-WORTH 5,2
WOODFORD-:-WORTH 6,2
WOODFORD-:-WORTH 7,2
WOODFORD-:-WORTH 9,2
