unit_id,district
BOONE-:-FLORA 1-(CONG-11),14
BOONE-:-FLORA 1-(CONG-16),14
BUREAU-:-ARISPIE-(CONG-14),8
BUREAU-:-ARISPIE-(CONG-16),14
BUREAU-:-PRINCETON 6-(CONG-14),8
BUREAU-:-PRINCETON 6-(CONG-16),14
BUREAU-:-SELBY 2-(CONG-14),14
BUREAU-:-SELBY 2-(CONG-16),8
CHAMPAIGN-:-HENSLEY-(CONG-13),11
CHAMPAIGN-:-HENSLEY-(CONG-15),11
CHAMPAIGN-:-RANTOUL 4-(CONG-02),11
CHAMPAIGN-:-RANTOUL 4-(CONG-15),11
CHAMPAIGN-:-SOMER-(CONG-13),11
CHAMPAIGN-:-SOMER-(CONG-15),11
CITY OF BLOOMINGTON-:-PRECINCT 10-(CONG-16),11
CITY OF BLOOMINGTON-:-PRECINCT 10-(CONG-17),11
CITY OF BLOOMINGTON-:-PRECINCT 15-(CONG-16),11
CITY OF BLOOMINGTON-:-PRECINCT 15-(CONG-17),11
CITY OF BLOOMINGTON-:-PRECINCT 17-(CONG-16),11
CITY OF BLOOMINGTON-:-PRECINCT 17-(CONG-17),11
CITY OF BLOOMINGTON-:-PRECINCT 2-(CONG-16),11
CITY OF BLOOMINGTON-:-PRECINCT 2-(CONG-17),11
CITY OF BLOOMINGTON-:-PRECINCT 52-(CONG-16),11
CITY OF BLOOMINGTON-:-PRECINCT 52-(CONG-17),11
CITY OF CHICAGO-:-WARD 01 PRECINCT 21-(CONG-05),15
CITY OF CHICAGO-:-WARD 01 PRECINCT 21-(CONG-07),15
CITY OF CHICAGO-:-WARD 02 PRECINCT 23-(CONG-05),15
CITY OF CHICAGO-:-WARD 02 PRECINCT 23-(CONG-07),15
CITY OF CHICAGO-:-WARD 03 PRECINCT 02-(CONG-01),6
CITY OF CHICAGO-:-WARD 03 PRECINCT 02-(CONG-07),6
CITY OF CHICAGO-:-WARD 03 PRECINCT 07-(CONG-01),6
CITY OF CHICAGO-:-WARD 03 PRECINCT 07-(CONG-07),6
CITY OF CHICAGO-:-WARD 03 PRECINCT 19-(CONG-01),6
CITY OF CHICAGO-:-WARD 03 PRECINCT 19-(CONG-07),6
CITY OF CHICAGO-:-WARD 03 PRECINCT 20-(CONG-01),6
CITY OF CHICAGO-:-WARD 03 PRECINCT 20-(CONG-07),6
CITY OF CHICAGO-:-WARD 03 PRECINCT 22-(CONG-01),6
CITY OF CHICAGO-:-WARD 03 PRECINCT 22-(CONG-07),6
CITY OF CHICAGO-:-WARD 04 PRECINCT 01-(CONG-01),6
CITY OF CHICAGO-:-WARD 04 PRECINCT 01-(CONG-02),6
CITY OF CHICAGO-:-WARD 04 PRECINCT 03-(CONG-01),6
CITY OF CHICAGO-:-WARD 04 PRECINCT 03-(CONG-02),6
CITY OF CHICAGO-:-WARD 04 PRECINCT 24-(CONG-01),6
CITY OF CHICAGO-:-WARD 04 PRECINCT 24-(CONG-07),6
CITY OF CHICAGO-:-WARD 05 PRECINCT 01-(CONG-01),6
CITY OF CHICAGO-:-WARD 05 PRECINCT 01-(CONG-02),6
CITY OF CHICAGO-:-WARD 05 PRECINCT 09-(CONG-01),6
CITY OF CHICAGO-:-WARD 05 PRECINCT 09-(CONG-02),6
CITY OF CHICAGO-:-WARD 05 PRECINCT 15-(CONG-01),6
CITY OF CHICAGO-:-WARD 05 PRECINCT 15-(CONG-02),6
CITY OF CHICAGO-:-WARD 07 PRECINCT 02-(CONG-01),6
CITY OF CHICAGO-:-WARD 07 PRECINCT 02-(CONG-02),6
CITY OF CHICAGO-:-WARD 07 PRECINCT 10-(CONG-01),6
CITY OF CHICAGO-:-WARD 07 PRECINCT 10-(CONG-02),6
CITY OF CHICAGO-:-WARD 07 PRECINCT 12-(CONG-01),6
CITY OF CHICAGO-:-WARD 07 PRECINCT 12-(CONG-02),6
CITY OF CHICAGO-:-WARD 07 PRECINCT 13-(CONG-01),6
CITY OF CHICAGO-:-WARD 07 PRECINCT 13-(CONG-02),6
CITY OF CHICAGO-:-WARD 07 PRECINCT 16-(CONG-01),6
CITY OF CHICAGO-:-WARD 07 PRECINCT 16-(CONG-02),6
CITY OF CHICAGO-:-WARD 07 PRECINCT 17-(CONG-01),6
CITY OF CHICAGO-:-WARD 07 PRECINCT 17-(CONG-02),6
CITY OF CHICAGO-:-WARD 09 PRECINCT 08-(CONG-01),6
CITY OF CHICAGO-:-WARD 09 PRECINCT 08-(CONG-02),6
CITY OF CHICAGO-:-WARD 14 PRECINCT 01-(CONG-04),4
CITY OF CHICAGO-:-WARD 14 PRECINCT 01-(CONG-07),4
CITY OF CHICAGO-:-WARD 15 PRECINCT 10-(CONG-04),4
CITY OF CHICAGO-:-WARD 15 PRECINCT 10-(CONG-07),4
CITY OF CHICAGO-:-WARD 16 PRECINCT 07-(CONG-04),4
CITY OF CHICAGO-:-WARD 16 PRECINCT 07-(CONG-07),4
CITY OF CHICAGO-:-WARD 16 PRECINCT 20-(CONG-01),6
CITY OF CHICAGO-:-WARD 16 PRECINCT 20-(CONG-07),6
CITY OF CHICAGO-:-WARD 16 PRECINCT 23-(CONG-04),4
CITY OF CHICAGO-:-WARD 16 PRECINCT 23-(CONG-07),4
CITY OF CHICAGO-:-WARD 17 PRECINCT 02-(CONG-01),4
CITY OF CHICAGO-:-WARD 17 PRECINCT 02-(CONG-07),4
CITY OF CHICAGO-:-WARD 17 PRECINCT 14-(CONG-01),6
CITY OF CHICAGO-:-WARD 17 PRECINCT 14-(CONG-07),6
CITY OF CHICAGO-:-WARD 18 PRECINCT 18-(CONG-01),4
CITY OF CHICAGO-:-WARD 18 PRECINCT 18-(CONG-04),4
CITY OF CHICAGO-:-WARD 19 PRECINCT 10-(CONG-01),4
CITY OF CHICAGO-:-WARD 19 PRECINCT 10-(CONG-06),4
CITY OF CHICAGO-:-WARD 19 PRECINCT 11-(CONG-01),4
CITY OF CHICAGO-:-WARD 19 PRECINCT 11-(CONG-06),4
CITY OF CHICAGO-:-WARD 19 PRECINCT 19-(CONG-01),4
CITY OF CHICAGO-:-WARD 19 PRECINCT 19-(CONG-06),4
CITY OF CHICAGO-:-WARD 19 PRECINCT 25-(CONG-01),4
CITY OF CHICAGO-:-WARD 19 PRECINCT 25-(CONG-06),4
CITY OF CHICAGO-:-WARD 19 PRECINCT 26-(CONG-01),4
CITY OF CHICAGO-:-WARD 19 PRECINCT 26-(CONG-06),4
CITY OF CHICAGO-:-WARD 19 PRECINCT 31-(CONG-01),4
CITY OF CHICAGO-:-WARD 19 PRECINCT 31-(CONG-06),4
CITY OF CHICAGO-:-WARD 19 PRECINCT 36-(CONG-01),4
CITY OF CHICAGO-:-WARD 19 PRECINCT 36-(CONG-06),4
CITY OF CHICAGO-:-WARD 20 PRECINCT 01-(CONG-04),4
CITY OF CHICAGO-:-WARD 20 PRECINCT 01-(CONG-07),4
CITY OF CHICAGO-:-WARD 20 PRECINCT 03-(CONG-04),4
CITY OF CHICAGO-:-WARD 20 PRECINCT 03-(CONG-07),4
CITY OF CHICAGO-:-WARD 20 PRECINCT 05-(CONG-04),4
CITY OF CHICAGO-:-WARD 20 PRECINCT 05-(CONG-07),4
CITY OF CHICAGO-:-WARD 20 PRECINCT 08-(CONG-01),6
CITY OF CHICAGO-:-WARD 20 PRECINCT 08-(CONG-07),6
CITY OF CHICAGO-:-WARD 20 PRECINCT 14-(CONG-01),6
CITY OF CHICAGO-:-WARD 20 PRECINCT 14-(CONG-07),6
CITY OF CHICAGO-:-WARD 22 PRECINCT 02-(CONG-04),4
CITY OF CHICAGO-:-WARD 22 PRECINCT 02-(CONG-07),4
CITY OF CHICAGO-:-WARD 24 PRECINCT 18-(CONG-04),16
CITY OF CHICAGO-:-WARD 24 PRECINCT 18-(CONG-07),16
CITY OF CHICAGO-:-WARD 25 PRECINCT 03-(CONG-04),16
CITY OF CHICAGO-:-WARD 25 PRECINCT 03-(CONG-07),16
CITY OF CHICAGO-:-WARD 25 PRECINCT 13-(CONG-04),4
CITY OF CHICAGO-:-WARD 25 PRECINCT 13-(CONG-07),4
CITY OF CHICAGO-:-WARD 26 PRECINCT 27-(CONG-03),6
CITY OF CHICAGO-:-WARD 26 PRECINCT 27-(CONG-07),6
CITY OF CHICAGO-:-WARD 27 PRECINCT 09-(CONG-05),16
CITY OF CHICAGO-:-WARD 27 PRECINCT 09-(CONG-07),15
CITY OF CHICAGO-:-WARD 27 PRECINCT 12-(CONG-05),15
CITY OF CHICAGO-:-WARD 27 PRECINCT 12-(CONG-07),15
CITY OF CHICAGO-:-WARD 27 PRECINCT 13-(CONG-05),16
CITY OF CHICAGO-:-WARD 27 PRECINCT 13-(CONG-07),15
CITY OF CHICAGO-:-WARD 27 PRECINCT 21-(CONG-05),15
CITY OF CHICAGO-:-WARD 27 PRECINCT 21-(CONG-07),15
CITY OF CHICAGO-:-WARD 28 PRECINCT 17-(CONG-04),16
CITY OF CHICAGO-:-WARD 28 PRECINCT 17-(CONG-07),16
CITY OF CHICAGO-:-WARD 29 PRECINCT 04-(CONG-03),16
CITY OF CHICAGO-:-WARD 29 PRECINCT 04-(CONG-07),16
CITY OF CHICAGO-:-WARD 29 PRECINCT 05-(CONG-03),16
CITY OF CHICAGO-:-WARD 29 PRECINCT 05-(CONG-07),16
CITY OF CHICAGO-:-WARD 30 PRECINCT 03-(CONG-03),16
CITY OF CHICAGO-:-WARD 30 PRECINCT 03-(CONG-05),16
CITY OF CHICAGO-:-WARD 30 PRECINCT 15-(CONG-03),16
CITY OF CHICAGO-:-WARD 30 PRECINCT 15-(CONG-05),16
CITY OF CHICAGO-:-WARD 30 PRECINCT 22-(CONG-03),16
CITY OF CHICAGO-:-WARD 30 PRECINCT 22-(CONG-05),16
CITY OF CHICAGO-:-WARD 30 PRECINCT 23-(CONG-03),16
CITY OF CHICAGO-:-WARD 30 PRECINCT 23-(CONG-05),16
CITY OF CHICAGO-:-WARD 32 PRECINCT 19-(CONG-03),15
CITY OF CHICAGO-:-WARD 32 PRECINCT 19-(CONG-05),15
CITY OF CHICAGO-:-WARD 33 PRECINCT 16-(CONG-03),8
CITY OF CHICAGO-:-WARD 33 PRECINCT 16-(CONG-05),16
CITY OF CHICAGO-:-WARD 35 PRECINCT 22-(CONG-03),8
CITY OF CHICAGO-:-WARD 35 PRECINCT 22-(CONG-05),16
CITY OF CHICAGO-:-WARD 37 PRECINCT 16-(CONG-03),16
CITY OF CHICAGO-:-WARD 37 PRECINCT 16-(CONG-07),6
CITY OF CHICAGO-:-WARD 38 PRECINCT 06-(CONG-03),16
CITY OF CHICAGO-:-WARD 38 PRECINCT 06-(CONG-05),16
CITY OF CHICAGO-:-WARD 38 PRECINCT 11-(CONG-03),8
CITY OF CHICAGO-:-WARD 38 PRECINCT 11-(CONG-05),8
CITY OF CHICAGO-:-WARD 38 PRECINCT 17-(CONG-03),8
CITY OF CHICAGO-:-WARD 38 PRECINCT 17-(CONG-05),8
CITY OF CHICAGO-:-WARD 38 PRECINCT 24-(CONG-03),8
CITY OF CHICAGO-:-WARD 38 PRECINCT 24-(CONG-05),8
CITY OF CHICAGO-:-WARD 39 PRECINCT 28-(CONG-03),6
CITY OF CHICAGO-:-WARD 39 PRECINCT 28-(CONG-05),16
CITY OF CHICAGO-:-WARD 40 PRECINCT 04-(CONG-05),6
CITY OF CHICAGO-:-WARD 40 PRECINCT 04-(CONG-09),6
CITY OF CHICAGO-:-WARD 40 PRECINCT 19-(CONG-05),6
CITY OF CHICAGO-:-WARD 40 PRECINCT 19-(CONG-09),6
CITY OF CHICAGO-:-WARD 40 PRECINCT 23-(CONG-03),16
CITY OF CHICAGO-:-WARD 40 PRECINCT 23-(CONG-05),8
CITY OF CHICAGO-:-WARD 41 PRECINCT 28-(CONG-05),6
CITY OF CHICAGO-:-WARD 41 PRECINCT 28-(CONG-09),6
CITY OF CHICAGO-:-WARD 42 PRECINCT 09-(CONG-05),15
CITY OF CHICAGO-:-WARD 42 PRECINCT 09-(CONG-07),15
CITY OF CHICAGO-:-WARD 42 PRECINCT 22-(CONG-05),15
CITY OF CHICAGO-:-WARD 42 PRECINCT 22-(CONG-07),15
CITY OF CHICAGO-:-WARD 43 PRECINCT 15-(CONG-05),15
CITY OF CHICAGO-:-WARD 43 PRECINCT 15-(CONG-07),15
CITY OF CHICAGO-:-WARD 45 PRECINCT 24-(CONG-03),8
CITY OF CHICAGO-:-WARD 45 PRECINCT 24-(CONG-05),8
CITY OF CHICAGO-:-WARD 45 PRECINCT 27-(CONG-03),16
CITY OF CHICAGO-:-WARD 45 PRECINCT 27-(CONG-05),8
CITY OF CHICAGO-:-WARD 45 PRECINCT 29-(CONG-03),16
CITY OF CHICAGO-:-WARD 45 PRECINCT 29-(CONG-05),16
CITY OF CHICAGO-:-WARD 46 PRECINCT 07-(CONG-05),15
CITY OF CHICAGO-:-WARD 46 PRECINCT 07-(CONG-09),15
CITY OF CHICAGO-:-WARD 46 PRECINCT 08-(CONG-05),15
CITY OF CHICAGO-:-WARD 46 PRECINCT 08-(CONG-09),15
CITY OF CHICAGO-:-WARD 46 PRECINCT 10-(CONG-05),15
CITY OF CHICAGO-:-WARD 46 PRECINCT 10-(CONG-09),15
CITY OF CHICAGO-:-WARD 47 PRECINCT 02-(CONG-05),6
CITY OF CHICAGO-:-WARD 47 PRECINCT 02-(CONG-09),6
CITY OF CHICAGO-:-WARD 47 PRECINCT 03-(CONG-05),6
CITY OF CHICAGO-:-WARD 47 PRECINCT 03-(CONG-09),6
CITY OF CHICAGO-:-WARD 47 PRECINCT 28-(CONG-03),16
CITY OF CHICAGO-:-WARD 47 PRECINCT 28-(CONG-05),8
CITY OF CHICAGO-:-WARD 50 PRECINCT 24-(CONG-05),6
CITY OF CHICAGO-:-WARD 50 PRECINCT 24-(CONG-09),6
CITY OF ROCKFORD-:-WARD 1 PRECINCT 2-(CONG-16),14
CITY OF ROCKFORD-:-WARD 1 PRECINCT 2-(CONG-17),14
CITY OF ROCKFORD-:-WARD 1 PRECINCT 5-(CONG-16),14
CITY OF ROCKFORD-:-WARD 1 PRECINCT 5-(CONG-17),14
CITY OF ROCKFORD-:-WARD 12 PRECINCT 2-(CONG-16),14
CITY OF ROCKFORD-:-WARD 12 PRECINCT 2-(CONG-17),14
CITY OF ROCKFORD-:-WARD 12 PRECINCT 5-(CONG-16),14
CITY OF ROCKFORD-:-WARD 12 PRECINCT 5-(CONG-17),14
CITY OF ROCKFORD-:-WARD 4 PRECINCT 1-(CONG-16),14
CITY OF ROCKFORD-:-WARD 4 PRECINCT 1-(CONG-17),8
CITY OF ROCKFORD-:-WARD 4 PRECINCT 4-(CONG-16),14
CITY OF ROCKFORD-:-WARD 4 PRECINCT 4-(CONG-17),14
CITY OF ROCKFORD-:-WARD 4 PRECINCT 8-(CONG-16),14
CITY OF ROCKFORD-:-WARD 4 PRECINCT 8-(CONG-17),14
CITY OF ROCKFORD-:-WARD 5 PRECINCT 3-(CONG-16),14
CITY OF ROCKFORD-:-WARD 5 PRECINCT 3-(CONG-17),14
CITY OF ROCKFORD-:-WARD 6 PRECINCT 1-(CONG-16),14
CITY OF ROCKFORD-:-WARD 6 PRECINCT 1-(CONG-17),14
CITY OF ROCKFORD-:-WARD 6 PRECINCT 3-(CONG-16),14
CITY OF ROCKFORD-:-WARD 6 PRECINCT 3-(CONG-17),14
CITY OF ROCKFORD-:-WARD 7 PRECINCT 4-(CONG-16),14
CITY OF ROCKFORD-:-WARD 7 PRECINCT 4-(CONG-17),14
CITY OF ROCKFORD-:-WARD 9 PRECINCT 3-(CONG-16),14
CITY OF ROCKFORD-:-WARD 9 PRECINCT 3-(CONG-17),14
COOK-:-7000004-(CONG-05),7
COOK-:-7000004-(CONG-08),7
COOK-:-7000008-(CONG-05),7
COOK-:-7000008-(CONG-08),7
COOK-:-7200003-(CONG-01),6
COOK-:-7200003-(CONG-02),6
COOK-:-7200007-(CONG-01),12
COOK-:-7200007-(CONG-02),12
COOK-:-7200012-(CONG-01),12
COOK-:-7200012-(CONG-02),12
COOK-:-7200021-(CONG-01),12
COOK-:-7200021-(CONG-02),12
COOK-:-7200030-(CONG-01),6
COOK-:-7200030-(CONG-06),6
COOK-:-7200045-(CONG-01),12
COOK-:-7200045-(CONG-02),12
COOK-:-7300001-(CONG-01),12
COOK-:-7300001-(CONG-02),12
COOK-:-7300002-(CONG-01),12
COOK-:-7300002-(CONG-02),12
COOK-:-7400014-(CONG-05),7
COOK-:-7400014-(CONG-08),7
COOK-:-7400016-(CONG-05),7
COOK-:-7400016-(CONG-08),7
COOK-:-7400017-(CONG-03),7
COOK-:-7400017-(CONG-08),7
COOK-:-7400023-(CONG-05),7
COOK-:-7400023-(CONG-08),7
COOK-:-7400027-(CONG-05),7
COOK-:-7400027-(CONG-08),7
COOK-:-7400044-(CONG-05),7
COOK-:-7400044-(CONG-08),7
COOK-:-7600004-(CONG-03),7
COOK-:-7600004-(CONG-08),7
COOK-:-7600015-(CONG-03),7
COOK-:-7600015-(CONG-08),7
COOK-:-7700013-(CONG-01),13
COOK-:-7700013-(CONG-11),13
COOK-:-7800026-(CONG-03),16
COOK-:-7800026-(CONG-07),3
COOK-:-7800042-(CONG-05),16
COOK-:-7800042-(CONG-08),16
COOK-:-7900010-(CONG-04),3
COOK-:-7900010-(CONG-06),12
COOK-:-7900012-(CONG-04),3
COOK-:-7900012-(CONG-06),13
COOK-:-7900026-(CONG-04),3
COOK-:-7900026-(CONG-06),3
COOK-:-7900040-(CONG-04),12
COOK-:-7900040-(CONG-06),12
COOK-:-7900043-(CONG-04),12
COOK-:-7900043-(CONG-06),12
COOK-:-7900047-(CONG-04),12
COOK-:-7900047-(CONG-06),12
COOK-:-7900050-(CONG-04),6
COOK-:-7900050-(CONG-06),6
COOK-:-8000004-(CONG-05),7
COOK-:-8000004-(CONG-08),6
COOK-:-8000012-(CONG-05),3
COOK-:-8000012-(CONG-08),3
COOK-:-8000016-(CONG-05),3
COOK-:-8000016-(CONG-08),3
COOK-:-8000017-(CONG-05),3
COOK-:-8000017-(CONG-08),3
COOK-:-8000018-(CONG-05),3
COOK-:-8000018-(CONG-08),3
COOK-:-8000020-(CONG-05),3
COOK-:-8000020-(CONG-09),3
COOK-:-8000035-(CONG-05),3
COOK-:-8000035-(CONG-08),6
COOK-:-8000069-(CONG-05),3
COOK-:-8000069-(CONG-09),6
COOK-:-8100018-(CONG-09),3
COOK-:-8100018-(CONG-10),3
COOK-:-8100027-(CONG-09),3
COOK-:-8100027-(CONG-10),3
COOK-:-8100031-(CONG-09),3
COOK-:-8100031-(CONG-10),3
COOK-:-8100032-(CONG-09),3
COOK-:-8100032-(CONG-10),3
COOK-:-8200001-(CONG-05),3
COOK-:-8200001-(CONG-09),6
COOK-:-8200026-(CONG-05),8
COOK-:-8200026-(CONG-09),6
COOK-:-8300008-(CONG-09),6
COOK-:-8300008-(CONG-10),6
COOK-:-8300033-(CONG-05),6
COOK-:-8300033-(CONG-09),3
COOK-:-8300043-(CONG-09),3
COOK-:-8300043-(CONG-10),3
COOK-:-8500030-(CONG-04),16
COOK-:-8500030-(CONG-07),6
COOK-:-8600015-(CONG-01),12
COOK-:-8600015-(CONG-06),12
COOK-:-8700002-(CONG-05),7
COOK-:-8700002-(CONG-08),7
COOK-:-8700018-(CONG-05),7
COOK-:-8700018-(CONG-08),7
COOK-:-8700027-(CONG-05),9
COOK-:-8700027-(CONG-08),9
COOK-:-8700035-(CONG-05),9
COOK-:-8700035-(CONG-08),7
COOK-:-8700038-(CONG-05),7
COOK-:-8700047-(CONG-05),7
COOK-:-8700047-(CONG-08),9
COOK-:-8700059-(CONG-05),9
COOK-:-8700059-(CONG-08),9
COOK-:-8900023-(CONG-04),3
COOK-:-8900023-(CONG-06),3
COOK-:-8900025-(CONG-04),12
COOK-:-8900025-(CONG-07),12
COOK-:-8900030-(CONG-04),3
COOK-:-8900030-(CONG-07),6
COOK-:-8900071-(CONG-04),6
COOK-:-8900071-(CONG-07),3
COOK-:-9400012-(CONG-04),6
COOK-:-9400012-(CONG-06),6
COOK-:-9500049-(CONG-01),12
COOK-:-9500049-(CONG-02),12
COOK-:-9600011-(CONG-05),6
COOK-:-9600011-(CONG-09),6
COOK-:-9600021-(CONG-05),9
COOK-:-9600021-(CONG-09),9
COOK-:-9600040-(CONG-05),9
COOK-:-9600040-(CONG-09),9
COOK-:-9600046-(CONG-05),9
COOK-:-9600046-(CONG-09),9
COOK-:-9600047-(CONG-09),9
COOK-:-9600047-(CONG-10),9
COOK-:-9600048-(CONG-09),7
COOK-:-9600048-(CONG-10),9
COOK-:-9600054-(CONG-09),9
COOK-:-9600054-(CONG-10),9
COOK-:-9600060-(CONG-05),9
COOK-:-9600060-(CONG-09),9
COOK-:-9600063-(CONG-05),9
COOK-:-9600063-(CONG-09),9
COOK-:-9600068-(CONG-05),7
COOK-:-9600068-(CONG-09),6
COOK-:-9700001-(CONG-04),12
COOK-:-9700001-(CONG-06),6
COOK-:-9700024-(CONG-01),12
COOK-:-9700024-(CONG-02),12
COOK-:-9700043-(CONG-01),12
COOK-:-9700043-(CONG-06),12
COOK-:-9700058-(CONG-04),6
COOK-:-9700058-(CONG-06),6
COOK-:-9700073-(CONG-01),6
COOK-:-9700073-(CONG-06),6
DEKALB-:-MAYFIELD 1-(CONG-14),10
DEKALB-:-MAYFIELD 1-(CONG-16),14
DEKALB-:-SYCAMORE 7-(CONG-11),14
DEKALB-:-SYCAMORE 7-(CONG-14),14
DEKALB-:-SYCAMORE 9-(CONG-11),10
DEKALB-:-SYCAMORE 9-(CONG-14),14
HENRY-:-COLONA 1-(CONG-16),2
HENRY-:-COLONA 1-(CONG-17),2
KANKAKEE-:-BOURBONNAIS 10-(CONG-01),11
KANKAKEE-:-BOURBONNAIS 10-(CONG-02),11
KANKAKEE-:-BOURBONNAIS 11-(CONG-01),11
KANKAKEE-:-BOURBONNAIS 11-(CONG-02),11
KANKAKEE-:-BOURBONNAIS 13-(CONG-01),11
KANKAKEE-:-BOURBONNAIS 13-(CONG-02),11
KANKAKEE-:-BOURBONNAIS 14-(CONG-01),11
KANKAKEE-:-BOURBONNAIS 14-(CONG-02),11
KANKAKEE-:-BOURBONNAIS 17-(CONG-01),11
KANKAKEE-:-BOURBONNAIS 17-(CONG-02),11
KANKAKEE-:-BOURBONNAIS 5-(CONG-01),11
KANKAKEE-:-BOURBONNAIS 5-(CONG-02),11
KANKAKEE-:-MANTENO 4-(CONG-01),5
KANKAKEE-:-MANTENO 4-(CONG-02),11
LAKE-:-WAUCONDA 344-(CONG-09),9
LAKE-:-WAUCONDA 344-(CONG-11),10
LAKE-:-WAUCONDA 350-(CONG-09),9
LAKE-:-WAUCONDA 350-(CONG-11),9
LASALLE-:-DEER PARK-(CONG-14),5
LASALLE-:-DEER PARK-(CONG-16),5
LASALLE-:-EDEN 1-(CONG-14),5
LASALLE-:-EDEN 1-(CONG-16),5
LASALLE-:-FALL RIVER-(CONG-14),5
LASALLE-:-FALL RIVER-(CONG-16),5
LASALLE-:-FARM RIDGE-(CONG-14),5
LASALLE-:-FARM RIDGE-(CONG-16),5
LIVINGSTON-:-ESMEN-(CONG-02),11
LIVINGSTON-:-ESMEN-(CONG-16),11
LIVINGSTON-:-PONTIAC 10-(CONG-02),11
LIVINGSTON-:-PONTIAC 10-(CONG-16),11
LIVINGSTON-:-PONTIAC 9-(CONG-02),11
LIVINGSTON-:-PONTIAC 9-(CONG-16),8
MACON-:-DECATUR 16-(CONG-13),0
MACON-:-DECATUR 16-(CONG-15),0
MACON-:-DECATUR 19-(CONG-13),0
MACON-:-DECATUR 19-(CONG-15),0
MACON-:-DECATUR 27-(CONG-13),0
MACON-:-DECATUR 27-(CONG-15),0
MACON-:-DECATUR 28-(CONG-13),0
MACON-:-DECATUR 28-(CONG-15),0
MACON-:-DECATUR 7-(CONG-13),0
MACON-:-DECATUR 7-(CONG-15),0
MACON-:-DECATUR 8-(CONG-13),0
MACON-:-DECATUR 8-(CONG-15),0
MACON-:-DECATUR 9-(CONG-13),0
MACON-:-DECATUR 9-(CONG-15),0
MACON-:-HARRISTOWN-(CONG-13),0
MACON-:-HARRISTOWN-(CONG-15),0
MACON-:-HICKORY PT. 2-(CONG-13),0
MACON-:-HICKORY PT. 2-(CONG-15),0
MACON-:-HICKORY PT. 3-(CONG-13),0
MACON-:-HICKORY PT. 3-(CONG-15),0
MACON-:-LONG CREEK 4-(CONG-13),0
MACON-:-LONG CREEK 4-(CONG-15),0
MACON-:-OAKLEY-(CONG-13),0
MACON-:-OAKLEY-(CONG-15),0
MADISON-:-ALTON 01-(CONG-13),1
MADISON-:-ALTON 01-(CONG-15),1
MADISON-:-ALTON 03-(CONG-13),1
MADISON-:-ALTON 03-(CONG-15),1
MADISON-:-ALTON 05-(CONG-13),1
MADISON-:-ALTON 05-(CONG-15),1
MADISON-:-COLLINSVILLE 01-(CONG-13),1
MADISON-:-COLLINSVILLE 01-(CONG-15),1
MADISON-:-COLLINSVILLE 20-(CONG-13),1
MADISON-:-COLLINSVILLE 20-(CONG-15),1
MADISON-:-FOSTER 02-(CONG-13),1
MADISON-:-FOSTER 02-(CONG-15),1
MADISON-:-FT. RUSSELL 07-(CONG-13),1
MADISON-:-FT. RUSSELL 07-(CONG-15),1
MADISON-:-MORO 02-(CONG-13),1
MADISON-:-MORO 02-(CONG-15),1
MCHENRY-:-GREENWOOD GRE 06-(CONG-10),10
MCHENRY-:-GREENWOOD GRE 06-(CONG-11),10
MCHENRY-:-HARTLAND HAR 01-(CONG-11),10
MCHENRY-:-HARTLAND HAR 01-(CONG-16),10
MCHENRY-:-HARTLAND HAR 02-(CONG-11),10
MCHENRY-:-HARTLAND HAR 02-(CONG-16),10
MCHENRY-:-MCHENRY MCH 07-(CONG-10),10
MCHENRY-:-MCHENRY MCH 07-(CONG-11),10
MCLEAN-:-ALLIN 01-(CONG-16),11
MCLEAN-:-ALLIN 01-(CONG-17),11
MCLEAN-:-BLOOMINGTON 01-(CONG-16),11
MCLEAN-:-BLOOMINGTON 01-(CONG-17),11
MCLEAN-:-BLOOMINGTON 02-(CONG-16),11
MCLEAN-:-BLOOMINGTON 02-(CONG-17),11
MCLEAN-:-DALE 01-(CONG-16),11
MCLEAN-:-DALE 01-(CONG-17),11
MCLEAN-:-NORMAL 31-(CONG-16),11
MCLEAN-:-NORMAL 31-(CONG-17),11
PUTNAM-:-HENNEPIN 1-(CONG-14),14
PUTNAM-:-HENNEPIN 1-(CONG-16),14
PUTNAM-:-MAGNOLIA 2-(CONG-14),8
PUTNAM-:-MAGNOLIA 2-(CONG-16),14
SANGAMON-:-CAPITAL 012-(CONG-13),0
SANGAMON-:-CAPITAL 012-(CONG-15),0
SANGAMON-:-CAPITAL 016-(CONG-13),0
SANGAMON-:-CAPITAL 016-(CONG-15),0
SANGAMON-:-CAPITAL 020-(CONG-13),0
SANGAMON-:-CAPITAL 020-(CONG-15),0
SANGAMON-:-CAPITAL 025-(CONG-13),0
SANGAMON-:-CAPITAL 025-(CONG-15),0
SANGAMON-:-CAPITAL 029-(CONG-13),0
SANGAMON-:-CAPITAL 029-(CONG-15),0
SANGAMON-:-CAPITAL 080-(CONG-13),0
SANGAMON-:-CAPITAL 080-(CONG-15),0
SANGAMON-:-CAPITAL 081-(CONG-13),0
SANGAMON-:-CAPITAL 081-(CONG-15),0
SANGAMON-:-CURRAN 001-(CONG-13),0
SANGAMON-:-CURRAN 001-(CONG-15),0
SANGAMON-:-GARDNER 004-(CONG-13),0
SANGAMON-:-GARDNER 004-(CONG-15),0
SANGAMON-:-SPRINGFIELD 001-(CONG-13),0
SANGAMON-:-SPRINGFIELD 001-(CONG-15),0
ST. CLAIR-:-BELLEVILLE 20-(CONG-12),1
ST. CLAIR-:-BELLEVILLE 20-(CONG-13),1
ST. CLAIR-:-BELLEVILLE 22-(CONG-12),1
ST. CLAIR-:-BELLEVILLE 22-(CONG-13),1
ST. CLAIR-:-CASEYVILLE 1-(CONG-12),1
ST. CLAIR-:-CASEYVILLE 1-(CONG-13),8
ST. CLAIR-:-CASEYVILLE 10-(CONG-12),1
ST. CLAIR-:-CASEYVILLE 10-(CONG-13),1
ST. CLAIR-:-CASEYVILLE 12-(CONG-12),1
ST. CLAIR-:-CASEYVILLE 12-(CONG-13),1
ST. CLAIR-:-CENTREVILLE 10-(CONG-12),1
ST. CLAIR-:-CENTREVILLE 10-(CONG-13),1
ST. CLAIR-:-CENTREVILLE 8-(CONG-12),8
ST. CLAIR-:-CENTREVILLE 8-(CONG-13),1
ST. CLAIR-:-O FALLON 2-(CONG-12),1
ST. CLAIR-:-O FALLON 2-(CONG-13),1
ST. CLAIR-:-ST CLAIR 10-(CONG-12),1
ST. CLAIR-:-ST CLAIR 10-(CONG-13),1
ST. CLAIR-:-STOOKEY 2-(CONG-12),1
ST. CLAIR-:-STOOKEY 2-(CONG-13),1
ST. CLAIR-:-STOOKEY 5-(CONG-12),1
ST. CLAIR-:-STOOKEY 5-(CONG-13),1
TAZEWELL-:-CINCINNATI 1-(CONG-16),2
TAZEWELL-:-CINCINNATI 1-(CONG-17),2
TAZEWELL-:-CINCINNATI 3-(CONG-16),2
TAZEWELL-:-CINCINNATI 3-(CONG-17),2
TAZEWELL-:-HOPEDALE 1-(CONG-16),11
TAZEWELL-:-HOPEDALE 1-(CONG-17),2
TAZEWELL-:-LT MACKINAW 1-(CONG-16),11
TAZEWELL-:-LT MACKINAW 1-(CONG-17),11
TAZEWELL-:-PEKIN 13-(CONG-16),2
TAZEWELL-:-PEKIN 13-(CONG-17),2
VERMILION-:-CATLIN 2-(CONG-02),11
VERMILION-:-CATLIN 2-(CONG-15),11
VERMILION-:-GEORGETOWN 5-(CONG-02),11
VERMILION-:-GEORGETOWN 5-(CONG-15),11
VERMILION-:-GEORGETOWN 7-(CONG-02),11
VERMILION-:-GEORGETOWN 7-(CONG-15),11
VERMILION-:-MCKENDREE-(CONG-02),8
VERMILION-:-MCKENDREE-(CONG-15),11
VERMILION-:-OAKWOOD 2-(CONG-02),11
VERMILION-:-OAKWOOD 2-(CONG-15),8
VERMILION-:-VANCE-(CONG-02),8
VERMILION-:-VANCE-(CONG-15),11
WINNEBAGO-:-CHERRY VALLEY 2-(CONG-16),14
WINNEBAGO-:-CHERRY VALLEY 2-(CONG-17),14
WINNEBAGO-:-CHERRY VALLEY 3-(CONG-16),14
WINNEBAGO-:-CHERRY VALLEY 3-(CONG-17),14
WINNEBAGO-:-CHERRY VALLEY 6-(CONG-16),14
WINNEBAGO-:-CHERRY VALLEY 6-(CONG-17),14
WINNEBAGO-:-HARLEM 1-(CONG-16),14
WINNEBAGO-:-HARLEM 1-(CONG-17),14
WINNEBAGO-:-HARLEM 23-(CONG-16),14
WINNEBAGO-:-HARLEM 23-(CONG-17),14
WINNEBAGO-:-ROCKFORD 1-(CONG-16),14
WINNEBAGO-:-ROCKFORD 1-(CONG-17),14
WINNEBAGO-:-ROCKFORD 15-(CONG-16),14
WINNEBAGO-:-ROCKFORD 15-(CONG-17),14
WINNEBAGO-:-ROCKFORD 2-(CONG-16),14
WINNEBAGO-:-ROCKFORD 2-(CONG-17),14
WINNEBAGO-:-ROCKFORD 25-(CONG-16),14
WINNEBAGO-:-ROCKFORD 25-(CONG-17),14
WINNEBAGO-:-ROCKFORD 27-(CONG-16),14
WINNEBAGO-:-ROCKFORD 27-(CONG-17),14
WINNEBAGO-:-ROCKFORD 31-(CONG-16),14
WINNEBAGO-:-ROCKFORD 31-(CONG-17),14
WINNEBAGO-:-ROCKFORD 32-(CONG-16),14
WINNEBAGO-:-ROCKFORD 32-(CONG-17),14
WINNEBAGO-:-ROCKFORD 33-(CONG-16),14
WINNEBAGO-:-ROCKFORD 33-(CONG-17),14
WINNEBAGO-:-ROCKFORD 51-(CONG-16),14
WINNEBAGO-:-ROCKFORD 51-(CONG-17),14
WINNEBAGO-:-ROCKFORD 52-(CONG-16),14
WINNEBAGO-:-ROCKFORD 52-(CONG-17),14
WINNEBAGO-:-ROCKFORD 9-(CONG-16),14
WINNEBAGO-:-ROCKFORD 9-(CONG-17),14
WINNEBAGO-:-WINNEBAGO 1-(CONG-16),14
WINNEBAGO-:-WINNEBAGO 1-(CONG-17),14
WINNEBAGO-:-WINNEBAGO 2-(CONG-16),14
WINNEBAGO-:-WINNEBAGO 2-(CONG-17),14
ADAMS-:-BEVERLY PCT 1,2
ADAMS-:-BURTON PCT 1,2
ADAMS-:-CAMP POINT PCT 1,2
ADAMS-:-CAMP POINT PCT 2,2
ADAMS-:-CLAYTON PCT 1,2
ADAMS-:-COLUMBUS PCT 1,2
ADAMS-:-CONCORD PCT 1,2
ADAMS-:-ELLINGTON PCT 1,2
ADAMS-:-ELLINGTON PCT 2,2
ADAMS-:-ELLINGTON PCT 3,2
ADAMS-:-FALL CREEK PCT 1,2
ADAMS-:-GILMER PCT 1,2
ADAMS-:-HONEY CREEK PCT 1,2
ADAMS-:-HOUSTON PCT 1,2
ADAMS-:-KEENE PCT 1,2
ADAMS-:-LIBERTY PCT 1,2
ADAMS-:-LIMA PCT 1,2
ADAMS-:-MCKEE PCT 1,2
ADAMS-:-MELROSE PCT 1,2
ADAMS-:-MELROSE PCT 2,2
ADAMS-:-MELROSE PCT 3,2
ADAMS-:-MELROSE PCT 4,2
ADAMS-:-MELROSE PCT 5,2
ADAMS-:-MELROSE PCT 6,2
ADAMS-:-MENDON PCT 1,2
ADAMS-:-MENDON PCT 2,2
ADAMS-:-NORTHEAST PCT 1,2
ADAMS-:-PAYSON PCT 1,2
ADAMS-:-PAYSON PCT 2,2
ADAMS-:-QUINCY PCT 1,2
ADAMS-:-QUINCY PCT 10,2
ADAMS-:-QUINCY PCT 11,2
ADAMS-:-QUINCY PCT 12,2
ADAMS-:-QUINCY PCT 13,2
ADAMS-:-QUINCY PCT 14,2
ADAMS-:-QUINCY PCT 15,2
ADAMS-:-QUINCY PCT 16,2
ADAMS-:-QUINCY PCT 17,2
ADAMS-:-QUINCY PCT 18,2
ADAMS-:-QUINCY PCT 19,2
ADAMS-:-QUINCY PCT 2,2
ADAMS-:-QUINCY PCT 20,2
ADAMS-:-QUINCY PCT 21,2
ADAMS-:-QUINCY PCT 22,2
ADAMS-:-QUINCY PCT 23,2
ADAMS-:-QUINCY PCT 24,2
ADAMS-:-QUINCY PCT 25,2
ADAMS-:-QUINCY PCT 26,2
ADAMS-:-QUINCY PCT 27,2
ADAMS-:-QUINCY PCT 28,2
ADAMS-:-QUINCY PCT 29,2
ADAMS-:-QUINCY PCT 3,2
ADAMS-:-QUINCY PCT 30,2
ADAMS-:-QUINCY PCT 31,2
ADAMS-:-QUINCY PCT 32,2
ADAMS-:-QUINCY PCT 33,2
ADAMS-:-QUINCY PCT 34,2
ADAMS-:-QUINCY PCT 35,2
ADAMS-:-QUINCY PCT 36,2
ADAMS-:-QUINCY PCT 37,2
ADAMS-:-QUINCY PCT 38,2
ADAMS-:-QUINCY PCT 39,2
ADAMS-:-QUINCY PCT 4,2
ADAMS-:-QUINCY PCT 40,2
ADAMS-:-QUINCY PCT 5,2
ADAMS-:-QUINCY PCT 6,2
ADAMS-:-QUINCY PCT 7,2
ADAMS-:-QUINCY PCT 8,2
ADAMS-:-QUINCY PCT 9,2
ADAMS-:-RICHFIELD PCT 1,2
ADAMS-:-RIVERSIDE PCT 1,2
ADAMS-:-RIVERSIDE PCT 2,2
ADAMS-:-RIVERSIDE PCT 3,2
ADAMS-:-URSA PCT 1,2
ALEXANDER-:-CACHE,8
ALEXANDER-:-CAIRO 1,8
ALEXANDER-:-CAIRO 2,8
ALEXANDER-:-CAIRO 3,8
ALEXANDER-:-CAIRO 4,8
ALEXANDER-:-CAIRO 5,8
ALEXANDER-:-MCCLURE,8
ALEXANDER-:-OLIVE BRANCH,8
ALEXANDER-:-SANDUSKY,8
ALEXANDER-:-TAMMS,8
ALEXANDER-:-THEBES,8
BOND-:-BURGESS 1,1
BOND-:-BURGESS 2,1
BOND-:-BURGESS 3,1
BOND-:-CENTRAL 1,1
BOND-:-CENTRAL 1-A,1
BOND-:-CENTRAL 2,1
BOND-:-CENTRAL 3,1
BOND-:-CENTRAL 4,1
BOND-:-CENTRAL 6,1
BOND-:-CENTRAL 7,1
BOND-:-LAGRANGE,1
BOND-:-MILLS,1
BOND-:-MULBERRY GROVE 1,1
BOND-:-MULBERRY GROVE 2,1
BOND-:-OLD RIPLEY,1
BOND-:-PLEASANT MOUND 1,1
BOND-:-PLEASANT MOUND 2,1
BOND-:-SHOAL CREEK 1,1
BOND-:-SHOAL CREEK 2,1
BOND-:-TAMALCO,1
BOONE-:-BELVIDERE 1,14
BOONE-:-BELVIDERE 10,14
BOONE-:-BELVIDERE 11,14
BOONE-:-BELVIDERE 12,14
BOONE-:-BELVIDERE 13,14
BOONE-:-BELVIDERE 14,14
BOONE-:-BELVIDERE 15,14
BOONE-:-BELVIDERE 16,14
BOONE-:-BELVIDERE 17,14
BOONE-:-BELVIDERE 18,14
BOONE-:-BELVIDERE 2,14
BOONE-:-BELVIDERE 3,14
BOONE-:-BELVIDERE 4,14
BOONE-:-BELVIDERE 5,14
BOONE-:-BELVIDERE 6,14
BOONE-:-BELVIDERE 7,14
BOONE-:-BELVIDERE 8,14
BOONE-:-BELVIDERE 9,14
BOONE-:-BONUS 1,14
BOONE-:-BONUS 2,14
BOONE-:-BOONE 1,14
BOONE-:-CALEDONIA 1,14
BOONE-:-CALEDONIA 2,14
BOONE-:-CALEDONIA 3,14
BOONE-:-CALEDONIA 4,14
BOONE-:-CALEDONIA 5,14
BOONE-:-FLORA 2,14
BOONE-:-FLORA 3,14
BOONE-:-LE ROY,14
BOONE-:-MANCHESTER,14
BOONE-:-POPLAR GROVE 1,14
BOONE-:-POPLAR GROVE 2,14
BOONE-:-POPLAR GROVE 3,14
BOONE-:-POPLAR GROVE 4,14
BOONE-:-POPLAR GROVE 5,14
BOONE-:-SPRING,14
BROWN-:-BUCKHORN,2
BROWN-:-COOPERSTOWN,2
BROWN-:-ELKHORN,2
BROWN-:-LEE,2
BROWN-:-MISSOURI,2
BROWN-:-MT. STERLING 1,2
BROWN-:-MT. STERLING 2,2
BROWN-:-MT. STERLING 3,2
BROWN-:-MT. STERLING 4,2
BROWN-:-MT. STERLING 5,2
BROWN-:-PEA RIDGE,2
BROWN-:-RIPLEY,2
BROWN-:-VERSAILLES 1,2
BROWN-:-VERSAILLES 2,2
BUREAU-:-BERLIN,14
BUREAU-:-BUREAU,14
BUREAU-:-CLARION,14
BUREAU-:-CONCORD 1,2
BUREAU-:-CONCORD 2,14
BUREAU-:-DOVER,14
BUREAU-:-FAIRFIELD,14
BUREAU-:-GOLD,14
BUREAU-:-GREENVILLE,14
BUREAU-:-HALL 1,14
BUREAU-:-HALL 10,14
BUREAU-:-HALL 2,14
BUREAU-:-HALL 3,14
BUREAU-:-HALL 4,14
BUREAU-:-HALL 5,14
BUREAU-:-HALL 6,14
BUREAU-:-HALL 7,14
BUREAU-:-HALL 8,14
BUREAU-:-HALL 9,14
BUREAU-:-INDIANTOWN,2
BUREAU-:-LA MOILLE 1,14
BUREAU-:-LA MOILLE 2,14
BUREAU-:-LEEPERTOWN,14
BUREAU-:-MACON,2
BUREAU-:-MANLIUS,14
BUREAU-:-MILO,2
BUREAU-:-MINERAL,2
BUREAU-:-NEPONSET,2
BUREAU-:-OHIO 1,14
BUREAU-:-OHIO 2,14
BUREAU-:-PRINCETON 1,14
BUREAU-:-PRINCETON 2,14
BUREAU-:-PRINCETON 3,14
BUREAU-:-PRINCETON 4,14
BUREAU-:-PRINCETON 5,14
BUREAU-:-PRINCETON 7,14
BUREAU-:-PRINCETON 8,14
BUREAU-:-PRINCETON 9,14
BUREAU-:-SELBY 1,14
BUREAU-:-SELBY 3,14
BUREAU-:-WALNUT 1,14
BUREAU-:-WALNUT 2,14
BUREAU-:-WESTFIELD 1,14
BUREAU-:-WESTFIELD 2,14
BUREAU-:-WHEATLAND,2
BUREAU-:-WYANET 1,14
BUREAU-:-WYANET 2,14
CALHOUN-:-BELLEVIEW-HAMBURG,1
CALHOUN-:-CRATER-CARLIN,1
CALHOUN-:-HARDIN-GILEAD,1
CALHOUN-:-POINT,1
CALHOUN-:-RICHWOODS,1
CARROLL-:-CHERRY GROVE/SHANNON 1,14
CARROLL-:-CHERRY GROVE/SHANNON 2,14
CARROLL-:-ELKHORN GROVE,14
CARROLL-:-FAIR HAVEN,14
CARROLL-:-FREEDOM,14
CARROLL-:-MT. CARROLL 1,14
CARROLL-:-MT. CARROLL 2,14
CARROLL-:-MT. CARROLL 3,14
CARROLL-:-ROCK CREEK-LIMA 1,14
CARROLL-:-ROCK CREEK-LIMA 2,14
CARROLL-:-SALEM,14
CARROLL-:-SAVANNA 1,14
CARROLL-:-SAVANNA 2,14
CARROLL-:-SAVANNA 3,14
CARROLL-:-SAVANNA 4,14
CARROLL-:-SAVANNA 5,14
CARROLL-:-SAVANNA 6,14
CARROLL-:-WASHINGTON,14
CARROLL-:-WOODLAND,14
CARROLL-:-WYSOX 1,14
CARROLL-:-WYSOX 2,14
CARROLL-:-YORK,14
CASS-:-ARENZVILLE 11-001,2
CASS-:-ASHLAND 20-002,0
CASS-:-ASHLAND 21-002,0
CASS-:-BEARDSTOWN 1-003,2
CASS-:-BEARDSTOWN 2-003,2
CASS-:-BEARDSTOWN 3-003,2
CASS-:-BEARDSTOWN 4-003,2
CASS-:-BEARDSTOWN 5-004,2
CASS-:-BEARDSTOWN 6-004,2
CASS-:-BEARDSTOWN 7-004,2
CASS-:-BEARDSTOWN 8-004,2
CASS-:-BLUFF SPRINGS 10-001,2
CASS-:-CHANDLERVILLE 18-002,2
CASS-:-HAGENER 9-004,2
CASS-:-NEWMANSVILLE 19-002,2
CASS-:-PANTHER CREEK 17-002,2
CASS-:-PHILADELPHIA 16-002,2
CASS-:-SANGAMON VALLEY 12-001,2
CASS-:-VIRGINIA 13-001,2
CASS-:-VIRGINIA 14-001,2
CASS-:-VIRGINIA 15-001,2
CHAMPAIGN-:-AYERS,11
CHAMPAIGN-:-BROWN FISHER,11
CHAMPAIGN-:-BROWN FOOSLAND,11
CHAMPAIGN-:-CHAMPAIGN 1,11
CHAMPAIGN-:-CHAMPAIGN 2,11
CHAMPAIGN-:-CHAMPAIGN 3,11
CHAMPAIGN-:-CHAMPAIGN 4,11
CHAMPAIGN-:-CHAMPAIGN 5,11
CHAMPAIGN-:-CHAMPAIGN 6,11
CHAMPAIGN-:-CITY OF CHAMPAIGN 1,11
CHAMPAIGN-:-CITY OF CHAMPAIGN 10,11
CHAMPAIGN-:-CITY OF CHAMPAIGN 11,11
CHAMPAIGN-:-CITY OF CHAMPAIGN 12,11
CHAMPAIGN-:-CITY OF CHAMPAIGN 13,11
CHAMPAIGN-:-CITY OF CHAMPAIGN 14,11
CHAMPAIGN-:-CITY OF CHAMPAIGN 15,11
CHAMPAIGN-:-CITY OF CHAMPAIGN 16,11
CHAMPAIGN-:-CITY OF CHAMPAIGN 17,11
CHAMPAIGN-:-CITY OF CHAMPAIGN 18,11
CHAMPAIGN-:-CITY OF CHAMPAIGN 19,11
CHAMPAIGN-:-CITY OF CHAMPAIGN 2,11
CHAMPAIGN-:-CITY OF CHAMPAIGN 20,11
CHAMPAIGN-:-CITY OF CHAMPAIGN 21,11
CHAMPAIGN-:-CITY OF CHAMPAIGN 22,11
CHAMPAIGN-:-CITY OF CHAMPAIGN 23,11
CHAMPAIGN-:-CITY OF CHAMPAIGN 24,11
CHAMPAIGN-:-CITY OF CHAMPAIGN 25,11
CHAMPAIGN-:-CITY OF CHAMPAIGN 26,11
CHAMPAIGN-:-CITY OF CHAMPAIGN 27,11
CHAMPAIGN-:-CITY OF CHAMPAIGN 28,11
CHAMPAIGN-:-CITY OF CHAMPAIGN 29,11
CHAMPAIGN-:-CITY OF CHAMPAIGN 3,11
CHAMPAIGN-:-CITY OF CHAMPAIGN 30,11
CHAMPAIGN-:-CITY OF CHAMPAIGN 31,11
CHAMPAIGN-:-CITY OF CHAMPAIGN 32,11
CHAMPAIGN-:-CITY OF CHAMPAIGN 33,11
CHAMPAIGN-:-CITY OF CHAMPAIGN 34,11
CHAMPAIGN-:-CITY OF CHAMPAIGN 35,11
CHAMPAIGN-:-CITY OF CHAMPAIGN 36,11
CHAMPAIGN-:-CITY OF CHAMPAIGN 37,11
CHAMPAIGN-:-CITY OF CHAMPAIGN 38,11
CHAMPAIGN-:-CITY OF CHAMPAIGN 39,11
CHAMPAIGN-:-CITY OF CHAMPAIGN 4,11
CHAMPAIGN-:-CITY OF CHAMPAIGN 5,11
CHAMPAIGN-:-CITY OF CHAMPAIGN 6,11
CHAMPAIGN-:-CITY OF CHAMPAIGN 7,11
CHAMPAIGN-:-CITY OF CHAMPAIGN 8,11
CHAMPAIGN-:-CITY OF CHAMPAIGN 9,11
CHAMPAIGN-:-COLFAX,11
CHAMPAIGN-:-COMPROMISE GIFFORD,11
CHAMPAIGN-:-COMPROMISE PENFIELD,11
CHAMPAIGN-:-CONDIT,11
CHAMPAIGN-:-CRITTENDEN,11
CHAMPAIGN-:-CUNNINGHAM 1,11
CHAMPAIGN-:-CUNNINGHAM 10,11
CHAMPAIGN-:-CUNNINGHAM 11,11
CHAMPAIGN-:-CUNNINGHAM 12,11
CHAMPAIGN-:-CUNNINGHAM 13,11
CHAMPAIGN-:-CUNNINGHAM 14,11
CHAMPAIGN-:-CUNNINGHAM 15,11
CHAMPAIGN-:-CUNNINGHAM 16,11
CHAMPAIGN-:-CUNNINGHAM 17,11
CHAMPAIGN-:-CUNNINGHAM 18,11
CHAMPAIGN-:-CUNNINGHAM 19,11
CHAMPAIGN-:-CUNNINGHAM 2,11
CHAMPAIGN-:-CUNNINGHAM 20,11
CHAMPAIGN-:-CUNNINGHAM 21,11
CHAMPAIGN-:-CUNNINGHAM 22,11
CHAMPAIGN-:-CUNNINGHAM 23,11
CHAMPAIGN-:-CUNNINGHAM 3,11
CHAMPAIGN-:-CUNNINGHAM 4,11
CHAMPAIGN-:-CUNNINGHAM 5,11
CHAMPAIGN-:-CUNNINGHAM 6,11
CHAMPAIGN-:-CUNNINGHAM 7,11
CHAMPAIGN-:-CUNNINGHAM 8,11
CHAMPAIGN-:-CUNNINGHAM 9,11
CHAMPAIGN-:-EAST BEND,11
CHAMPAIGN-:-HARWOOD,11
CHAMPAIGN-:-KERR,11
CHAMPAIGN-:-LUDLOW 1,11
CHAMPAIGN-:-LUDLOW 2,11
CHAMPAIGN-:-LUDLOW 3,11
CHAMPAIGN-:-MAHOMET 1,11
CHAMPAIGN-:-MAHOMET 2,11
CHAMPAIGN-:-MAHOMET 3,11
CHAMPAIGN-:-MAHOMET 4,11
CHAMPAIGN-:-MAHOMET 5,11
CHAMPAIGN-:-NEWCOMB,11
CHAMPAIGN-:-OGDEN 1,11
CHAMPAIGN-:-OGDEN 2,11
CHAMPAIGN-:-PESOTUM,11
CHAMPAIGN-:-PHILO,11
CHAMPAIGN-:-RANTOUL 1,11
CHAMPAIGN-:-RANTOUL 2,11
CHAMPAIGN-:-RANTOUL 3,11
CHAMPAIGN-:-RANTOUL 5,11
CHAMPAIGN-:-RANTOUL 6,11
CHAMPAIGN-:-RAYMOND,11
CHAMPAIGN-:-SADORUS IVESDALE,11
CHAMPAIGN-:-SADORUS SADORUS,11
CHAMPAIGN-:-SCOTT BONDVILLE,11
CHAMPAIGN-:-SCOTT SEYMOUR,11
CHAMPAIGN-:-SIDNEY,11
CHAMPAIGN-:-SOUTH HOMER,11
CHAMPAIGN-:-ST. JOSEPH 1,11
CHAMPAIGN-:-ST. JOSEPH 2,11
CHAMPAIGN-:-ST. JOSEPH 3,11
CHAMPAIGN-:-STANTON,11
CHAMPAIGN-:-TOLONO 1,11
CHAMPAIGN-:-TOLONO 2,11
CHAMPAIGN-:-TOLONO 3,11
CHAMPAIGN-:-URBANA 1,11
CHAMPAIGN-:-URBANA 2,11
CHAMPAIGN-:-URBANA 3,11
CHAMPAIGN-:-URBANA 4,11
CHRISTIAN-:-ASSUMPTION,0
CHRISTIAN-:-BEAR CREEK,0
CHRISTIAN-:-BUCKHART,0
CHRISTIAN-:-GREENWOOD,0
CHRISTIAN-:-JOHNSON,0
CHRISTIAN-:-KING,0
CHRISTIAN-:-LOCUST,0
CHRISTIAN-:-MAY,0
CHRISTIAN-:-MOSQUITO,0
CHRISTIAN-:-MT AUBURN,0
CHRISTIAN-:-PANA #1,0
CHRISTIAN-:-PANA #2,0
CHRISTIAN-:-PANA #3,0
CHRISTIAN-:-PANA #4,0
CHRISTIAN-:-PRAIRIETON,0
CHRISTIAN-:-RICKS,0
CHRISTIAN-:-ROSAMOND,0
CHRISTIAN-:-SOUTH FORK #1,0
CHRISTIAN-:-SOUTH FORK #2,0
CHRISTIAN-:-STONINGTON,0
CHRISTIAN-:-TAYLORVILLE #1,0
CHRISTIAN-:-TAYLORVILLE #2,0
CHRISTIAN-:-TAYLORVILLE #3,0
CHRISTIAN-:-TAYLORVILLE #4,0
CHRISTIAN-:-TAYLORVILLE #5,0
CHRISTIAN-:-TAYLORVILLE #6,0
CHRISTIAN-:-TAYLORVILLE #7,0
CHRISTIAN-:-TAYLORVILLE #8,0
CHRISTIAN-:-TAYLORVILLE #9,0
CITY OF BLOOMINGTON-:-PRECINCT 1,11
CITY OF BLOOMINGTON-:-PRECINCT 11,11
CITY OF BLOOMINGTON-:-PRECINCT 12,11
CITY OF BLOOMINGTON-:-PRECINCT 13,11
CITY OF BLOOMINGTON-:-PRECINCT 14,11
CITY OF BLOOMINGTON-:-PRECINCT 16,11
CITY OF BLOOMINGTON-:-PRECINCT 18,11
CITY OF BLOOMINGTON-:-PRECINCT 19,11
CITY OF BLOOMINGTON-:-PRECINCT 20,11
CITY OF BLOOMINGTON-:-PRECINCT 21,11
CITY OF BLOOMINGTON-:-PRECINCT 22,11
CITY OF BLOOMINGTON-:-PRECINCT 23,11
CITY OF BLOOMINGTON-:-PRECINCT 24,11
CITY OF BLOOMINGTON-:-PRECINCT 25,11
CITY OF BLOOMINGTON-:-PRECINCT 26,11
CITY OF BLOOMINGTON-:-PRECINCT 27,11
CITY OF BLOOMINGTON-:-PRECINCT 28,11
CITY OF BLOOMINGTON-:-PRECINCT 29,11
CITY OF BLOOMINGTON-:-PRECINCT 3,11
CITY OF BLOOMINGTON-:-PRECINCT 30,11
CITY OF BLOOMINGTON-:-PRECINCT 31,11
CITY OF BLOOMINGTON-:-PRECINCT 32,11
CITY OF BLOOMINGTON-:-PRECINCT 33,11
CITY OF BLOOMINGTON-:-PRECINCT 34,11
CITY OF BLOOMINGTON-:-PRECINCT 35,11
CITY OF BLOOMINGTON-:-PRECINCT 36,11
CITY OF BLOOMINGTON-:-PRECINCT 37,11
CITY OF BLOOMINGTON-:-PRECINCT 38,11
CITY OF BLOOMINGTON-:-PRECINCT 39,11
CITY OF BLOOMINGTON-:-PRECINCT 4,11
CITY OF BLOOMINGTON-:-PRECINCT 40,11
CITY OF BLOOMINGTON-:-PRECINCT 41,11
CITY OF BLOOMINGTON-:-PRECINCT 42,11
CITY OF BLOOMINGTON-:-PRECINCT 43,11
CITY OF BLOOMINGTON-:-PRECINCT 44,11
CITY OF BLOOMINGTON-:-PRECINCT 45,11
CITY OF BLOOMINGTON-:-PRECINCT 46,11
CITY OF BLOOMINGTON-:-PRECINCT 47,11
CITY OF BLOOMINGTON-:-PRECINCT 48,11
CITY OF BLOOMINGTON-:-PRECINCT 49,11
CITY OF BLOOMINGTON-:-PRECINCT 5,11
CITY OF BLOOMINGTON-:-PRECINCT 50,11
CITY OF BLOOMINGTON-:-PRECINCT 51,11
CITY OF BLOOMINGTON-:-PRECINCT 53,11
CITY OF BLOOMINGTON-:-PRECINCT 54,11
CITY OF BLOOMINGTON-:-PRECINCT 55,11
CITY OF BLOOMINGTON-:-PRECINCT 56,11
CITY OF BLOOMINGTON-:-PRECINCT 57,11
CITY OF BLOOMINGTON-:-PRECINCT 58,11
CITY OF BLOOMINGTON-:-PRECINCT 59,11
CITY OF BLOOMINGTON-:-PRECINCT 6,11
CITY OF BLOOMINGTON-:-PRECINCT 60,11
CITY OF BLOOMINGTON-:-PRECINCT 7,11
CITY OF BLOOMINGTON-:-PRECINCT 8,11
CITY OF BLOOMINGTON-:-PRECINCT 9,11
CITY OF CHICAGO-:-WARD 01 PRECINCT 01,15
CITY OF CHICAGO-:-WARD 01 PRECINCT 02,15
CITY OF CHICAGO-:-WARD 01 PRECINCT 03,15
CITY OF CHICAGO-:-WARD 01 PRECINCT 04,15
CITY OF CHICAGO-:-WARD 01 PRECINCT 05,15
CITY OF CHICAGO-:-WARD 01 PRECINCT 06,15
CITY OF CHICAGO-:-WARD 01 PRECINCT 07,15
CITY OF CHICAGO-:-WARD 01 PRECINCT 08,15
CITY OF CHICAGO-:-WARD 01 PRECINCT 09,15
CITY OF CHICAGO-:-WARD 01 PRECINCT 10,15
CITY OF CHICAGO-:-WARD 01 PRECINCT 11,15
CITY OF CHICAGO-:-WARD 01 PRECINCT 12,15
CITY OF CHICAGO-:-WARD 01 PRECINCT 13,15
CITY OF CHICAGO-:-WARD 01 PRECINCT 14,15
CITY OF CHICAGO-:-WARD 01 PRECINCT 15,15
CITY OF CHICAGO-:-WARD 01 PRECINCT 16,15
CITY OF CHICAGO-:-WARD 01 PRECINCT 17,15
CITY OF CHICAGO-:-WARD 01 PRECINCT 18,15
CITY OF CHICAGO-:-WARD 01 PRECINCT 19,15
CITY OF CHICAGO-:-WARD 01 PRECINCT 20,15
CITY OF CHICAGO-:-WARD 01 PRECINCT 22,15
CITY OF CHICAGO-:-WARD 01 PRECINCT 23,15
CITY OF CHICAGO-:-WARD 01 PRECINCT 24,15
CITY OF CHICAGO-:-WARD 01 PRECINCT 25,15
CITY OF CHICAGO-:-WARD 01 PRECINCT 26,15
CITY OF CHICAGO-:-WARD 02 PRECINCT 01,15
CITY OF CHICAGO-:-WARD 02 PRECINCT 02,15
CITY OF CHICAGO-:-WARD 02 PRECINCT 03,15
CITY OF CHICAGO-:-WARD 02 PRECINCT 04,15
CITY OF CHICAGO-:-WARD 02 PRECINCT 05,15
CITY OF CHICAGO-:-WARD 02 PRECINCT 06,15
CITY OF CHICAGO-:-WARD 02 PRECINCT 07,15
CITY OF CHICAGO-:-WARD 02 PRECINCT 08,15
CITY OF CHICAGO-:-WARD 02 PRECINCT 09,15
CITY OF CHICAGO-:-WARD 02 PRECINCT 10,15
CITY OF CHICAGO-:-WARD 02 PRECINCT 11,15
CITY OF CHICAGO-:-WARD 02 PRECINCT 12,15
CITY OF CHICAGO-:-WARD 02 PRECINCT 13,15
CITY OF CHICAGO-:-WARD 02 PRECINCT 14,15
CITY OF CHICAGO-:-WARD 02 PRECINCT 15,15
CITY OF CHICAGO-:-WARD 02 PRECINCT 16,15
CITY OF CHICAGO-:-WARD 02 PRECINCT 17,15
CITY OF CHICAGO-:-WARD 02 PRECINCT 18,15
CITY OF CHICAGO-:-WARD 02 PRECINCT 19,15
CITY OF CHICAGO-:-WARD 02 PRECINCT 20,15
CITY OF CHICAGO-:-WARD 02 PRECINCT 21,15
CITY OF CHICAGO-:-WARD 02 PRECINCT 22,15
CITY OF CHICAGO-:-WARD 02 PRECINCT 24,15
CITY OF CHICAGO-:-WARD 02 PRECINCT 25,15
CITY OF CHICAGO-:-WARD 03 PRECINCT 01,6
CITY OF CHICAGO-:-WARD 03 PRECINCT 03,6
CITY OF CHICAGO-:-WARD 03 PRECINCT 04,6
CITY OF CHICAGO-:-WARD 03 PRECINCT 05,6
CITY OF CHICAGO-:-WARD 03 PRECINCT 06,6
CITY OF CHICAGO-:-WARD 03 PRECINCT 08,6
CITY OF CHICAGO-:-WARD 03 PRECINCT 09,6
CITY OF CHICAGO-:-WARD 03 PRECINCT 10,6
CITY OF CHICAGO-:-WARD 03 PRECINCT 11,6
CITY OF CHICAGO-:-WARD 03 PRECINCT 12,6
CITY OF CHICAGO-:-WARD 03 PRECINCT 13,6
CITY OF CHICAGO-:-WARD 03 PRECINCT 14,6
CITY OF CHICAGO-:-WARD 03 PRECINCT 15,6
CITY OF CHICAGO-:-WARD 03 PRECINCT 16,6
CITY OF CHICAGO-:-WARD 03 PRECINCT 17,6
CITY OF CHICAGO-:-WARD 03 PRECINCT 18,6
CITY OF CHICAGO-:-WARD 03 PRECINCT 21,6
CITY OF CHICAGO-:-WARD 03 PRECINCT 23,6
CITY OF CHICAGO-:-WARD 03 PRECINCT 24,6
CITY OF CHICAGO-:-WARD 03 PRECINCT 25,6
CITY OF CHICAGO-:-WARD 03 PRECINCT 26,6
CITY OF CHICAGO-:-WARD 03 PRECINCT 27,6
CITY OF CHICAGO-:-WARD 04 PRECINCT 02,6
CITY OF CHICAGO-:-WARD 04 PRECINCT 04,6
CITY OF CHICAGO-:-WARD 04 PRECINCT 05,6
CITY OF CHICAGO-:-WARD 04 PRECINCT 06,6
CITY OF CHICAGO-:-WARD 04 PRECINCT 07,6
CITY OF CHICAGO-:-WARD 04 PRECINCT 08,6
CITY OF CHICAGO-:-WARD 04 PRECINCT 09,6
CITY OF CHICAGO-:-WARD 04 PRECINCT 10,6
CITY OF CHICAGO-:-WARD 04 PRECINCT 11,6
CITY OF CHICAGO-:-WARD 04 PRECINCT 12,6
CITY OF CHICAGO-:-WARD 04 PRECINCT 13,6
CITY OF CHICAGO-:-WARD 04 PRECINCT 14,6
CITY OF CHICAGO-:-WARD 04 PRECINCT 15,6
CITY OF CHICAGO-:-WARD 04 PRECINCT 16,6
CITY OF CHICAGO-:-WARD 04 PRECINCT 17,6
CITY OF CHICAGO-:-WARD 04 PRECINCT 18,6
CITY OF CHICAGO-:-WARD 04 PRECINCT 19,6
CITY OF CHICAGO-:-WARD 04 PRECINCT 20,6
CITY OF CHICAGO-:-WARD 04 PRECINCT 21,6
CITY OF CHICAGO-:-WARD 04 PRECINCT 22,6
CITY OF CHICAGO-:-WARD 04 PRECINCT 23,6
CITY OF CHICAGO-:-WARD 04 PRECINCT 25,6
CITY OF CHICAGO-:-WARD 04 PRECINCT 26,6
CITY OF CHICAGO-:-WARD 04 PRECINCT 27,6
CITY OF CHICAGO-:-WARD 04 PRECINCT 28,6
CITY OF CHICAGO-:-WARD 05 PRECINCT 02,6
CITY OF CHICAGO-:-WARD 05 PRECINCT 03,6
CITY OF CHICAGO-:-WARD 05 PRECINCT 04,6
CITY OF CHICAGO-:-WARD 05 PRECINCT 05,6
CITY OF CHICAGO-:-WARD 05 PRECINCT 06,6
CITY OF CHICAGO-:-WARD 05 PRECINCT 07,6
CITY OF CHICAGO-:-WARD 05 PRECINCT 08,6
CITY OF CHICAGO-:-WARD 05 PRECINCT 10,6
CITY OF CHICAGO-:-WARD 05 PRECINCT 11,6
CITY OF CHICAGO-:-WARD 05 PRECINCT 12,6
CITY OF CHICAGO-:-WARD 05 PRECINCT 13,6
CITY OF CHICAGO-:-WARD 05 PRECINCT 14,6
CITY OF CHICAGO-:-WARD 05 PRECINCT 16,6
CITY OF CHICAGO-:-WARD 05 PRECINCT 17,6
CITY OF CHICAGO-:-WARD 05 PRECINCT 18,6
CITY OF CHICAGO-:-WARD 05 PRECINCT 19,6
CITY OF CHICAGO-:-WARD 05 PRECINCT 20,6
CITY OF CHICAGO-:-WARD 05 PRECINCT 21,6
CITY OF CHICAGO-:-WARD 05 PRECINCT 22,6
CITY OF CHICAGO-:-WARD 05 PRECINCT 23,6
CITY OF CHICAGO-:-WARD 05 PRECINCT 24,6
CITY OF CHICAGO-:-WARD 05 PRECINCT 25,6
CITY OF CHICAGO-:-WARD 06 PRECINCT 01,6
CITY OF CHICAGO-:-WARD 06 PRECINCT 02,6
CITY OF CHICAGO-:-WARD 06 PRECINCT 03,6
CITY OF CHICAGO-:-WARD 06 PRECINCT 04,6
CITY OF CHICAGO-:-WARD 06 PRECINCT 05,6
CITY OF CHICAGO-:-WARD 06 PRECINCT 06,6
CITY OF CHICAGO-:-WARD 06 PRECINCT 07,6
CITY OF CHICAGO-:-WARD 06 PRECINCT 08,6
CITY OF CHICAGO-:-WARD 06 PRECINCT 09,6
CITY OF CHICAGO-:-WARD 06 PRECINCT 10,6
CITY OF CHICAGO-:-WARD 06 PRECINCT 11,6
CITY OF CHICAGO-:-WARD 06 PRECINCT 12,6
CITY OF CHICAGO-:-WARD 06 PRECINCT 13,6
CITY OF CHICAGO-:-WARD 06 PRECINCT 14,6
CITY OF CHICAGO-:-WARD 06 PRECINCT 15,6
CITY OF CHICAGO-:-WARD 06 PRECINCT 16,6
CITY OF CHICAGO-:-WARD 06 PRECINCT 17,6
CITY OF CHICAGO-:-WARD 06 PRECINCT 18,6
CITY OF CHICAGO-:-WARD 06 PRECINCT 19,6
CITY OF CHICAGO-:-WARD 06 PRECINCT 20,6
CITY OF CHICAGO-:-WARD 06 PRECINCT 21,6
CITY OF CHICAGO-:-WARD 06 PRECINCT 22,6
CITY OF CHICAGO-:-WARD 06 PRECINCT 23,6
CITY OF CHICAGO-:-WARD 06 PRECINCT 24,6
CITY OF CHICAGO-:-WARD 06 PRECINCT 25,6
CITY OF CHICAGO-:-WARD 06 PRECINCT 26,6
CITY OF CHICAGO-:-WARD 06 PRECINCT 27,6
CITY OF CHICAGO-:-WARD 07 PRECINCT 01,6
CITY OF CHICAGO-:-WARD 07 PRECINCT 03,6
CITY OF CHICAGO-:-WARD 07 PRECINCT 04,6
CITY OF CHICAGO-:-WARD 07 PRECINCT 05,6
CITY OF CHICAGO-:-WARD 07 PRECINCT 06,6
CITY OF CHICAGO-:-WARD 07 PRECINCT 07,6
CITY OF CHICAGO-:-WARD 07 PRECINCT 08,6
CITY OF CHICAGO-:-WARD 07 PRECINCT 09,6
CITY OF CHICAGO-:-WARD 07 PRECINCT 11,6
CITY OF CHICAGO-:-WARD 07 PRECINCT 14,6
CITY OF CHICAGO-:-WARD 07 PRECINCT 15,6
CITY OF CHICAGO-:-WARD 07 PRECINCT 18,6
CITY OF CHICAGO-:-WARD 07 PRECINCT 19,6
CITY OF CHICAGO-:-WARD 07 PRECINCT 20,6
CITY OF CHICAGO-:-WARD 07 PRECINCT 21,6
CITY OF CHICAGO-:-WARD 07 PRECINCT 22,6
CITY OF CHICAGO-:-WARD 07 PRECINCT 23,6
CITY OF CHICAGO-:-WARD 07 PRECINCT 24,6
CITY OF CHICAGO-:-WARD 07 PRECINCT 25,6
CITY OF CHICAGO-:-WARD 07 PRECINCT 26,6
CITY OF CHICAGO-:-WARD 07 PRECINCT 27,6
CITY OF CHICAGO-:-WARD 07 PRECINCT 28,6
CITY OF CHICAGO-:-WARD 07 PRECINCT 29,6
CITY OF CHICAGO-:-WARD 07 PRECINCT 30,6
CITY OF CHICAGO-:-WARD 07 PRECINCT 31,6
CITY OF CHICAGO-:-WARD 08 PRECINCT 01,6
CITY OF CHICAGO-:-WARD 08 PRECINCT 02,6
CITY OF CHICAGO-:-WARD 08 PRECINCT 03,6
CITY OF CHICAGO-:-WARD 08 PRECINCT 04,6
CITY OF CHICAGO-:-WARD 08 PRECINCT 05,6
CITY OF CHICAGO-:-WARD 08 PRECINCT 06,6
CITY OF CHICAGO-:-WARD 08 PRECINCT 07,6
CITY OF CHICAGO-:-WARD 08 PRECINCT 08,6
CITY OF CHICAGO-:-WARD 08 PRECINCT 09,6
CITY OF CHICAGO-:-WARD 08 PRECINCT 10,6
CITY OF CHICAGO-:-WARD 08 PRECINCT 11,6
CITY OF CHICAGO-:-WARD 08 PRECINCT 12,6
CITY OF CHICAGO-:-WARD 08 PRECINCT 13,6
CITY OF CHICAGO-:-WARD 08 PRECINCT 14,6
CITY OF CHICAGO-:-WARD 08 PRECINCT 15,6
CITY OF CHICAGO-:-WARD 08 PRECINCT 16,6
CITY OF CHICAGO-:-WARD 08 PRECINCT 17,6
CITY OF CHICAGO-:-WARD 08 PRECINCT 18,6
CITY OF CHICAGO-:-WARD 08 PRECINCT 19,6
CITY OF CHICAGO-:-WARD 08 PRECINCT 20,6
CITY OF CHICAGO-:-WARD 08 PRECINCT 21,6
CITY OF CHICAGO-:-WARD 08 PRECINCT 22,6
CITY OF CHICAGO-:-WARD 08 PRECINCT 23,6
CITY OF CHICAGO-:-WARD 08 PRECINCT 24,6
CITY OF CHICAGO-:-WARD 08 PRECINCT 25,6
CITY OF CHICAGO-:-WARD 08 PRECINCT 26,6
CITY OF CHICAGO-:-WARD 08 PRECINCT 27,6
CITY OF CHICAGO-:-WARD 08 PRECINCT 28,6
CITY OF CHICAGO-:-WARD 08 PRECINCT 29,6
CITY OF CHICAGO-:-WARD 08 PRECINCT 30,6
CITY OF CHICAGO-:-WARD 09 PRECINCT 01,6
CITY OF CHICAGO-:-WARD 09 PRECINCT 02,6
CITY OF CHICAGO-:-WARD 09 PRECINCT 03,6
CITY OF CHICAGO-:-WARD 09 PRECINCT 04,6
CITY OF CHICAGO-:-WARD 09 PRECINCT 05,6
CITY OF CHICAGO-:-WARD 09 PRECINCT 06,6
CITY OF CHICAGO-:-WARD 09 PRECINCT 07,6
CITY OF CHICAGO-:-WARD 09 PRECINCT 09,6
CITY OF CHICAGO-:-WARD 09 PRECINCT 10,6
CITY OF CHICAGO-:-WARD 09 PRECINCT 11,6
CITY OF CHICAGO-:-WARD 09 PRECINCT 12,6
CITY OF CHICAGO-:-WARD 09 PRECINCT 13,6
CITY OF CHICAGO-:-WARD 09 PRECINCT 14,6
CITY OF CHICAGO-:-WARD 09 PRECINCT 15,6
CITY OF CHICAGO-:-WARD 09 PRECINCT 16,6
CITY OF CHICAGO-:-WARD 09 PRECINCT 17,6
CITY OF CHICAGO-:-WARD 09 PRECINCT 18,6
CITY OF CHICAGO-:-WARD 09 PRECINCT 19,6
CITY OF CHICAGO-:-WARD 09 PRECINCT 20,6
CITY OF CHICAGO-:-WARD 09 PRECINCT 21,6
CITY OF CHICAGO-:-WARD 09 PRECINCT 22,6
CITY OF CHICAGO-:-WARD 09 PRECINCT 23,6
CITY OF CHICAGO-:-WARD 09 PRECINCT 24,6
CITY OF CHICAGO-:-WARD 09 PRECINCT 25,6
CITY OF CHICAGO-:-WARD 09 PRECINCT 26,6
CITY OF CHICAGO-:-WARD 09 PRECINCT 27,6
CITY OF CHICAGO-:-WARD 09 PRECINCT 28,6
CITY OF CHICAGO-:-WARD 09 PRECINCT 29,6
CITY OF CHICAGO-:-WARD 09 PRECINCT 30,6
CITY OF CHICAGO-:-WARD 10 PRECINCT 01,6
CITY OF CHICAGO-:-WARD 10 PRECINCT 02,6
CITY OF CHICAGO-:-WARD 10 PRECINCT 03,6
CITY OF CHICAGO-:-WARD 10 PRECINCT 04,6
CITY OF CHICAGO-:-WARD 10 PRECINCT 05,6
CITY OF CHICAGO-:-WARD 10 PRECINCT 06,6
CITY OF CHICAGO-:-WARD 10 PRECINCT 07,6
CITY OF CHICAGO-:-WARD 10 PRECINCT 08,6
CITY OF CHICAGO-:-WARD 10 PRECINCT 09,6
CITY OF CHICAGO-:-WARD 10 PRECINCT 10,6
CITY OF CHICAGO-:-WARD 10 PRECINCT 11,6
CITY OF CHICAGO-:-WARD 10 PRECINCT 12,6
CITY OF CHICAGO-:-WARD 10 PRECINCT 13,6
CITY OF CHICAGO-:-WARD 10 PRECINCT 14,6
CITY OF CHICAGO-:-WARD 10 PRECINCT 15,6
CITY OF CHICAGO-:-WARD 10 PRECINCT 16,6
CITY OF CHICAGO-:-WARD 10 PRECINCT 17,6
CITY OF CHICAGO-:-WARD 10 PRECINCT 18,6
CITY OF CHICAGO-:-WARD 10 PRECINCT 19,6
CITY OF CHICAGO-:-WARD 10 PRECINCT 20,6
CITY OF CHICAGO-:-WARD 10 PRECINCT 21,6
CITY OF CHICAGO-:-WARD 10 PRECINCT 22,6
CITY OF CHICAGO-:-WARD 10 PRECINCT 23,6
CITY OF CHICAGO-:-WARD 10 PRECINCT 24,6
CITY OF CHICAGO-:-WARD 10 PRECINCT 25,6
CITY OF CHICAGO-:-WARD 11 PRECINCT 01,6
CITY OF CHICAGO-:-WARD 11 PRECINCT 02,6
CITY OF CHICAGO-:-WARD 11 PRECINCT 03,6
CITY OF CHICAGO-:-WARD 11 PRECINCT 04,6
CITY OF CHICAGO-:-WARD 11 PRECINCT 05,6
CITY OF CHICAGO-:-WARD 11 PRECINCT 06,6
CITY OF CHICAGO-:-WARD 11 PRECINCT 07,6
CITY OF CHICAGO-:-WARD 11 PRECINCT 08,6
CITY OF CHICAGO-:-WARD 11 PRECINCT 09,6
CITY OF CHICAGO-:-WARD 11 PRECINCT 10,6
CITY OF CHICAGO-:-WARD 11 PRECINCT 11,6
CITY OF CHICAGO-:-WARD 11 PRECINCT 12,6
CITY OF CHICAGO-:-WARD 11 PRECINCT 13,6
CITY OF CHICAGO-:-WARD 11 PRECINCT 14,6
CITY OF CHICAGO-:-WARD 11 PRECINCT 15,6
CITY OF CHICAGO-:-WARD 11 PRECINCT 16,6
CITY OF CHICAGO-:-WARD 11 PRECINCT 17,6
CITY OF CHICAGO-:-WARD 11 PRECINCT 18,6
CITY OF CHICAGO-:-WARD 11 PRECINCT 19,6
CITY OF CHICAGO-:-WARD 11 PRECINCT 20,6
CITY OF CHICAGO-:-WARD 11 PRECINCT 21,6
CITY OF CHICAGO-:-WARD 11 PRECINCT 22,6
CITY OF CHICAGO-:-WARD 11 PRECINCT 23,6
CITY OF CHICAGO-:-WARD 12 PRECINCT 01,6
CITY OF CHICAGO-:-WARD 12 PRECINCT 02,6
CITY OF CHICAGO-:-WARD 12 PRECINCT 03,6
CITY OF CHICAGO-:-WARD 12 PRECINCT 04,6
CITY OF CHICAGO-:-WARD 12 PRECINCT 05,6
CITY OF CHICAGO-:-WARD 12 PRECINCT 06,6
CITY OF CHICAGO-:-WARD 12 PRECINCT 07,6
CITY OF CHICAGO-:-WARD 12 PRECINCT 08,6
CITY OF CHICAGO-:-WARD 12 PRECINCT 09,6
CITY OF CHICAGO-:-WARD 12 PRECINCT 10,6
CITY OF CHICAGO-:-WARD 12 PRECINCT 11,4
CITY OF CHICAGO-:-WARD 12 PRECINCT 12,4
CITY OF CHICAGO-:-WARD 12 PRECINCT 13,4
CITY OF CHICAGO-:-WARD 12 PRECINCT 14,4
CITY OF CHICAGO-:-WARD 12 PRECINCT 15,4
CITY OF CHICAGO-:-WARD 12 PRECINCT 16,4
CITY OF CHICAGO-:-WARD 12 PRECINCT 17,4
CITY OF CHICAGO-:-WARD 12 PRECINCT 18,4
CITY OF CHICAGO-:-WARD 12 PRECINCT 19,6
CITY OF CHICAGO-:-WARD 12 PRECINCT 20,4
CITY OF CHICAGO-:-WARD 12 PRECINCT 21,4
CITY OF CHICAGO-:-WARD 12 PRECINCT 22,4
CITY OF CHICAGO-:-WARD 13 PRECINCT 01,4
CITY OF CHICAGO-:-WARD 13 PRECINCT 02,4
CITY OF CHICAGO-:-WARD 13 PRECINCT 03,4
CITY OF CHICAGO-:-WARD 13 PRECINCT 04,4
CITY OF CHICAGO-:-WARD 13 PRECINCT 05,4
CITY OF CHICAGO-:-WARD 13 PRECINCT 06,4
CITY OF CHICAGO-:-WARD 13 PRECINCT 07,4
CITY OF CHICAGO-:-WARD 13 PRECINCT 08,4
CITY OF CHICAGO-:-WARD 13 PRECINCT 09,4
CITY OF CHICAGO-:-WARD 13 PRECINCT 10,4
CITY OF CHICAGO-:-WARD 13 PRECINCT 11,4
CITY OF CHICAGO-:-WARD 13 PRECINCT 12,4
CITY OF CHICAGO-:-WARD 13 PRECINCT 13,4
CITY OF CHICAGO-:-WARD 13 PRECINCT 14,4
CITY OF CHICAGO-:-WARD 13 PRECINCT 15,4
CITY OF CHICAGO-:-WARD 13 PRECINCT 16,4
CITY OF CHICAGO-:-WARD 13 PRECINCT 17,4
CITY OF CHICAGO-:-WARD 13 PRECINCT 18,4
CITY OF CHICAGO-:-WARD 13 PRECINCT 19,4
CITY OF CHICAGO-:-WARD 13 PRECINCT 20,4
CITY OF CHICAGO-:-WARD 13 PRECINCT 21,4
CITY OF CHICAGO-:-WARD 13 PRECINCT 22,4
CITY OF CHICAGO-:-WARD 13 PRECINCT 23,4
CITY OF CHICAGO-:-WARD 13 PRECINCT 24,4
CITY OF CHICAGO-:-WARD 13 PRECINCT 25,4
CITY OF CHICAGO-:-WARD 13 PRECINCT 26,4
CITY OF CHICAGO-:-WARD 13 PRECINCT 27,4
CITY OF CHICAGO-:-WARD 13 PRECINCT 28,4
CITY OF CHICAGO-:-WARD 13 PRECINCT 29,4
CITY OF CHICAGO-:-WARD 13 PRECINCT 30,4
CITY OF CHICAGO-:-WARD 13 PRECINCT 31,4
CITY OF CHICAGO-:-WARD 13 PRECINCT 32,4
CITY OF CHICAGO-:-WARD 13 PRECINCT 33,4
CITY OF CHICAGO-:-WARD 13 PRECINCT 34,4
CITY OF CHICAGO-:-WARD 13 PRECINCT 35,4
CITY OF CHICAGO-:-WARD 13 PRECINCT 36,4
CITY OF CHICAGO-:-WARD 13 PRECINCT 37,4
CITY OF CHICAGO-:-WARD 13 PRECINCT 38,4
CITY OF CHICAGO-:-WARD 13 PRECINCT 39,4
CITY OF CHICAGO-:-WARD 13 PRECINCT 40,4
CITY OF CHICAGO-:-WARD 14 PRECINCT 02,4
CITY OF CHICAGO-:-WARD 14 PRECINCT 03,4
CITY OF CHICAGO-:-WARD 14 PRECINCT 04,4
CITY OF CHICAGO-:-WARD 14 PRECINCT 05,4
CITY OF CHICAGO-:-WARD 14 PRECINCT 06,4
CITY OF CHICAGO-:-WARD 14 PRECINCT 07,4
CITY OF CHICAGO-:-WARD 14 PRECINCT 08,4
CITY OF CHICAGO-:-WARD 14 PRECINCT 09,4
CITY OF CHICAGO-:-WARD 14 PRECINCT 10,4
CITY OF CHICAGO-:-WARD 14 PRECINCT 11,4
CITY OF CHICAGO-:-WARD 14 PRECINCT 12,4
CITY OF CHICAGO-:-WARD 14 PRECINCT 13,4
CITY OF CHICAGO-:-WARD 14 PRECINCT 14,4
CITY OF CHICAGO-:-WARD 14 PRECINCT 15,4
CITY OF CHICAGO-:-WARD 15 PRECINCT 01,4
CITY OF CHICAGO-:-WARD 15 PRECINCT 02,4
CITY OF CHICAGO-:-WARD 15 PRECINCT 03,4
CITY OF CHICAGO-:-WARD 15 PRECINCT 04,4
CITY OF CHICAGO-:-WARD 15 PRECINCT 05,4
CITY OF CHICAGO-:-WARD 15 PRECINCT 06,4
CITY OF CHICAGO-:-WARD 15 PRECINCT 07,4
CITY OF CHICAGO-:-WARD 15 PRECINCT 08,4
CITY OF CHICAGO-:-WARD 15 PRECINCT 09,4
CITY OF CHICAGO-:-WARD 15 PRECINCT 11,4
CITY OF CHICAGO-:-WARD 15 PRECINCT 12,4
CITY OF CHICAGO-:-WARD 15 PRECINCT 13,4
CITY OF CHICAGO-:-WARD 15 PRECINCT 14,4
CITY OF CHICAGO-:-WARD 15 PRECINCT 15,4
CITY OF CHICAGO-:-WARD 15 PRECINCT 16,4
CITY OF CHICAGO-:-WARD 15 PRECINCT 17,4
CITY OF CHICAGO-:-WARD 15 PRECINCT 18,4
CITY OF CHICAGO-:-WARD 15 PRECINCT 19,4
CITY OF CHICAGO-:-WARD 15 PRECINCT 20,4
CITY OF CHICAGO-:-WARD 16 PRECINCT 01,4
CITY OF CHICAGO-:-WARD 16 PRECINCT 02,4
CITY OF CHICAGO-:-WARD 16 PRECINCT 03,4
CITY OF CHICAGO-:-WARD 16 PRECINCT 04,4
CITY OF CHICAGO-:-WARD 16 PRECINCT 05,4
CITY OF CHICAGO-:-WARD 16 PRECINCT 06,4
CITY OF CHICAGO-:-WARD 16 PRECINCT 08,4
CITY OF CHICAGO-:-WARD 16 PRECINCT 09,4
CITY OF CHICAGO-:-WARD 16 PRECINCT 10,4
CITY OF CHICAGO-:-WARD 16 PRECINCT 11,4
CITY OF CHICAGO-:-WARD 16 PRECINCT 12,4
CITY OF CHICAGO-:-WARD 16 PRECINCT 13,4
CITY OF CHICAGO-:-WARD 16 PRECINCT 14,4
CITY OF CHICAGO-:-WARD 16 PRECINCT 15,4
CITY OF CHICAGO-:-WARD 16 PRECINCT 16,4
CITY OF CHICAGO-:-WARD 16 PRECINCT 17,4
CITY OF CHICAGO-:-WARD 16 PRECINCT 18,4
CITY OF CHICAGO-:-WARD 16 PRECINCT 19,4
CITY OF CHICAGO-:-WARD 16 PRECINCT 21,4
CITY OF CHICAGO-:-WARD 16 PRECINCT 22,4
CITY OF CHICAGO-:-WARD 16 PRECINCT 24,4
CITY OF CHICAGO-:-WARD 16 PRECINCT 25,6
CITY OF CHICAGO-:-WARD 17 PRECINCT 01,4
CITY OF CHICAGO-:-WARD 17 PRECINCT 03,4
CITY OF CHICAGO-:-WARD 17 PRECINCT 04,4
CITY OF CHICAGO-:-WARD 17 PRECINCT 05,4
CITY OF CHICAGO-:-WARD 17 PRECINCT 06,4
CITY OF CHICAGO-:-WARD 17 PRECINCT 07,4
CITY OF CHICAGO-:-WARD 17 PRECINCT 08,4
CITY OF CHICAGO-:-WARD 17 PRECINCT 09,4
CITY OF CHICAGO-:-WARD 17 PRECINCT 10,4
CITY OF CHICAGO-:-WARD 17 PRECINCT 11,4
CITY OF CHICAGO-:-WARD 17 PRECINCT 12,4
CITY OF CHICAGO-:-WARD 17 PRECINCT 13,4
CITY OF CHICAGO-:-WARD 17 PRECINCT 15,4
CITY OF CHICAGO-:-WARD 17 PRECINCT 16,4
CITY OF CHICAGO-:-WARD 17 PRECINCT 17,4
CITY OF CHICAGO-:-WARD 17 PRECINCT 18,4
CITY OF CHICAGO-:-WARD 17 PRECINCT 19,4
CITY OF CHICAGO-:-WARD 17 PRECINCT 20,4
CITY OF CHICAGO-:-WARD 17 PRECINCT 21,4
CITY OF CHICAGO-:-WARD 17 PRECINCT 22,4
CITY OF CHICAGO-:-WARD 17 PRECINCT 23,4
CITY OF CHICAGO-:-WARD 17 PRECINCT 24,4
CITY OF CHICAGO-:-WARD 17 PRECINCT 25,4
CITY OF CHICAGO-:-WARD 17 PRECINCT 26,4
CITY OF CHICAGO-:-WARD 17 PRECINCT 27,4
CITY OF CHICAGO-:-WARD 17 PRECINCT 28,4
CITY OF CHICAGO-:-WARD 17 PRECINCT 29,4
CITY OF CHICAGO-:-WARD 18 PRECINCT 01,4
CITY OF CHICAGO-:-WARD 18 PRECINCT 02,4
CITY OF CHICAGO-:-WARD 18 PRECINCT 03,4
CITY OF CHICAGO-:-WARD 18 PRECINCT 04,4
CITY OF CHICAGO-:-WARD 18 PRECINCT 05,4
CITY OF CHICAGO-:-WARD 18 PRECINCT 06,4
CITY OF CHICAGO-:-WARD 18 PRECINCT 07,4
CITY OF CHICAGO-:-WARD 18 PRECINCT 08,4
CITY OF CHICAGO-:-WARD 18 PRECINCT 09,4
CITY OF CHICAGO-:-WARD 18 PRECINCT 10,4
CITY OF CHICAGO-:-WARD 18 PRECINCT 11,4
CITY OF CHICAGO-:-WARD 18 PRECINCT 12,4
CITY OF CHICAGO-:-WARD 18 PRECINCT 13,4
CITY OF CHICAGO-:-WARD 18 PRECINCT 14,4
CITY OF CHICAGO-:-WARD 18 PRECINCT 15,4
CITY OF CHICAGO-:-WARD 18 PRECINCT 16,4
CITY OF CHICAGO-:-WARD 18 PRECINCT 17,4
CITY OF CHICAGO-:-WARD 18 PRECINCT 19,4
CITY OF CHICAGO-:-WARD 18 PRECINCT 20,4
CITY OF CHICAGO-:-WARD 18 PRECINCT 21,4
CITY OF CHICAGO-:-WARD 18 PRECINCT 22,4
CITY OF CHICAGO-:-WARD 18 PRECINCT 23,4
CITY OF CHICAGO-:-WARD 18 PRECINCT 24,4
CITY OF CHICAGO-:-WARD 18 PRECINCT 25,4
CITY OF CHICAGO-:-WARD 18 PRECINCT 26,4
CITY OF CHICAGO-:-WARD 19 PRECINCT 01,4
CITY OF CHICAGO-:-WARD 19 PRECINCT 02,4
CITY OF CHICAGO-:-WARD 19 PRECINCT 03,4
CITY OF CHICAGO-:-WARD 19 PRECINCT 04,4
CITY OF CHICAGO-:-WARD 19 PRECINCT 05,4
CITY OF CHICAGO-:-WARD 19 PRECINCT 06,4
CITY OF CHICAGO-:-WARD 19 PRECINCT 07,4
CITY OF CHICAGO-:-WARD 19 PRECINCT 08,4
CITY OF CHICAGO-:-WARD 19 PRECINCT 09,4
CITY OF CHICAGO-:-WARD 19 PRECINCT 12,4
CITY OF CHICAGO-:-WARD 19 PRECINCT 13,4
CITY OF CHICAGO-:-WARD 19 PRECINCT 14,4
CITY OF CHICAGO-:-WARD 19 PRECINCT 15,4
CITY OF CHICAGO-:-WARD 19 PRECINCT 16,4
CITY OF CHICAGO-:-WARD 19 PRECINCT 17,4
CITY OF CHICAGO-:-WARD 19 PRECINCT 18,4
CITY OF CHICAGO-:-WARD 19 PRECINCT 20,4
CITY OF CHICAGO-:-WARD 19 PRECINCT 21,4
CITY OF CHICAGO-:-WARD 19 PRECINCT 22,4
CITY OF CHICAGO-:-WARD 19 PRECINCT 23,4
CITY OF CHICAGO-:-WARD 19 PRECINCT 24,4
CITY OF CHICAGO-:-WARD 19 PRECINCT 27,4
CITY OF CHICAGO-:-WARD 19 PRECINCT 28,4
CITY OF CHICAGO-:-WARD 19 PRECINCT 29,4
CITY OF CHICAGO-:-WARD 19 PRECINCT 30,4
CITY OF CHICAGO-:-WARD 19 PRECINCT 32,4
CITY OF CHICAGO-:-WARD 19 PRECINCT 33,4
CITY OF CHICAGO-:-WARD 19 PRECINCT 34,4
CITY OF CHICAGO-:-WARD 19 PRECINCT 35,4
CITY OF CHICAGO-:-WARD 20 PRECINCT 02,4
CITY OF CHICAGO-:-WARD 20 PRECINCT 04,4
CITY OF CHICAGO-:-WARD 20 PRECINCT 06,4
CITY OF CHICAGO-:-WARD 20 PRECINCT 07,4
CITY OF CHICAGO-:-WARD 20 PRECINCT 09,4
CITY OF CHICAGO-:-WARD 20 PRECINCT 10,4
CITY OF CHICAGO-:-WARD 20 PRECINCT 11,4
CITY OF CHICAGO-:-WARD 20 PRECINCT 12,4
CITY OF CHICAGO-:-WARD 20 PRECINCT 13,6
CITY OF CHICAGO-:-WARD 20 PRECINCT 15,4
CITY OF CHICAGO-:-WARD 20 PRECINCT 16,4
CITY OF CHICAGO-:-WARD 20 PRECINCT 17,4
CITY OF CHICAGO-:-WARD 20 PRECINCT 18,4
CITY OF CHICAGO-:-WARD 20 PRECINCT 19,4
CITY OF CHICAGO-:-WARD 20 PRECINCT 20,4
CITY OF CHICAGO-:-WARD 20 PRECINCT 21,4
CITY OF CHICAGO-:-WARD 20 PRECINCT 22,4
CITY OF CHICAGO-:-WARD 20 PRECINCT 23,4
CITY OF CHICAGO-:-WARD 21 PRECINCT 01,4
CITY OF CHICAGO-:-WARD 21 PRECINCT 02,4
CITY OF CHICAGO-:-WARD 21 PRECINCT 03,4
CITY OF CHICAGO-:-WARD 21 PRECINCT 04,4
CITY OF CHICAGO-:-WARD 21 PRECINCT 05,4
CITY OF CHICAGO-:-WARD 21 PRECINCT 06,4
CITY OF CHICAGO-:-WARD 21 PRECINCT 07,4
CITY OF CHICAGO-:-WARD 21 PRECINCT 08,4
CITY OF CHICAGO-:-WARD 21 PRECINCT 09,4
CITY OF CHICAGO-:-WARD 21 PRECINCT 10,4
CITY OF CHICAGO-:-WARD 21 PRECINCT 11,4
CITY OF CHICAGO-:-WARD 21 PRECINCT 12,4
CITY OF CHICAGO-:-WARD 21 PRECINCT 13,4
CITY OF CHICAGO-:-WARD 21 PRECINCT 14,4
CITY OF CHICAGO-:-WARD 21 PRECINCT 15,4
CITY OF CHICAGO-:-WARD 21 PRECINCT 16,4
CITY OF CHICAGO-:-WARD 21 PRECINCT 17,4
CITY OF CHICAGO-:-WARD 21 PRECINCT 18,4
CITY OF CHICAGO-:-WARD 21 PRECINCT 19,4
CITY OF CHICAGO-:-WARD 21 PRECINCT 20,4
CITY OF CHICAGO-:-WARD 21 PRECINCT 21,4
CITY OF CHICAGO-:-WARD 21 PRECINCT 22,4
CITY OF CHICAGO-:-WARD 21 PRECINCT 23,4
CITY OF CHICAGO-:-WARD 21 PRECINCT 24,4
CITY OF CHICAGO-:-WARD 21 PRECINCT 25,4
CITY OF CHICAGO-:-WARD 21 PRECINCT 26,4
CITY OF CHICAGO-:-WARD 21 PRECINCT 27,4
CITY OF CHICAGO-:-WARD 21 PRECINCT 28,4
CITY OF CHICAGO-:-WARD 21 PRECINCT 29,4
CITY OF CHICAGO-:-WARD 22 PRECINCT 01,4
CITY OF CHICAGO-:-WARD 22 PRECINCT 03,4
CITY OF CHICAGO-:-WARD 22 PRECINCT 04,4
CITY OF CHICAGO-:-WARD 22 PRECINCT 05,4
CITY OF CHICAGO-:-WARD 22 PRECINCT 06,4
CITY OF CHICAGO-:-WARD 22 PRECINCT 07,4
CITY OF CHICAGO-:-WARD 22 PRECINCT 08,4
CITY OF CHICAGO-:-WARD 22 PRECINCT 09,4
CITY OF CHICAGO-:-WARD 22 PRECINCT 10,4
CITY OF CHICAGO-:-WARD 22 PRECINCT 11,4
CITY OF CHICAGO-:-WARD 22 PRECINCT 12,4
CITY OF CHICAGO-:-WARD 22 PRECINCT 13,4
CITY OF CHICAGO-:-WARD 22 PRECINCT 14,4
CITY OF CHICAGO-:-WARD 22 PRECINCT 15,4
CITY OF CHICAGO-:-WARD 22 PRECINCT 16,4
CITY OF CHICAGO-:-WARD 22 PRECINCT 17,4
CITY OF CHICAGO-:-WARD 22 PRECINCT 18,4
CITY OF CHICAGO-:-WARD 22 PRECINCT 19,4
CITY OF CHICAGO-:-WARD 23 PRECINCT 01,4
CITY OF CHICAGO-:-WARD 23 PRECINCT 02,4
CITY OF CHICAGO-:-WARD 23 PRECINCT 03,4
CITY OF CHICAGO-:-WARD 23 PRECINCT 04,4
CITY OF CHICAGO-:-WARD 23 PRECINCT 05,4
CITY OF CHICAGO-:-WARD 23 PRECINCT 06,4
CITY OF CHICAGO-:-WARD 23 PRECINCT 07,4
CITY OF CHICAGO-:-WARD 23 PRECINCT 08,4
CITY OF CHICAGO-:-WARD 23 PRECINCT 09,4
CITY OF CHICAGO-:-WARD 23 PRECINCT 10,4
CITY OF CHICAGO-:-WARD 23 PRECINCT 11,4
CITY OF CHICAGO-:-WARD 23 PRECINCT 12,4
CITY OF CHICAGO-:-WARD 23 PRECINCT 13,4
CITY OF CHICAGO-:-WARD 23 PRECINCT 14,4
CITY OF CHICAGO-:-WARD 23 PRECINCT 15,4
CITY OF CHICAGO-:-WARD 23 PRECINCT 16,4
CITY OF CHICAGO-:-WARD 23 PRECINCT 17,4
CITY OF CHICAGO-:-WARD 23 PRECINCT 18,4
CITY OF CHICAGO-:-WARD 23 PRECINCT 19,4
CITY OF CHICAGO-:-WARD 23 PRECINCT 20,4
CITY OF CHICAGO-:-WARD 23 PRECINCT 21,4
CITY OF CHICAGO-:-WARD 23 PRECINCT 22,4
CITY OF CHICAGO-:-WARD 23 PRECINCT 23,4
CITY OF CHICAGO-:-WARD 23 PRECINCT 24,4
CITY OF CHICAGO-:-WARD 23 PRECINCT 25,4
CITY OF CHICAGO-:-WARD 23 PRECINCT 26,4
CITY OF CHICAGO-:-WARD 23 PRECINCT 27,4
CITY OF CHICAGO-:-WARD 23 PRECINCT 28,4
CITY OF CHICAGO-:-WARD 23 PRECINCT 29,4
CITY OF CHICAGO-:-WARD 23 PRECINCT 30,4
CITY OF CHICAGO-:-WARD 23 PRECINCT 31,4
CITY OF CHICAGO-:-WARD 23 PRECINCT 32,4
CITY OF CHICAGO-:-WARD 23 PRECINCT 33,4
CITY OF CHICAGO-:-WARD 24 PRECINCT 01,4
CITY OF CHICAGO-:-WARD 24 PRECINCT 02,4
CITY OF CHICAGO-:-WARD 24 PRECINCT 03,4
CITY OF CHICAGO-:-WARD 24 PRECINCT 04,4
CITY OF CHICAGO-:-WARD 24 PRECINCT 05,4
CITY OF CHICAGO-:-WARD 24 PRECINCT 06,4
CITY OF CHICAGO-:-WARD 24 PRECINCT 07,4
CITY OF CHICAGO-:-WARD 24 PRECINCT 08,4
CITY OF CHICAGO-:-WARD 24 PRECINCT 09,4
CITY OF CHICAGO-:-WARD 24 PRECINCT 10,4
CITY OF CHICAGO-:-WARD 24 PRECINCT 11,4
CITY OF CHICAGO-:-WARD 24 PRECINCT 12,4
CITY OF CHICAGO-:-WARD 24 PRECINCT 13,4
CITY OF CHICAGO-:-WARD 24 PRECINCT 14,4
CITY OF CHICAGO-:-WARD 24 PRECINCT 15,4
CITY OF CHICAGO-:-WARD 24 PRECINCT 16,4
CITY OF CHICAGO-:-WARD 24 PRECINCT 17,4
CITY OF CHICAGO-:-WARD 24 PRECINCT 19,4
CITY OF CHICAGO-:-WARD 24 PRECINCT 20,4
CITY OF CHICAGO-:-WARD 25 PRECINCT 01,4
CITY OF CHICAGO-:-WARD 25 PRECINCT 02,4
CITY OF CHICAGO-:-WARD 25 PRECINCT 04,4
CITY OF CHICAGO-:-WARD 25 PRECINCT 05,4
CITY OF CHICAGO-:-WARD 25 PRECINCT 06,4
CITY OF CHICAGO-:-WARD 25 PRECINCT 07,4
CITY OF CHICAGO-:-WARD 25 PRECINCT 08,4
CITY OF CHICAGO-:-WARD 25 PRECINCT 09,4
CITY OF CHICAGO-:-WARD 25 PRECINCT 10,4
CITY OF CHICAGO-:-WARD 25 PRECINCT 11,4
CITY OF CHICAGO-:-WARD 25 PRECINCT 12,4
CITY OF CHICAGO-:-WARD 25 PRECINCT 14,4
CITY OF CHICAGO-:-WARD 25 PRECINCT 15,4
CITY OF CHICAGO-:-WARD 25 PRECINCT 16,4
CITY OF CHICAGO-:-WARD 25 PRECINCT 17,4
CITY OF CHICAGO-:-WARD 26 PRECINCT 01,16
CITY OF CHICAGO-:-WARD 26 PRECINCT 02,16
CITY OF CHICAGO-:-WARD 26 PRECINCT 03,8
CITY OF CHICAGO-:-WARD 26 PRECINCT 04,16
CITY OF CHICAGO-:-WARD 26 PRECINCT 05,16
CITY OF CHICAGO-:-WARD 26 PRECINCT 06,16
CITY OF CHICAGO-:-WARD 26 PRECINCT 07,16
CITY OF CHICAGO-:-WARD 26 PRECINCT 08,16
CITY OF CHICAGO-:-WARD 26 PRECINCT 09,16
CITY OF CHICAGO-:-WARD 26 PRECINCT 10,16
CITY OF CHICAGO-:-WARD 26 PRECINCT 11,16
CITY OF CHICAGO-:-WARD 26 PRECINCT 12,16
CITY OF CHICAGO-:-WARD 26 PRECINCT 13,16
CITY OF CHICAGO-:-WARD 26 PRECINCT 14,16
CITY OF CHICAGO-:-WARD 26 PRECINCT 15,16
CITY OF CHICAGO-:-WARD 26 PRECINCT 16,16
CITY OF CHICAGO-:-WARD 26 PRECINCT 17,16
CITY OF CHICAGO-:-WARD 26 PRECINCT 18,16
CITY OF CHICAGO-:-WARD 26 PRECINCT 19,8
CITY OF CHICAGO-:-WARD 26 PRECINCT 20,16
CITY OF CHICAGO-:-WARD 26 PRECINCT 21,16
CITY OF CHICAGO-:-WARD 26 PRECINCT 22,16
CITY OF CHICAGO-:-WARD 26 PRECINCT 23,16
CITY OF CHICAGO-:-WARD 26 PRECINCT 24,16
CITY OF CHICAGO-:-WARD 26 PRECINCT 25,16
CITY OF CHICAGO-:-WARD 26 PRECINCT 26,16
CITY OF CHICAGO-:-WARD 26 PRECINCT 28,8
CITY OF CHICAGO-:-WARD 26 PRECINCT 29,8
CITY OF CHICAGO-:-WARD 26 PRECINCT 30,16
CITY OF CHICAGO-:-WARD 26 PRECINCT 31,16
CITY OF CHICAGO-:-WARD 26 PRECINCT 32,16
CITY OF CHICAGO-:-WARD 27 PRECINCT 01,16
CITY OF CHICAGO-:-WARD 27 PRECINCT 02,16
CITY OF CHICAGO-:-WARD 27 PRECINCT 03,16
CITY OF CHICAGO-:-WARD 27 PRECINCT 04,16
CITY OF CHICAGO-:-WARD 27 PRECINCT 05,16
CITY OF CHICAGO-:-WARD 27 PRECINCT 06,16
CITY OF CHICAGO-:-WARD 27 PRECINCT 07,16
CITY OF CHICAGO-:-WARD 27 PRECINCT 08,16
CITY OF CHICAGO-:-WARD 27 PRECINCT 10,16
CITY OF CHICAGO-:-WARD 27 PRECINCT 11,16
CITY OF CHICAGO-:-WARD 27 PRECINCT 14,16
CITY OF CHICAGO-:-WARD 27 PRECINCT 15,16
CITY OF CHICAGO-:-WARD 27 PRECINCT 16,16
CITY OF CHICAGO-:-WARD 27 PRECINCT 17,16
CITY OF CHICAGO-:-WARD 27 PRECINCT 18,16
CITY OF CHICAGO-:-WARD 27 PRECINCT 19,16
CITY OF CHICAGO-:-WARD 27 PRECINCT 20,15
CITY OF CHICAGO-:-WARD 27 PRECINCT 22,16
CITY OF CHICAGO-:-WARD 27 PRECINCT 23,16
CITY OF CHICAGO-:-WARD 27 PRECINCT 24,16
CITY OF CHICAGO-:-WARD 27 PRECINCT 25,16
CITY OF CHICAGO-:-WARD 27 PRECINCT 26,16
CITY OF CHICAGO-:-WARD 27 PRECINCT 27,16
CITY OF CHICAGO-:-WARD 27 PRECINCT 28,16
CITY OF CHICAGO-:-WARD 27 PRECINCT 29,16
CITY OF CHICAGO-:-WARD 28 PRECINCT 01,16
CITY OF CHICAGO-:-WARD 28 PRECINCT 02,16
CITY OF CHICAGO-:-WARD 28 PRECINCT 03,16
CITY OF CHICAGO-:-WARD 28 PRECINCT 04,16
CITY OF CHICAGO-:-WARD 28 PRECINCT 05,16
CITY OF CHICAGO-:-WARD 28 PRECINCT 06,16
CITY OF CHICAGO-:-WARD 28 PRECINCT 07,16
CITY OF CHICAGO-:-WARD 28 PRECINCT 08,16
CITY OF CHICAGO-:-WARD 28 PRECINCT 09,16
CITY OF CHICAGO-:-WARD 28 PRECINCT 10,16
CITY OF CHICAGO-:-WARD 28 PRECINCT 11,16
CITY OF CHICAGO-:-WARD 28 PRECINCT 12,16
CITY OF CHICAGO-:-WARD 28 PRECINCT 13,16
CITY OF CHICAGO-:-WARD 28 PRECINCT 14,16
CITY OF CHICAGO-:-WARD 28 PRECINCT 15,4
CITY OF CHICAGO-:-WARD 28 PRECINCT 16,4
CITY OF CHICAGO-:-WARD 28 PRECINCT 18,16
CITY OF CHICAGO-:-WARD 28 PRECINCT 19,16
CITY OF CHICAGO-:-WARD 28 PRECINCT 20,16
CITY OF CHICAGO-:-WARD 28 PRECINCT 21,16
CITY OF CHICAGO-:-WARD 28 PRECINCT 22,16
CITY OF CHICAGO-:-WARD 28 PRECINCT 23,16
CITY OF CHICAGO-:-WARD 28 PRECINCT 24,16
CITY OF CHICAGO-:-WARD 28 PRECINCT 25,16
CITY OF CHICAGO-:-WARD 28 PRECINCT 26,16
CITY OF CHICAGO-:-WARD 29 PRECINCT 01,16
CITY OF CHICAGO-:-WARD 29 PRECINCT 02,16
CITY OF CHICAGO-:-WARD 29 PRECINCT 03,16
CITY OF CHICAGO-:-WARD 29 PRECINCT 06,16
CITY OF CHICAGO-:-WARD 29 PRECINCT 07,16
CITY OF CHICAGO-:-WARD 29 PRECINCT 08,16
CITY OF CHICAGO-:-WARD 29 PRECINCT 09,16
CITY OF CHICAGO-:-WARD 29 PRECINCT 10,16
CITY OF CHICAGO-:-WARD 29 PRECINCT 11,16
CITY OF CHICAGO-:-WARD 29 PRECINCT 12,16
CITY OF CHICAGO-:-WARD 29 PRECINCT 13,16
CITY OF CHICAGO-:-WARD 29 PRECINCT 14,16
CITY OF CHICAGO-:-WARD 29 PRECINCT 15,16
CITY OF CHICAGO-:-WARD 29 PRECINCT 16,16
CITY OF CHICAGO-:-WARD 29 PRECINCT 17,16
CITY OF CHICAGO-:-WARD 29 PRECINCT 18,16
CITY OF CHICAGO-:-WARD 29 PRECINCT 19,16
CITY OF CHICAGO-:-WARD 29 PRECINCT 20,16
CITY OF CHICAGO-:-WARD 29 PRECINCT 21,16
CITY OF CHICAGO-:-WARD 29 PRECINCT 22,16
CITY OF CHICAGO-:-WARD 29 PRECINCT 23,16
CITY OF CHICAGO-:-WARD 29 PRECINCT 24,16
CITY OF CHICAGO-:-WARD 30 PRECINCT 01,16
CITY OF CHICAGO-:-WARD 30 PRECINCT 02,16
CITY OF CHICAGO-:-WARD 30 PRECINCT 04,16
CITY OF CHICAGO-:-WARD 30 PRECINCT 05,16
CITY OF CHICAGO-:-WARD 30 PRECINCT 06,16
CITY OF CHICAGO-:-WARD 30 PRECINCT 07,16
CITY OF CHICAGO-:-WARD 30 PRECINCT 08,8
CITY OF CHICAGO-:-WARD 30 PRECINCT 09,16
CITY OF CHICAGO-:-WARD 30 PRECINCT 10,16
CITY OF CHICAGO-:-WARD 30 PRECINCT 11,16
CITY OF CHICAGO-:-WARD 30 PRECINCT 12,16
CITY OF CHICAGO-:-WARD 30 PRECINCT 13,16
CITY OF CHICAGO-:-WARD 30 PRECINCT 14,16
CITY OF CHICAGO-:-WARD 30 PRECINCT 16,16
CITY OF CHICAGO-:-WARD 30 PRECINCT 17,16
CITY OF CHICAGO-:-WARD 30 PRECINCT 18,16
CITY OF CHICAGO-:-WARD 30 PRECINCT 19,16
CITY OF CHICAGO-:-WARD 30 PRECINCT 20,16
CITY OF CHICAGO-:-WARD 30 PRECINCT 21,16
CITY OF CHICAGO-:-WARD 30 PRECINCT 24,16
CITY OF CHICAGO-:-WARD 30 PRECINCT 25,16
CITY OF CHICAGO-:-WARD 30 PRECINCT 26,8
CITY OF CHICAGO-:-WARD 31 PRECINCT 01,16
CITY OF CHICAGO-:-WARD 31 PRECINCT 02,8
CITY OF CHICAGO-:-WARD 31 PRECINCT 03,16
CITY OF CHICAGO-:-WARD 31 PRECINCT 04,16
CITY OF CHICAGO-:-WARD 31 PRECINCT 05,16
CITY OF CHICAGO-:-WARD 31 PRECINCT 06,16
CITY OF CHICAGO-:-WARD 31 PRECINCT 07,16
CITY OF CHICAGO-:-WARD 31 PRECINCT 08,16
CITY OF CHICAGO-:-WARD 31 PRECINCT 09,16
CITY OF CHICAGO-:-WARD 31 PRECINCT 10,8
CITY OF CHICAGO-:-WARD 31 PRECINCT 11,16
CITY OF CHICAGO-:-WARD 31 PRECINCT 12,16
CITY OF CHICAGO-:-WARD 31 PRECINCT 13,16
CITY OF CHICAGO-:-WARD 31 PRECINCT 14,16
CITY OF CHICAGO-:-WARD 31 PRECINCT 15,16
CITY OF CHICAGO-:-WARD 31 PRECINCT 16,16
CITY OF CHICAGO-:-WARD 31 PRECINCT 17,16
CITY OF CHICAGO-:-WARD 31 PRECINCT 18,16
CITY OF CHICAGO-:-WARD 31 PRECINCT 19,16
CITY OF CHICAGO-:-WARD 31 PRECINCT 20,16
CITY OF CHICAGO-:-WARD 31 PRECINCT 21,16
CITY OF CHICAGO-:-WARD 31 PRECINCT 22,16
CITY OF CHICAGO-:-WARD 31 PRECINCT 23,16
CITY OF CHICAGO-:-WARD 32 PRECINCT 01,8
CITY OF CHICAGO-:-WARD 32 PRECINCT 02,8
CITY OF CHICAGO-:-WARD 32 PRECINCT 03,8
CITY OF CHICAGO-:-WARD 32 PRECINCT 04,8
CITY OF CHICAGO-:-WARD 32 PRECINCT 05,16
CITY OF CHICAGO-:-WARD 32 PRECINCT 06,16
CITY OF CHICAGO-:-WARD 32 PRECINCT 07,8
CITY OF CHICAGO-:-WARD 32 PRECINCT 08,16
CITY OF CHICAGO-:-WARD 32 PRECINCT 09,16
CITY OF CHICAGO-:-WARD 32 PRECINCT 10,8
CITY OF CHICAGO-:-WARD 32 PRECINCT 11,16
CITY OF CHICAGO-:-WARD 32 PRECINCT 12,16
CITY OF CHICAGO-:-WARD 32 PRECINCT 13,16
CITY OF CHICAGO-:-WARD 32 PRECINCT 14,8
CITY OF CHICAGO-:-WARD 32 PRECINCT 15,8
CITY OF CHICAGO-:-WARD 32 PRECINCT 16,16
CITY OF CHICAGO-:-WARD 32 PRECINCT 17,8
CITY OF CHICAGO-:-WARD 32 PRECINCT 18,16
CITY OF CHICAGO-:-WARD 32 PRECINCT 20,8
CITY OF CHICAGO-:-WARD 32 PRECINCT 21,16
CITY OF CHICAGO-:-WARD 32 PRECINCT 22,16
CITY OF CHICAGO-:-WARD 32 PRECINCT 23,16
CITY OF CHICAGO-:-WARD 32 PRECINCT 24,16
CITY OF CHICAGO-:-WARD 32 PRECINCT 25,16
CITY OF CHICAGO-:-WARD 32 PRECINCT 26,16
CITY OF CHICAGO-:-WARD 32 PRECINCT 27,16
CITY OF CHICAGO-:-WARD 32 PRECINCT 28,16
CITY OF CHICAGO-:-WARD 32 PRECINCT 29,16
CITY OF CHICAGO-:-WARD 32 PRECINCT 30,16
CITY OF CHICAGO-:-WARD 33 PRECINCT 01,8
CITY OF CHICAGO-:-WARD 33 PRECINCT 02,8
CITY OF CHICAGO-:-WARD 33 PRECINCT 03,8
CITY OF CHICAGO-:-WARD 33 PRECINCT 04,8
CITY OF CHICAGO-:-WARD 33 PRECINCT 05,8
CITY OF CHICAGO-:-WARD 33 PRECINCT 06,8
CITY OF CHICAGO-:-WARD 33 PRECINCT 07,8
CITY OF CHICAGO-:-WARD 33 PRECINCT 08,8
CITY OF CHICAGO-:-WARD 33 PRECINCT 09,8
CITY OF CHICAGO-:-WARD 33 PRECINCT 10,8
CITY OF CHICAGO-:-WARD 33 PRECINCT 11,8
CITY OF CHICAGO-:-WARD 33 PRECINCT 12,8
CITY OF CHICAGO-:-WARD 33 PRECINCT 13,8
CITY OF CHICAGO-:-WARD 33 PRECINCT 14,8
CITY OF CHICAGO-:-WARD 33 PRECINCT 15,16
CITY OF CHICAGO-:-WARD 33 PRECINCT 17,8
CITY OF CHICAGO-:-WARD 34 PRECINCT 01,16
CITY OF CHICAGO-:-WARD 34 PRECINCT 02,16
CITY OF CHICAGO-:-WARD 34 PRECINCT 03,16
CITY OF CHICAGO-:-WARD 34 PRECINCT 04,16
CITY OF CHICAGO-:-WARD 34 PRECINCT 05,16
CITY OF CHICAGO-:-WARD 34 PRECINCT 06,16
CITY OF CHICAGO-:-WARD 34 PRECINCT 07,16
CITY OF CHICAGO-:-WARD 34 PRECINCT 08,16
CITY OF CHICAGO-:-WARD 34 PRECINCT 09,16
CITY OF CHICAGO-:-WARD 34 PRECINCT 10,16
CITY OF CHICAGO-:-WARD 34 PRECINCT 11,16
CITY OF CHICAGO-:-WARD 34 PRECINCT 12,16
CITY OF CHICAGO-:-WARD 34 PRECINCT 13,16
CITY OF CHICAGO-:-WARD 34 PRECINCT 14,16
CITY OF CHICAGO-:-WARD 34 PRECINCT 15,16
CITY OF CHICAGO-:-WARD 34 PRECINCT 16,16
CITY OF CHICAGO-:-WARD 34 PRECINCT 17,4
CITY OF CHICAGO-:-WARD 34 PRECINCT 18,4
CITY OF CHICAGO-:-WARD 34 PRECINCT 19,16
CITY OF CHICAGO-:-WARD 34 PRECINCT 20,16
CITY OF CHICAGO-:-WARD 35 PRECINCT 01,16
CITY OF CHICAGO-:-WARD 35 PRECINCT 02,8
CITY OF CHICAGO-:-WARD 35 PRECINCT 03,8
CITY OF CHICAGO-:-WARD 35 PRECINCT 04,8
CITY OF CHICAGO-:-WARD 35 PRECINCT 05,8
CITY OF CHICAGO-:-WARD 35 PRECINCT 06,8
CITY OF CHICAGO-:-WARD 35 PRECINCT 07,8
CITY OF CHICAGO-:-WARD 35 PRECINCT 08,8
CITY OF CHICAGO-:-WARD 35 PRECINCT 09,8
CITY OF CHICAGO-:-WARD 35 PRECINCT 10,8
CITY OF CHICAGO-:-WARD 35 PRECINCT 11,8
CITY OF CHICAGO-:-WARD 35 PRECINCT 12,8
CITY OF CHICAGO-:-WARD 35 PRECINCT 13,8
CITY OF CHICAGO-:-WARD 35 PRECINCT 14,8
CITY OF CHICAGO-:-WARD 35 PRECINCT 15,8
CITY OF CHICAGO-:-WARD 35 PRECINCT 16,8
CITY OF CHICAGO-:-WARD 35 PRECINCT 17,8
CITY OF CHICAGO-:-WARD 35 PRECINCT 18,8
CITY OF CHICAGO-:-WARD 35 PRECINCT 19,8
CITY OF CHICAGO-:-WARD 35 PRECINCT 20,16
CITY OF CHICAGO-:-WARD 35 PRECINCT 21,8
CITY OF CHICAGO-:-WARD 36 PRECINCT 01,16
CITY OF CHICAGO-:-WARD 36 PRECINCT 02,16
CITY OF CHICAGO-:-WARD 36 PRECINCT 03,16
CITY OF CHICAGO-:-WARD 36 PRECINCT 04,16
CITY OF CHICAGO-:-WARD 36 PRECINCT 05,16
CITY OF CHICAGO-:-WARD 36 PRECINCT 06,16
CITY OF CHICAGO-:-WARD 36 PRECINCT 07,16
CITY OF CHICAGO-:-WARD 36 PRECINCT 08,16
CITY OF CHICAGO-:-WARD 36 PRECINCT 09,16
CITY OF CHICAGO-:-WARD 36 PRECINCT 10,16
CITY OF CHICAGO-:-WARD 36 PRECINCT 11,16
CITY OF CHICAGO-:-WARD 36 PRECINCT 12,16
CITY OF CHICAGO-:-WARD 36 PRECINCT 13,16
CITY OF CHICAGO-:-WARD 36 PRECINCT 14,16
CITY OF CHICAGO-:-WARD 36 PRECINCT 15,16
CITY OF CHICAGO-:-WARD 36 PRECINCT 16,16
CITY OF CHICAGO-:-WARD 36 PRECINCT 17,16
CITY OF CHICAGO-:-WARD 36 PRECINCT 18,16
CITY OF CHICAGO-:-WARD 36 PRECINCT 19,16
CITY OF CHICAGO-:-WARD 36 PRECINCT 20,16
CITY OF CHICAGO-:-WARD 36 PRECINCT 21,16
CITY OF CHICAGO-:-WARD 36 PRECINCT 22,16
CITY OF CHICAGO-:-WARD 36 PRECINCT 23,16
CITY OF CHICAGO-:-WARD 36 PRECINCT 24,16
CITY OF CHICAGO-:-WARD 36 PRECINCT 25,16
CITY OF CHICAGO-:-WARD 36 PRECINCT 26,16
CITY OF CHICAGO-:-WARD 36 PRECINCT 27,16
CITY OF CHICAGO-:-WARD 37 PRECINCT 01,16
CITY OF CHICAGO-:-WARD 37 PRECINCT 02,16
CITY OF CHICAGO-:-WARD 37 PRECINCT 03,16
CITY OF CHICAGO-:-WARD 37 PRECINCT 04,16
CITY OF CHICAGO-:-WARD 37 PRECINCT 05,16
CITY OF CHICAGO-:-WARD 37 PRECINCT 06,16
CITY OF CHICAGO-:-WARD 37 PRECINCT 07,16
CITY OF CHICAGO-:-WARD 37 PRECINCT 08,16
CITY OF CHICAGO-:-WARD 37 PRECINCT 09,16
CITY OF CHICAGO-:-WARD 37 PRECINCT 10,16
CITY OF CHICAGO-:-WARD 37 PRECINCT 11,16
CITY OF CHICAGO-:-WARD 37 PRECINCT 12,16
CITY OF CHICAGO-:-WARD 37 PRECINCT 13,16
CITY OF CHICAGO-:-WARD 37 PRECINCT 14,16
CITY OF CHICAGO-:-WARD 37 PRECINCT 15,16
CITY OF CHICAGO-:-WARD 37 PRECINCT 17,16
CITY OF CHICAGO-:-WARD 37 PRECINCT 18,16
CITY OF CHICAGO-:-WARD 37 PRECINCT 19,16
CITY OF CHICAGO-:-WARD 37 PRECINCT 20,16
CITY OF CHICAGO-:-WARD 37 PRECINCT 21,16
CITY OF CHICAGO-:-WARD 37 PRECINCT 22,16
CITY OF CHICAGO-:-WARD 38 PRECINCT 01,16
CITY OF CHICAGO-:-WARD 38 PRECINCT 02,16
CITY OF CHICAGO-:-WARD 38 PRECINCT 03,16
CITY OF CHICAGO-:-WARD 38 PRECINCT 04,16
CITY OF CHICAGO-:-WARD 38 PRECINCT 05,16
CITY OF CHICAGO-:-WARD 38 PRECINCT 07,16
CITY OF CHICAGO-:-WARD 38 PRECINCT 08,16
CITY OF CHICAGO-:-WARD 38 PRECINCT 09,16
CITY OF CHICAGO-:-WARD 38 PRECINCT 10,16
CITY OF CHICAGO-:-WARD 38 PRECINCT 12,16
CITY OF CHICAGO-:-WARD 38 PRECINCT 13,16
CITY OF CHICAGO-:-WARD 38 PRECINCT 14,16
CITY OF CHICAGO-:-WARD 38 PRECINCT 15,16
CITY OF CHICAGO-:-WARD 38 PRECINCT 16,16
CITY OF CHICAGO-:-WARD 38 PRECINCT 18,16
CITY OF CHICAGO-:-WARD 38 PRECINCT 19,16
CITY OF CHICAGO-:-WARD 38 PRECINCT 20,16
CITY OF CHICAGO-:-WARD 38 PRECINCT 21,16
CITY OF CHICAGO-:-WARD 38 PRECINCT 22,16
CITY OF CHICAGO-:-WARD 38 PRECINCT 23,16
CITY OF CHICAGO-:-WARD 38 PRECINCT 25,8
CITY OF CHICAGO-:-WARD 39 PRECINCT 01,16
CITY OF CHICAGO-:-WARD 39 PRECINCT 02,16
CITY OF CHICAGO-:-WARD 39 PRECINCT 03,16
CITY OF CHICAGO-:-WARD 39 PRECINCT 04,16
CITY OF CHICAGO-:-WARD 39 PRECINCT 05,16
CITY OF CHICAGO-:-WARD 39 PRECINCT 06,16
CITY OF CHICAGO-:-WARD 39 PRECINCT 07,16
CITY OF CHICAGO-:-WARD 39 PRECINCT 08,16
CITY OF CHICAGO-:-WARD 39 PRECINCT 09,16
CITY OF CHICAGO-:-WARD 39 PRECINCT 10,16
CITY OF CHICAGO-:-WARD 39 PRECINCT 11,16
CITY OF CHICAGO-:-WARD 39 PRECINCT 12,16
CITY OF CHICAGO-:-WARD 39 PRECINCT 13,8
CITY OF CHICAGO-:-WARD 39 PRECINCT 14,16
CITY OF CHICAGO-:-WARD 39 PRECINCT 15,16
CITY OF CHICAGO-:-WARD 39 PRECINCT 16,16
CITY OF CHICAGO-:-WARD 39 PRECINCT 17,16
CITY OF CHICAGO-:-WARD 39 PRECINCT 18,16
CITY OF CHICAGO-:-WARD 39 PRECINCT 19,16
CITY OF CHICAGO-:-WARD 39 PRECINCT 20,16
CITY OF CHICAGO-:-WARD 39 PRECINCT 21,8
CITY OF CHICAGO-:-WARD 39 PRECINCT 22,16
CITY OF CHICAGO-:-WARD 39 PRECINCT 23,16
CITY OF CHICAGO-:-WARD 39 PRECINCT 24,16
CITY OF CHICAGO-:-WARD 39 PRECINCT 25,16
CITY OF CHICAGO-:-WARD 39 PRECINCT 26,16
CITY OF CHICAGO-:-WARD 39 PRECINCT 27,16
CITY OF CHICAGO-:-WARD 39 PRECINCT 29,16
CITY OF CHICAGO-:-WARD 39 PRECINCT 30,16
CITY OF CHICAGO-:-WARD 39 PRECINCT 31,16
CITY OF CHICAGO-:-WARD 39 PRECINCT 32,16
CITY OF CHICAGO-:-WARD 39 PRECINCT 33,16
CITY OF CHICAGO-:-WARD 39 PRECINCT 34,16
CITY OF CHICAGO-:-WARD 39 PRECINCT 35,16
CITY OF CHICAGO-:-WARD 40 PRECINCT 01,16
CITY OF CHICAGO-:-WARD 40 PRECINCT 02,16
CITY OF CHICAGO-:-WARD 40 PRECINCT 03,16
CITY OF CHICAGO-:-WARD 40 PRECINCT 05,16
CITY OF CHICAGO-:-WARD 40 PRECINCT 06,16
CITY OF CHICAGO-:-WARD 40 PRECINCT 07,8
CITY OF CHICAGO-:-WARD 40 PRECINCT 08,16
CITY OF CHICAGO-:-WARD 40 PRECINCT 09,16
CITY OF CHICAGO-:-WARD 40 PRECINCT 10,8
CITY OF CHICAGO-:-WARD 40 PRECINCT 11,16
CITY OF CHICAGO-:-WARD 40 PRECINCT 12,8
CITY OF CHICAGO-:-WARD 40 PRECINCT 13,8
CITY OF CHICAGO-:-WARD 40 PRECINCT 14,8
CITY OF CHICAGO-:-WARD 40 PRECINCT 15,8
CITY OF CHICAGO-:-WARD 40 PRECINCT 16,8
CITY OF CHICAGO-:-WARD 40 PRECINCT 17,8
CITY OF CHICAGO-:-WARD 40 PRECINCT 18,8
CITY OF CHICAGO-:-WARD 40 PRECINCT 20,8
CITY OF CHICAGO-:-WARD 40 PRECINCT 21,8
CITY OF CHICAGO-:-WARD 40 PRECINCT 22,8
CITY OF CHICAGO-:-WARD 41 PRECINCT 01,16
CITY OF CHICAGO-:-WARD 41 PRECINCT 02,16
CITY OF CHICAGO-:-WARD 41 PRECINCT 03,16
CITY OF CHICAGO-:-WARD 41 PRECINCT 04,16
CITY OF CHICAGO-:-WARD 41 PRECINCT 05,16
CITY OF CHICAGO-:-WARD 41 PRECINCT 06,16
CITY OF CHICAGO-:-WARD 41 PRECINCT 07,16
CITY OF CHICAGO-:-WARD 41 PRECINCT 08,16
CITY OF CHICAGO-:-WARD 41 PRECINCT 09,16
CITY OF CHICAGO-:-WARD 41 PRECINCT 10,16
CITY OF CHICAGO-:-WARD 41 PRECINCT 11,16
CITY OF CHICAGO-:-WARD 41 PRECINCT 12,16
CITY OF CHICAGO-:-WARD 41 PRECINCT 13,16
CITY OF CHICAGO-:-WARD 41 PRECINCT 14,16
CITY OF CHICAGO-:-WARD 41 PRECINCT 15,16
CITY OF CHICAGO-:-WARD 41 PRECINCT 16,16
CITY OF CHICAGO-:-WARD 41 PRECINCT 17,16
CITY OF CHICAGO-:-WARD 41 PRECINCT 18,8
CITY OF CHICAGO-:-WARD 41 PRECINCT 19,8
CITY OF CHICAGO-:-WARD 41 PRECINCT 20,8
CITY OF CHICAGO-:-WARD 41 PRECINCT 21,8
CITY OF CHICAGO-:-WARD 41 PRECINCT 22,8
CITY OF CHICAGO-:-WARD 41 PRECINCT 23,8
CITY OF CHICAGO-:-WARD 41 PRECINCT 24,8
CITY OF CHICAGO-:-WARD 41 PRECINCT 25,8
CITY OF CHICAGO-:-WARD 41 PRECINCT 26,8
CITY OF CHICAGO-:-WARD 41 PRECINCT 27,8
CITY OF CHICAGO-:-WARD 41 PRECINCT 29,8
CITY OF CHICAGO-:-WARD 41 PRECINCT 30,8
CITY OF CHICAGO-:-WARD 41 PRECINCT 31,8
CITY OF CHICAGO-:-WARD 42 PRECINCT 01,15
CITY OF CHICAGO-:-WARD 42 PRECINCT 02,15
CITY OF CHICAGO-:-WARD 42 PRECINCT 03,15
CITY OF CHICAGO-:-WARD 42 PRECINCT 04,15
CITY OF CHICAGO-:-WARD 42 PRECINCT 05,15
CITY OF CHICAGO-:-WARD 42 PRECINCT 06,15
CITY OF CHICAGO-:-WARD 42 PRECINCT 07,15
CITY OF CHICAGO-:-WARD 42 PRECINCT 08,15
CITY OF CHICAGO-:-WARD 42 PRECINCT 10,15
CITY OF CHICAGO-:-WARD 42 PRECINCT 11,15
CITY OF CHICAGO-:-WARD 42 PRECINCT 12,15
CITY OF CHICAGO-:-WARD 42 PRECINCT 13,15
CITY OF CHICAGO-:-WARD 42 PRECINCT 14,15
CITY OF CHICAGO-:-WARD 42 PRECINCT 15,15
CITY OF CHICAGO-:-WARD 42 PRECINCT 16,15
CITY OF CHICAGO-:-WARD 42 PRECINCT 17,15
CITY OF CHICAGO-:-WARD 42 PRECINCT 18,15
CITY OF CHICAGO-:-WARD 42 PRECINCT 19,15
CITY OF CHICAGO-:-WARD 42 PRECINCT 20,15
CITY OF CHICAGO-:-WARD 42 PRECINCT 21,15
CITY OF CHICAGO-:-WARD 42 PRECINCT 23,15
CITY OF CHICAGO-:-WARD 42 PRECINCT 24,15
CITY OF CHICAGO-:-WARD 43 PRECINCT 01,15
CITY OF CHICAGO-:-WARD 43 PRECINCT 02,15
CITY OF CHICAGO-:-WARD 43 PRECINCT 03,15
CITY OF CHICAGO-:-WARD 43 PRECINCT 04,15
CITY OF CHICAGO-:-WARD 43 PRECINCT 05,15
CITY OF CHICAGO-:-WARD 43 PRECINCT 06,15
CITY OF CHICAGO-:-WARD 43 PRECINCT 07,15
CITY OF CHICAGO-:-WARD 43 PRECINCT 08,15
CITY OF CHICAGO-:-WARD 43 PRECINCT 09,15
CITY OF CHICAGO-:-WARD 43 PRECINCT 10,15
CITY OF CHICAGO-:-WARD 43 PRECINCT 11,15
CITY OF CHICAGO-:-WARD 43 PRECINCT 12,15
CITY OF CHICAGO-:-WARD 43 PRECINCT 13,15
CITY OF CHICAGO-:-WARD 43 PRECINCT 14,15
CITY OF CHICAGO-:-WARD 43 PRECINCT 16,15
CITY OF CHICAGO-:-WARD 43 PRECINCT 17,15
CITY OF CHICAGO-:-WARD 43 PRECINCT 18,15
CITY OF CHICAGO-:-WARD 43 PRECINCT 19,15
CITY OF CHICAGO-:-WARD 43 PRECINCT 20,15
CITY OF CHICAGO-:-WARD 43 PRECINCT 21,15
CITY OF CHICAGO-:-WARD 43 PRECINCT 22,15
CITY OF CHICAGO-:-WARD 43 PRECINCT 23,15
CITY OF CHICAGO-:-WARD 44 PRECINCT 01,15
CITY OF CHICAGO-:-WARD 44 PRECINCT 02,15
CITY OF CHICAGO-:-WARD 44 PRECINCT 03,15
CITY OF CHICAGO-:-WARD 44 PRECINCT 04,15
CITY OF CHICAGO-:-WARD 44 PRECINCT 05,15
CITY OF CHICAGO-:-WARD 44 PRECINCT 06,15
CITY OF CHICAGO-:-WARD 44 PRECINCT 07,15
CITY OF CHICAGO-:-WARD 44 PRECINCT 08,15
CITY OF CHICAGO-:-WARD 44 PRECINCT 09,15
CITY OF CHICAGO-:-WARD 44 PRECINCT 10,15
CITY OF CHICAGO-:-WARD 44 PRECINCT 11,15
CITY OF CHICAGO-:-WARD 44 PRECINCT 12,15
CITY OF CHICAGO-:-WARD 44 PRECINCT 13,15
CITY OF CHICAGO-:-WARD 44 PRECINCT 14,15
CITY OF CHICAGO-:-WARD 44 PRECINCT 15,15
CITY OF CHICAGO-:-WARD 44 PRECINCT 16,15
CITY OF CHICAGO-:-WARD 44 PRECINCT 17,15
CITY OF CHICAGO-:-WARD 44 PRECINCT 18,15
CITY OF CHICAGO-:-WARD 44 PRECINCT 19,15
CITY OF CHICAGO-:-WARD 44 PRECINCT 20,15
CITY OF CHICAGO-:-WARD 44 PRECINCT 21,15
CITY OF CHICAGO-:-WARD 45 PRECINCT 01,8
CITY OF CHICAGO-:-WARD 45 PRECINCT 02,8
CITY OF CHICAGO-:-WARD 45 PRECINCT 03,8
CITY OF CHICAGO-:-WARD 45 PRECINCT 04,8
CITY OF CHICAGO-:-WARD 45 PRECINCT 05,8
CITY OF CHICAGO-:-WARD 45 PRECINCT 06,8
CITY OF CHICAGO-:-WARD 45 PRECINCT 07,8
CITY OF CHICAGO-:-WARD 45 PRECINCT 08,8
CITY OF CHICAGO-:-WARD 45 PRECINCT 09,8
CITY OF CHICAGO-:-WARD 45 PRECINCT 10,8
CITY OF CHICAGO-:-WARD 45 PRECINCT 11,8
CITY OF CHICAGO-:-WARD 45 PRECINCT 12,8
CITY OF CHICAGO-:-WARD 45 PRECINCT 13,8
CITY OF CHICAGO-:-WARD 45 PRECINCT 14,8
CITY OF CHICAGO-:-WARD 45 PRECINCT 15,8
CITY OF CHICAGO-:-WARD 45 PRECINCT 16,8
CITY OF CHICAGO-:-WARD 45 PRECINCT 17,8
CITY OF CHICAGO-:-WARD 45 PRECINCT 18,8
CITY OF CHICAGO-:-WARD 45 PRECINCT 19,8
CITY OF CHICAGO-:-WARD 45 PRECINCT 20,8
CITY OF CHICAGO-:-WARD 45 PRECINCT 21,8
CITY OF CHICAGO-:-WARD 45 PRECINCT 22,8
CITY OF CHICAGO-:-WARD 45 PRECINCT 23,8
CITY OF CHICAGO-:-WARD 45 PRECINCT 25,8
CITY OF CHICAGO-:-WARD 45 PRECINCT 26,8
CITY OF CHICAGO-:-WARD 45 PRECINCT 28,8
CITY OF CHICAGO-:-WARD 46 PRECINCT 01,15
CITY OF CHICAGO-:-WARD 46 PRECINCT 02,15
CITY OF CHICAGO-:-WARD 46 PRECINCT 03,15
CITY OF CHICAGO-:-WARD 46 PRECINCT 04,15
CITY OF CHICAGO-:-WARD 46 PRECINCT 05,15
CITY OF CHICAGO-:-WARD 46 PRECINCT 06,15
CITY OF CHICAGO-:-WARD 46 PRECINCT 09,15
CITY OF CHICAGO-:-WARD 46 PRECINCT 11,15
CITY OF CHICAGO-:-WARD 46 PRECINCT 12,15
CITY OF CHICAGO-:-WARD 46 PRECINCT 13,15
CITY OF CHICAGO-:-WARD 46 PRECINCT 14,15
CITY OF CHICAGO-:-WARD 46 PRECINCT 15,15
CITY OF CHICAGO-:-WARD 46 PRECINCT 16,15
CITY OF CHICAGO-:-WARD 46 PRECINCT 17,15
CITY OF CHICAGO-:-WARD 46 PRECINCT 18,15
CITY OF CHICAGO-:-WARD 46 PRECINCT 19,15
CITY OF CHICAGO-:-WARD 46 PRECINCT 20,15
CITY OF CHICAGO-:-WARD 46 PRECINCT 21,15
CITY OF CHICAGO-:-WARD 46 PRECINCT 22,15
CITY OF CHICAGO-:-WARD 46 PRECINCT 23,15
CITY OF CHICAGO-:-WARD 47 PRECINCT 01,15
CITY OF CHICAGO-:-WARD 47 PRECINCT 04,15
CITY OF CHICAGO-:-WARD 47 PRECINCT 05,15
CITY OF CHICAGO-:-WARD 47 PRECINCT 06,15
CITY OF CHICAGO-:-WARD 47 PRECINCT 07,15
CITY OF CHICAGO-:-WARD 47 PRECINCT 08,15
CITY OF CHICAGO-:-WARD 47 PRECINCT 09,15
CITY OF CHICAGO-:-WARD 47 PRECINCT 10,15
CITY OF CHICAGO-:-WARD 47 PRECINCT 11,15
CITY OF CHICAGO-:-WARD 47 PRECINCT 12,15
CITY OF CHICAGO-:-WARD 47 PRECINCT 13,15
CITY OF CHICAGO-:-WARD 47 PRECINCT 14,15
CITY OF CHICAGO-:-WARD 47 PRECINCT 15,15
CITY OF CHICAGO-:-WARD 47 PRECINCT 16,15
CITY OF CHICAGO-:-WARD 47 PRECINCT 17,15
CITY OF CHICAGO-:-WARD 47 PRECINCT 18,15
CITY OF CHICAGO-:-WARD 47 PRECINCT 19,15
CITY OF CHICAGO-:-WARD 47 PRECINCT 20,15
CITY OF CHICAGO-:-WARD 47 PRECINCT 21,15
CITY OF CHICAGO-:-WARD 47 PRECINCT 22,15
CITY OF CHICAGO-:-WARD 47 PRECINCT 23,15
CITY OF CHICAGO-:-WARD 47 PRECINCT 24,15
CITY OF CHICAGO-:-WARD 47 PRECINCT 25,15
CITY OF CHICAGO-:-WARD 47 PRECINCT 26,15
CITY OF CHICAGO-:-WARD 47 PRECINCT 27,15
CITY OF CHICAGO-:-WARD 48 PRECINCT 01,15
CITY OF CHICAGO-:-WARD 48 PRECINCT 02,15
CITY OF CHICAGO-:-WARD 48 PRECINCT 03,15
CITY OF CHICAGO-:-WARD 48 PRECINCT 04,15
CITY OF CHICAGO-:-WARD 48 PRECINCT 05,15
CITY OF CHICAGO-:-WARD 48 PRECINCT 06,15
CITY OF CHICAGO-:-WARD 48 PRECINCT 07,15
CITY OF CHICAGO-:-WARD 48 PRECINCT 08,15
CITY OF CHICAGO-:-WARD 48 PRECINCT 09,15
CITY OF CHICAGO-:-WARD 48 PRECINCT 10,15
CITY OF CHICAGO-:-WARD 48 PRECINCT 11,15
CITY OF CHICAGO-:-WARD 48 PRECINCT 12,15
CITY OF CHICAGO-:-WARD 48 PRECINCT 13,15
CITY OF CHICAGO-:-WARD 48 PRECINCT 14,15
CITY OF CHICAGO-:-WARD 48 PRECINCT 15,15
CITY OF CHICAGO-:-WARD 48 PRECINCT 16,15
CITY OF CHICAGO-:-WARD 48 PRECINCT 17,15
CITY OF CHICAGO-:-WARD 48 PRECINCT 18,15
CITY OF CHICAGO-:-WARD 48 PRECINCT 19,15
CITY OF CHICAGO-:-WARD 48 PRECINCT 20,15
CITY OF CHICAGO-:-WARD 48 PRECINCT 21,15
CITY OF CHICAGO-:-WARD 48 PRECINCT 22,15
CITY OF CHICAGO-:-WARD 48 PRECINCT 23,15
CITY OF CHICAGO-:-WARD 48 PRECINCT 24,15
CITY OF CHICAGO-:-WARD 48 PRECINCT 25,15
CITY OF CHICAGO-:-WARD 48 PRECINCT 26,15
CITY OF CHICAGO-:-WARD 48 PRECINCT 27,15
CITY OF CHICAGO-:-WARD 48 PRECINCT 28,15
CITY OF CHICAGO-:-WARD 48 PRECINCT 29,15
CITY OF CHICAGO-:-WARD 48 PRECINCT 30,15
CITY OF CHICAGO-:-WARD 48 PRECINCT 31,15
CITY OF CHICAGO-:-WARD 48 PRECINCT 32,15
CITY OF CHICAGO-:-WARD 48 PRECINCT 33,15
CITY OF CHICAGO-:-WARD 48 PRECINCT 34,15
CITY OF CHICAGO-:-WARD 48 PRECINCT 35,15
CITY OF CHICAGO-:-WARD 49 PRECINCT 01,15
CITY OF CHICAGO-:-WARD 49 PRECINCT 02,15
CITY OF CHICAGO-:-WARD 49 PRECINCT 03,15
CITY OF CHICAGO-:-WARD 49 PRECINCT 04,15
CITY OF CHICAGO-:-WARD 49 PRECINCT 05,15
CITY OF CHICAGO-:-WARD 49 PRECINCT 06,15
CITY OF CHICAGO-:-WARD 49 PRECINCT 07,15
CITY OF CHICAGO-:-WARD 49 PRECINCT 08,15
CITY OF CHICAGO-:-WARD 49 PRECINCT 09,15
CITY OF CHICAGO-:-WARD 49 PRECINCT 10,15
CITY OF CHICAGO-:-WARD 49 PRECINCT 11,15
CITY OF CHICAGO-:-WARD 49 PRECINCT 12,15
CITY OF CHICAGO-:-WARD 49 PRECINCT 13,15
CITY OF CHICAGO-:-WARD 49 PRECINCT 14,15
CITY OF CHICAGO-:-WARD 49 PRECINCT 15,15
CITY OF CHICAGO-:-WARD 49 PRECINCT 16,15
CITY OF CHICAGO-:-WARD 49 PRECINCT 17,15
CITY OF CHICAGO-:-WARD 50 PRECINCT 01,15
CITY OF CHICAGO-:-WARD 50 PRECINCT 02,15
CITY OF CHICAGO-:-WARD 50 PRECINCT 03,15
CITY OF CHICAGO-:-WARD 50 PRECINCT 04,15
CITY OF CHICAGO-:-WARD 50 PRECINCT 05,15
CITY OF CHICAGO-:-WARD 50 PRECINCT 06,15
CITY OF CHICAGO-:-WARD 50 PRECINCT 07,15
CITY OF CHICAGO-:-WARD 50 PRECINCT 08,15
CITY OF CHICAGO-:-WARD 50 PRECINCT 09,15
CITY OF CHICAGO-:-WARD 50 PRECINCT 10,15
CITY OF CHICAGO-:-WARD 50 PRECINCT 11,15
CITY OF CHICAGO-:-WARD 50 PRECINCT 12,3
CITY OF CHICAGO-:-WARD 50 PRECINCT 13,15
CITY OF CHICAGO-:-WARD 50 PRECINCT 14,15
CITY OF CHICAGO-:-WARD 50 PRECINCT 15,15
CITY OF CHICAGO-:-WARD 50 PRECINCT 16,3
CITY OF CHICAGO-:-WARD 50 PRECINCT 17,15
CITY OF CHICAGO-:-WARD 50 PRECINCT 18,3
CITY OF CHICAGO-:-WARD 50 PRECINCT 19,15
CITY OF CHICAGO-:-WARD 50 PRECINCT 20,15
CITY OF CHICAGO-:-WARD 50 PRECINCT 21,15
CITY OF CHICAGO-:-WARD 50 PRECINCT 22,15
CITY OF CHICAGO-:-WARD 50 PRECINCT 23,15
CITY OF CHICAGO-:-WARD 50 PRECINCT 25,15
CITY OF CHICAGO-:-WARD 50 PRECINCT 26,15
CITY OF CHICAGO-:-WARD 50 PRECINCT 27,15
CITY OF CHICAGO-:-WARD 50 PRECINCT 28,15
CITY OF DANVILLE-:-PRECINCT 1,11
CITY OF DANVILLE-:-PRECINCT 10,11
CITY OF DANVILLE-:-PRECINCT 11,11
CITY OF DANVILLE-:-PRECINCT 12,11
CITY OF DANVILLE-:-PRECINCT 13,11
CITY OF DANVILLE-:-PRECINCT 14,11
CITY OF DANVILLE-:-PRECINCT 15,11
CITY OF DANVILLE-:-PRECINCT 16,11
CITY OF DANVILLE-:-PRECINCT 17,11
CITY OF DANVILLE-:-PRECINCT 18,11
CITY OF DANVILLE-:-PRECINCT 19,11
CITY OF DANVILLE-:-PRECINCT 2,11
CITY OF DANVILLE-:-PRECINCT 20,11
CITY OF DANVILLE-:-PRECINCT 21,11
CITY OF DANVILLE-:-PRECINCT 22,11
CITY OF DANVILLE-:-PRECINCT 3,11
CITY OF DANVILLE-:-PRECINCT 4,11
CITY OF DANVILLE-:-PRECINCT 5,11
CITY OF DANVILLE-:-PRECINCT 6,11
CITY OF DANVILLE-:-PRECINCT 7,11
CITY OF DANVILLE-:-PRECINCT 8,11
CITY OF DANVILLE-:-PRECINCT 9,11
CITY OF EAST ST. LOUIS-:-PRECINCT 1,1
CITY OF EAST ST. LOUIS-:-PRECINCT 10,1
CITY OF EAST ST. LOUIS-:-PRECINCT 11,1
CITY OF EAST ST. LOUIS-:-PRECINCT 12,1
CITY OF EAST ST. LOUIS-:-PRECINCT 13,1
CITY OF EAST ST. LOUIS-:-PRECINCT 2,1
CITY OF EAST ST. LOUIS-:-PRECINCT 3,1
CITY OF EAST ST. LOUIS-:-PRECINCT 4,1
CITY OF EAST ST. LOUIS-:-PRECINCT 5,1
CITY OF EAST ST. LOUIS-:-PRECINCT 6,1
CITY OF EAST ST. LOUIS-:-PRECINCT 7,1
CITY OF EAST ST. LOUIS-:-PRECINCT 8,1
CITY OF EAST ST. LOUIS-:-PRECINCT 9,1
CITY OF GALESBURG-:-PRECINCT 1,2
CITY OF GALESBURG-:-PRECINCT 10,2
CITY OF GALESBURG-:-PRECINCT 11,2
CITY OF GALESBURG-:-PRECINCT 12,2
CITY OF GALESBURG-:-PRECINCT 13,2
CITY OF GALESBURG-:-PRECINCT 14,2
CITY OF GALESBURG-:-PRECINCT 15,2
CITY OF GALESBURG-:-PRECINCT 16,2
CITY OF GALESBURG-:-PRECINCT 17,2
CITY OF GALESBURG-:-PRECINCT 18,2
CITY OF GALESBURG-:-PRECINCT 19,2
CITY OF GALESBURG-:-PRECINCT 2,2
CITY OF GALESBURG-:-PRECINCT 20,2
CITY OF GALESBURG-:-PRECINCT 3,2
CITY OF GALESBURG-:-PRECINCT 4,2
CITY OF GALESBURG-:-PRECINCT 5,2
CITY OF GALESBURG-:-PRECINCT 6,2
CITY OF GALESBURG-:-PRECINCT 7,2
CITY OF GALESBURG-:-PRECINCT 8,2
CITY OF GALESBURG-:-PRECINCT 9,2
CITY OF ROCKFORD-:-WARD 1 PRECINCT 1,14
CITY OF ROCKFORD-:-WARD 1 PRECINCT 3,14
CITY OF ROCKFORD-:-WARD 1 PRECINCT 4,14
CITY OF ROCKFORD-:-WARD 1 PRECINCT 6,14
CITY OF ROCKFORD-:-WARD 1 PRECINCT 7,14
CITY OF ROCKFORD-:-WARD 1 PRECINCT 8,14
CITY OF ROCKFORD-:-WARD 10 PRECINCT 1,14
CITY OF ROCKFORD-:-WARD 10 PRECINCT 2,14
CITY OF ROCKFORD-:-WARD 10 PRECINCT 3,14
CITY OF ROCKFORD-:-WARD 10 PRECINCT 4,14
CITY OF ROCKFORD-:-WARD 10 PRECINCT 5,14
CITY OF ROCKFORD-:-WARD 10 PRECINCT 6,14
CITY OF ROCKFORD-:-WARD 10 PRECINCT 7,14
CITY OF ROCKFORD-:-WARD 11 PRECINCT 1,14
CITY OF ROCKFORD-:-WARD 11 PRECINCT 2,14
CITY OF ROCKFORD-:-WARD 11 PRECINCT 3,14
CITY OF ROCKFORD-:-WARD 11 PRECINCT 4,14
CITY OF ROCKFORD-:-WARD 12 PRECINCT 1,14
CITY OF ROCKFORD-:-WARD 12 PRECINCT 3,14
CITY OF ROCKFORD-:-WARD 12 PRECINCT 4,14
CITY OF ROCKFORD-:-WARD 12 PRECINCT 6,14
CITY OF ROCKFORD-:-WARD 12 PRECINCT 7,14
CITY OF ROCKFORD-:-WARD 13 PRECINCT 1,14
CITY OF ROCKFORD-:-WARD 13 PRECINCT 2,14
CITY OF ROCKFORD-:-WARD 13 PRECINCT 3,14
CITY OF ROCKFORD-:-WARD 13 PRECINCT 4,14
CITY OF ROCKFORD-:-WARD 13 PRECINCT 5,14
CITY OF ROCKFORD-:-WARD 14 PRECINCT 1,14
CITY OF ROCKFORD-:-WARD 14 PRECINCT 2,14
CITY OF ROCKFORD-:-WARD 14 PRECINCT 3,14
CITY OF ROCKFORD-:-WARD 14 PRECINCT 4,14
CITY OF ROCKFORD-:-WARD 14 PRECINCT 5,14
CITY OF ROCKFORD-:-WARD 14 PRECINCT 6,14
CITY OF ROCKFORD-:-WARD 2 PRECINCT 1,14
CITY OF ROCKFORD-:-WARD 2 PRECINCT 2,14
CITY OF ROCKFORD-:-WARD 2 PRECINCT 3,14
CITY OF ROCKFORD-:-WARD 2 PRECINCT 4,14
CITY OF ROCKFORD-:-WARD 2 PRECINCT 5,14
CITY OF ROCKFORD-:-WARD 2 PRECINCT 6,14
CITY OF ROCKFORD-:-WARD 3 PRECINCT 1,14
CITY OF ROCKFORD-:-WARD 3 PRECINCT 2,14
CITY OF ROCKFORD-:-WARD 3 PRECINCT 3,14
CITY OF ROCKFORD-:-WARD 3 PRECINCT 4,14
CITY OF ROCKFORD-:-WARD 3 PRECINCT 5,14
CITY OF ROCKFORD-:-WARD 3 PRECINCT 6,14
CITY OF ROCKFORD-:-WARD 3 PRECINCT 7,14
CITY OF ROCKFORD-:-WARD 4 PRECINCT 2,14
CITY OF ROCKFORD-:-WARD 4 PRECINCT 3,14
CITY OF ROCKFORD-:-WARD 4 PRECINCT 5,14
CITY OF ROCKFORD-:-WARD 4 PRECINCT 6,14
CITY OF ROCKFORD-:-WARD 4 PRECINCT 7,14
CITY OF ROCKFORD-:-WARD 5 PRECINCT 1,14
CITY OF ROCKFORD-:-WARD 5 PRECINCT 2,14
CITY OF ROCKFORD-:-WARD 5 PRECINCT 4,14
CITY OF ROCKFORD-:-WARD 5 PRECINCT 5,14
CITY OF ROCKFORD-:-WARD 6 PRECINCT 2,14
CITY OF ROCKFORD-:-WARD 6 PRECINCT 4,14
CITY OF ROCKFORD-:-WARD 6 PRECINCT 5,14
CITY OF ROCKFORD-:-WARD 7 PRECINCT 1,14
CITY OF ROCKFORD-:-WARD 7 PRECINCT 2,14
CITY OF ROCKFORD-:-WARD 7 PRECINCT 3,14
CITY OF ROCKFORD-:-WARD 7 PRECINCT 5,14
CITY OF ROCKFORD-:-WARD 7 PRECINCT 6,14
CITY OF ROCKFORD-:-WARD 8 PRECINCT 1,14
CITY OF ROCKFORD-:-WARD 8 PRECINCT 2,14
CITY OF ROCKFORD-:-WARD 8 PRECINCT 3,14
CITY OF ROCKFORD-:-WARD 8 PRECINCT 4,14
CITY OF ROCKFORD-:-WARD 8 PRECINCT 5,14
CITY OF ROCKFORD-:-WARD 8 PRECINCT 6,14
CITY OF ROCKFORD-:-WARD 9 PRECINCT 1,14
CITY OF ROCKFORD-:-WARD 9 PRECINCT 2,14
CITY OF ROCKFORD-:-WARD 9 PRECINCT 4,14
CITY OF ROCKFORD-:-WARD 9 PRECINCT 5,14
CITY OF ROCKFORD-:-WARD 9 PRECINCT 6,14
CLARK-:-ANDERSON,0
CLARK-:-AUBURN,0
CLARK-:-CASEY 1,0
CLARK-:-CASEY 2,0
CLARK-:-CASEY 3,0
CLARK-:-CASEY 4,0
CLARK-:-DARWIN,0
CLARK-:-DOLSON,0
CLARK-:-DOUGLAS,0
CLARK-:-JOHNSON,0
CLARK-:-MARSHALL 1,0
CLARK-:-MARSHALL 2,0
CLARK-:-MARSHALL 3,0
CLARK-:-MARSHALL 4,0
CLARK-:-MARTINSVILLE 1,0
CLARK-:-MARTINSVILLE 2,0
CLARK-:-MELROSE,0
CLARK-:-ORANGE,0
CLARK-:-PARKER,0
CLARK-:-WABASH 1,11
CLARK-:-WABASH 2,0
CLARK-:-WESTFIELD,0
CLARK-:-YORK,0
CLAY-:-BIBLE GROVE,0
CLAY-:-BLAIR,0
CLAY-:-CLAY CITY,8
CLAY-:-HARTER 1,8
CLAY-:-HARTER 3,8
CLAY-:-HARTER 4,8
CLAY-:-HARTER 5,8
CLAY-:-HARTER 6,8
CLAY-:-HARTER 7,8
CLAY-:-HOOSIER,8
CLAY-:-LARKINSBURG,0
CLAY-:-LOUISVILLE 1,8
CLAY-:-LOUISVILLE 2,8
CLAY-:-OSKALOOSA,8
CLAY-:-PIXLEY,8
CLAY-:-SONGER,8
CLAY-:-STANFORD,8
CLAY-:-XENIA,8
CLINTON-:-BREESE 1,1
CLINTON-:-BREESE 2,1
CLINTON-:-BREESE 3,1
CLINTON-:-BREESE 4,1
CLINTON-:-BROOKSIDE 1,8
CLINTON-:-BROOKSIDE 2,8
CLINTON-:-BROOKSIDE 3,8
CLINTON-:-CARLYLE 1,1
CLINTON-:-CARLYLE 2,1
CLINTON-:-CARLYLE 3,1
CLINTON-:-CARLYLE 4,1
CLINTON-:-CLEMENT,1
CLINTON-:-EAST FORK,1
CLINTON-:-GERMANTOWN 1,1
CLINTON-:-GERMANTOWN 2,1
CLINTON-:-IRISHTOWN,1
CLINTON-:-LAKE,1
CLINTON-:-LOOKINGGLASS 1,1
CLINTON-:-LOOKINGGLASS 2,1
CLINTON-:-LOOKINGGLASS 3,1
CLINTON-:-LOOKINGGLASS 4,1
CLINTON-:-LOOKINGGLASS 5,1
CLINTON-:-LOOKINGGLASS 6,1
CLINTON-:-MERIDIAN,1
CLINTON-:-SANTA FE,1
CLINTON-:-ST ROSE,1
CLINTON-:-SUGAR CREEK 1,1
CLINTON-:-SUGAR CREEK 2,1
CLINTON-:-SUGAR CREEK 3,1
CLINTON-:-SUGAR CREEK 4,1
CLINTON-:-SUGAR CREEK 5,1
CLINTON-:-WADE 1,1
CLINTON-:-WADE 2,1
CLINTON-:-WHEATFIELD,1
COLES-:-ASHMORE 1,0
COLES-:-CHARLESTON 1,0
COLES-:-CHARLESTON 10,0
COLES-:-CHARLESTON 11,0
COLES-:-CHARLESTON 12,0
COLES-:-CHARLESTON 13,0
COLES-:-CHARLESTON 14,0
COLES-:-CHARLESTON 15,0
COLES-:-CHARLESTON 16,0
COLES-:-CHARLESTON 17,0
COLES-:-CHARLESTON 18,0
COLES-:-CHARLESTON 19,0
COLES-:-CHARLESTON 2,0
COLES-:-CHARLESTON 3,0
COLES-:-CHARLESTON 4,0
COLES-:-CHARLESTON 5,0
COLES-:-CHARLESTON 6,0
COLES-:-CHARLESTON 8,0
COLES-:-EAST OAKLAND 1,0
COLES-:-HUMBOLDT 1,0
COLES-:-HUTTON 1,0
COLES-:-LAFAYETTE 1,0
COLES-:-LAFAYETTE 2,0
COLES-:-LAFAYETTE 3,0
COLES-:-LAFAYETTE 4,0
COLES-:-MATTOON 10,0
COLES-:-MATTOON 12,0
COLES-:-MATTOON 13,0
COLES-:-MATTOON 16,0
COLES-:-MATTOON 17,0
COLES-:-MATTOON 18,0
COLES-:-MATTOON 19,0
COLES-:-MATTOON 21,0
COLES-:-MATTOON 22,0
COLES-:-MATTOON 3,0
COLES-:-MATTOON 4,0
COLES-:-MATTOON 5,0
COLES-:-MATTOON 6,0
COLES-:-MATTOON 8,0
COLES-:-MORGAN 1,0
COLES-:-NORTH OKAW 1,0
COLES-:-PARADISE 1,0
COLES-:-PLEASANT GROVE 1,0
COLES-:-SEVEN HICKORY 1,0
COOK-:-7000001,7
COOK-:-7000002,9
COOK-:-7000003,7
COOK-:-7000005,7
COOK-:-7000006,9
COOK-:-7000007,7
COOK-:-7000009,7
COOK-:-7000010,7
COOK-:-7000011,7
COOK-:-7100001,12
COOK-:-7100002,12
COOK-:-7100003,12
COOK-:-7100004,12
COOK-:-7100005,12
COOK-:-7100006,12
COOK-:-7100007,12
COOK-:-7100008,12
COOK-:-7100009,12
COOK-:-7100010,12
COOK-:-7100011,12
COOK-:-7100012,12
COOK-:-7100013,12
COOK-:-7100014,12
COOK-:-7100015,12
COOK-:-7100016,12
COOK-:-7100017,12
COOK-:-7100018,12
COOK-:-7100019,12
COOK-:-7100020,12
COOK-:-7100021,12
COOK-:-7100022,12
COOK-:-7100023,12
COOK-:-7100024,12
COOK-:-7100025,12
COOK-:-7100026,12
COOK-:-7100027,12
COOK-:-7100028,12
COOK-:-7100029,12
COOK-:-7100030,12
COOK-:-7100031,12
COOK-:-7100032,12
COOK-:-7100033,12
COOK-:-7100034,12
COOK-:-7100035,12
COOK-:-7100036,12
COOK-:-7100037,12
COOK-:-7100038,12
COOK-:-7100039,12
COOK-:-7100040,12
COOK-:-7100041,12
COOK-:-7100042,12
COOK-:-7100043,12
COOK-:-7100044,12
COOK-:-7100045,12
COOK-:-7100046,12
COOK-:-7100047,12
COOK-:-7100048,12
COOK-:-7100049,12
COOK-:-7100050,12
COOK-:-7100051,12
COOK-:-7100052,12
COOK-:-7100053,12
COOK-:-7100054,12
COOK-:-7200001,4
COOK-:-7200002,4
COOK-:-7200004,4
COOK-:-7200005,4
COOK-:-7200006,4
COOK-:-7200008,4
COOK-:-7200009,4
COOK-:-7200010,4
COOK-:-7200011,4
COOK-:-7200013,4
COOK-:-7200014,4
COOK-:-7200015,4
COOK-:-7200016,4
COOK-:-7200017,4
COOK-:-7200018,4
COOK-:-7200019,4
COOK-:-7200020,4
COOK-:-7200022,4
COOK-:-7200023,12
COOK-:-7200024,4
COOK-:-7200025,4
COOK-:-7200026,4
COOK-:-7200027,4
COOK-:-7200028,4
COOK-:-7200029,4
COOK-:-7200031,4
COOK-:-7200032,4
COOK-:-7200033,4
COOK-:-7200034,4
COOK-:-7200035,4
COOK-:-7200036,4
COOK-:-7200037,4
COOK-:-7200038,4
COOK-:-7200039,4
COOK-:-7200040,4
COOK-:-7200041,4
COOK-:-7200042,4
COOK-:-7200043,4
COOK-:-7200044,4
COOK-:-7200046,4
COOK-:-7200047,4
COOK-:-7200048,4
COOK-:-7200049,4
COOK-:-7200050,4
COOK-:-7200051,4
COOK-:-7200052,4
COOK-:-7200053,4
COOK-:-7200054,4
COOK-:-7200055,4
COOK-:-7200056,4
COOK-:-7200057,4
COOK-:-7200058,4
COOK-:-7200059,4
COOK-:-7200060,4
COOK-:-7200061,4
COOK-:-7200062,4
COOK-:-7200063,4
COOK-:-7200064,4
COOK-:-7200065,4
COOK-:-7200066,4
COOK-:-7300003,4
COOK-:-7300004,4
COOK-:-7300005,4
COOK-:-7300006,4
COOK-:-7300007,4
COOK-:-7300008,4
COOK-:-7300009,4
COOK-:-7300010,4
COOK-:-7300011,4
COOK-:-7400001,7
COOK-:-7400002,7
COOK-:-7400003,7
COOK-:-7400004,7
COOK-:-7400005,7
COOK-:-7400006,7
COOK-:-7400007,7
COOK-:-7400008,7
COOK-:-7400009,7
COOK-:-7400010,7
COOK-:-7400011,7
COOK-:-7400012,7
COOK-:-7400013,7
COOK-:-7400015,3
COOK-:-7400018,7
COOK-:-7400019,7
COOK-:-7400020,7
COOK-:-7400021,7
COOK-:-7400022,7
COOK-:-7400024,3
COOK-:-7400025,7
COOK-:-7400026,7
COOK-:-7400028,7
COOK-:-7400029,7
COOK-:-7400030,7
COOK-:-7400031,3
COOK-:-7400032,3
COOK-:-7400033,7
COOK-:-7400034,7
COOK-:-7400035,3
COOK-:-7400036,3
COOK-:-7400037,3
COOK-:-7400038,3
COOK-:-7400039,3
COOK-:-7400040,7
COOK-:-7400041,7
COOK-:-7400042,7
COOK-:-7400043,7
COOK-:-7400045,7
COOK-:-7501001,3
COOK-:-7501002,3
COOK-:-7501003,3
COOK-:-7501004,3
COOK-:-7502001,3
COOK-:-7502002,3
COOK-:-7502003,3
COOK-:-7502004,3
COOK-:-7502005,3
COOK-:-7503001,3
COOK-:-7503002,3
COOK-:-7503003,3
COOK-:-7503004,3
COOK-:-7503005,3
COOK-:-7504001,3
COOK-:-7504002,3
COOK-:-7504003,3
COOK-:-7504004,3
COOK-:-7504005,3
COOK-:-7504006,3
COOK-:-7504007,3
COOK-:-7505001,3
COOK-:-7505002,3
COOK-:-7505003,3
COOK-:-7506001,3
COOK-:-7506002,3
COOK-:-7506003,3
COOK-:-7506004,3
COOK-:-7506005,3
COOK-:-7506006,3
COOK-:-7507001,3
COOK-:-7507002,3
COOK-:-7507003,3
COOK-:-7507004,3
COOK-:-7507005,3
COOK-:-7508001,3
COOK-:-7508002,3
COOK-:-7508003,3
COOK-:-7508004,3
COOK-:-7508005,3
COOK-:-7509001,3
COOK-:-7509002,3
COOK-:-7509003,3
COOK-:-7509004,3
COOK-:-7509005,3
COOK-:-7600001,7
COOK-:-7600002,7
COOK-:-7600003,7
COOK-:-7600005,7
COOK-:-7600006,7
COOK-:-7600007,7
COOK-:-7600008,7
COOK-:-7600009,7
COOK-:-7600010,7
COOK-:-7600011,7
COOK-:-7600012,7
COOK-:-7600013,7
COOK-:-7600014,7
COOK-:-7600016,7
COOK-:-7600017,7
COOK-:-7600018,7
COOK-:-7600019,7
COOK-:-7600020,7
COOK-:-7600021,7
COOK-:-7600022,7
COOK-:-7600023,7
COOK-:-7600024,7
COOK-:-7600025,7
COOK-:-7600026,7
COOK-:-7600027,7
COOK-:-7600028,7
COOK-:-7600029,7
COOK-:-7600030,7
COOK-:-7600031,7
COOK-:-7600032,7
COOK-:-7600033,7
COOK-:-7600034,7
COOK-:-7600035,7
COOK-:-7600036,7
COOK-:-7600037,7
COOK-:-7600038,7
COOK-:-7600039,7
COOK-:-7600040,7
COOK-:-7600041,7
COOK-:-7600042,7
COOK-:-7600043,7
COOK-:-7700001,12
COOK-:-7700002,12
COOK-:-7700003,12
COOK-:-7700004,13
COOK-:-7700005,13
COOK-:-7700006,13
COOK-:-7700007,13
COOK-:-7700008,13
COOK-:-7700009,13
COOK-:-7700010,13
COOK-:-7700011,13
COOK-:-7700012,12
COOK-:-7700014,12
COOK-:-7800001,3
COOK-:-7800002,3
COOK-:-7800003,3
COOK-:-7800004,3
COOK-:-7800005,3
COOK-:-7800006,3
COOK-:-7800007,3
COOK-:-7800008,3
COOK-:-7800009,3
COOK-:-7800010,3
COOK-:-7800011,3
COOK-:-7800012,3
COOK-:-7800013,3
COOK-:-7800014,3
COOK-:-7800015,3
COOK-:-7800016,3
COOK-:-7800017,3
COOK-:-7800018,3
COOK-:-7800019,3
COOK-:-7800020,3
COOK-:-7800021,3
COOK-:-7800022,3
COOK-:-7800023,3
COOK-:-7800024,3
COOK-:-7800025,3
COOK-:-7800027,3
COOK-:-7800028,3
COOK-:-7800029,3
COOK-:-7800030,3
COOK-:-7800031,3
COOK-:-7800032,3
COOK-:-7800033,3
COOK-:-7800034,3
COOK-:-7800035,13
COOK-:-7800036,3
COOK-:-7800037,3
COOK-:-7800038,3
COOK-:-7800039,3
COOK-:-7800040,3
COOK-:-7800041,3
COOK-:-7800043,3
COOK-:-7800044,3
COOK-:-7800045,3
COOK-:-7800046,3
COOK-:-7800047,3
COOK-:-7800048,3
COOK-:-7800049,3
COOK-:-7800050,3
COOK-:-7900001,3
COOK-:-7900002,3
COOK-:-7900003,3
COOK-:-7900004,12
COOK-:-7900005,12
COOK-:-7900006,12
COOK-:-7900007,3
COOK-:-7900008,12
COOK-:-7900009,6
COOK-:-7900011,12
COOK-:-7900013,12
COOK-:-7900014,12
COOK-:-7900015,12
COOK-:-7900016,3
COOK-:-7900017,12
COOK-:-7900018,12
COOK-:-7900019,3
COOK-:-7900020,12
COOK-:-7900021,12
COOK-:-7900022,3
COOK-:-7900023,12
COOK-:-7900024,3
COOK-:-7900025,12
COOK-:-7900027,12
COOK-:-7900028,12
COOK-:-7900029,12
COOK-:-7900030,12
COOK-:-7900031,12
COOK-:-7900032,12
COOK-:-7900033,12
COOK-:-7900034,12
COOK-:-7900035,12
COOK-:-7900036,12
COOK-:-7900037,3
COOK-:-7900038,12
COOK-:-7900039,12
COOK-:-7900041,12
COOK-:-7900042,12
COOK-:-7900044,12
COOK-:-7900045,3
COOK-:-7900046,12
COOK-:-7900048,12
COOK-:-7900049,12
COOK-:-7900051,12
COOK-:-7900052,12
COOK-:-7900053,12
COOK-:-7900054,12
COOK-:-7900055,12
COOK-:-7900056,12
COOK-:-7900057,12
COOK-:-7900058,12
COOK-:-7900059,3
COOK-:-7900060,12
COOK-:-7900061,12
COOK-:-7900062,12
COOK-:-7900063,12
COOK-:-7900064,3
COOK-:-7900065,12
COOK-:-7900066,12
COOK-:-7900067,3
COOK-:-7900068,12
COOK-:-7900069,12
COOK-:-8000001,3
COOK-:-8000002,3
COOK-:-8000003,3
COOK-:-8000005,3
COOK-:-8000006,3
COOK-:-8000007,3
COOK-:-8000008,3
COOK-:-8000009,3
COOK-:-8000010,3
COOK-:-8000011,3
COOK-:-8000013,3
COOK-:-8000014,3
COOK-:-8000015,3
COOK-:-8000019,3
COOK-:-8000021,3
COOK-:-8000022,3
COOK-:-8000023,3
COOK-:-8000024,3
COOK-:-8000025,3
COOK-:-8000026,3
COOK-:-8000027,3
COOK-:-8000028,3
COOK-:-8000029,3
COOK-:-8000030,3
COOK-:-8000031,3
COOK-:-8000032,3
COOK-:-8000033,3
COOK-:-8000034,3
COOK-:-8000036,3
COOK-:-8000037,3
COOK-:-8000038,3
COOK-:-8000039,3
COOK-:-8000040,3
COOK-:-8000041,3
COOK-:-8000042,3
COOK-:-8000043,3
COOK-:-8000044,3
COOK-:-8000045,3
COOK-:-8000046,3
COOK-:-8000047,3
COOK-:-8000048,3
COOK-:-8000049,3
COOK-:-8000050,3
COOK-:-8000051,3
COOK-:-8000052,3
COOK-:-8000053,3
COOK-:-8000054,3
COOK-:-8000055,3
COOK-:-8000056,3
COOK-:-8000057,3
COOK-:-8000058,3
COOK-:-8000059,3
COOK-:-8000060,3
COOK-:-8000061,3
COOK-:-8000062,3
COOK-:-8000063,3
COOK-:-8000064,3
COOK-:-8000065,3
COOK-:-8000066,3
COOK-:-8000067,3
COOK-:-8000068,3
COOK-:-8000070,3
COOK-:-8000071,3
COOK-:-8000072,3
COOK-:-8000073,3
COOK-:-8000074,3
COOK-:-8000075,3
COOK-:-8000076,3
COOK-:-8000077,3
COOK-:-8000078,3
COOK-:-8000079,3
COOK-:-8000080,3
COOK-:-8000081,3
COOK-:-8000082,3
COOK-:-8000083,3
COOK-:-8100001,3
COOK-:-8100002,3
COOK-:-8100003,3
COOK-:-8100004,3
COOK-:-8100005,3
COOK-:-8100006,3
COOK-:-8100007,3
COOK-:-8100008,3
COOK-:-8100009,3
COOK-:-8100010,3
COOK-:-8100011,3
COOK-:-8100012,3
COOK-:-8100013,3
COOK-:-8100014,3
COOK-:-8100015,3
COOK-:-8100016,3
COOK-:-8100017,3
COOK-:-8100019,3
COOK-:-8100020,3
COOK-:-8100021,3
COOK-:-8100022,3
COOK-:-8100023,3
COOK-:-8100024,3
COOK-:-8100025,3
COOK-:-8100026,3
COOK-:-8100028,3
COOK-:-8100029,3
COOK-:-8100030,3
COOK-:-8100033,3
COOK-:-8100034,3
COOK-:-8100035,3
COOK-:-8100036,3
COOK-:-8100037,3
COOK-:-8100038,3
COOK-:-8100039,3
COOK-:-8200002,3
COOK-:-8200003,3
COOK-:-8200004,3
COOK-:-8200005,3
COOK-:-8200006,3
COOK-:-8200007,3
COOK-:-8200008,3
COOK-:-8200009,3
COOK-:-8200010,3
COOK-:-8200011,3
COOK-:-8200012,3
COOK-:-8200013,3
COOK-:-8200014,3
COOK-:-8200015,3
COOK-:-8200016,3
COOK-:-8200017,3
COOK-:-8200018,3
COOK-:-8200019,3
COOK-:-8200020,3
COOK-:-8200021,3
COOK-:-8200022,3
COOK-:-8200023,3
COOK-:-8200024,3
COOK-:-8200025,3
COOK-:-8200027,3
COOK-:-8200028,3
COOK-:-8200029,3
COOK-:-8200030,3
COOK-:-8200031,3
COOK-:-8200032,3
COOK-:-8200033,3
COOK-:-8200034,3
COOK-:-8200035,3
COOK-:-8200036,3
COOK-:-8200037,3
COOK-:-8200038,3
COOK-:-8200039,3
COOK-:-8200040,3
COOK-:-8200041,3
COOK-:-8200042,3
COOK-:-8200043,3
COOK-:-8200044,3
COOK-:-8200045,3
COOK-:-8200046,3
COOK-:-8200047,3
COOK-:-8200048,3
COOK-:-8200049,3
COOK-:-8200050,3
COOK-:-8200051,3
COOK-:-8200052,3
COOK-:-8200053,3
COOK-:-8200054,3
COOK-:-8200055,3
COOK-:-8200056,3
COOK-:-8200057,3
COOK-:-8200058,3
COOK-:-8200059,3
COOK-:-8200060,3
COOK-:-8200061,3
COOK-:-8200062,3
COOK-:-8300001,3
COOK-:-8300002,3
COOK-:-8300003,3
COOK-:-8300004,3
COOK-:-8300005,3
COOK-:-8300006,3
COOK-:-8300007,3
COOK-:-8300009,3
COOK-:-8300010,3
COOK-:-8300011,3
COOK-:-8300012,3
COOK-:-8300013,3
COOK-:-8300014,3
COOK-:-8300015,3
COOK-:-8300016,3
COOK-:-8300017,3
COOK-:-8300018,3
COOK-:-8300019,3
COOK-:-8300020,3
COOK-:-8300021,3
COOK-:-8300022,3
COOK-:-8300023,3
COOK-:-8300024,3
COOK-:-8300025,3
COOK-:-8300026,3
COOK-:-8300027,3
COOK-:-8300028,3
COOK-:-8300029,3
COOK-:-8300030,3
COOK-:-8300031,3
COOK-:-8300032,3
COOK-:-8300034,3
COOK-:-8300035,3
COOK-:-8300036,3
COOK-:-8300037,3
COOK-:-8300038,3
COOK-:-8300039,3
COOK-:-8300040,3
COOK-:-8300041,3
COOK-:-8300042,3
COOK-:-8300044,3
COOK-:-8300045,3
COOK-:-8300046,3
COOK-:-8300047,3
COOK-:-8300048,3
COOK-:-8300049,3
COOK-:-8300050,3
COOK-:-8300051,3
COOK-:-8300052,3
COOK-:-8300053,3
COOK-:-8300054,3
COOK-:-8300055,3
COOK-:-8300056,3
COOK-:-8300057,3
COOK-:-8300058,3
COOK-:-8400001,16
COOK-:-8400002,16
COOK-:-8400003,3
COOK-:-8400004,16
COOK-:-8400005,16
COOK-:-8400006,16
COOK-:-8400007,16
COOK-:-8400008,16
COOK-:-8400009,16
COOK-:-8400010,16
COOK-:-8400011,3
COOK-:-8400012,16
COOK-:-8400013,16
COOK-:-8400014,3
COOK-:-8500001,3
COOK-:-8500002,3
COOK-:-8500003,3
COOK-:-8500004,3
COOK-:-8500005,3
COOK-:-8500006,3
COOK-:-8500007,3
COOK-:-8500008,3
COOK-:-8500009,3
COOK-:-8500010,3
COOK-:-8500011,3
COOK-:-8500012,3
COOK-:-8500013,3
COOK-:-8500014,3
COOK-:-8500015,3
COOK-:-8500016,3
COOK-:-8500017,3
COOK-:-8500018,3
COOK-:-8500019,3
COOK-:-8500020,3
COOK-:-8500021,3
COOK-:-8500022,3
COOK-:-8500023,3
COOK-:-8500024,3
COOK-:-8500025,3
COOK-:-8500026,3
COOK-:-8500027,3
COOK-:-8500028,3
COOK-:-8500029,3
COOK-:-8500031,3
COOK-:-8500032,3
COOK-:-8600001,12
COOK-:-8600002,12
COOK-:-8600003,12
COOK-:-8600004,12
COOK-:-8600005,12
COOK-:-8600006,12
COOK-:-8600007,12
COOK-:-8600008,12
COOK-:-8600009,12
COOK-:-8600010,12
COOK-:-8600011,12
COOK-:-8600012,12
COOK-:-8600013,12
COOK-:-8600014,12
COOK-:-8600016,12
COOK-:-8600017,12
COOK-:-8600018,12
COOK-:-8600019,12
COOK-:-8600020,12
COOK-:-8600021,12
COOK-:-8600022,12
COOK-:-8600023,12
COOK-:-8600024,12
COOK-:-8600025,12
COOK-:-8600026,12
COOK-:-8600027,12
COOK-:-8600028,12
COOK-:-8600029,12
COOK-:-8600030,12
COOK-:-8600031,12
COOK-:-8600032,12
COOK-:-8600033,12
COOK-:-8600034,12
COOK-:-8600035,12
COOK-:-8600036,12
COOK-:-8600037,12
COOK-:-8600038,12
COOK-:-8600039,12
COOK-:-8600040,12
COOK-:-8600041,12
COOK-:-8600042,12
COOK-:-8600043,12
COOK-:-8600044,12
COOK-:-8600045,12
COOK-:-8600046,12
COOK-:-8600047,12
COOK-:-8600048,12
COOK-:-8600049,12
COOK-:-8600050,12
COOK-:-8600051,12
COOK-:-8600052,12
COOK-:-8600053,12
COOK-:-8600054,12
COOK-:-8600055,12
COOK-:-8600056,12
COOK-:-8600057,12
COOK-:-8600058,12
COOK-:-8600059,12
COOK-:-8600060,12
COOK-:-8600061,12
COOK-:-8600062,12
COOK-:-8700001,9
COOK-:-8700003,7
COOK-:-8700004,9
COOK-:-8700005,9
COOK-:-8700006,7
COOK-:-8700007,7
COOK-:-8700008,9
COOK-:-8700009,7
COOK-:-8700010,9
COOK-:-8700011,7
COOK-:-8700012,7
COOK-:-8700013,9
COOK-:-8700014,9
COOK-:-8700015,9
COOK-:-8700016,9
COOK-:-8700017,9
COOK-:-8700019,9
COOK-:-8700020,9
COOK-:-8700021,9
COOK-:-8700022,9
COOK-:-8700023,7
COOK-:-8700024,9
COOK-:-8700025,9
COOK-:-8700026,9
COOK-:-8700028,9
COOK-:-8700029,7
COOK-:-8700030,9
COOK-:-8700031,9
COOK-:-8700032,7
COOK-:-8700033,9
COOK-:-8700034,7
COOK-:-8700036,7
COOK-:-8700037,7
COOK-:-8700039,9
COOK-:-8700040,7
COOK-:-8700041,7
COOK-:-8700042,7
COOK-:-8700043,7
COOK-:-8700044,7
COOK-:-8700045,9
COOK-:-8700046,9
COOK-:-8700048,7
COOK-:-8700049,9
COOK-:-8700050,7
COOK-:-8700051,9
COOK-:-8700052,9
COOK-:-8700053,9
COOK-:-8700054,9
COOK-:-8700055,7
COOK-:-8700056,7
COOK-:-8700057,9
COOK-:-8700058,9
COOK-:-8700060,9
COOK-:-8700061,7
COOK-:-8700062,7
COOK-:-8700063,9
COOK-:-8700064,7
COOK-:-8700065,9
COOK-:-8800001,12
COOK-:-8800002,12
COOK-:-8800003,12
COOK-:-8800004,12
COOK-:-8800005,12
COOK-:-8800006,12
COOK-:-8800007,12
COOK-:-8800008,12
COOK-:-8800009,12
COOK-:-8800010,12
COOK-:-8800011,12
COOK-:-8800012,12
COOK-:-8800013,12
COOK-:-8800014,12
COOK-:-8800015,12
COOK-:-8800016,12
COOK-:-8800017,12
COOK-:-8800018,12
COOK-:-8800019,12
COOK-:-8800020,12
COOK-:-8800021,12
COOK-:-8800022,12
COOK-:-8800023,12
COOK-:-8800024,12
COOK-:-8800025,12
COOK-:-8800026,12
COOK-:-8800027,12
COOK-:-8800028,12
COOK-:-8800029,12
COOK-:-8800030,12
COOK-:-8800031,12
COOK-:-8800032,12
COOK-:-8800033,12
COOK-:-8800034,12
COOK-:-8800035,12
COOK-:-8900001,3
COOK-:-8900002,3
COOK-:-8900003,13
COOK-:-8900004,3
COOK-:-8900005,3
COOK-:-8900006,3
COOK-:-8900007,13
COOK-:-8900008,3
COOK-:-8900009,3
COOK-:-8900010,3
COOK-:-8900011,3
COOK-:-8900012,3
COOK-:-8900013,3
COOK-:-8900014,3
COOK-:-8900015,3
COOK-:-8900016,13
COOK-:-8900017,3
COOK-:-8900018,3
COOK-:-8900019,3
COOK-:-8900020,3
COOK-:-8900021,12
COOK-:-8900022,3
COOK-:-8900024,12
COOK-:-8900026,12
COOK-:-8900027,12
COOK-:-8900028,3
COOK-:-8900029,12
COOK-:-8900031,3
COOK-:-8900032,12
COOK-:-8900033,3
COOK-:-8900034,3
COOK-:-8900035,3
COOK-:-8900036,3
COOK-:-8900037,3
COOK-:-8900038,3
COOK-:-8900039,3
COOK-:-8900040,3
COOK-:-8900041,3
COOK-:-8900042,12
COOK-:-8900043,3
COOK-:-8900044,3
COOK-:-8900045,3
COOK-:-8900046,3
COOK-:-8900047,3
COOK-:-8900048,3
COOK-:-8900049,3
COOK-:-8900050,3
COOK-:-8900051,3
COOK-:-8900052,3
COOK-:-8900053,3
COOK-:-8900054,12
COOK-:-8900055,3
COOK-:-8900056,3
COOK-:-8900057,3
COOK-:-8900058,3
COOK-:-8900059,3
COOK-:-8900060,3
COOK-:-8900061,3
COOK-:-8900062,3
COOK-:-8900063,12
COOK-:-8900064,3
COOK-:-8900065,3
COOK-:-8900066,3
COOK-:-8900067,3
COOK-:-8900068,3
COOK-:-8900069,3
COOK-:-8900070,3
COOK-:-8900072,3
COOK-:-8900073,3
COOK-:-8900074,3
COOK-:-8900075,12
COOK-:-8900076,3
COOK-:-8900077,3
COOK-:-8900078,3
COOK-:-8900079,3
COOK-:-8900080,3
COOK-:-8900081,3
COOK-:-8900082,3
COOK-:-8900083,3
COOK-:-8900084,3
COOK-:-8900085,3
COOK-:-8900086,3
COOK-:-8900087,3
COOK-:-8900088,12
COOK-:-8900089,12
COOK-:-9000001,12
COOK-:-9000002,12
COOK-:-9000003,12
COOK-:-9000004,12
COOK-:-9000005,12
COOK-:-9000006,12
COOK-:-9000007,12
COOK-:-9000008,12
COOK-:-9000009,12
COOK-:-9000010,12
COOK-:-9000011,12
COOK-:-9000012,12
COOK-:-9000013,12
COOK-:-9000014,12
COOK-:-9000015,12
COOK-:-9000016,12
COOK-:-9000017,12
COOK-:-9000018,12
COOK-:-9000019,12
COOK-:-9000020,12
COOK-:-9000021,12
COOK-:-9000022,12
COOK-:-9000023,12
COOK-:-9000024,12
COOK-:-9000025,12
COOK-:-9000026,12
COOK-:-9000027,12
COOK-:-9000028,12
COOK-:-9000029,12
COOK-:-9000030,12
COOK-:-9000031,12
COOK-:-9000032,12
COOK-:-9000033,12
COOK-:-9000034,12
COOK-:-9000035,12
COOK-:-9000036,12
COOK-:-9000037,12
COOK-:-9000038,12
COOK-:-9000039,12
COOK-:-9000040,12
COOK-:-9000041,12
COOK-:-9000042,12
COOK-:-9000043,12
COOK-:-9000044,12
COOK-:-9000045,12
COOK-:-9000046,12
COOK-:-9000047,12
COOK-:-9100001,3
COOK-:-9100002,3
COOK-:-9100003,3
COOK-:-9100004,3
COOK-:-9100005,3
COOK-:-9100006,3
COOK-:-9100007,3
COOK-:-9200001,12
COOK-:-9200002,12
COOK-:-9200003,12
COOK-:-9200004,12
COOK-:-9200005,12
COOK-:-9200006,12
COOK-:-9200007,12
COOK-:-9200008,12
COOK-:-9200009,12
COOK-:-9200010,12
COOK-:-9200011,12
COOK-:-9200012,12
COOK-:-9300001,7
COOK-:-9300002,7
COOK-:-9300003,7
COOK-:-9300004,7
COOK-:-9300005,7
COOK-:-9300006,7
COOK-:-9300007,7
COOK-:-9300008,7
COOK-:-9300009,7
COOK-:-9300010,7
COOK-:-9300011,7
COOK-:-9300012,7
COOK-:-9300013,7
COOK-:-9300014,7
COOK-:-9300015,7
COOK-:-9300016,7
COOK-:-9300017,7
COOK-:-9300018,7
COOK-:-9300019,7
COOK-:-9300020,7
COOK-:-9300021,7
COOK-:-9300022,7
COOK-:-9300023,7
COOK-:-9300024,7
COOK-:-9300025,7
COOK-:-9300026,7
COOK-:-9300027,7
COOK-:-9300028,7
COOK-:-9300029,7
COOK-:-9300030,7
COOK-:-9300031,7
COOK-:-9300032,7
COOK-:-9300033,7
COOK-:-9300034,7
COOK-:-9300035,7
COOK-:-9300036,7
COOK-:-9300037,7
COOK-:-9300038,7
COOK-:-9300039,7
COOK-:-9300040,7
COOK-:-9300041,7
COOK-:-9300042,7
COOK-:-9300043,7
COOK-:-9300044,7
COOK-:-9300045,7
COOK-:-9300046,7
COOK-:-9300047,7
COOK-:-9300048,7
COOK-:-9300049,7
COOK-:-9300050,7
COOK-:-9300051,7
COOK-:-9300052,7
COOK-:-9300053,7
COOK-:-9300054,7
COOK-:-9300055,7
COOK-:-9300056,7
COOK-:-9300057,7
COOK-:-9300058,7
COOK-:-9300059,7
COOK-:-9300060,7
COOK-:-9300061,7
COOK-:-9300062,7
COOK-:-9300063,7
COOK-:-9300064,7
COOK-:-9300065,7
COOK-:-9300066,7
COOK-:-9300067,7
COOK-:-9300068,7
COOK-:-9300069,7
COOK-:-9400001,12
COOK-:-9400002,12
COOK-:-9400003,12
COOK-:-9400004,12
COOK-:-9400005,12
COOK-:-9400006,12
COOK-:-9400007,12
COOK-:-9400008,12
COOK-:-9400009,12
COOK-:-9400010,12
COOK-:-9400011,12
COOK-:-9400013,12
COOK-:-9400014,12
COOK-:-9400015,12
COOK-:-9400016,12
COOK-:-9400017,12
COOK-:-9400018,12
COOK-:-9400019,12
COOK-:-9400020,12
COOK-:-9500001,12
COOK-:-9500002,12
COOK-:-9500003,12
COOK-:-9500004,12
COOK-:-9500005,12
COOK-:-9500006,12
COOK-:-9500007,12
COOK-:-9500008,12
COOK-:-9500009,12
COOK-:-9500010,12
COOK-:-9500011,12
COOK-:-9500012,12
COOK-:-9500013,12
COOK-:-9500014,12
COOK-:-9500015,12
COOK-:-9500016,12
COOK-:-9500017,12
COOK-:-9500018,12
COOK-:-9500019,12
COOK-:-9500020,12
COOK-:-9500021,12
COOK-:-9500022,12
COOK-:-9500023,12
COOK-:-9500024,12
COOK-:-9500025,12
COOK-:-9500026,12
COOK-:-9500027,12
COOK-:-9500028,12
COOK-:-9500029,12
COOK-:-9500030,12
COOK-:-9500031,12
COOK-:-9500032,12
COOK-:-9500033,12
COOK-:-9500034,12
COOK-:-9500035,12
COOK-:-9500036,12
COOK-:-9500037,12
COOK-:-9500038,12
COOK-:-9500039,12
COOK-:-9500040,12
COOK-:-9500041,12
COOK-:-9500042,12
COOK-:-9500043,12
COOK-:-9500044,12
COOK-:-9500045,12
COOK-:-9500046,12
COOK-:-9500047,12
COOK-:-9500048,12
COOK-:-9500050,12
COOK-:-9500051,12
COOK-:-9500052,12
COOK-:-9500053,12
COOK-:-9500054,12
COOK-:-9500055,12
COOK-:-9500056,12
COOK-:-9500057,12
COOK-:-9500058,12
COOK-:-9500059,12
COOK-:-9500060,12
COOK-:-9500061,12
COOK-:-9500062,12
COOK-:-9500063,12
COOK-:-9500064,12
COOK-:-9500065,12
COOK-:-9500066,12
COOK-:-9500067,12
COOK-:-9500068,12
COOK-:-9500069,12
COOK-:-9500070,12
COOK-:-9500071,12
COOK-:-9500072,12
COOK-:-9500073,12
COOK-:-9500074,12
COOK-:-9500075,12
COOK-:-9500076,12
COOK-:-9500077,12
COOK-:-9500078,12
COOK-:-9500079,12
COOK-:-9500080,12
COOK-:-9500081,12
COOK-:-9500082,12
COOK-:-9500083,12
COOK-:-9500084,12
COOK-:-9500085,12
COOK-:-9500086,12
COOK-:-9500087,12
COOK-:-9500088,12
COOK-:-9500089,12
COOK-:-9500090,12
COOK-:-9500091,12
COOK-:-9500092,12
COOK-:-9500093,12
COOK-:-9500094,12
COOK-:-9500095,12
COOK-:-9500096,12
COOK-:-9500097,12
COOK-:-9500098,12
COOK-:-9500099,12
COOK-:-9500100,12
COOK-:-9500101,12
COOK-:-9500102,12
COOK-:-9500103,12
COOK-:-9500104,12
COOK-:-9600001,9
COOK-:-9600002,7
COOK-:-9600003,7
COOK-:-9600004,9
COOK-:-9600005,7
COOK-:-9600006,7
COOK-:-9600007,7
COOK-:-9600008,7
COOK-:-9600009,9
COOK-:-9600010,7
COOK-:-9600012,7
COOK-:-9600013,9
COOK-:-9600014,7
COOK-:-9600015,7
COOK-:-9600016,7
COOK-:-9600017,7
COOK-:-9600018,7
COOK-:-9600019,7
COOK-:-9600020,7
COOK-:-9600022,7
COOK-:-9600023,7
COOK-:-9600024,7
COOK-:-9600025,7
COOK-:-9600026,7
COOK-:-9600027,7
COOK-:-9600028,7
COOK-:-9600029,9
COOK-:-9600030,7
COOK-:-9600031,7
COOK-:-9600032,9
COOK-:-9600033,7
COOK-:-9600034,7
COOK-:-9600035,7
COOK-:-9600036,7
COOK-:-9600037,9
COOK-:-9600038,7
COOK-:-9600039,7
COOK-:-9600041,7
COOK-:-9600042,7
COOK-:-9600043,7
COOK-:-9600044,7
COOK-:-9600045,7
COOK-:-9600049,9
COOK-:-9600050,7
COOK-:-9600051,7
COOK-:-9600052,7
COOK-:-9600053,7
COOK-:-9600055,7
COOK-:-9600056,7
COOK-:-9600057,7
COOK-:-9600058,7
COOK-:-9600059,7
COOK-:-9600061,7
COOK-:-9600062,7
COOK-:-9600064,7
COOK-:-9600065,7
COOK-:-9600066,7
COOK-:-9600067,7
COOK-:-9600069,7
COOK-:-9600070,7
COOK-:-9600071,7
COOK-:-9600072,7
COOK-:-9600073,7
COOK-:-9600074,7
COOK-:-9600075,7
COOK-:-9600076,9
COOK-:-9600077,7
COOK-:-9600078,7
COOK-:-9600079,7
COOK-:-9600080,7
COOK-:-9600081,9
COOK-:-9700002,12
COOK-:-9700003,12
COOK-:-9700004,12
COOK-:-9700005,12
COOK-:-9700006,12
COOK-:-9700007,12
COOK-:-9700008,12
COOK-:-9700009,12
COOK-:-9700010,12
COOK-:-9700011,12
COOK-:-9700012,12
COOK-:-9700013,12
COOK-:-9700014,12
COOK-:-9700015,12
COOK-:-9700016,12
COOK-:-9700017,12
COOK-:-9700018,12
COOK-:-9700019,12
COOK-:-9700020,12
COOK-:-9700021,12
COOK-:-9700022,12
COOK-:-9700023,12
COOK-:-9700025,12
COOK-:-9700026,12
COOK-:-9700027,12
COOK-:-9700028,12
COOK-:-9700029,12
COOK-:-9700030,12
COOK-:-9700031,12
COOK-:-9700032,12
COOK-:-9700033,12
COOK-:-9700034,12
COOK-:-9700035,12
COOK-:-9700036,12
COOK-:-9700037,12
COOK-:-9700038,12
COOK-:-9700039,12
COOK-:-9700040,12
COOK-:-9700041,12
COOK-:-9700042,12
COOK-:-9700044,12
COOK-:-9700045,12
COOK-:-9700046,12
COOK-:-9700047,12
COOK-:-9700048,12
COOK-:-9700049,12
COOK-:-9700050,12
COOK-:-9700051,12
COOK-:-9700052,12
COOK-:-9700053,12
COOK-:-9700054,12
COOK-:-9700055,12
COOK-:-9700056,12
COOK-:-9700057,12
COOK-:-9700059,12
COOK-:-9700060,12
COOK-:-9700061,12
COOK-:-9700062,12
COOK-:-9700063,12
COOK-:-9700064,12
COOK-:-9700065,12
COOK-:-9700066,12
COOK-:-9700067,12
COOK-:-9700068,12
COOK-:-9700069,12
COOK-:-9700070,12
COOK-:-9700071,12
COOK-:-9700072,12
COOK-:-9700074,12
COOK-:-9700075,12
COOK-:-9700076,12
COOK-:-9700077,12
COOK-:-9700078,12
COOK-:-9700079,12
COOK-:-9700080,12
COOK-:-9700081,12
COOK-:-9700082,12
COOK-:-9800001,12
COOK-:-9800002,12
COOK-:-9800003,12
COOK-:-9800004,12
COOK-:-9800005,12
COOK-:-9800006,12
COOK-:-9800007,12
COOK-:-9800008,12
COOK-:-9800009,12
COOK-:-9800010,12
COOK-:-9800011,12
COOK-:-9800012,12
COOK-:-9800013,12
COOK-:-9800014,12
COOK-:-9800015,12
COOK-:-9800016,12
COOK-:-9800017,12
COOK-:-9800018,12
COOK-:-9800019,12
COOK-:-9800020,12
COOK-:-9800021,12
COOK-:-9800022,12
COOK-:-9800023,12
COOK-:-9800024,12
COOK-:-9800025,12
COOK-:-9800026,12
COOK-:-9800027,12
COOK-:-9800028,12
COOK-:-9800029,12
COOK-:-9800030,12
COOK-:-9800031,12
COOK-:-9901001,12
COOK-:-9901002,12
COOK-:-9901003,12
COOK-:-9901004,3
COOK-:-9902001,3
COOK-:-9902002,3
COOK-:-9902003,3
COOK-:-9902004,3
COOK-:-9903001,3
COOK-:-9903002,3
COOK-:-9903003,3
COOK-:-9903004,3
COOK-:-9904001,3
COOK-:-9904002,3
COOK-:-9904003,3
COOK-:-9904004,3
COOK-:-9905001,3
COOK-:-9905002,3
COOK-:-9905003,3
COOK-:-9906001,3
COOK-:-9906002,3
COOK-:-9906003,3
COOK-:-9906004,3
COOK-:-9907001,3
COOK-:-9907002,3
COOK-:-9907003,3
COOK-:-9907004,3
COOK-:-9908001,3
COOK-:-9908002,3
COOK-:-9908003,3
CRAWFORD-:-HONEY CREEK 1,8
CRAWFORD-:-HONEY CREEK 2,8
CRAWFORD-:-HUTSONVILLE 1,0
CRAWFORD-:-HUTSONVILLE 2,0
CRAWFORD-:-LAMOTTE 1,0
CRAWFORD-:-LAMOTTE 2,0
CRAWFORD-:-LICKING,0
CRAWFORD-:-MARTIN,8
CRAWFORD-:-MONTGOMERY,8
CRAWFORD-:-OBLONG 1,0
CRAWFORD-:-OBLONG 2,0
CRAWFORD-:-OBLONG 3,0
CRAWFORD-:-PRAIRIE 1,0
CRAWFORD-:-PRAIRIE 2,0
CRAWFORD-:-ROBINSON 1,0
CRAWFORD-:-ROBINSON 2,0
CRAWFORD-:-ROBINSON 3,0
CRAWFORD-:-ROBINSON 4,0
CRAWFORD-:-ROBINSON 5,0
CRAWFORD-:-ROBINSON 6,0
CRAWFORD-:-ROBINSON 7,0
CRAWFORD-:-ROBINSON 8,0
CRAWFORD-:-ROBINSON 9,0
CRAWFORD-:-SOUTHWEST,8
CUMBERLAND-:-COTTONWOOD-2,0
CUMBERLAND-:-CROOKED CREEK-1,0
CUMBERLAND-:-GREENUP 1-1,0
CUMBERLAND-:-GREENUP 2-1,0
CUMBERLAND-:-GREENUP 3-1,0
CUMBERLAND-:-NEOGA 1-2,0
CUMBERLAND-:-NEOGA 1-3,0
CUMBERLAND-:-NEOGA 2-2,0
CUMBERLAND-:-NEOGA 2-3,0
CUMBERLAND-:-SPRING POINT-3,0
CUMBERLAND-:-SPRING POINT-4,0
CUMBERLAND-:-SUMPTER 1-2,0
CUMBERLAND-:-SUMPTER 2-2,0
CUMBERLAND-:-UNION-1,0
CUMBERLAND-:-WOODBURY-2,0
DEKALB-:-AFTON 1,14
DEKALB-:-CLINTON 1,5
DEKALB-:-CORTLAND 1,14
DEKALB-:-CORTLAND 2,14
DEKALB-:-CORTLAND 3,14
DEKALB-:-CORTLAND 4,14
DEKALB-:-CORTLAND 5,14
DEKALB-:-CORTLAND 6,14
DEKALB-:-CORTLAND 7,14
DEKALB-:-CORTLAND 8,14
DEKALB-:-CORTLAND 9,14
DEKALB-:-DEKALB 1,14
DEKALB-:-DEKALB 10,14
DEKALB-:-DEKALB 11,14
DEKALB-:-DEKALB 12,14
DEKALB-:-DEKALB 13,14
DEKALB-:-DEKALB 14,14
DEKALB-:-DEKALB 15,14
DEKALB-:-DEKALB 16,14
DEKALB-:-DEKALB 17,14
DEKALB-:-DEKALB 18,14
DEKALB-:-DEKALB 19,14
DEKALB-:-DEKALB 2,14
DEKALB-:-DEKALB 20,14
DEKALB-:-DEKALB 21,14
DEKALB-:-DEKALB 22,14
DEKALB-:-DEKALB 23,14
DEKALB-:-DEKALB 24,14
DEKALB-:-DEKALB 3,14
DEKALB-:-DEKALB 4,14
DEKALB-:-DEKALB 5,14
DEKALB-:-DEKALB 6,14
DEKALB-:-DEKALB 7,14
DEKALB-:-DEKALB 8,14
DEKALB-:-DEKALB 9,14
DEKALB-:-FRANKLIN 1,14
DEKALB-:-FRANKLIN 2,14
DEKALB-:-GENOA 1,14
DEKALB-:-GENOA 2,14
DEKALB-:-GENOA 3,14
DEKALB-:-KINGSTON 1,14
DEKALB-:-KINGSTON 2,10
DEKALB-:-MALTA 1,5
DEKALB-:-MILAN 1,14
DEKALB-:-PAW PAW 1,5
DEKALB-:-PIERCE 1,5
DEKALB-:-SANDWICH 1,5
DEKALB-:-SANDWICH 2,10
DEKALB-:-SANDWICH 3,5
DEKALB-:-SANDWICH 4,5
DEKALB-:-SANDWICH 5,10
DEKALB-:-SHABBONA 1,5
DEKALB-:-SOMONAUK 1,10
DEKALB-:-SOUTH GROVE 1,14
DEKALB-:-SQUAW GROVE 1,5
DEKALB-:-SQUAW GROVE 2,10
DEKALB-:-SYCAMORE 1,14
DEKALB-:-SYCAMORE 10,10
DEKALB-:-SYCAMORE 11,10
DEKALB-:-SYCAMORE 2,10
DEKALB-:-SYCAMORE 3,10
DEKALB-:-SYCAMORE 4,10
DEKALB-:-SYCAMORE 5,10
DEKALB-:-SYCAMORE 6,10
DEKALB-:-SYCAMORE 8,10
DEKALB-:-VICTOR 1,5
DEWITT-:-BARNETT,0
DEWITT-:-CLINTONIA 1,11
DEWITT-:-CLINTONIA 2,11
DEWITT-:-CLINTONIA 3,11
DEWITT-:-CLINTONIA 4,11
DEWITT-:-CLINTONIA 5,11
DEWITT-:-CLINTONIA 6,11
DEWITT-:-CLINTONIA 7,11
DEWITT-:-CLINTONIA 8,11
DEWITT-:-CLINTONIA 9,11
DEWITT-:-CREEK,11
DEWITT-:-DEWITT,11
DEWITT-:-HARP,11
DEWITT-:-NIXON,11
DEWITT-:-RUTLEDGE,11
DEWITT-:-SANTA ANNA 1,11
DEWITT-:-SANTA ANNA 2,11
DEWITT-:-SANTA ANNA 3,11
DEWITT-:-TEXAS,0
DEWITT-:-TUNBRIDGE,0
DEWITT-:-WAPELLA,11
DEWITT-:-WAYNESVILLE,11
DEWITT-:-WILSON,11
DOUGLAS-:-ARCOLA 1,0
DOUGLAS-:-ARCOLA 2,0
DOUGLAS-:-ARCOLA 3,0
DOUGLAS-:-BOURBON 1,0
DOUGLAS-:-BOURBON 2,0
DOUGLAS-:-BOWDRE,0
DOUGLAS-:-CAMARGO 1,11
DOUGLAS-:-CAMARGO 2,11
DOUGLAS-:-CAMARGO 3,11
DOUGLAS-:-GARRETT,0
DOUGLAS-:-MURDOCK,11
DOUGLAS-:-NEWMAN,11
DOUGLAS-:-SARGENT,11
DOUGLAS-:-TUSCOLA 1,11
DOUGLAS-:-TUSCOLA 2,11
DOUGLAS-:-TUSCOLA 3,11
DOUGLAS-:-TUSCOLA 4,0
DUPAGE-:-ADDISON 001-0152,7
DUPAGE-:-ADDISON 002-0153,7
DUPAGE-:-ADDISON 003-0154,7
DUPAGE-:-ADDISON 004-0155,7
DUPAGE-:-ADDISON 005-0156,7
DUPAGE-:-ADDISON 006-0157,7
DUPAGE-:-ADDISON 007-0158,7
DUPAGE-:-ADDISON 008-0159,7
DUPAGE-:-ADDISON 009-0160,7
DUPAGE-:-ADDISON 010-0161,7
DUPAGE-:-ADDISON 011-0162,7
DUPAGE-:-ADDISON 012-0163/0164,13
DUPAGE-:-ADDISON 013-0165,7
DUPAGE-:-ADDISON 014-0166,13
DUPAGE-:-ADDISON 015-0167,13
DUPAGE-:-ADDISON 016-0168,13
DUPAGE-:-ADDISON 017-0169,13
DUPAGE-:-ADDISON 018-0170,13
DUPAGE-:-ADDISON 019-0171,13
DUPAGE-:-ADDISON 020-0172,13
DUPAGE-:-ADDISON 021-0173,7
DUPAGE-:-ADDISON 022-0174/0175,13
DUPAGE-:-ADDISON 023-0176,13
DUPAGE-:-ADDISON 024-0177,13
DUPAGE-:-ADDISON 025-0178,13
DUPAGE-:-ADDISON 026-0179,13
DUPAGE-:-ADDISON 027-0180,13
DUPAGE-:-ADDISON 028-0181,13
DUPAGE-:-ADDISON 029-0182,13
DUPAGE-:-ADDISON 030-0183,13
DUPAGE-:-ADDISON 031-0184,13
DUPAGE-:-ADDISON 032-0185,13
DUPAGE-:-ADDISON 033-0186/0187,13
DUPAGE-:-ADDISON 034-0188,13
DUPAGE-:-ADDISON 035-0189,13
DUPAGE-:-ADDISON 036-0190,13
DUPAGE-:-ADDISON 037-0191/0192,13
DUPAGE-:-ADDISON 038-0193,13
DUPAGE-:-ADDISON 039-0194,13
DUPAGE-:-ADDISON 040-0195,13
DUPAGE-:-ADDISON 041-0196,13
DUPAGE-:-ADDISON 042-0197,13
DUPAGE-:-ADDISON 043-0198,13
DUPAGE-:-ADDISON 044-0199/0200,13
DUPAGE-:-ADDISON 045-0201,13
DUPAGE-:-ADDISON 046-0202,13
DUPAGE-:-ADDISON 047-0203/0204,13
DUPAGE-:-ADDISON 048-0205,13
DUPAGE-:-ADDISON 049-0207,13
DUPAGE-:-ADDISON 050-0208,13
DUPAGE-:-ADDISON 051-0209,13
DUPAGE-:-ADDISON 052-0210,13
DUPAGE-:-ADDISON 053-0211,13
DUPAGE-:-BLOOMINGDALE 001-0046,7
DUPAGE-:-BLOOMINGDALE 002-0047/0048,7
DUPAGE-:-BLOOMINGDALE 003-0050,7
DUPAGE-:-BLOOMINGDALE 004-0051,7
DUPAGE-:-BLOOMINGDALE 005-0052,7
DUPAGE-:-BLOOMINGDALE 006-0053/0054,7
DUPAGE-:-BLOOMINGDALE 007-0055,7
DUPAGE-:-BLOOMINGDALE 008-0056,7
DUPAGE-:-BLOOMINGDALE 009-0057/0058,7
DUPAGE-:-BLOOMINGDALE 010-0059,7
DUPAGE-:-BLOOMINGDALE 011-0060,7
DUPAGE-:-BLOOMINGDALE 012-0061/0062,7
DUPAGE-:-BLOOMINGDALE 013-0063,7
DUPAGE-:-BLOOMINGDALE 014-0064,7
DUPAGE-:-BLOOMINGDALE 015-0065/0066,7
DUPAGE-:-BLOOMINGDALE 016-0067/0068,7
DUPAGE-:-BLOOMINGDALE 017-0069/0070,7
DUPAGE-:-BLOOMINGDALE 018-0071/0072/0073,7
DUPAGE-:-BLOOMINGDALE 019-0074/0075/0076/0077,7
DUPAGE-:-BLOOMINGDALE 020-0078/0079,7
DUPAGE-:-BLOOMINGDALE 021-0080,7
DUPAGE-:-BLOOMINGDALE 022-0081,7
DUPAGE-:-BLOOMINGDALE 023-0083/0084/0085,7
DUPAGE-:-BLOOMINGDALE 024-0086,7
DUPAGE-:-BLOOMINGDALE 025-0087,7
DUPAGE-:-BLOOMINGDALE 026-0088/0089,7
DUPAGE-:-BLOOMINGDALE 027-0090,7
DUPAGE-:-BLOOMINGDALE 028-0091,7
DUPAGE-:-BLOOMINGDALE 029-0092,7
DUPAGE-:-BLOOMINGDALE 030-0093,7
DUPAGE-:-BLOOMINGDALE 031-0094,7
DUPAGE-:-BLOOMINGDALE 032-0095/0096,7
DUPAGE-:-BLOOMINGDALE 033-0097,7
DUPAGE-:-BLOOMINGDALE 034-0098,7
DUPAGE-:-BLOOMINGDALE 035-0099,7
DUPAGE-:-BLOOMINGDALE 036-0101,7
DUPAGE-:-BLOOMINGDALE 037-0102/0103,7
DUPAGE-:-BLOOMINGDALE 038-0104/0105/0106/0107,7
DUPAGE-:-BLOOMINGDALE 039-0108/0109,7
DUPAGE-:-BLOOMINGDALE 040-0110/0112,7
DUPAGE-:-BLOOMINGDALE 041-0113/0114,13
DUPAGE-:-BLOOMINGDALE 042-0115,13
DUPAGE-:-BLOOMINGDALE 043-0116,13
DUPAGE-:-BLOOMINGDALE 044-0117,7
DUPAGE-:-BLOOMINGDALE 045-0118,7
DUPAGE-:-BLOOMINGDALE 045-0119,7
DUPAGE-:-BLOOMINGDALE 046-0120,7
DUPAGE-:-BLOOMINGDALE 047-0121,13
DUPAGE-:-BLOOMINGDALE 048-0122,13
DUPAGE-:-BLOOMINGDALE 049-0123/0124,13
DUPAGE-:-BLOOMINGDALE 050-0125/0126,13
DUPAGE-:-BLOOMINGDALE 051-0127,7
DUPAGE-:-BLOOMINGDALE 052-0128,7
DUPAGE-:-BLOOMINGDALE 053-0129,13
DUPAGE-:-BLOOMINGDALE 054-0130/0131,13
DUPAGE-:-BLOOMINGDALE 055-0132,13
DUPAGE-:-BLOOMINGDALE 056-0133,13
DUPAGE-:-BLOOMINGDALE 057-0134,13
DUPAGE-:-BLOOMINGDALE 058-0135,13
DUPAGE-:-BLOOMINGDALE 059-0136,13
DUPAGE-:-BLOOMINGDALE 060-0137,13
DUPAGE-:-BLOOMINGDALE 061-0138,13
DUPAGE-:-BLOOMINGDALE 062-0139,13
DUPAGE-:-BLOOMINGDALE 063-0140,13
DUPAGE-:-BLOOMINGDALE 064-0141,13
DUPAGE-:-BLOOMINGDALE 065-0142,13
DUPAGE-:-BLOOMINGDALE 066-0143,13
DUPAGE-:-BLOOMINGDALE 067-0144,10
DUPAGE-:-BLOOMINGDALE 068-0145/0146,13
DUPAGE-:-BLOOMINGDALE 069-0147,13
DUPAGE-:-BLOOMINGDALE 070-0148,13
DUPAGE-:-BLOOMINGDALE 071-0150,13
DUPAGE-:-BLOOMINGDALE 072-0151,13
DUPAGE-:-DOWNERS GROVE 001-0691,13
DUPAGE-:-DOWNERS GROVE 002-0692,13
DUPAGE-:-DOWNERS GROVE 003-0693/0694,13
DUPAGE-:-DOWNERS GROVE 004-0695/0696/0697,13
DUPAGE-:-DOWNERS GROVE 005-0698,13
DUPAGE-:-DOWNERS GROVE 006-0699/0700/0701,13
DUPAGE-:-DOWNERS GROVE 007-0702,13
DUPAGE-:-DOWNERS GROVE 008-0703,13
DUPAGE-:-DOWNERS GROVE 009-0704,13
DUPAGE-:-DOWNERS GROVE 010-0705/0706,13
DUPAGE-:-DOWNERS GROVE 011-0707,13
DUPAGE-:-DOWNERS GROVE 012-0708,13
DUPAGE-:-DOWNERS GROVE 013-0710,13
DUPAGE-:-DOWNERS GROVE 014-0712,13
DUPAGE-:-DOWNERS GROVE 015-0714/0715/0716/0717,13
DUPAGE-:-DOWNERS GROVE 016-0718/0719/0720,13
DUPAGE-:-DOWNERS GROVE 017-0721,13
DUPAGE-:-DOWNERS GROVE 018-0723/0724/0725/0726,13
DUPAGE-:-DOWNERS GROVE 019-0727,13
DUPAGE-:-DOWNERS GROVE 020-0728/0729,13
DUPAGE-:-DOWNERS GROVE 021-0730/0731,13
DUPAGE-:-DOWNERS GROVE 022-0732,13
DUPAGE-:-DOWNERS GROVE 023-0733,13
DUPAGE-:-DOWNERS GROVE 024-0734/0735,13
DUPAGE-:-DOWNERS GROVE 025-0736,13
DUPAGE-:-DOWNERS GROVE 026-0737,13
DUPAGE-:-DOWNERS GROVE 027-0738,13
DUPAGE-:-DOWNERS GROVE 028-0739,13
DUPAGE-:-DOWNERS GROVE 029-0740,13
DUPAGE-:-DOWNERS GROVE 030-0741,13
DUPAGE-:-DOWNERS GROVE 031-0742,13
DUPAGE-:-DOWNERS GROVE 032-0743,13
DUPAGE-:-DOWNERS GROVE 033-0744,13
DUPAGE-:-DOWNERS GROVE 034-0745,13
DUPAGE-:-DOWNERS GROVE 035-0746,13
DUPAGE-:-DOWNERS GROVE 036-0747/0748,13
DUPAGE-:-DOWNERS GROVE 037-0749,13
DUPAGE-:-DOWNERS GROVE 038-0750,13
DUPAGE-:-DOWNERS GROVE 039-0751/0752,13
DUPAGE-:-DOWNERS GROVE 040-0753,13
DUPAGE-:-DOWNERS GROVE 041-0754,13
DUPAGE-:-DOWNERS GROVE 042-0755,13
DUPAGE-:-DOWNERS GROVE 043-0756,13
DUPAGE-:-DOWNERS GROVE 044-0757/0758,13
DUPAGE-:-DOWNERS GROVE 045-0759,13
DUPAGE-:-DOWNERS GROVE 046-0760/0761,13
DUPAGE-:-DOWNERS GROVE 047-0762/0763,13
DUPAGE-:-DOWNERS GROVE 048-0764,13
DUPAGE-:-DOWNERS GROVE 049-0765,13
DUPAGE-:-DOWNERS GROVE 050-0766,13
DUPAGE-:-DOWNERS GROVE 051-0767,13
DUPAGE-:-DOWNERS GROVE 052-0768,13
DUPAGE-:-DOWNERS GROVE 053-0769,13
DUPAGE-:-DOWNERS GROVE 054-0770,13
DUPAGE-:-DOWNERS GROVE 055-0771/0772,13
DUPAGE-:-DOWNERS GROVE 056-0773,13
DUPAGE-:-DOWNERS GROVE 057-0774,13
DUPAGE-:-DOWNERS GROVE 058-0775,13
DUPAGE-:-DOWNERS GROVE 059-0776,13
DUPAGE-:-DOWNERS GROVE 060-0777,13
DUPAGE-:-DOWNERS GROVE 061-0778,13
DUPAGE-:-DOWNERS GROVE 062-0779,13
DUPAGE-:-DOWNERS GROVE 063-0780,13
DUPAGE-:-DOWNERS GROVE 064-0781,13
DUPAGE-:-DOWNERS GROVE 065-0782/0783,13
DUPAGE-:-DOWNERS GROVE 066-0784,13
DUPAGE-:-DOWNERS GROVE 067-0785,13
DUPAGE-:-DOWNERS GROVE 068-0786,13
DUPAGE-:-DOWNERS GROVE 069-0787/0788,13
DUPAGE-:-DOWNERS GROVE 070-0789,13
DUPAGE-:-DOWNERS GROVE 071-0790,13
DUPAGE-:-DOWNERS GROVE 072-0791/0792,13
DUPAGE-:-DOWNERS GROVE 073-0793,13
DUPAGE-:-DOWNERS GROVE 074-0794,13
DUPAGE-:-DOWNERS GROVE 075-0795,13
DUPAGE-:-DOWNERS GROVE 076-0796,13
DUPAGE-:-DOWNERS GROVE 077-0797/0798,13
DUPAGE-:-DOWNERS GROVE 078-0799,13
DUPAGE-:-DOWNERS GROVE 079-0800,13
DUPAGE-:-DOWNERS GROVE 080-0801/0802/0803,13
DUPAGE-:-DOWNERS GROVE 081-0804,13
DUPAGE-:-DOWNERS GROVE 082-0805,13
DUPAGE-:-DOWNERS GROVE 083-0806,13
DUPAGE-:-DOWNERS GROVE 084-0807,13
DUPAGE-:-DOWNERS GROVE 085-0808,13
DUPAGE-:-DOWNERS GROVE 085-0809/0810,13
DUPAGE-:-DOWNERS GROVE 086-0811,13
DUPAGE-:-DOWNERS GROVE 087-0812,13
DUPAGE-:-DOWNERS GROVE 088-0813,13
DUPAGE-:-DOWNERS GROVE 089-0814,13
DUPAGE-:-DOWNERS GROVE 090-0815,13
DUPAGE-:-DOWNERS GROVE 091-0816,13
DUPAGE-:-DOWNERS GROVE 092-0817,13
DUPAGE-:-DOWNERS GROVE 093-0818,13
DUPAGE-:-DOWNERS GROVE 094-0819/0820,13
DUPAGE-:-DOWNERS GROVE 095-0821,13
DUPAGE-:-DOWNERS GROVE 096-0822,13
DUPAGE-:-DOWNERS GROVE 097-0823,13
DUPAGE-:-DOWNERS GROVE 098-0824/0825,13
DUPAGE-:-DOWNERS GROVE 099-0826,13
DUPAGE-:-DOWNERS GROVE 100-0827,13
DUPAGE-:-DOWNERS GROVE 101-0828,13
DUPAGE-:-DOWNERS GROVE 102-0829,13
DUPAGE-:-DOWNERS GROVE 103-0830,13
DUPAGE-:-LISLE 001-0583/0584,13
DUPAGE-:-LISLE 002-0585,13
DUPAGE-:-LISLE 003-0586/0587/0589/0590,13
DUPAGE-:-LISLE 004-0591,13
DUPAGE-:-LISLE 005-0592/0593/0594,13
DUPAGE-:-LISLE 006-0595,13
DUPAGE-:-LISLE 007-0596,13
DUPAGE-:-LISLE 008-0597,13
DUPAGE-:-LISLE 009-0598/0599,13
DUPAGE-:-LISLE 010-0600/0601,13
DUPAGE-:-LISLE 011-0602,13
DUPAGE-:-LISLE 012-0603,13
DUPAGE-:-LISLE 013-0604,13
DUPAGE-:-LISLE 014-0605,13
DUPAGE-:-LISLE 015-0606,13
DUPAGE-:-LISLE 015-0607,13
DUPAGE-:-LISLE 016-0608,13
DUPAGE-:-LISLE 017-0609,13
DUPAGE-:-LISLE 018-0610,13
DUPAGE-:-LISLE 018-0611,13
DUPAGE-:-LISLE 019-0612/0613,13
DUPAGE-:-LISLE 020-0614,13
DUPAGE-:-LISLE 021-0615,13
DUPAGE-:-LISLE 022-0616,13
DUPAGE-:-LISLE 023-0617,13
DUPAGE-:-LISLE 024-0618,13
DUPAGE-:-LISLE 025-0619/0620,13
DUPAGE-:-LISLE 026-0621,13
DUPAGE-:-LISLE 027-0622,13
DUPAGE-:-LISLE 028-0623,13
DUPAGE-:-LISLE 029-0624,13
DUPAGE-:-LISLE 030-0625,13
DUPAGE-:-LISLE 031-0626,13
DUPAGE-:-LISLE 032-0627,13
DUPAGE-:-LISLE 033-0628/0629,13
DUPAGE-:-LISLE 034-0630/0631,13
DUPAGE-:-LISLE 035-0632,13
DUPAGE-:-LISLE 036-0633,13
DUPAGE-:-LISLE 037-0634,13
DUPAGE-:-LISLE 038-0635/0636,13
DUPAGE-:-LISLE 039-0637/0638,13
DUPAGE-:-LISLE 040-0639/0640,13
DUPAGE-:-LISLE 041-0641/0642/0643,13
DUPAGE-:-LISLE 042-0644/0645,13
DUPAGE-:-LISLE 043-0646,13
DUPAGE-:-LISLE 044-0647,13
DUPAGE-:-LISLE 045-0648,13
DUPAGE-:-LISLE 046-0649,13
DUPAGE-:-LISLE 047-0651,13
DUPAGE-:-LISLE 048-0652,13
DUPAGE-:-LISLE 049-0653/0654,13
DUPAGE-:-LISLE 050-0655,13
DUPAGE-:-LISLE 051-0656,13
DUPAGE-:-LISLE 052-0657,13
DUPAGE-:-LISLE 053-0658,13
DUPAGE-:-LISLE 054-0659,13
DUPAGE-:-LISLE 055-0660/0661,13
DUPAGE-:-LISLE 056-0662,13
DUPAGE-:-LISLE 057-0663/0664/0665,13
DUPAGE-:-LISLE 058-0666/0667,13
DUPAGE-:-LISLE 059-0668,13
DUPAGE-:-LISLE 060-0669,13
DUPAGE-:-LISLE 061-0670,13
DUPAGE-:-LISLE 062-0671/0672,13
DUPAGE-:-LISLE 063-0673,13
DUPAGE-:-LISLE 064-0674,13
DUPAGE-:-LISLE 065-0675,13
DUPAGE-:-LISLE 066-0676,13
DUPAGE-:-LISLE 067-0677,13
DUPAGE-:-LISLE 068-0678,13
DUPAGE-:-LISLE 069-0679,13
DUPAGE-:-LISLE 070-0680,13
DUPAGE-:-LISLE 071-0681,13
DUPAGE-:-LISLE 072-0682,13
DUPAGE-:-LISLE 073-0683/0684,13
DUPAGE-:-LISLE 074-0685,13
DUPAGE-:-LISLE 075-0686,13
DUPAGE-:-LISLE 076-0687/0688,13
DUPAGE-:-LISLE 077-0689/0690,13
DUPAGE-:-MILTON 001-0263/0264,10
DUPAGE-:-MILTON 002-0265/0266/0267/0268,13
DUPAGE-:-MILTON 003-0269/0270,13
DUPAGE-:-MILTON 004-0271/0272/0273,13
DUPAGE-:-MILTON 005-0275,13
DUPAGE-:-MILTON 006-0276/0277,13
DUPAGE-:-MILTON 007-0278/0279/0280,13
DUPAGE-:-MILTON 008-0282/0283/0284,13
DUPAGE-:-MILTON 009-0285/0286,13
DUPAGE-:-MILTON 010-0287,13
DUPAGE-:-MILTON 011-0288,13
DUPAGE-:-MILTON 012-0289/0290,13
DUPAGE-:-MILTON 013-0291/0292/0293,13
DUPAGE-:-MILTON 014-0294/0295,13
DUPAGE-:-MILTON 015-0296/0297/0298,13
DUPAGE-:-MILTON 016-0299,13
DUPAGE-:-MILTON 017-0300/0301/0302,13
DUPAGE-:-MILTON 018-0303/0304,13
DUPAGE-:-MILTON 019-0305,13
DUPAGE-:-MILTON 020-0306,13
DUPAGE-:-MILTON 021-0307,13
DUPAGE-:-MILTON 022-0308/0309,13
DUPAGE-:-MILTON 023-0310/0311,13
DUPAGE-:-MILTON 024-0312,13
DUPAGE-:-MILTON 025-0313,13
DUPAGE-:-MILTON 026-0314,13
DUPAGE-:-MILTON 027-0315,13
DUPAGE-:-MILTON 028-0316/0317,13
DUPAGE-:-MILTON 029-0318/0319,13
DUPAGE-:-MILTON 030-0320,13
DUPAGE-:-MILTON 031-0321,13
DUPAGE-:-MILTON 031-0322,13
DUPAGE-:-MILTON 032-0323/0324,13
DUPAGE-:-MILTON 033-0325,13
DUPAGE-:-MILTON 034-0326,13
DUPAGE-:-MILTON 035-0327,13
DUPAGE-:-MILTON 036-0328,13
DUPAGE-:-MILTON 037-0329,13
DUPAGE-:-MILTON 038-0330/0331,13
DUPAGE-:-MILTON 039-0332,13
DUPAGE-:-MILTON 040-0333,13
DUPAGE-:-MILTON 041-0334,13
DUPAGE-:-MILTON 042-0335,13
DUPAGE-:-MILTON 043-0336,13
DUPAGE-:-MILTON 044-0337,13
DUPAGE-:-MILTON 045-0338,13
DUPAGE-:-MILTON 046-0339,13
DUPAGE-:-MILTON 047-0340/0341,13
DUPAGE-:-MILTON 048-0342,13
DUPAGE-:-MILTON 049-0343,13
DUPAGE-:-MILTON 050-0344,13
DUPAGE-:-MILTON 051-0345/0346,13
DUPAGE-:-MILTON 052-0347,13
DUPAGE-:-MILTON 053-0348/0349,13
DUPAGE-:-MILTON 054-0350,13
DUPAGE-:-MILTON 055-0351,13
DUPAGE-:-MILTON 056-0352,13
DUPAGE-:-MILTON 057-0353,13
DUPAGE-:-MILTON 058-0354/0355,13
DUPAGE-:-MILTON 059-0356/0357,13
DUPAGE-:-MILTON 060-0358/0359,13
DUPAGE-:-MILTON 061-0360,13
DUPAGE-:-MILTON 062-0361,13
DUPAGE-:-MILTON 062-0362,13
DUPAGE-:-MILTON 063-0363,13
DUPAGE-:-MILTON 064-0364,13
DUPAGE-:-MILTON 065-0365/0366,13
DUPAGE-:-MILTON 066-0368,13
DUPAGE-:-MILTON 067-0369,13
DUPAGE-:-MILTON 068-0370/0371,13
DUPAGE-:-MILTON 069-0372/0373,13
DUPAGE-:-MILTON 070-0374,13
DUPAGE-:-MILTON 071-0375/0376,13
DUPAGE-:-MILTON 072-0377/0378,13
DUPAGE-:-MILTON 073-0379/0380/0381,13
DUPAGE-:-MILTON 074-0382,13
DUPAGE-:-MILTON 075-0383,13
DUPAGE-:-MILTON 076-0384,13
DUPAGE-:-MILTON 077-0385/0386,13
DUPAGE-:-MILTON 078-0387/0388,13
DUPAGE-:-MILTON 079-0389/0390,13
DUPAGE-:-MILTON 080-0391,13
DUPAGE-:-MILTON 081-0392,13
DUPAGE-:-NAPERVILLE 001-0509,13
DUPAGE-:-NAPERVILLE 002-0510/0511,13
DUPAGE-:-NAPERVILLE 003-0512/0513/0514,13
DUPAGE-:-NAPERVILLE 004-0515/0517,13
DUPAGE-:-NAPERVILLE 005-0519,13
DUPAGE-:-NAPERVILLE 006-0520/0521,13
DUPAGE-:-NAPERVILLE 007-0522,13
DUPAGE-:-NAPERVILLE 008-0523,13
DUPAGE-:-NAPERVILLE 009-0524,13
DUPAGE-:-NAPERVILLE 010-0525/0526,13
DUPAGE-:-NAPERVILLE 011-0527/0528,13
DUPAGE-:-NAPERVILLE 012-0529,13
DUPAGE-:-NAPERVILLE 013-0530/0531,13
DUPAGE-:-NAPERVILLE 014-0532/0533,13
DUPAGE-:-NAPERVILLE 015-0534,13
DUPAGE-:-NAPERVILLE 016-0535,13
DUPAGE-:-NAPERVILLE 017-0536/0537,13
DUPAGE-:-NAPERVILLE 018-0538/0539,13
DUPAGE-:-NAPERVILLE 019-0540,13
DUPAGE-:-NAPERVILLE 020-0541,13
DUPAGE-:-NAPERVILLE 021-0542,13
DUPAGE-:-NAPERVILLE 022-0543,13
DUPAGE-:-NAPERVILLE 023-0544/0545,13
DUPAGE-:-NAPERVILLE 024-0546,13
DUPAGE-:-NAPERVILLE 025-0547,13
DUPAGE-:-NAPERVILLE 026-0548,13
DUPAGE-:-NAPERVILLE 027-0549,13
DUPAGE-:-NAPERVILLE 028-0550,13
DUPAGE-:-NAPERVILLE 029-0551,13
DUPAGE-:-NAPERVILLE 030-0552,13
DUPAGE-:-NAPERVILLE 031-0553/0554,13
DUPAGE-:-NAPERVILLE 032-0555,13
DUPAGE-:-NAPERVILLE 033-0556,13
DUPAGE-:-NAPERVILLE 034-0557,13
DUPAGE-:-NAPERVILLE 035-0558,13
DUPAGE-:-NAPERVILLE 036-0559,13
DUPAGE-:-NAPERVILLE 037-0560,13
DUPAGE-:-NAPERVILLE 038-0561,13
DUPAGE-:-NAPERVILLE 039-0562,13
DUPAGE-:-NAPERVILLE 040-0563,13
DUPAGE-:-NAPERVILLE 041-0564,13
DUPAGE-:-NAPERVILLE 042-0565,13
DUPAGE-:-NAPERVILLE 043-0566,13
DUPAGE-:-NAPERVILLE 044-0567,13
DUPAGE-:-NAPERVILLE 045-0568,13
DUPAGE-:-NAPERVILLE 046-0570,13
DUPAGE-:-NAPERVILLE 047-0571,13
DUPAGE-:-NAPERVILLE 048-0572,13
DUPAGE-:-NAPERVILLE 049-0573,13
DUPAGE-:-NAPERVILLE 050-0574,13
DUPAGE-:-NAPERVILLE 051-0575,13
DUPAGE-:-NAPERVILLE 052-0576,13
DUPAGE-:-NAPERVILLE 053-0577,13
DUPAGE-:-NAPERVILLE 054-0578,13
DUPAGE-:-NAPERVILLE 055-0579,13
DUPAGE-:-NAPERVILLE 056-0580,13
DUPAGE-:-NAPERVILLE 057-0581,13
DUPAGE-:-NAPERVILLE 058-0582,5
DUPAGE-:-WAYNE 001-0001,10
DUPAGE-:-WAYNE 002-0002,7
DUPAGE-:-WAYNE 003-0003,7
DUPAGE-:-WAYNE 004-0004,7
DUPAGE-:-WAYNE 005-0005,7
DUPAGE-:-WAYNE 006-0006,7
DUPAGE-:-WAYNE 007-0007,7
DUPAGE-:-WAYNE 008-0008,7
DUPAGE-:-WAYNE 009-0009,7
DUPAGE-:-WAYNE 010-0010,7
DUPAGE-:-WAYNE 011-0011,7
DUPAGE-:-WAYNE 012-0012,10
DUPAGE-:-WAYNE 013-0013,7
DUPAGE-:-WAYNE 014-0014,7
DUPAGE-:-WAYNE 015-0015,7
DUPAGE-:-WAYNE 016-0016,7
DUPAGE-:-WAYNE 017-0017,7
DUPAGE-:-WAYNE 018-0018,7
DUPAGE-:-WAYNE 019-0019,10
DUPAGE-:-WAYNE 020-0020,10
DUPAGE-:-WAYNE 021-0021,10
DUPAGE-:-WAYNE 022-0022,7
DUPAGE-:-WAYNE 023-0023,7
DUPAGE-:-WAYNE 024-0024,7
DUPAGE-:-WAYNE 025-0025,7
DUPAGE-:-WAYNE 026-0026,10
DUPAGE-:-WAYNE 027-0027,7
DUPAGE-:-WAYNE 028-0028,7
DUPAGE-:-WAYNE 029-0029,7
DUPAGE-:-WAYNE 030-0030,7
DUPAGE-:-WAYNE 031-0031,7
DUPAGE-:-WAYNE 032-0032,7
DUPAGE-:-WAYNE 033-0033,10
DUPAGE-:-WAYNE 034-0034,7
DUPAGE-:-WAYNE 035-0035,7
DUPAGE-:-WAYNE 036-0036,7
DUPAGE-:-WAYNE 037-0037,7
DUPAGE-:-WAYNE 038-0038,10
DUPAGE-:-WAYNE 038-0039,10
DUPAGE-:-WAYNE 039-0040,10
DUPAGE-:-WAYNE 040-0041/0042,10
DUPAGE-:-WAYNE 041-0043,7
DUPAGE-:-WAYNE 042-0044,13
DUPAGE-:-WAYNE 043-0045,13
DUPAGE-:-WINFIELD 001-0212,10
DUPAGE-:-WINFIELD 002-0213/0214,13
DUPAGE-:-WINFIELD 003-0215/0216/0217/0218,13
DUPAGE-:-WINFIELD 004-0219/0220/0221,13
DUPAGE-:-WINFIELD 005-0222,13
DUPAGE-:-WINFIELD 006-0223/0224,13
DUPAGE-:-WINFIELD 006-0225,13
DUPAGE-:-WINFIELD 007-0226/0227,13
DUPAGE-:-WINFIELD 008-0228/0229,13
DUPAGE-:-WINFIELD 009-0230,13
DUPAGE-:-WINFIELD 010-0231,13
DUPAGE-:-WINFIELD 011-0232/0233,13
DUPAGE-:-WINFIELD 012-0234/0235,13
DUPAGE-:-WINFIELD 013-0236/0237,13
DUPAGE-:-WINFIELD 014-0238/0239,13
DUPAGE-:-WINFIELD 015-0240,13
DUPAGE-:-WINFIELD 016-0241/0242/0243,13
DUPAGE-:-WINFIELD 017-0244,13
DUPAGE-:-WINFIELD 018-0245/0246/0247,13
DUPAGE-:-WINFIELD 019-0248/0249/0250/0251,13
DUPAGE-:-WINFIELD 020-0252,13
DUPAGE-:-WINFIELD 021-0253,13
DUPAGE-:-WINFIELD 022-0254,13
DUPAGE-:-WINFIELD 023-0255,13
DUPAGE-:-WINFIELD 023-0257,13
DUPAGE-:-WINFIELD 024-0258/0259,13
DUPAGE-:-WINFIELD 025-0260,13
DUPAGE-:-WINFIELD 026-0261,13
DUPAGE-:-WINFIELD 027-0262,13
DUPAGE-:-YORK 001-0394/0395,13
DUPAGE-:-YORK 002-0396,13
DUPAGE-:-YORK 003-0397,13
DUPAGE-:-YORK 004-0398,13
DUPAGE-:-YORK 005-0399,13
DUPAGE-:-YORK 006-0400,13
DUPAGE-:-YORK 007-0401,13
DUPAGE-:-YORK 008-0403/0404,13
DUPAGE-:-YORK 009-0406,13
DUPAGE-:-YORK 010-0407,13
DUPAGE-:-YORK 011-0408,13
DUPAGE-:-YORK 012-0409,13
DUPAGE-:-YORK 013-0410,13
DUPAGE-:-YORK 014-0411,13
DUPAGE-:-YORK 015-0412,13
DUPAGE-:-YORK 016-0413/0414,13
DUPAGE-:-YORK 017-0415/0416,13
DUPAGE-:-YORK 018-0417,13
DUPAGE-:-YORK 019-0418,13
DUPAGE-:-YORK 020-0419,13
DUPAGE-:-YORK 021-0420,13
DUPAGE-:-YORK 022-0421,13
DUPAGE-:-YORK 023-0422,13
DUPAGE-:-YORK 024-0423,13
DUPAGE-:-YORK 025-0424,13
DUPAGE-:-YORK 026-0425,13
DUPAGE-:-YORK 027-0426,13
DUPAGE-:-YORK 028-0427,13
DUPAGE-:-YORK 029-0428/0429,13
DUPAGE-:-YORK 030-0430,13
DUPAGE-:-YORK 031-0431,13
DUPAGE-:-YORK 032-0432,13
DUPAGE-:-YORK 033-0433,13
DUPAGE-:-YORK 034-0434,13
DUPAGE-:-YORK 035-0435,13
DUPAGE-:-YORK 036-0436,13
DUPAGE-:-YORK 037-0437,13
DUPAGE-:-YORK 038-0438,13
DUPAGE-:-YORK 039-0439,13
DUPAGE-:-YORK 040-0440,13
DUPAGE-:-YORK 041-0442,13
DUPAGE-:-YORK 042-0443,13
DUPAGE-:-YORK 043-0444,13
DUPAGE-:-YORK 044-0445,13
DUPAGE-:-YORK 045-0446,13
DUPAGE-:-YORK 046-0447,13
DUPAGE-:-YORK 047-0448,13
DUPAGE-:-YORK 048-0449,13
DUPAGE-:-YORK 049-0450,13
DUPAGE-:-YORK 050-0451,13
DUPAGE-:-YORK 051-0452,13
DUPAGE-:-YORK 052-0453,13
DUPAGE-:-YORK 053-0454,13
DUPAGE-:-YORK 054-0455,13
DUPAGE-:-YORK 055-0456/0457/0458,13
DUPAGE-:-YORK 056-0459,13
DUPAGE-:-YORK 057-0460/0461,13
DUPAGE-:-YORK 058-0462/0463,13
DUPAGE-:-YORK 059-0464/0465,3
DUPAGE-:-YORK 060-0466,3
DUPAGE-:-YORK 061-0467,3
DUPAGE-:-YORK 062-0468,3
DUPAGE-:-YORK 063-0469/0470,3
DUPAGE-:-YORK 064-0471/0472,3
DUPAGE-:-YORK 065-0473,3
DUPAGE-:-YORK 066-0474,3
DUPAGE-:-YORK 067-0475,3
DUPAGE-:-YORK 068-0476/0477/0478,3
DUPAGE-:-YORK 069-0479,3
DUPAGE-:-YORK 070-0480/0481,3
DUPAGE-:-YORK 071-0483/0484,3
DUPAGE-:-YORK 072-0485,3
DUPAGE-:-YORK 073-0486/0487,3
DUPAGE-:-YORK 074-0488/0489/0490,3
DUPAGE-:-YORK 075-0491,3
DUPAGE-:-YORK 076-0492/0493,3
DUPAGE-:-YORK 077-0494/0495,3
DUPAGE-:-YORK 078-0496,3
DUPAGE-:-YORK 079-0497/0498,3
DUPAGE-:-YORK 080-0499/0500,3
DUPAGE-:-YORK 081-0501/0502,3
DUPAGE-:-YORK 082-0503,3
DUPAGE-:-YORK 083-0504,3
DUPAGE-:-YORK 084-0505/0506,3
DUPAGE-:-YORK 085-0507,3
DUPAGE-:-YORK 086-0508,3
EDGAR-:-BROUILLETTS CREEK,11
EDGAR-:-BUCK,11
EDGAR-:-EDGAR,11
EDGAR-:-ELBRIDGE,11
EDGAR-:-EMBARRASS,11
EDGAR-:-GRANDVIEW,0
EDGAR-:-HUNTER,11
EDGAR-:-KANSAS,0
EDGAR-:-PARIS 1,11
EDGAR-:-PARIS 10,11
EDGAR-:-PARIS 11,11
EDGAR-:-PARIS 12,11
EDGAR-:-PARIS 14,11
EDGAR-:-PARIS 15,11
EDGAR-:-PARIS 2,11
EDGAR-:-PARIS 3,11
EDGAR-:-PARIS 4,11
EDGAR-:-PARIS 5,11
EDGAR-:-PARIS 6,11
EDGAR-:-PARIS 7,11
EDGAR-:-PARIS 8,11
EDGAR-:-PARIS 9,11
EDGAR-:-PRAIRIE,11
EDGAR-:-ROSS 1,11
EDGAR-:-ROSS 2,11
EDGAR-:-SHILOH,11
EDGAR-:-STRATTON,11
EDGAR-:-SYMMES 1,11
EDGAR-:-SYMMES 2,11
EDGAR-:-YOUNG AMERICA 1,11
EDGAR-:-YOUNG AMERICA 2,11
EDWARDS-:-ALBION 1,8
EDWARDS-:-ALBION 2,8
EDWARDS-:-ALBION 3,8
EDWARDS-:-BONE GAP,8
EDWARDS-:-BROWNS,8
EDWARDS-:-DIXON,8
EDWARDS-:-ELLERY,8
EDWARDS-:-FRENCH CREEK,8
EDWARDS-:-SALEM 1,8
EDWARDS-:-SALEM 2,8
EDWARDS-:-SHELBY 1,8
EDWARDS-:-SHELBY 2,8
EFFINGHAM-:-BANNER,0
EFFINGHAM-:-BISHOP,0
EFFINGHAM-:-DOUGLAS 1,0
EFFINGHAM-:-DOUGLAS 10,0
EFFINGHAM-:-DOUGLAS 11,0
EFFINGHAM-:-DOUGLAS 12,0
EFFINGHAM-:-DOUGLAS 13,0
EFFINGHAM-:-DOUGLAS 14,0
EFFINGHAM-:-DOUGLAS 2,0
EFFINGHAM-:-DOUGLAS 3,0
EFFINGHAM-:-DOUGLAS 4,0
EFFINGHAM-:-DOUGLAS 5,0
EFFINGHAM-:-DOUGLAS 6,0
EFFINGHAM-:-DOUGLAS 7,0
EFFINGHAM-:-DOUGLAS 8,0
EFFINGHAM-:-DOUGLAS 9,0
EFFINGHAM-:-JACKSON,0
EFFINGHAM-:-LIBERTY,0
EFFINGHAM-:-LUCAS,0
EFFINGHAM-:-MASON,0
EFFINGHAM-:-MOCCASIN,0
EFFINGHAM-:-MOUND 1,0
EFFINGHAM-:-MOUND 2,0
EFFINGHAM-:-MOUND 3,0
EFFINGHAM-:-ST. FRANCIS,0
EFFINGHAM-:-SUMMIT 1,0
EFFINGHAM-:-SUMMIT 2,0
EFFINGHAM-:-SUMMIT 3,0
EFFINGHAM-:-SUMMIT 4,0
EFFINGHAM-:-SUMMIT 5,0
EFFINGHAM-:-TEUTOPOLIS 1,0
EFFINGHAM-:-TEUTOPOLIS 2,0
EFFINGHAM-:-TEUTOPOLIS 3,0
EFFINGHAM-:-UNION,0
EFFINGHAM-:-WATSON 1,0
EFFINGHAM-:-WATSON 2,0
EFFINGHAM-:-WATSON 3,0
EFFINGHAM-:-WEST,0
FAYETTE-:-AVENA,0
FAYETTE-:-BEAR GROVE,1
FAYETTE-:-BOWLING GREEN,0
FAYETTE-:-CARSON,0
FAYETTE-:-KASKASKIA,1
FAYETTE-:-LACLEDE,0
FAYETTE-:-LONE GROVE,0
FAYETTE-:-LOUDON,0
FAYETTE-:-NORTH HURRICANE,0
FAYETTE-:-OTEGO,0
FAYETTE-:-POPE,1
FAYETTE-:-RAMSEY,0
FAYETTE-:-SEFTON,0
FAYETTE-:-SEMINARY,1
FAYETTE-:-SHAFTER,0
FAYETTE-:-SHARON,0
FAYETTE-:-SOUTH HURRICANE,0
FAYETTE-:-VANDALIA 1,0
FAYETTE-:-VANDALIA 2,0
FAYETTE-:-VANDALIA 3,0
FAYETTE-:-VANDALIA 4,0
FAYETTE-:-VANDALIA 5,0
FAYETTE-:-VANDALIA 6,0
FAYETTE-:-VANDALIA 7,0
FAYETTE-:-VANDALIA 8,0
FAYETTE-:-VANDALIA 9,0
FAYETTE-:-WHEATLAND,0
FAYETTE-:-WILBERTON,0
FORD-:-BRENTON,11
FORD-:-BUTTON,11
FORD-:-DIX,11
FORD-:-DRUMMER 1,11
FORD-:-DRUMMER 2,11
FORD-:-DRUMMER 3,11
FORD-:-DRUMMER 4,11
FORD-:-DRUMMER 5,11
FORD-:-LYMAN,11
FORD-:-MONA,11
FORD-:-PATTON 1,11
FORD-:-PATTON 2,11
FORD-:-PATTON 3,11
FORD-:-PATTON 4,11
FORD-:-PATTON 5,11
FORD-:-PATTON 6,11
FORD-:-PATTON 7,11
FORD-:-PEACH ORCHARD,11
FORD-:-PELLA,11
FORD-:-ROGERS,11
FORD-:-SULLIVANT,11
FORD-:-WALL,11
FRANKLIN-:-BARREN,8
FRANKLIN-:-BENTON 1,8
FRANKLIN-:-BENTON 2,8
FRANKLIN-:-BENTON 3,8
FRANKLIN-:-BENTON 4,8
FRANKLIN-:-BENTON 5,8
FRANKLIN-:-BENTON 6,8
FRANKLIN-:-BENTON 7,8
FRANKLIN-:-BROWNING 1,8
FRANKLIN-:-BROWNING 2,8
FRANKLIN-:-BROWNING 3,8
FRANKLIN-:-CAVE,8
FRANKLIN-:-DENNING 1,8
FRANKLIN-:-DENNING 2,8
FRANKLIN-:-DENNING 3,8
FRANKLIN-:-DENNING 4,8
FRANKLIN-:-DENNING 5,8
FRANKLIN-:-EASTERN,8
FRANKLIN-:-EWING 1,8
FRANKLIN-:-EWING 2,8
FRANKLIN-:-FRANKFORT 1,8
FRANKLIN-:-FRANKFORT 2,8
FRANKLIN-:-FRANKFORT 3,8
FRANKLIN-:-FRANKFORT 4,8
FRANKLIN-:-GOODE 1,8
FRANKLIN-:-GOODE 2,8
FRANKLIN-:-NORTHERN,8
FRANKLIN-:-SIX MILE 1,8
FRANKLIN-:-SIX MILE 2,8
FRANKLIN-:-SIX MILE 3,8
FRANKLIN-:-TYRONE 1,8
FRANKLIN-:-TYRONE 2,8
FRANKLIN-:-TYRONE 3,8
FRANKLIN-:-TYRONE 4,8
FRANKLIN-:-TYRONE 5,8
FULTON-:-ASTORIA-42,2
FULTON-:-ASTORIA-43,2
FULTON-:-BANNER-31,2
FULTON-:-BERNADOTTE-33,2
FULTON-:-BUCKHEART-30,2
FULTON-:-CANTON  1-10,2
FULTON-:-CANTON  2-11,2
FULTON-:-CANTON  3-12,2
FULTON-:-CANTON  4-13,2
FULTON-:-CANTON  5-14,2
FULTON-:-CANTON  6-15,2
FULTON-:-CANTON  7-16,2
FULTON-:-CANTON  8-17,2
FULTON-:-CANTON  9-18,2
FULTON-:-CANTON 10-19,2
FULTON-:-CANTON 11-20,2
FULTON-:-CANTON 12-21,2
FULTON-:-CANTON 13-22,2
FULTON-:-CANTON 14-23,2
FULTON-:-CANTON 15-24,2
FULTON-:-CANTON 16-25,2
FULTON-:-CASS-28,2
FULTON-:-DEERFIELD-8,2
FULTON-:-ELLISVILLE-2,2
FULTON-:-FAIRVIEW-4,2
FULTON-:-FARMERS-32,2
FULTON-:-FARMINGTON 1-5,2
FULTON-:-FARMINGTON 2-6,2
FULTON-:-HARRIS-27,2
FULTON-:-ISABEL-40,2
FULTON-:-JOSHUA-9,2
FULTON-:-KERTON-45,2
FULTON-:-LEE TWP-7,2
FULTON-:-LEWISTOWN 1-34,2
FULTON-:-LEWISTOWN 2-35,2
FULTON-:-LEWISTOWN 3-36,2
FULTON-:-LIVERPOOL-37,2
FULTON-:-ORION-26,2
FULTON-:-PLEASANT-39,2
FULTON-:-PUTMAN-29,2
FULTON-:-UNION-1,2
FULTON-:-VERMONT-38,2
FULTON-:-WATERFORD-41,2
FULTON-:-WOODLAND-44,2
FULTON-:-YOUNG HICKORY-3,2
GALLATIN-:-ASBURY 1,8
GALLATIN-:-BOWLESVILLE 1,8
GALLATIN-:-EAGLE CREEK 1,8
GALLATIN-:-EQUALITY 1,8
GALLATIN-:-GOLD HILL 1,8
GALLATIN-:-GOLD HILL 2,8
GALLATIN-:-NEW HAVEN 1,8
GALLATIN-:-NORTH FORK 1,8
GALLATIN-:-OMAHA 1,8
GALLATIN-:-RIDGWAY 1,8
GALLATIN-:-SHAWNEE 1,8
GREENE-:-ATHENSVILLE 1-1,1
GREENE-:-BLUFFDALE 1-1,1
GREENE-:-CARROLLTON 1-1,1
GREENE-:-CARROLLTON 2-1,1
GREENE-:-CARROLLTON 3-1,1
GREENE-:-KANE 1-1,1
GREENE-:-KANE 2-1,1
GREENE-:-LINDER 1-1,1
GREENE-:-PATTERSON 1-1,1
GREENE-:-ROCKBRIDGE 1-1,1
GREENE-:-ROCKBRIDGE 2-1,1
GREENE-:-ROCKBRIDGE 3-1,1
GREENE-:-ROODHOUSE 1-1,1
GREENE-:-ROODHOUSE 2-1,1
GREENE-:-ROODHOUSE 3-1,1
GREENE-:-RUBICON 1-1,1
GREENE-:-WALKERVILLE 1-1,1
GREENE-:-WHITE HALL 1-1,1
GREENE-:-WHITE HALL 2-1,1
GREENE-:-WHITE HALL 3-1,1
GREENE-:-WOODVILLE 1-1,1
GREENE-:-WRIGHTS 2-1,1
GRUNDY-:-AUX SABLE 01-001,5
GRUNDY-:-AUX SABLE 02-002,5
GRUNDY-:-AUX SABLE 02-003,5
GRUNDY-:-AUX SABLE 03-004,5
GRUNDY-:-AUX SABLE 04-005,5
GRUNDY-:-AUX SABLE 05-006,5
GRUNDY-:-AUX SABLE 05-007,5
GRUNDY-:-AUX SABLE 06-008,5
GRUNDY-:-AUX SABLE 07-009,5
GRUNDY-:-AUX SABLE 07-010,5
GRUNDY-:-BRACEVILLE 01-011,5
GRUNDY-:-BRACEVILLE 02-12/13,5
GRUNDY-:-BRACEVILLE 02-14/15,5
GRUNDY-:-BRACEVILLE 03-016,5
GRUNDY-:-BRACEVILLE 04-017,5
GRUNDY-:-ERIENNA 01-018,5
GRUNDY-:-ERIENNA 02-019,5
GRUNDY-:-FELIX 01-021,5
GRUNDY-:-FELIX 02-022,5
GRUNDY-:-FELIX 03-023,5
GRUNDY-:-FELIX 04-024,5
GRUNDY-:-GARFIELD 01-025,5
GRUNDY-:-GOODFARM 01-026,5
GRUNDY-:-GOOSE LAKE 01-027,5
GRUNDY-:-GOOSE LAKE 02-028,5
GRUNDY-:-GREENFIELD 01-029,5
GRUNDY-:-GREENFIELD 01-030,5
GRUNDY-:-HIGHLAND 01-031,5
GRUNDY-:-MAINE 01-32/33,5
GRUNDY-:-MAZON 01-034,5
GRUNDY-:-MORRIS 01-035,5
GRUNDY-:-MORRIS 02-036,5
GRUNDY-:-MORRIS 03-037,5
GRUNDY-:-MORRIS 04-038,5
GRUNDY-:-MORRIS 05-039,5
GRUNDY-:-NETTLE CREEK 01-040,10
GRUNDY-:-NORMAN 01-041,5
GRUNDY-:-SARATOGA 01-042,5
GRUNDY-:-SARATOGA 02-043,5
GRUNDY-:-SARATOGA 02-044,5
GRUNDY-:-SARATOGA 03-045,5
GRUNDY-:-SARATOGA 04-046,5
GRUNDY-:-SARATOGA 05-047,5
GRUNDY-:-VIENNA 01-048,5
GRUNDY-:-WAUPONSEE 01-049,5
GRUNDY-:-WAUPONSEE 02-050,5
HAMILTON-:-BEAVER CREEK,8
HAMILTON-:-CROOK,8
HAMILTON-:-CROUCH,8
HAMILTON-:-DAHLGREN 1,8
HAMILTON-:-DAHLGREN 2,8
HAMILTON-:-FLANNIGAN,8
HAMILTON-:-KNIGHTS PRAIRIE,8
HAMILTON-:-MAYBERRY,8
HAMILTON-:-MCLEANSBORO 1,8
HAMILTON-:-MCLEANSBORO 2,8
HAMILTON-:-MCLEANSBORO 3,8
HAMILTON-:-MCLEANSBORO 4,8
HAMILTON-:-SOUTH CROUCH,8
HAMILTON-:-SOUTH FLANNIGAN,8
HAMILTON-:-SOUTH TWIGG,8
HAMILTON-:-TWIGG,8
HANCOCK-:-APPANOOSE,2
HANCOCK-:-AUGUSTA,2
HANCOCK-:-BEAR CREEK,2
HANCOCK-:-CARTHAGE 1,2
HANCOCK-:-CARTHAGE 2,2
HANCOCK-:-CARTHAGE 3,2
HANCOCK-:-CARTHAGE 4,2
HANCOCK-:-CHILI,2
HANCOCK-:-DALLAS CITY,2
HANCOCK-:-DURHAM,2
HANCOCK-:-FOUNTAIN GREEN,2
HANCOCK-:-HANCOCK,2
HANCOCK-:-HARMONY,2
HANCOCK-:-LAHARPE 1,2
HANCOCK-:-LAHARPE 2,2
HANCOCK-:-MONTEBELLO 1,2
HANCOCK-:-MONTEBELLO 2,2
HANCOCK-:-MONTEBELLO 3,2
HANCOCK-:-MONTEBELLO 4,2
HANCOCK-:-NAUVOO,2
HANCOCK-:-PILOT GROVE,2
HANCOCK-:-PONTOOSUC,2
HANCOCK-:-PRAIRIE,2
HANCOCK-:-ROCK CREEK,2
HANCOCK-:-ROCKY RUN-WILCOX,2
HANCOCK-:-SONORA,2
HANCOCK-:-ST ALBANS,2
HANCOCK-:-ST MARYS,2
HANCOCK-:-WALKER,2
HANCOCK-:-WARSAW 1,2
HANCOCK-:-WARSAW 2,2
HANCOCK-:-WARSAW 3,2
HANCOCK-:-WYTHE,2
HARDIN-:-CAVE IN ROCK,8
HARDIN-:-MCFARLAN,8
HARDIN-:-MONROE,8
HARDIN-:-ROCK,8
HARDIN-:-ROSICLARE,8
HARDIN-:-STONE CHURCH,8
HENDERSON-:-BALD BLUFF,2
HENDERSON-:-BIGGSVILLE,2
HENDERSON-:-CARMAN,2
HENDERSON-:-GLADSTONE 1,2
HENDERSON-:-GLADSTONE 2,2
HENDERSON-:-LOMAX,2
HENDERSON-:-MEDIA,2
HENDERSON-:-OQUAWKA 1,2
HENDERSON-:-OQUAWKA 2,2
HENDERSON-:-RARITAN,2
HENDERSON-:-ROZETTA,2
HENDERSON-:-STRONGHURST,2
HENDERSON-:-TERRE HAUTE,2
HENRY-:-ALBA,2
HENRY-:-ANDOVER,2
HENRY-:-ANNAWAN,2
HENRY-:-ATKINSON,2
HENRY-:-BURNS,2
HENRY-:-CAMBRIDGE 1,2
HENRY-:-CAMBRIDGE 2,2
HENRY-:-CLOVER,2
HENRY-:-COLONA 2,2
HENRY-:-COLONA 3,2
HENRY-:-COLONA 4,2
HENRY-:-COLONA 5,2
HENRY-:-CORNWALL,2
HENRY-:-EDFORD,2
HENRY-:-GALVA 1,2
HENRY-:-GALVA 2,2
HENRY-:-GALVA 3,2
HENRY-:-GENESEO 1,2
HENRY-:-GENESEO 2,2
HENRY-:-GENESEO 3,2
HENRY-:-GENESEO 4,2
HENRY-:-GENESEO 5,2
HENRY-:-GENESEO 6,2
HENRY-:-HANNA 1,2
HENRY-:-HANNA 2,2
HENRY-:-KEWANEE 1,2
HENRY-:-KEWANEE 10,2
HENRY-:-KEWANEE 11,2
HENRY-:-KEWANEE 2,2
HENRY-:-KEWANEE 3,2
HENRY-:-KEWANEE 4,2
HENRY-:-KEWANEE 5,2
HENRY-:-KEWANEE 6,2
HENRY-:-KEWANEE 7,2
HENRY-:-KEWANEE 8,2
HENRY-:-KEWANEE 9,2
HENRY-:-LORAINE,2
HENRY-:-LYNN,2
HENRY-:-MUNSON,2
HENRY-:-OSCO,2
HENRY-:-OXFORD,2
HENRY-:-PHENIX,14
HENRY-:-WELLER,2
HENRY-:-WESTERN 1,2
HENRY-:-WESTERN 2,2
HENRY-:-WESTERN 3,2
HENRY-:-WETHERSFIELD 1,2
HENRY-:-WETHERSFIELD 2,2
HENRY-:-WETHERSFIELD 3,2
HENRY-:-WETHERSFIELD 4,2
HENRY-:-YORKTOWN,14
IROQUOIS-:-ARTESIA-1,11
IROQUOIS-:-ASH GROVE-2,11
IROQUOIS-:-ASHKUM 1-3,11
IROQUOIS-:-ASHKUM 2-3,11
IROQUOIS-:-BEAVER-3,11
IROQUOIS-:-BEAVERVILLE-3,11
IROQUOIS-:-BELMONT 1-4,11
IROQUOIS-:-BELMONT 2-4,11
IROQUOIS-:-BELMONT 3-4,11
IROQUOIS-:-CHEBANSE 1-3,11
IROQUOIS-:-CHEBANSE 2-3,11
IROQUOIS-:-CONCORD-4/5,11
IROQUOIS-:-CRESCENT-1,11
IROQUOIS-:-DANFORTH-1,11
IROQUOIS-:-DOUGLAS 1-1,11
IROQUOIS-:-DOUGLAS 2-1,11
IROQUOIS-:-FOUNTAIN CREEK-2,11
IROQUOIS-:-IROQUOIS-1,11
IROQUOIS-:-LODA-2,11
IROQUOIS-:-LOVEJOY-2,11
IROQUOIS-:-MARTINTON-3,11
IROQUOIS-:-MIDDLEPORT 1-4,11
IROQUOIS-:-MIDDLEPORT 2-4,11
IROQUOIS-:-MIDDLEPORT 3-4/5,11
IROQUOIS-:-MIDDLEPORT 4-4,11
IROQUOIS-:-MILFORD 1-2,11
IROQUOIS-:-MILFORD 2-2,11
IROQUOIS-:-MILKS GROVE-3,11
IROQUOIS-:-ONARGA 1-1,11
IROQUOIS-:-ONARGA 2-1,11
IROQUOIS-:-PAPINEAU-3,11
IROQUOIS-:-PIGEON GROVE-2,11
IROQUOIS-:-PRAIRIE GREEN-2,11
IROQUOIS-:-RIDGELAND-1,11
IROQUOIS-:-SHELDON 1-2,11
IROQUOIS-:-SHELDON 2-2,11
IROQUOIS-:-STOCKLAND-2,11
JACKSON-:-BRADLEY - AVA-4,8
JACKSON-:-BRADLEY - CAMPBELL HILL-4,8
JACKSON-:-CARBONDALE 1-8,8
JACKSON-:-CARBONDALE 10-12,8
JACKSON-:-CARBONDALE 11-13,8
JACKSON-:-CARBONDALE 12-13,8
JACKSON-:-CARBONDALE 13-13,8
JACKSON-:-CARBONDALE 14-12,8
JACKSON-:-CARBONDALE 15-12,8
JACKSON-:-CARBONDALE 16-12,8
JACKSON-:-CARBONDALE 18-10,8
JACKSON-:-CARBONDALE 19-10,8
JACKSON-:-CARBONDALE 2-10,8
JACKSON-:-CARBONDALE 20-10,8
JACKSON-:-CARBONDALE 21-10/13,8
JACKSON-:-CARBONDALE 24-12/13,8
JACKSON-:-CARBONDALE 25-13,8
JACKSON-:-CARBONDALE 26-13,8
JACKSON-:-CARBONDALE 4-8,8
JACKSON-:-CARBONDALE 5-8,8
JACKSON-:-CARBONDALE 6-8,8
JACKSON-:-CARBONDALE 7-11,8
JACKSON-:-CARBONDALE 8-11,8
JACKSON-:-CARBONDALE 9-8,8
JACKSON-:-DEGOGNIA-4,8
JACKSON-:-DESOTO 1-8/9,8
JACKSON-:-DESOTO 2-8/9,8
JACKSON-:-ELK 1-1,8
JACKSON-:-ELK 3-1,8
JACKSON-:-FOUNTAIN BLUFF-4,8
JACKSON-:-GRAND TOWER-15,8
JACKSON-:-KINKAID-4,8
JACKSON-:-LEVAN-5/6,8
JACKSON-:-MAKANDA 1-12,8
JACKSON-:-MAKANDA 2-12,8
JACKSON-:-MAKANDA 3-10,8
JACKSON-:-MAKANDA 4-12,8
JACKSON-:-MURPHYSBORO 1-11,8
JACKSON-:-MURPHYSBORO 1-14,8
JACKSON-:-MURPHYSBORO 10-11,8
JACKSON-:-MURPHYSBORO 12-4,8
JACKSON-:-MURPHYSBORO 2-14,8
JACKSON-:-MURPHYSBORO 3-11,8
JACKSON-:-MURPHYSBORO 3-14,8
JACKSON-:-MURPHYSBORO 4-11/12,8
JACKSON-:-MURPHYSBORO 5-14,8
JACKSON-:-MURPHYSBORO 6-4,8
JACKSON-:-MURPHYSBORO 7-14,8
JACKSON-:-MURPHYSBORO 8-4,8
JACKSON-:-MURPHYSBORO 9-4,8
JACKSON-:-ORA-3/4,8
JACKSON-:-POMONA-15,8
JACKSON-:-SAND RIDGE-6,8
JACKSON-:-SOMERSET 1-6/7,8
JACKSON-:-SOMERSET 2-6,8
JACKSON-:-SOMERSET 3-6,8
JACKSON-:-SOMERSET 4-6/7,8
JACKSON-:-VERGENNES-2,8
JASPER-:-CROOKED CREEK-1,0
JASPER-:-FOX-3,0
JASPER-:-GRANDVILLE-1,0
JASPER-:-GROVE-2,0
JASPER-:-HUNT CITY-1,0
JASPER-:-NORTH MUDDY-2,0
JASPER-:-SMALLWOOD-3,0
JASPER-:-SOUTH MUDDY-2,0
JASPER-:-STE. MARIE 1-3,8
JASPER-:-STE. MARIE 2-1,8
JASPER-:-WADE 1-1,0
JASPER-:-WADE 2-2,0
JASPER-:-WADE 3-2,0
JASPER-:-WADE 4-3,0
JASPER-:-WILLOW HILL-1,0
JEFFERSON-:-BALD HILL,8
JEFFERSON-:-BLISSVILLE,8
JEFFERSON-:-CASNER,8
JEFFERSON-:-DODDS 1,8
JEFFERSON-:-DODDS 2,8
JEFFERSON-:-ELK PRAIRIE,8
JEFFERSON-:-FARRINGTON,8
JEFFERSON-:-FIELD,8
JEFFERSON-:-GRAND PRAIRIE,8
JEFFERSON-:-MCCLELLAN,8
JEFFERSON-:-MOORES PRAIRIE,8
JEFFERSON-:-MT VERNON 1,8
JEFFERSON-:-MT VERNON 10,8
JEFFERSON-:-MT VERNON 2,8
JEFFERSON-:-MT VERNON 3,8
JEFFERSON-:-MT VERNON 4,8
JEFFERSON-:-MT VERNON 5,8
JEFFERSON-:-MT VERNON 6,8
JEFFERSON-:-MT VERNON 7,8
JEFFERSON-:-MT VERNON 8,8
JEFFERSON-:-MT VERNON 9,8
JEFFERSON-:-PENDLETON,8
JEFFERSON-:-ROME 1,8
JEFFERSON-:-ROME 2,8
JEFFERSON-:-SHILOH 1,8
JEFFERSON-:-SHILOH 2,8
JEFFERSON-:-SHILOH 3,8
JEFFERSON-:-SHILOH 4,8
JEFFERSON-:-SHILOH 5,8
JEFFERSON-:-SPRING GARDEN 1,8
JEFFERSON-:-SPRING GARDEN 2,8
JEFFERSON-:-WEBBER 1,8
JEFFERSON-:-WEBBER 2,8
JERSEY-:-ELSAH 1,1
JERSEY-:-ELSAH 2,1
JERSEY-:-ENGLISH,1
JERSEY-:-FIDELITY,1
JERSEY-:-JERSEY 1,1
JERSEY-:-JERSEY 2,1
JERSEY-:-JERSEY 3,1
JERSEY-:-JERSEY 4,1
JERSEY-:-JERSEY 5,1
JERSEY-:-JERSEY 6,1
JERSEY-:-JERSEY 7,1
JERSEY-:-JERSEY 8,1
JERSEY-:-MISSISSIPPI 1,1
JERSEY-:-MISSISSIPPI 2,1
JERSEY-:-OTTER CREEK,1
JERSEY-:-PIASA 1,1
JERSEY-:-PIASA 2,1
JERSEY-:-PIASA 3,1
JERSEY-:-QUARRY,1
JERSEY-:-RICHWOOD,1
JERSEY-:-ROSEDALE,1
JERSEY-:-RUYLE,1
JODAVIESS-:-APPLE RIVER,14
JODAVIESS-:-BERREMAN,14
JODAVIESS-:-COUNCIL HILL,14
JODAVIESS-:-DERINDA,14
JODAVIESS-:-DUNLEITH 1,14
JODAVIESS-:-DUNLEITH 2,14
JODAVIESS-:-DUNLEITH 3,14
JODAVIESS-:-EAST GALENA,14
JODAVIESS-:-ELIZABETH,14
JODAVIESS-:-GUILFORD,14
JODAVIESS-:-HANOVER,14
JODAVIESS-:-MENOMINEE,14
JODAVIESS-:-NORA,14
JODAVIESS-:-PLEASANT VALLEY,14
JODAVIESS-:-RAWLINS,14
JODAVIESS-:-RICE,14
JODAVIESS-:-RUSH,14
JODAVIESS-:-SCALES MOUND,14
JODAVIESS-:-STOCKTON 1,14
JODAVIESS-:-STOCKTON 2,14
JODAVIESS-:-THOMPSON,14
JODAVIESS-:-VINEGAR HILL,14
JODAVIESS-:-WARDS GROVE,14
JODAVIESS-:-WARREN,14
JODAVIESS-:-WEST GALENA 1,14
JODAVIESS-:-WEST GALENA 2,14
JODAVIESS-:-WEST GALENA 3,14
JODAVIESS-:-WOODBINE,14
JOHNSON-:-BELKNAP-1,8
JOHNSON-:-BLOOMFIELD-1,8
JOHNSON-:-BURNSIDE-1,8
JOHNSON-:-CACHE-1,8
JOHNSON-:-ELVIRA-1,8
JOHNSON-:-GOREVILLE 1-1,8
JOHNSON-:-GOREVILLE 2-1,8
JOHNSON-:-GRANTSBURG-1,8
JOHNSON-:-LAKE 1-1,8
JOHNSON-:-LAKE 2-1,8
JOHNSON-:-OZARK-1,8
JOHNSON-:-SIMPSON-1,8
JOHNSON-:-TUNNEL HILL-1,8
JOHNSON-:-VIENNA 1-1,8
JOHNSON-:-VIENNA 2-1,8
JOHNSON-:-VIENNA 3-1,8
KANE-:-AU0001-1/2,10
KANE-:-AU0002-3/4,10
KANE-:-AU0003-5,10
KANE-:-AU0004-6,10
KANE-:-AU0005-7,10
KANE-:-AU0006-8,10
KANE-:-AU0007-9,10
KANE-:-AU0008-10,10
KANE-:-AU0009-11,13
KANE-:-AU0009-12,10
KANE-:-AU0010-13,10
KANE-:-AU0010-14,10
KANE-:-AU0011-15,10
KANE-:-AU0012-16,10
KANE-:-AU0013-17,10
KANE-:-AU0014-18,10
KANE-:-AU0015-19,10
KANE-:-AU0016-20,10
KANE-:-AU0017-21,10
KANE-:-AU0018-22,5
KANE-:-AU0019-23,5
KANE-:-AU0020-24,5
KANE-:-AU0021-25,5
KANE-:-AU0021-26,5
KANE-:-AU0022-27,10
KANE-:-AU0023-28,10
KANE-:-AU0024-29,10
KANE-:-AU0025-30,10
KANE-:-AU0026-31,10
KANE-:-AU0027-32,10
KANE-:-AU0028-33,10
KANE-:-AU0029-34,10
KANE-:-AU0030-35,10
KANE-:-AU0031-36,10
KANE-:-AU0032-37,10
KANE-:-AU0033-38,10
KANE-:-AU0034-39,10
KANE-:-AU0035-40,10
KANE-:-AU0036-41,10
KANE-:-AU0037-42,10
KANE-:-AU0038-43,10
KANE-:-AU0039-44,10
KANE-:-AU0040-45,10
KANE-:-AU0041-46,10
KANE-:-AU0042-47,10
KANE-:-AU0043-48,10
KANE-:-AU0044-49,10
KANE-:-AU0045-50/51,10
KANE-:-AU0046-52,10
KANE-:-AU0047-53,10
KANE-:-AU0048-54,10
KANE-:-AU0049-55,10
KANE-:-AU0050-56,10
KANE-:-AU0050-57,10
KANE-:-AU0051-58,10
KANE-:-AU0052-59,10
KANE-:-AU0053-60,10
KANE-:-AU0054-61,10
KANE-:-AU0055-62,10
KANE-:-AU0056-63,10
KANE-:-AU0057-64,10
KANE-:-AU0058-65,10
KANE-:-AU0059-66,10
KANE-:-AU0060-67,10
KANE-:-AU0061-68,10
KANE-:-BA0001-69,10
KANE-:-BA0002-70,10
KANE-:-BA0003-71,10
KANE-:-BA0004-72,10
KANE-:-BA0005-73/74,10
KANE-:-BA0006-75,10
KANE-:-BA0007-76,10
KANE-:-BA0008-77,10
KANE-:-BA0009-78,10
KANE-:-BA0010-79,10
KANE-:-BA0011-80,10
KANE-:-BA0012-81,10
KANE-:-BA0013-82,10
KANE-:-BA0014-83,10
KANE-:-BA0015-84,10
KANE-:-BA0016-85,10
KANE-:-BA0017-86,10
KANE-:-BA0018-87/88,10
KANE-:-BA0019-89,10
KANE-:-BA0020-90,10
KANE-:-BA0021-91,10
KANE-:-BA0022-92,10
KANE-:-BB0001-93,10
KANE-:-BB0002-94/95,10
KANE-:-BB0003-97,10
KANE-:-BB0004-98,10
KANE-:-BB0005-99,10
KANE-:-BB0006-100,10
KANE-:-BB0007-101,10
KANE-:-BB0008-103,10
KANE-:-BB0009-104,10
KANE-:-BB0010-105,10
KANE-:-BB0011-106/107,10
KANE-:-BR0001-108,5
KANE-:-BR0002-109,10
KANE-:-BU0001-110/111/112,10
KANE-:-CA0001-114,10
KANE-:-CA0002-115/116,10
KANE-:-CA0003-117/118,10
KANE-:-CA0004-119,10
KANE-:-CA0005-121/122,10
KANE-:-CA0006-123,10
KANE-:-CA0007-124,10
KANE-:-CA0008-125,10
KANE-:-CA0009-127,10
KANE-:-CA0010-128/129,10
KANE-:-CA0011-130/131,10
KANE-:-CA0012-132/133,10
KANE-:-DU0001-134,10
KANE-:-DU0002-135,10
KANE-:-DU0003-136,10
KANE-:-DU0004-137,10
KANE-:-DU0005-138,10
KANE-:-DU0006-139,7
KANE-:-DU0007-141,10
KANE-:-DU0008-142,7
KANE-:-DU0009-143,7
KANE-:-DU0009-144,7
KANE-:-DU0010-145,10
KANE-:-DU0011-146,10
KANE-:-DU0012-147,10
KANE-:-DU0013-148,10
KANE-:-DU0014-149/150,10
KANE-:-DU0015-151,7
KANE-:-DU0016-152,10
KANE-:-DU0016-153,10
KANE-:-DU0017-154,10
KANE-:-DU0018-155,10
KANE-:-DU0019-156,7
KANE-:-DU0020-157,10
KANE-:-DU0021-158,7
KANE-:-DU0022-159,10
KANE-:-DU0023-160,10
KANE-:-DU0024-161,10
KANE-:-DU0025-162,10
KANE-:-DU0026-163,10
KANE-:-DU0027-164,10
KANE-:-DU0028-165,10
KANE-:-DU0029-166,10
KANE-:-DU0030-167,7
KANE-:-DU0031-168,10
KANE-:-DU0032-169,7
KANE-:-DU0033-170,7
KANE-:-DU0034-171,7
KANE-:-DU0035-172,10
KANE-:-EL0001-173,7
KANE-:-EL0002-174,7
KANE-:-EL0003-175,7
KANE-:-EL0004-176,7
KANE-:-EL0005-177,7
KANE-:-EL0006-178,7
KANE-:-EL0007-179,7
KANE-:-EL0008-180,7
KANE-:-EL0009-181,7
KANE-:-EL0010-182,7
KANE-:-EL0010-183,7
KANE-:-EL0011-184,7
KANE-:-EL0012-185,7
KANE-:-EL0013-186,7
KANE-:-EL0014-187,7
KANE-:-EL0015-188/189/190,7
KANE-:-EL0016-191,7
KANE-:-EL0017-192,7
KANE-:-EL0018-193,7
KANE-:-EL0019-194,7
KANE-:-EL0020-195,7
KANE-:-EL0021-196,7
KANE-:-EL0022-197/198/199,7
KANE-:-EL0023-200/201,7
KANE-:-EL0024-202/203/204,7
KANE-:-EL0025-205,7
KANE-:-EL0026-206,7
KANE-:-EL0027-207,7
KANE-:-EL0028-208,7
KANE-:-EL0029-209,7
KANE-:-EL0030-210/211,7
KANE-:-EL0031-212,7
KANE-:-EL0032-214,7
KANE-:-EL0033-215,7
KANE-:-EL0033-216,7
KANE-:-EL0034-217,7
KANE-:-EL0035-218,7
KANE-:-EL0036-219,7
KANE-:-EL0037-220,7
KANE-:-EL0037-221,7
KANE-:-EL0038-222,7
KANE-:-EL0039-223,7
KANE-:-EL0040-224/225/226,7
KANE-:-EL0041-227/228,7
KANE-:-EL0042-229,7
KANE-:-EL0043-230/231,7
KANE-:-EL0044-232,7
KANE-:-EL0045-233/234,7
KANE-:-EL0046-235,7
KANE-:-EL0047-236,7
KANE-:-EL0048-237,7
KANE-:-EL0049-238,7
KANE-:-EL0050-239/240,7
KANE-:-EL0051-241,7
KANE-:-EL0052-242,7
KANE-:-EL0052-243,7
KANE-:-GE0001-244,10
KANE-:-GE0002-245,10
KANE-:-GE0003-246,10
KANE-:-GE0004-247,10
KANE-:-GE0005-248,10
KANE-:-GE0006-249,10
KANE-:-GE0007-250,10
KANE-:-GE0008-251,10
KANE-:-GE0009-252,10
KANE-:-GE0010-253,10
KANE-:-GE0010-254,10
KANE-:-GE0010-255,10
KANE-:-GE0011-256,10
KANE-:-GE0012-257,10
KANE-:-GE0013-258/259,10
KANE-:-GE0014-260,10
KANE-:-GE0015-261,10
KANE-:-GE0016-262/263,10
KANE-:-GE0017-264,10
KANE-:-GE0018-265,10
KANE-:-GE0019-266/267,10
KANE-:-GE0020-268,10
KANE-:-HA0001-269/270/271,7
KANE-:-HA0002-272,7
KANE-:-HA0003-274,7
KANE-:-HA0004-275,7
KANE-:-HA0005-276,7
KANE-:-KA0001-277,10
KANE-:-PL0001-278,7
KANE-:-PL0002-280/281/282/283,7
KANE-:-PL0003-284/285,7
KANE-:-PL0004-286/287/288,7
KANE-:-PL0005-289/290,7
KANE-:-PL0006-291,7
KANE-:-RU0001-292/293,7
KANE-:-RU0002-294/295/296/297/298,7
KANE-:-RU0003-299/300,7
KANE-:-RU0004-301,10
KANE-:-RU0005-302,10
KANE-:-RU0006-304,7
KANE-:-RU0007-305/306,10
KANE-:-RU0008-307,10
KANE-:-RU0009-308/309,10
KANE-:-RU0009-310,10
KANE-:-RU0010-311,10
KANE-:-RU0011-312,10
KANE-:-RU0012-313,7
KANE-:-RU0013-314,7
KANE-:-RU0013-315,7
KANE-:-RU0014-316,10
KANE-:-SC0001-317,10
KANE-:-SC0002-318,10
KANE-:-SC0003-319,10
KANE-:-SC0004-320/321,10
KANE-:-SC0005-322,10
KANE-:-SC0006-323,10
KANE-:-SC0007-324,10
KANE-:-SC0008-325/326,10
KANE-:-SC0009-327,10
KANE-:-SC0010-328,10
KANE-:-SC0011-329,10
KANE-:-SC0012-330,10
KANE-:-SC0013-331,10
KANE-:-SC0013-332,10
KANE-:-SC0014-333,10
KANE-:-SC0015-334,10
KANE-:-SC0016-335,10
KANE-:-SC0017-336/337,10
KANE-:-SC0018-338,10
KANE-:-SC0018-339,10
KANE-:-SC0019-340,10
KANE-:-SC0020-341,10
KANE-:-SC0021-342,10
KANE-:-SC0022-344,10
KANE-:-SC0023-345,10
KANE-:-SC0024-346,10
KANE-:-SC0025-347/348,10
KANE-:-SC0026-349,10
KANE-:-SC0027-350,10
KANE-:-SC0028-351,10
KANE-:-SC0029-352,10
KANE-:-SC0030-353,10
KANE-:-SC0031-354,10
KANE-:-SC0032-355,10
KANE-:-SC0033-356,10
KANE-:-SC0034-357,10
KANE-:-SG0001-358,5
KANE-:-SG0002-359,5
KANE-:-SG0003-360,5
KANE-:-SG0004-361,5
KANE-:-SG0005-362,5
KANE-:-SG0006-363/364,5
KANE-:-SG0007-365,10
KANE-:-SG0008-366,5
KANE-:-SG0009-367,5
KANE-:-SG0010-368,5
KANE-:-SG0011-369,5
KANE-:-SG0012-370,10
KANE-:-SG0013-371,10
KANE-:-SG0014-372,5
KANE-:-VI0001-373,10
KANE-:-VI0002-374/375/376,10
KANKAKEE-:-AROMA 1,11
KANKAKEE-:-AROMA 2,11
KANKAKEE-:-AROMA 3,11
KANKAKEE-:-BOURBONNAIS 1,5
KANKAKEE-:-BOURBONNAIS 12,5
KANKAKEE-:-BOURBONNAIS 15,5
KANKAKEE-:-BOURBONNAIS 16,11
KANKAKEE-:-BOURBONNAIS 18,5
KANKAKEE-:-BOURBONNAIS 19,5
KANKAKEE-:-BOURBONNAIS 2,5
KANKAKEE-:-BOURBONNAIS 3,5
KANKAKEE-:-BOURBONNAIS 4,11
KANKAKEE-:-BOURBONNAIS 6,5
KANKAKEE-:-BOURBONNAIS 7,5
KANKAKEE-:-BOURBONNAIS 8,11
KANKAKEE-:-BOURBONNAIS 9,5
KANKAKEE-:-ESSEX,5
KANKAKEE-:-GANEER 1,11
KANKAKEE-:-GANEER 2,11
KANKAKEE-:-GANEER 3,11
KANKAKEE-:-KANKAKEE 1,11
KANKAKEE-:-KANKAKEE 2,11
KANKAKEE-:-KANKAKEE 3,11
KANKAKEE-:-KANKAKEE 4,11
KANKAKEE-:-KANKAKEE 5,11
KANKAKEE-:-KANKAKEE 6,11
KANKAKEE-:-KANKAKEE 7,11
KANKAKEE-:-KANKAKEE 8,11
KANKAKEE-:-KANKAKEE 9,11
KANKAKEE-:-LIMESTONE 1,11
KANKAKEE-:-LIMESTONE 2,11
KANKAKEE-:-LIMESTONE 3,11
KANKAKEE-:-LIMESTONE 4,11
KANKAKEE-:-MANTENO 1,5
KANKAKEE-:-MANTENO 2,5
KANKAKEE-:-MANTENO 3,5
KANKAKEE-:-MANTENO 5,5
KANKAKEE-:-MANTENO 6,11
KANKAKEE-:-MOMENCE 1,11
KANKAKEE-:-MOMENCE 2,11
KANKAKEE-:-NORTON,11
KANKAKEE-:-OTTO 1,11
KANKAKEE-:-OTTO 2,11
KANKAKEE-:-PEMBROKE 1,11
KANKAKEE-:-PEMBROKE 2,11
KANKAKEE-:-PILOT,11
KANKAKEE-:-ROCKVILLE,5
KANKAKEE-:-SALINA,11
KANKAKEE-:-ST. ANNE,11
KANKAKEE-:-SUMNER,11
KANKAKEE-:-YELLOWHEAD 1,11
KANKAKEE-:-YELLOWHEAD 2,11
KENDALL-:-BIG GROVE 1,10
KENDALL-:-BRISTOL 1,5
KENDALL-:-BRISTOL 10,5
KENDALL-:-BRISTOL 11,5
KENDALL-:-BRISTOL 12,5
KENDALL-:-BRISTOL 13,5
KENDALL-:-BRISTOL 14,5
KENDALL-:-BRISTOL 15,5
KENDALL-:-BRISTOL 16,5
KENDALL-:-BRISTOL 17,5
KENDALL-:-BRISTOL 18,5
KENDALL-:-BRISTOL 2,5
KENDALL-:-BRISTOL 3,5
KENDALL-:-BRISTOL 4,5
KENDALL-:-BRISTOL 5,5
KENDALL-:-BRISTOL 6,5
KENDALL-:-BRISTOL 7,5
KENDALL-:-BRISTOL 8,5
KENDALL-:-BRISTOL 9,5
KENDALL-:-FOX 1,10
KENDALL-:-FOX 2,5
KENDALL-:-KENDALL 1,5
KENDALL-:-KENDALL 2,5
KENDALL-:-KENDALL 3,5
KENDALL-:-KENDALL 4,5
KENDALL-:-KENDALL 5,5
KENDALL-:-KENDALL 6,5
KENDALL-:-LISBON 1,5
KENDALL-:-LITTLE ROCK 1,5
KENDALL-:-LITTLE ROCK 2,5
KENDALL-:-LITTLE ROCK 3,5
KENDALL-:-LITTLE ROCK 4,5
KENDALL-:-LITTLE ROCK 5,5
KENDALL-:-LITTLE ROCK 6,5
KENDALL-:-LITTLE ROCK 7,5
KENDALL-:-LITTLE ROCK 8,5
KENDALL-:-NA AU SAY 1,5
KENDALL-:-NA AU SAY 2,5
KENDALL-:-NA AU SAY 3,5
KENDALL-:-NA AU SAY 4,5
KENDALL-:-NA AU SAY 5,5
KENDALL-:-NA AU SAY 6,5
KENDALL-:-OSWEGO 1,5
KENDALL-:-OSWEGO 10,5
KENDALL-:-OSWEGO 11,5
KENDALL-:-OSWEGO 12,5
KENDALL-:-OSWEGO 13,5
KENDALL-:-OSWEGO 14,5
KENDALL-:-OSWEGO 15,10
KENDALL-:-OSWEGO 16,5
KENDALL-:-OSWEGO 17,5
KENDALL-:-OSWEGO 18,10
KENDALL-:-OSWEGO 19,10
KENDALL-:-OSWEGO 2,5
KENDALL-:-OSWEGO 20,5
KENDALL-:-OSWEGO 21,5
KENDALL-:-OSWEGO 22,5
KENDALL-:-OSWEGO 23,10
KENDALL-:-OSWEGO 24,5
KENDALL-:-OSWEGO 25,5
KENDALL-:-OSWEGO 26,5
KENDALL-:-OSWEGO 27,5
KENDALL-:-OSWEGO 28,5
KENDALL-:-OSWEGO 29,5
KENDALL-:-OSWEGO 3,10
KENDALL-:-OSWEGO 30,5
KENDALL-:-OSWEGO 31,5
KENDALL-:-OSWEGO 32,5
KENDALL-:-OSWEGO 33,5
KENDALL-:-OSWEGO 4,10
KENDALL-:-OSWEGO 5,5
KENDALL-:-OSWEGO 6,10
KENDALL-:-OSWEGO 7,5
KENDALL-:-OSWEGO 8,10
KENDALL-:-OSWEGO 9,10
KENDALL-:-SEWARD 1,5
KENDALL-:-SEWARD 2,5
KENDALL-:-SEWARD 3,5
KNOX-:-CEDAR FIRST,2
KNOX-:-CEDAR FOURTH,2
KNOX-:-CEDAR SECOND,2
KNOX-:-CEDAR THIRD,2
KNOX-:-CHESTNUT,2
KNOX-:-COPLEY,2
KNOX-:-ELBA,2
KNOX-:-GALESBURG,2
KNOX-:-HAW CREEK,2
KNOX-:-HENDERSON,2
KNOX-:-INDIAN POINT,2
KNOX-:-KNOX FIFTH,2
KNOX-:-KNOX FIRST,2
KNOX-:-KNOX FOURTH,2
KNOX-:-KNOX SECOND,2
KNOX-:-KNOX SIX,2
KNOX-:-KNOX THIRD,2
KNOX-:-LYNN,2
KNOX-:-MAQUON,2
KNOX-:-ONTARIO,2
KNOX-:-ORANGE,2
KNOX-:-PERSIFER,2
KNOX-:-RIO TWP,2
KNOX-:-SALEM,2
KNOX-:-SPARTA,2
KNOX-:-TRURO,2
KNOX-:-VICTORIA,2
KNOX-:-WALNUT GROVE,2
LAKE-:-ANTIOCH 1,9
LAKE-:-ANTIOCH 10,9
LAKE-:-ANTIOCH 11,9
LAKE-:-ANTIOCH 12,9
LAKE-:-ANTIOCH 13,9
LAKE-:-ANTIOCH 14,9
LAKE-:-ANTIOCH 15,9
LAKE-:-ANTIOCH 16,9
LAKE-:-ANTIOCH 17,9
LAKE-:-ANTIOCH 18,9
LAKE-:-ANTIOCH 19,9
LAKE-:-ANTIOCH 2,9
LAKE-:-ANTIOCH 3,9
LAKE-:-ANTIOCH 4,9
LAKE-:-ANTIOCH 5,9
LAKE-:-ANTIOCH 6,9
LAKE-:-ANTIOCH 7,9
LAKE-:-ANTIOCH 8,9
LAKE-:-ANTIOCH 9,9
LAKE-:-AVON 20,9
LAKE-:-AVON 21,9
LAKE-:-AVON 22,9
LAKE-:-AVON 23,9
LAKE-:-AVON 24,9
LAKE-:-AVON 25,9
LAKE-:-AVON 26,9
LAKE-:-AVON 27,9
LAKE-:-AVON 28,9
LAKE-:-AVON 29,9
LAKE-:-AVON 30,9
LAKE-:-AVON 31,9
LAKE-:-AVON 32,9
LAKE-:-AVON 33,9
LAKE-:-AVON 34,9
LAKE-:-AVON 35,9
LAKE-:-AVON 36,9
LAKE-:-AVON 37,9
LAKE-:-AVON 38,9
LAKE-:-AVON 39,9
LAKE-:-AVON 40,9
LAKE-:-AVON 41,9
LAKE-:-AVON 42,9
LAKE-:-AVON 43,9
LAKE-:-AVON 44,9
LAKE-:-AVON 45,9
LAKE-:-AVON 46,9
LAKE-:-AVON 47,9
LAKE-:-AVON 48,9
LAKE-:-AVON 49,9
LAKE-:-AVON 50,9
LAKE-:-AVON 51,9
LAKE-:-AVON 52,9
LAKE-:-BENTON 53,9
LAKE-:-BENTON 54,9
LAKE-:-BENTON 55,9
LAKE-:-BENTON 56,9
LAKE-:-BENTON 57,9
LAKE-:-BENTON 58,9
LAKE-:-BENTON 59,9
LAKE-:-BENTON 60,9
LAKE-:-BENTON 61,9
LAKE-:-BENTON 62,9
LAKE-:-BENTON 63,9
LAKE-:-BENTON 64,9
LAKE-:-BENTON 65,9
LAKE-:-CUBA 66,9
LAKE-:-CUBA 67,9
LAKE-:-CUBA 68,9
LAKE-:-CUBA 69,9
LAKE-:-CUBA 70,9
LAKE-:-CUBA 71,9
LAKE-:-CUBA 72,7
LAKE-:-CUBA 73,7
LAKE-:-CUBA 74,9
LAKE-:-CUBA 75,7
LAKE-:-CUBA 76,7
LAKE-:-CUBA 77,7
LAKE-:-CUBA 78,7
LAKE-:-ELA 100,9
LAKE-:-ELA 101,9
LAKE-:-ELA 102,7
LAKE-:-ELA 103,7
LAKE-:-ELA 104,9
LAKE-:-ELA 105,9
LAKE-:-ELA 106,7
LAKE-:-ELA 107,9
LAKE-:-ELA 79,9
LAKE-:-ELA 80,9
LAKE-:-ELA 81,9
LAKE-:-ELA 82,9
LAKE-:-ELA 83,9
LAKE-:-ELA 84,9
LAKE-:-ELA 85,9
LAKE-:-ELA 86,9
LAKE-:-ELA 87,9
LAKE-:-ELA 88,9
LAKE-:-ELA 89,9
LAKE-:-ELA 90,9
LAKE-:-ELA 91,9
LAKE-:-ELA 92,9
LAKE-:-ELA 93,9
LAKE-:-ELA 94,9
LAKE-:-ELA 95,9
LAKE-:-ELA 96,9
LAKE-:-ELA 97,9
LAKE-:-ELA 98,9
LAKE-:-ELA 99,9
LAKE-:-FREMONT 108,9
LAKE-:-FREMONT 109,9
LAKE-:-FREMONT 110,9
LAKE-:-FREMONT 111,9
LAKE-:-FREMONT 112,9
LAKE-:-FREMONT 113,9
LAKE-:-FREMONT 114,9
LAKE-:-FREMONT 115,9
LAKE-:-FREMONT 116,9
LAKE-:-FREMONT 117,9
LAKE-:-FREMONT 118,9
LAKE-:-FREMONT 119,9
LAKE-:-FREMONT 120,9
LAKE-:-FREMONT 121,9
LAKE-:-FREMONT 122,9
LAKE-:-FREMONT 123,9
LAKE-:-FREMONT 124,9
LAKE-:-FREMONT 125,9
LAKE-:-FREMONT 126,9
LAKE-:-FREMONT 127,9
LAKE-:-FREMONT 128,9
LAKE-:-FREMONT 129,9
LAKE-:-GRANT 130,9
LAKE-:-GRANT 131,9
LAKE-:-GRANT 132,9
LAKE-:-GRANT 133,9
LAKE-:-GRANT 134,9
LAKE-:-GRANT 135,9
LAKE-:-GRANT 136,10
LAKE-:-GRANT 137,9
LAKE-:-GRANT 138,9
LAKE-:-GRANT 139,9
LAKE-:-GRANT 140,9
LAKE-:-GRANT 141,9
LAKE-:-GRANT 142,9
LAKE-:-GRANT 143,9
LAKE-:-GRANT 144,9
LAKE-:-GRANT 145,9
LAKE-:-GRANT 146,9
LAKE-:-GRANT 147,9
LAKE-:-LAKE VILLA 148,9
LAKE-:-LAKE VILLA 149,9
LAKE-:-LAKE VILLA 150,9
LAKE-:-LAKE VILLA 151,9
LAKE-:-LAKE VILLA 152,9
LAKE-:-LAKE VILLA 153,9
LAKE-:-LAKE VILLA 154,9
LAKE-:-LAKE VILLA 155,9
LAKE-:-LAKE VILLA 156,9
LAKE-:-LAKE VILLA 157,9
LAKE-:-LAKE VILLA 158,9
LAKE-:-LAKE VILLA 159,9
LAKE-:-LAKE VILLA 160,9
LAKE-:-LAKE VILLA 161,9
LAKE-:-LAKE VILLA 162,9
LAKE-:-LAKE VILLA 163,9
LAKE-:-LAKE VILLA 164,9
LAKE-:-LAKE VILLA 165,9
LAKE-:-LAKE VILLA 166,9
LAKE-:-LAKE VILLA 167,9
LAKE-:-LAKE VILLA 168,9
LAKE-:-LAKE VILLA 169,9
LAKE-:-LAKE VILLA 170,9
LAKE-:-LAKE VILLA 171,9
LAKE-:-LAKE VILLA 172,9
LAKE-:-LAKE VILLA 173,9
LAKE-:-LIBERTYVILLE 174,9
LAKE-:-LIBERTYVILLE 175,9
LAKE-:-LIBERTYVILLE 176,9
LAKE-:-LIBERTYVILLE 177,9
LAKE-:-LIBERTYVILLE 178,9
LAKE-:-LIBERTYVILLE 179,9
LAKE-:-LIBERTYVILLE 180,9
LAKE-:-LIBERTYVILLE 181,9
LAKE-:-LIBERTYVILLE 182,9
LAKE-:-LIBERTYVILLE 183,9
LAKE-:-LIBERTYVILLE 184,9
LAKE-:-LIBERTYVILLE 185,9
LAKE-:-LIBERTYVILLE 186,9
LAKE-:-LIBERTYVILLE 187,9
LAKE-:-LIBERTYVILLE 188,9
LAKE-:-LIBERTYVILLE 189,9
LAKE-:-LIBERTYVILLE 190,9
LAKE-:-LIBERTYVILLE 191,9
LAKE-:-LIBERTYVILLE 192,9
LAKE-:-LIBERTYVILLE 193,9
LAKE-:-LIBERTYVILLE 194,9
LAKE-:-LIBERTYVILLE 195,9
LAKE-:-LIBERTYVILLE 196,9
LAKE-:-LIBERTYVILLE 197,9
LAKE-:-LIBERTYVILLE 198,9
LAKE-:-LIBERTYVILLE 199,9
LAKE-:-LIBERTYVILLE 200,9
LAKE-:-LIBERTYVILLE 201,9
LAKE-:-LIBERTYVILLE 202,9
LAKE-:-LIBERTYVILLE 203,9
LAKE-:-LIBERTYVILLE 204,9
LAKE-:-LIBERTYVILLE 205,9
LAKE-:-LIBERTYVILLE 206,9
LAKE-:-LIBERTYVILLE 207,9
LAKE-:-LIBERTYVILLE 208,9
LAKE-:-LIBERTYVILLE 209,9
LAKE-:-MORAINE 210,9
LAKE-:-MORAINE 211,9
LAKE-:-MORAINE 212,9
LAKE-:-MORAINE 213,9
LAKE-:-MORAINE 214,9
LAKE-:-MORAINE 215,9
LAKE-:-MORAINE 216,9
LAKE-:-MORAINE 217,9
LAKE-:-MORAINE 218,9
LAKE-:-MORAINE 219,9
LAKE-:-MORAINE 220,9
LAKE-:-MORAINE 221,9
LAKE-:-MORAINE 222,9
LAKE-:-MORAINE 223,9
LAKE-:-MORAINE 224,9
LAKE-:-MORAINE 225,9
LAKE-:-MORAINE 226,9
LAKE-:-MORAINE 227,9
LAKE-:-MORAINE 228,9
LAKE-:-MORAINE 229,9
LAKE-:-MORAINE 230,9
LAKE-:-MORAINE 231,9
LAKE-:-MORAINE 232,9
LAKE-:-NEWPORT 233,9
LAKE-:-NEWPORT 234,9
LAKE-:-NEWPORT 235,9
LAKE-:-NEWPORT 236,9
LAKE-:-NEWPORT 237,9
LAKE-:-SHIELDS 238,9
LAKE-:-SHIELDS 239,9
LAKE-:-SHIELDS 240,9
LAKE-:-SHIELDS 241,9
LAKE-:-SHIELDS 242,9
LAKE-:-SHIELDS 243,9
LAKE-:-SHIELDS 244,9
LAKE-:-SHIELDS 245,9
LAKE-:-SHIELDS 246,9
LAKE-:-SHIELDS 247,9
LAKE-:-SHIELDS 248,9
LAKE-:-SHIELDS 249,9
LAKE-:-SHIELDS 250,9
LAKE-:-SHIELDS 251,9
LAKE-:-SHIELDS 252,9
LAKE-:-SHIELDS 253,9
LAKE-:-SHIELDS 254,9
LAKE-:-SHIELDS 255,9
LAKE-:-VERNON 256,9
LAKE-:-VERNON 257,9
LAKE-:-VERNON 258,9
LAKE-:-VERNON 259,9
LAKE-:-VERNON 260,9
LAKE-:-VERNON 261,9
LAKE-:-VERNON 262,9
LAKE-:-VERNON 263,9
LAKE-:-VERNON 264,9
LAKE-:-VERNON 265,9
LAKE-:-VERNON 266,9
LAKE-:-VERNON 267,9
LAKE-:-VERNON 268,9
LAKE-:-VERNON 269,9
LAKE-:-VERNON 270,9
LAKE-:-VERNON 271,9
LAKE-:-VERNON 272,9
LAKE-:-VERNON 273,9
LAKE-:-VERNON 274,9
LAKE-:-VERNON 275,9
LAKE-:-VERNON 276,9
LAKE-:-VERNON 277,9
LAKE-:-VERNON 278,9
LAKE-:-VERNON 279,9
LAKE-:-VERNON 280,9
LAKE-:-VERNON 281,9
LAKE-:-VERNON 282,9
LAKE-:-VERNON 283,9
LAKE-:-VERNON 284,9
LAKE-:-VERNON 285,9
LAKE-:-VERNON 286,9
LAKE-:-VERNON 287,9
LAKE-:-VERNON 288,9
LAKE-:-VERNON 289,9
LAKE-:-VERNON 290,9
LAKE-:-VERNON 291,9
LAKE-:-VERNON 292,9
LAKE-:-VERNON 293,9
LAKE-:-VERNON 294,9
LAKE-:-VERNON 295,9
LAKE-:-VERNON 296,9
LAKE-:-VERNON 297,9
LAKE-:-VERNON 298,9
LAKE-:-WARREN 299,9
LAKE-:-WARREN 300,9
LAKE-:-WARREN 301,9
LAKE-:-WARREN 302,9
LAKE-:-WARREN 303,9
LAKE-:-WARREN 304,9
LAKE-:-WARREN 305,9
LAKE-:-WARREN 306,9
LAKE-:-WARREN 307,9
LAKE-:-WARREN 308,9
LAKE-:-WARREN 309,9
LAKE-:-WARREN 310,9
LAKE-:-WARREN 311,9
LAKE-:-WARREN 312,9
LAKE-:-WARREN 313,9
LAKE-:-WARREN 314,9
LAKE-:-WARREN 315,9
LAKE-:-WARREN 316,9
LAKE-:-WARREN 317,9
LAKE-:-WARREN 318,9
LAKE-:-WARREN 319,9
LAKE-:-WARREN 320,9
LAKE-:-WARREN 321,9
LAKE-:-WARREN 322,9
LAKE-:-WARREN 323,9
LAKE-:-WARREN 324,9
LAKE-:-WARREN 325,9
LAKE-:-WARREN 326,9
LAKE-:-WARREN 327,9
LAKE-:-WARREN 328,9
LAKE-:-WARREN 329,9
LAKE-:-WARREN 330,9
LAKE-:-WARREN 331,9
LAKE-:-WARREN 332,9
LAKE-:-WARREN 333,9
LAKE-:-WARREN 334,9
LAKE-:-WARREN 335,9
LAKE-:-WARREN 336,9
LAKE-:-WARREN 337,9
LAKE-:-WARREN 338,9
LAKE-:-WAUCONDA 339,9
LAKE-:-WAUCONDA 340,9
LAKE-:-WAUCONDA 341,9
LAKE-:-WAUCONDA 342,9
LAKE-:-WAUCONDA 343,9
LAKE-:-WAUCONDA 345,9
LAKE-:-WAUCONDA 346,9
LAKE-:-WAUCONDA 347,9
LAKE-:-WAUCONDA 348,9
LAKE-:-WAUCONDA 349,9
LAKE-:-WAUCONDA 351,9
LAKE-:-WAUCONDA 352,9
LAKE-:-WAUCONDA 353,9
LAKE-:-WAUCONDA 354,9
LAKE-:-WAUKEGAN 355,9
LAKE-:-WAUKEGAN 356,9
LAKE-:-WAUKEGAN 357,9
LAKE-:-WAUKEGAN 358,9
LAKE-:-WAUKEGAN 359,9
LAKE-:-WAUKEGAN 360,9
LAKE-:-WAUKEGAN 361,9
LAKE-:-WAUKEGAN 362,9
LAKE-:-WAUKEGAN 363,9
LAKE-:-WAUKEGAN 364,9
LAKE-:-WAUKEGAN 365,9
LAKE-:-WAUKEGAN 366,9
LAKE-:-WAUKEGAN 367,9
LAKE-:-WAUKEGAN 368,9
LAKE-:-WAUKEGAN 369,9
LAKE-:-WAUKEGAN 370,9
LAKE-:-WAUKEGAN 371,9
LAKE-:-WAUKEGAN 372,9
LAKE-:-WAUKEGAN 373,9
LAKE-:-WAUKEGAN 374,9
LAKE-:-WAUKEGAN 375,9
LAKE-:-WAUKEGAN 376,9
LAKE-:-WAUKEGAN 377,9
LAKE-:-WAUKEGAN 378,9
LAKE-:-WAUKEGAN 379,9
LAKE-:-WAUKEGAN 380,9
LAKE-:-WAUKEGAN 381,9
LAKE-:-WAUKEGAN 382,9
LAKE-:-WAUKEGAN 383,9
LAKE-:-WAUKEGAN 384,9
LAKE-:-WAUKEGAN 385,9
LAKE-:-WAUKEGAN 386,9
LAKE-:-WAUKEGAN 387,9
LAKE-:-WAUKEGAN 388,9
LAKE-:-WAUKEGAN 389,9
LAKE-:-WAUKEGAN 390,9
LAKE-:-WAUKEGAN 391,9
LAKE-:-WAUKEGAN 392,9
LAKE-:-WAUKEGAN 393,9
LAKE-:-WEST DEERFIELD 394,9
LAKE-:-WEST DEERFIELD 395,9
LAKE-:-WEST DEERFIELD 396,9
LAKE-:-WEST DEERFIELD 397,9
LAKE-:-WEST DEERFIELD 398,9
LAKE-:-WEST DEERFIELD 399,9
LAKE-:-WEST DEERFIELD 400,9
LAKE-:-WEST DEERFIELD 401,9
LAKE-:-WEST DEERFIELD 402,9
LAKE-:-WEST DEERFIELD 403,9
LAKE-:-WEST DEERFIELD 404,9
LAKE-:-WEST DEERFIELD 405,9
LAKE-:-WEST DEERFIELD 406,9
LAKE-:-WEST DEERFIELD 407,9
LAKE-:-WEST DEERFIELD 408,9
LAKE-:-WEST DEERFIELD 409,9
LAKE-:-WEST DEERFIELD 410,9
LAKE-:-WEST DEERFIELD 411,9
LAKE-:-WEST DEERFIELD 412,9
LAKE-:-WEST DEERFIELD 413,9
LAKE-:-WEST DEERFIELD 414,9
LAKE-:-WEST DEERFIELD 415,9
LAKE-:-WEST DEERFIELD 416,9
LAKE-:-WEST DEERFIELD 417,9
LAKE-:-WEST DEERFIELD 418,9
LAKE-:-ZION 419,9
LAKE-:-ZION 420,9
LAKE-:-ZION 421,9
LAKE-:-ZION 422,9
LAKE-:-ZION 423,9
LAKE-:-ZION 424,9
LAKE-:-ZION 425,9
LAKE-:-ZION 426,9
LAKE-:-ZION 427,9
LAKE-:-ZION 428,9
LAKE-:-ZION 429,9
LAKE-:-ZION 430,9
LAKE-:-ZION 431,9
LASALLE-:-ADAMS 1,5
LASALLE-:-ADAMS 2,5
LASALLE-:-ALLEN,5
LASALLE-:-BROOKFIELD,5
LASALLE-:-BRUCE 1,5
LASALLE-:-BRUCE 10,5
LASALLE-:-BRUCE 11,5
LASALLE-:-BRUCE 12,5
LASALLE-:-BRUCE 2,5
LASALLE-:-BRUCE 3,5
LASALLE-:-BRUCE 4,5
LASALLE-:-BRUCE 5,5
LASALLE-:-BRUCE 6,5
LASALLE-:-BRUCE 7,5
LASALLE-:-BRUCE 8,5
LASALLE-:-BRUCE 9,5
LASALLE-:-DAYTON 1,5
LASALLE-:-DAYTON 2,5
LASALLE-:-DIMMICK,5
LASALLE-:-EAGLE 1,5
LASALLE-:-EAGLE 2,5
LASALLE-:-EAGLE 3,5
LASALLE-:-EARL 1,5
LASALLE-:-EARL 2,5
LASALLE-:-EDEN 2,5
LASALLE-:-FREEDOM,5
LASALLE-:-GRAND RAPIDS,5
LASALLE-:-GROVELAND,5
LASALLE-:-HOPE,5
LASALLE-:-LASALLE 1,5
LASALLE-:-LASALLE 10,5
LASALLE-:-LASALLE 11,5
LASALLE-:-LASALLE 12,5
LASALLE-:-LASALLE 13,5
LASALLE-:-LASALLE 14,5
LASALLE-:-LASALLE 2,5
LASALLE-:-LASALLE 3,5
LASALLE-:-LASALLE 4,5
LASALLE-:-LASALLE 5,5
LASALLE-:-LASALLE 6,5
LASALLE-:-LASALLE 7,5
LASALLE-:-LASALLE 8,5
LASALLE-:-LASALLE 9,5
LASALLE-:-MANLIUS 1,5
LASALLE-:-MANLIUS 2,5
LASALLE-:-MANLIUS 3,5
LASALLE-:-MANLIUS 4,5
LASALLE-:-MANLIUS 5,5
LASALLE-:-MENDOTA 1,5
LASALLE-:-MENDOTA 2,5
LASALLE-:-MENDOTA 3,5
LASALLE-:-MENDOTA 4,5
LASALLE-:-MENDOTA 5,5
LASALLE-:-MENDOTA 6,5
LASALLE-:-MENDOTA 7,5
LASALLE-:-MERIDEN,5
LASALLE-:-MILLER,5
LASALLE-:-MISSION 1,10
LASALLE-:-MISSION 2,5
LASALLE-:-NORTHVILLE 1,10
LASALLE-:-NORTHVILLE 2,5
LASALLE-:-NORTHVILLE 3,10
LASALLE-:-NORTHVILLE 4,10
LASALLE-:-NORTHVILLE 5,10
LASALLE-:-NORTHVILLE 6,5
LASALLE-:-NORTHVILLE 7,5
LASALLE-:-OPHIR,5
LASALLE-:-OSAGE,5
LASALLE-:-OTTAWA 1,5
LASALLE-:-OTTAWA 10,5
LASALLE-:-OTTAWA 11,5
LASALLE-:-OTTAWA 12,5
LASALLE-:-OTTAWA 13,5
LASALLE-:-OTTAWA 2,5
LASALLE-:-OTTAWA 3,5
LASALLE-:-OTTAWA 4,5
LASALLE-:-OTTAWA 5,5
LASALLE-:-OTTAWA 6,5
LASALLE-:-OTTAWA 7,5
LASALLE-:-OTTAWA 8,5
LASALLE-:-OTTAWA 9,5
LASALLE-:-OTTER CREEK 1,5
LASALLE-:-OTTER CREEK 2,5
LASALLE-:-OTTER CREEK 3,5
LASALLE-:-PERU 1,5
LASALLE-:-PERU 10,5
LASALLE-:-PERU 11,5
LASALLE-:-PERU 2,5
LASALLE-:-PERU 3,5
LASALLE-:-PERU 4,5
LASALLE-:-PERU 5,5
LASALLE-:-PERU 6,5
LASALLE-:-PERU 7,5
LASALLE-:-PERU 8,5
LASALLE-:-PERU 9,5
LASALLE-:-RICHLAND,5
LASALLE-:-RUTLAND 1,5
LASALLE-:-RUTLAND 2,5
LASALLE-:-RUTLAND 3,5
LASALLE-:-SERENA,5
LASALLE-:-SO. OTTAWA 1,5
LASALLE-:-SO. OTTAWA 2,5
LASALLE-:-SO. OTTAWA 3,5
LASALLE-:-SO. OTTAWA 4,5
LASALLE-:-SO. OTTAWA 5,5
LASALLE-:-SO. OTTAWA 6,5
LASALLE-:-SO. OTTAWA 7,5
LASALLE-:-SO. OTTAWA 8,5
LASALLE-:-TROY GROVE 1,5
LASALLE-:-TROY GROVE 2,5
LASALLE-:-UTICA 1,5
LASALLE-:-UTICA 2,5
LASALLE-:-VERMILLION,5
LASALLE-:-WALLACE,5
LASALLE-:-WALTHAM,5
LAWRENCE-:-ALLISON 1,8
LAWRENCE-:-BOND 3,8
LAWRENCE-:-BRIDGEPORT 4,8
LAWRENCE-:-BRIDGEPORT 6,8
LAWRENCE-:-CHRISTY 8,8
LAWRENCE-:-DENISON 10,8
LAWRENCE-:-DENISON 12,8
LAWRENCE-:-LAWRENCE 13,8
LAWRENCE-:-LAWRENCE 15,8
LAWRENCE-:-LAWRENCE 16,8
LAWRENCE-:-LAWRENCE 17,8
LAWRENCE-:-LAWRENCE 18,8
LAWRENCE-:-LAWRENCE 20,8
LAWRENCE-:-LAWRENCE 22,8
LAWRENCE-:-LUKIN 24,8
LAWRENCE-:-PETTY 25,8
LAWRENCE-:-RUSSELL 27,8
LEE-:-ALTO,5
LEE-:-AMBOY 1,5
LEE-:-AMBOY 2,5
LEE-:-AMBOY 3,5
LEE-:-ASHTON 1,5
LEE-:-ASHTON 2,5
LEE-:-BRADFORD,5
LEE-:-BROOKLYN 1,5
LEE-:-BROOKLYN 2,5
LEE-:-DIXON 1,5
LEE-:-DIXON 10,5
LEE-:-DIXON 11,5
LEE-:-DIXON 12,5
LEE-:-DIXON 13,5
LEE-:-DIXON 14,5
LEE-:-DIXON 15,5
LEE-:-DIXON 16,5
LEE-:-DIXON 17,5
LEE-:-DIXON 2,5
LEE-:-DIXON 3,5
LEE-:-DIXON 4,5
LEE-:-DIXON 5,5
LEE-:-DIXON 6,5
LEE-:-DIXON 7,5
LEE-:-DIXON 8,5
LEE-:-DIXON 9,5
LEE-:-EAST GROVE,5
LEE-:-FRANKLIN GROVE 1,5
LEE-:-FRANKLIN GROVE 2,5
LEE-:-HAMILTON,14
LEE-:-HARMON,5
LEE-:-LEE CENTER,5
LEE-:-MARION,5
LEE-:-MAY,5
LEE-:-NACHUSA,5
LEE-:-NELSON,5
LEE-:-PALMYRA 1,5
LEE-:-PALMYRA 2,5
LEE-:-PALMYRA 3,5
LEE-:-REYNOLDS,5
LEE-:-SOUTH DIXON,5
LEE-:-SUBLETTE,5
LEE-:-VIOLA,5
LEE-:-WILLOW CREEK,5
LEE-:-WYOMING 1,5
LEE-:-WYOMING 2,5
LIVINGSTON-:-AMITY,11
LIVINGSTON-:-AVOCA,11
LIVINGSTON-:-BELLE PRAIRIE,11
LIVINGSTON-:-BROUGHTON,5
LIVINGSTON-:-CHARLOTTE,11
LIVINGSTON-:-CHATSWORTH 1,11
LIVINGSTON-:-DWIGHT 1,5
LIVINGSTON-:-DWIGHT 2,5
LIVINGSTON-:-DWIGHT 3,5
LIVINGSTON-:-DWIGHT 4,11
LIVINGSTON-:-EPPARDS POINT,11
LIVINGSTON-:-FAYETTE,11
LIVINGSTON-:-FORREST 1,11
LIVINGSTON-:-GERMANVILLE,11
LIVINGSTON-:-INDIAN GRV 1,11
LIVINGSTON-:-INDIAN GRV 2,11
LIVINGSTON-:-INDIAN GRV 3,11
LIVINGSTON-:-INDIAN GRV 4,11
LIVINGSTON-:-LONG POINT,5
LIVINGSTON-:-NEBRASKA 1,11
LIVINGSTON-:-NEVADA,5
LIVINGSTON-:-NEWTOWN,5
LIVINGSTON-:-ODELL 1,11
LIVINGSTON-:-OWEGO,11
LIVINGSTON-:-PIKE,11
LIVINGSTON-:-PLEASANT RIDGE,11
LIVINGSTON-:-PONTIAC 1,11
LIVINGSTON-:-PONTIAC 2,11
LIVINGSTON-:-PONTIAC 3,11
LIVINGSTON-:-PONTIAC 4,11
LIVINGSTON-:-PONTIAC 5,11
LIVINGSTON-:-PONTIAC 6,11
LIVINGSTON-:-PONTIAC 7,11
LIVINGSTON-:-PONTIAC 8,11
LIVINGSTON-:-READING 1,11
LIVINGSTON-:-READING 2,5
LIVINGSTON-:-ROOKS CREEK,11
LIVINGSTON-:-ROUND GROVE,11
LIVINGSTON-:-SAUNEMIN,11
LIVINGSTON-:-SULLIVAN,11
LIVINGSTON-:-SUNBURY,5
LIVINGSTON-:-UNION,5
LIVINGSTON-:-WALDO,11
LOGAN-:-AETNA,0
LOGAN-:-ATLANTA,11
LOGAN-:-BROADWELL,0
LOGAN-:-CHESTER,0
LOGAN-:-CORWIN,0
LOGAN-:-EAST LINCOLN 1,0
LOGAN-:-EAST LINCOLN 2,0
LOGAN-:-EAST LINCOLN 3,0
LOGAN-:-EAST LINCOLN 4,0
LOGAN-:-EAST LINCOLN 5,0
LOGAN-:-EAST LINCOLN 6,0
LOGAN-:-ELKHART,0
LOGAN-:-EMINENCE,0
LOGAN-:-HURLBUT,0
LOGAN-:-LAKE FORK/LAENNA,0
LOGAN-:-MT. PULASKI 1,0
LOGAN-:-MT. PULASKI 2,0
LOGAN-:-ORAN,0
LOGAN-:-ORVIL 1,0
LOGAN-:-ORVIL 2,0
LOGAN-:-PRAIRIE CREEK,0
LOGAN-:-SHERIDAN,0
LOGAN-:-WEST LINCOLN 1,0
LOGAN-:-WEST LINCOLN 2,0
LOGAN-:-WEST LINCOLN 3,0
LOGAN-:-WEST LINCOLN 4,0
LOGAN-:-WEST LINCOLN 5,0
LOGAN-:-WEST LINCOLN 6,0
LOGAN-:-WEST LINCOLN 7,0
MACON-:-AUSTIN,0
MACON-:-BLUE MOUND,0
MACON-:-DECATUR 1,0
MACON-:-DECATUR 10,0
MACON-:-DECATUR 11,0
MACON-:-DECATUR 12,0
MACON-:-DECATUR 13,0
MACON-:-DECATUR 14,0
MACON-:-DECATUR 15,0
MACON-:-DECATUR 17,0
MACON-:-DECATUR 18,0
MACON-:-DECATUR 2,0
MACON-:-DECATUR 20,0
MACON-:-DECATUR 21,0
MACON-:-DECATUR 22,0
MACON-:-DECATUR 23,0
MACON-:-DECATUR 24,0
MACON-:-DECATUR 25,0
MACON-:-DECATUR 26,0
MACON-:-DECATUR 3,0
MACON-:-DECATUR 4,0
MACON-:-DECATUR 5,0
MACON-:-DECATUR 6,0
MACON-:-FRIENDS CREEK,0
MACON-:-HICKORY PT. 1,0
MACON-:-HICKORY PT. 10,0
MACON-:-HICKORY PT. 11,0
MACON-:-HICKORY PT. 4,0
MACON-:-HICKORY PT. 5,0
MACON-:-HICKORY PT. 6,0
MACON-:-HICKORY PT. 7,0
MACON-:-HICKORY PT. 8,0
MACON-:-HICKORY PT. 9,0
MACON-:-ILLINI,0
MACON-:-LONG CREEK 1,0
MACON-:-LONG CREEK 2,0
MACON-:-LONG CREEK 3,0
MACON-:-LONG CREEK 5,0
MACON-:-LONG CREEK 6,0
MACON-:-LONG CREEK 7,0
MACON-:-MAROA,0
MACON-:-MT. ZION 1,0
MACON-:-MT. ZION 2,0
MACON-:-MT. ZION 3,0
MACON-:-NIANTIC,0
MACON-:-PLEASANT VIEW,0
MACON-:-SOUTH MACON,0
MACON-:-SOUTH WHEATLAND 1,0
MACON-:-SOUTH WHEATLAND 2,0
MACON-:-SOUTH WHEATLAND 3,0
MACON-:-WHITMORE 1,0
MACON-:-WHITMORE 2,0
MACOUPIN-:-BARR,1
MACOUPIN-:-BIRD,1
MACOUPIN-:-BRIGHTON 1,1
MACOUPIN-:-BRIGHTON 2,1
MACOUPIN-:-BRIGHTON 3,1
MACOUPIN-:-BRUSHY MOUND,1
MACOUPIN-:-BUNKER HILL 1,1
MACOUPIN-:-BUNKER HILL 2,1
MACOUPIN-:-BUNKER HILL 3,1
MACOUPIN-:-CAHOKIA 1,1
MACOUPIN-:-CAHOKIA 2,1
MACOUPIN-:-CARLINVILLE 1,1
MACOUPIN-:-CARLINVILLE 2,1
MACOUPIN-:-CARLINVILLE 3,1
MACOUPIN-:-CARLINVILLE 4,1
MACOUPIN-:-CARLINVILLE 5,1
MACOUPIN-:-CHESTERFIELD,1
MACOUPIN-:-DORCHESTER,1
MACOUPIN-:-GILLESPIE 1,1
MACOUPIN-:-GILLESPIE 2,1
MACOUPIN-:-GILLESPIE 3,1
MACOUPIN-:-GIRARD 1,0
MACOUPIN-:-GIRARD 2,0
MACOUPIN-:-HILYARD,1
MACOUPIN-:-HONEY POINT,1
MACOUPIN-:-MT. OLIVE 1,1
MACOUPIN-:-MT. OLIVE 2,1
MACOUPIN-:-MT. OLIVE 3,1
MACOUPIN-:-MT. OLIVE 4,1
MACOUPIN-:-NILWOOD,0
MACOUPIN-:-NORTH OTTER,0
MACOUPIN-:-NORTH PALMYRA,1
MACOUPIN-:-POLK,1
MACOUPIN-:-SCOTTVILLE,1
MACOUPIN-:-SHAWS POINT,1
MACOUPIN-:-SHIPMAN,1
MACOUPIN-:-SOUTH OTTER,1
MACOUPIN-:-SOUTH PALMYRA,1
MACOUPIN-:-STAUNTON 1,1
MACOUPIN-:-STAUNTON 2,1
MACOUPIN-:-STAUNTON 3,1
MACOUPIN-:-STAUNTON 4,1
MACOUPIN-:-VIRDEN 1,0
MACOUPIN-:-VIRDEN 2,0
MACOUPIN-:-WESTERN MOUND,1
MADISON-:-ALHAMBRA 01,1
MADISON-:-ALTON 02,1
MADISON-:-ALTON 04,1
MADISON-:-ALTON 06,1
MADISON-:-ALTON 07,1
MADISON-:-ALTON 08,1
MADISON-:-ALTON 09,1
MADISON-:-ALTON 10,1
MADISON-:-ALTON 11,1
MADISON-:-ALTON 12,1
MADISON-:-ALTON 13,1
MADISON-:-ALTON 14,1
MADISON-:-ALTON 15,1
MADISON-:-ALTON 16,1
MADISON-:-ALTON 17,1
MADISON-:-CHOUTEAU 01,1
MADISON-:-CHOUTEAU 02,1
MADISON-:-CHOUTEAU 03,1
MADISON-:-CHOUTEAU 04,1
MADISON-:-CHOUTEAU 05,1
MADISON-:-CHOUTEAU 06,1
MADISON-:-COLLINSVILLE 02,1
MADISON-:-COLLINSVILLE 03,1
MADISON-:-COLLINSVILLE 04,1
MADISON-:-COLLINSVILLE 05,1
MADISON-:-COLLINSVILLE 06,1
MADISON-:-COLLINSVILLE 07,1
MADISON-:-COLLINSVILLE 08,1
MADISON-:-COLLINSVILLE 09,1
MADISON-:-COLLINSVILLE 10,1
MADISON-:-COLLINSVILLE 11,1
MADISON-:-COLLINSVILLE 12,1
MADISON-:-COLLINSVILLE 13,1
MADISON-:-COLLINSVILLE 14,1
MADISON-:-COLLINSVILLE 15,1
MADISON-:-COLLINSVILLE 16,1
MADISON-:-COLLINSVILLE 17,1
MADISON-:-COLLINSVILLE 18,1
MADISON-:-COLLINSVILLE 19,1
MADISON-:-COLLINSVILLE 21,1
MADISON-:-COLLINSVILLE 22,1
MADISON-:-COLLINSVILLE 23,1
MADISON-:-COLLINSVILLE 24,1
MADISON-:-COLLINSVILLE 25,1
MADISON-:-EDWARDSVILLE 01,1
MADISON-:-EDWARDSVILLE 02,1
MADISON-:-EDWARDSVILLE 03,1
MADISON-:-EDWARDSVILLE 04,1
MADISON-:-EDWARDSVILLE 05,1
MADISON-:-EDWARDSVILLE 06,1
MADISON-:-EDWARDSVILLE 07,1
MADISON-:-EDWARDSVILLE 08,1
MADISON-:-EDWARDSVILLE 09,1
MADISON-:-EDWARDSVILLE 10,1
MADISON-:-EDWARDSVILLE 11,1
MADISON-:-EDWARDSVILLE 12,1
MADISON-:-EDWARDSVILLE 13,1
MADISON-:-EDWARDSVILLE 14,1
MADISON-:-EDWARDSVILLE 15,1
MADISON-:-EDWARDSVILLE 16,1
MADISON-:-EDWARDSVILLE 17,1
MADISON-:-EDWARDSVILLE 18,1
MADISON-:-EDWARDSVILLE 19,1
MADISON-:-EDWARDSVILLE 20,1
MADISON-:-EDWARDSVILLE 21,1
MADISON-:-EDWARDSVILLE 22,1
MADISON-:-EDWARDSVILLE 23,1
MADISON-:-EDWARDSVILLE 24,1
MADISON-:-EDWARDSVILLE 25,1
MADISON-:-EDWARDSVILLE 26,1
MADISON-:-FOSTER 01,1
MADISON-:-FOSTER 03,1
MADISON-:-FOSTER 04,1
MADISON-:-FT. RUSSELL 01,1
MADISON-:-FT. RUSSELL 02,1
MADISON-:-FT. RUSSELL 03,1
MADISON-:-FT. RUSSELL 04,1
MADISON-:-FT. RUSSELL 05,1
MADISON-:-FT. RUSSELL 06,1
MADISON-:-GODFREY 01,1
MADISON-:-GODFREY 02,1
MADISON-:-GODFREY 03,1
MADISON-:-GODFREY 04,1
MADISON-:-GODFREY 05,1
MADISON-:-GODFREY 06,1
MADISON-:-GODFREY 07,1
MADISON-:-GODFREY 08,1
MADISON-:-GODFREY 09,1
MADISON-:-GODFREY 10,1
MADISON-:-GODFREY 11,1
MADISON-:-GODFREY 12,1
MADISON-:-GODFREY 13,1
MADISON-:-GODFREY 14,1
MADISON-:-GRANITE CITY 01,1
MADISON-:-GRANITE CITY 02,1
MADISON-:-GRANITE CITY 03,1
MADISON-:-GRANITE CITY 04,1
MADISON-:-GRANITE CITY 05,1
MADISON-:-GRANITE CITY 06,1
MADISON-:-GRANITE CITY 07,1
MADISON-:-GRANITE CITY 08,1
MADISON-:-GRANITE CITY 09,1
MADISON-:-GRANITE CITY 10,1
MADISON-:-GRANITE CITY 11,1
MADISON-:-GRANITE CITY 12,1
MADISON-:-GRANITE CITY 13,1
MADISON-:-GRANITE CITY 14,1
MADISON-:-GRANITE CITY 15,1
MADISON-:-GRANITE CITY 16,1
MADISON-:-GRANITE CITY 17,1
MADISON-:-HAMEL 01,1
MADISON-:-HAMEL 02,1
MADISON-:-HELVETIA 01,1
MADISON-:-HELVETIA 02,1
MADISON-:-HELVETIA 03,1
MADISON-:-HELVETIA 04,1
MADISON-:-HELVETIA 05,1
MADISON-:-HELVETIA 06,1
MADISON-:-JARVIS 01,1
MADISON-:-JARVIS 02,1
MADISON-:-JARVIS 03,1
MADISON-:-JARVIS 04,1
MADISON-:-JARVIS 05,1
MADISON-:-JARVIS 06,1
MADISON-:-JARVIS 07,1
MADISON-:-JARVIS 08,1
MADISON-:-JARVIS 09,1
MADISON-:-JARVIS 10,1
MADISON-:-JARVIS 11,1
MADISON-:-JARVIS 12,1
MADISON-:-LEEF 01,1
MADISON-:-MARINE 01,1
MADISON-:-MARINE 02,1
MADISON-:-MORO 01,1
MADISON-:-MORO 03,1
MADISON-:-NAMEOKI 01,1
MADISON-:-NAMEOKI 02,1
MADISON-:-NAMEOKI 03,1
MADISON-:-NAMEOKI 04,1
MADISON-:-NAMEOKI 05,1
MADISON-:-NAMEOKI 06,1
MADISON-:-NAMEOKI 07,1
MADISON-:-NAMEOKI 08,1
MADISON-:-NEW DOUGLAS 01,1
MADISON-:-OLIVE 01,1
MADISON-:-OLIVE 02,1
MADISON-:-OMPHGHENT 01,1
MADISON-:-OMPHGHENT 02,1
MADISON-:-PIN OAK 01,1
MADISON-:-PIN OAK 02,1
MADISON-:-PIN OAK 03,1
MADISON-:-SALINE 01,1
MADISON-:-SALINE 02,1
MADISON-:-SALINE 03,1
MADISON-:-SALINE 04,1
MADISON-:-SALINE 05,1
MADISON-:-ST. JACOB 01,1
MADISON-:-ST. JACOB 02,1
MADISON-:-VENICE 01,1
MADISON-:-VENICE 02,1
MADISON-:-VENICE 03,1
MADISON-:-VENICE 04,1
MADISON-:-WOOD RIVER 01,1
MADISON-:-WOOD RIVER 02,1
MADISON-:-WOOD RIVER 03,1
MADISON-:-WOOD RIVER 04,1
MADISON-:-WOOD RIVER 05,1
MADISON-:-WOOD RIVER 06,1
MADISON-:-WOOD RIVER 07,1
MADISON-:-WOOD RIVER 08,1
MADISON-:-WOOD RIVER 09,1
MADISON-:-WOOD RIVER 10,1
MADISON-:-WOOD RIVER 11,1
MADISON-:-WOOD RIVER 12,1
MADISON-:-WOOD RIVER 13,1
MADISON-:-WOOD RIVER 14,1
MADISON-:-WOOD RIVER 15,1
MADISON-:-WOOD RIVER 16,1
MADISON-:-WOOD RIVER 17,1
MADISON-:-WOOD RIVER 18,1
MADISON-:-WOOD RIVER 19,1
MADISON-:-WOOD RIVER 20,1
MADISON-:-WOOD RIVER 21,1
MARION-:-ALMA,8
MARION-:-CARRIGAN,1
MARION-:-CENTRALIA 1,8
MARION-:-CENTRALIA 11,8
MARION-:-CENTRALIA 12,8
MARION-:-CENTRALIA 13,8
MARION-:-CENTRALIA 14,8
MARION-:-CENTRALIA 15,8
MARION-:-CENTRALIA 17,8
MARION-:-CENTRALIA 3,8
MARION-:-CENTRALIA 4,8
MARION-:-CENTRALIA 5,8
MARION-:-CENTRALIA 6,8
MARION-:-CENTRALIA 7,8
MARION-:-CENTRALIA 9,8
MARION-:-FOSTER,8
MARION-:-HAINES,8
MARION-:-IUKA,8
MARION-:-KINMUNDY,8
MARION-:-MEACHAM,8
MARION-:-ODIN,8
MARION-:-OMEGA,8
MARION-:-PATOKA,1
MARION-:-RACCOON,8
MARION-:-ROMINE,8
MARION-:-SALEM 1,8
MARION-:-SALEM 2,8
MARION-:-SALEM 4,8
MARION-:-SALEM 5,8
MARION-:-SALEM 6,8
MARION-:-SALEM 7,8
MARION-:-SALEM 8,8
MARION-:-SALEM 9,8
MARION-:-SANDOVAL 1,8
MARION-:-SANDOVAL 3,8
MARION-:-STEVENSON,8
MARION-:-TONTI,8
MARSHALL-:-BELL PLAIN,5
MARSHALL-:-BENNINGTON,11
MARSHALL-:-EVANS,11
MARSHALL-:-HENRY 1,2
MARSHALL-:-HENRY 2,2
MARSHALL-:-HOPEWELL,5
MARSHALL-:-LA PRAIRIE,2
MARSHALL-:-LACON 1,2
MARSHALL-:-LACON 2,2
MARSHALL-:-RICHLAND,2
MARSHALL-:-ROBERTS,5
MARSHALL-:-SARATOGA,2
MARSHALL-:-STEUBEN,2
MARSHALL-:-WHITEFIELD,2
MASON-:-ALLENS GROVE,0
MASON-:-BATH 1,2
MASON-:-CRANE CREEK,2
MASON-:-FOREST CITY,2
MASON-:-HAVANA 1,2
MASON-:-HAVANA 2,2
MASON-:-HAVANA 3,2
MASON-:-HAVANA 4,2
MASON-:-HAVANA 5,2
MASON-:-HAVANA 6,2
MASON-:-KILBOURNE,2
MASON-:-LYNCHBURG,2
MASON-:-MANITO 1,2
MASON-:-MANITO 2,2
MASON-:-MASON CITY 1,0
MASON-:-MASON CITY 2,0
MASON-:-MASON CITY 3,0
MASON-:-PENNSYLVANIA,2
MASON-:-QUIVER,2
MASON-:-SALT CREEK,0
MASON-:-SHERMAN,2
MASSAC-:-ADKINS-17COMB,8
MASSAC-:-BENTON-10,8
MASSAC-:-EAST BROOKLYN-7COMB,8
MASSAC-:-FRANKLIN-15,8
MASSAC-:-GEORGE'S CREEK-11,8
MASSAC-:-GRANT-14,8
MASSAC-:-HILLERMAN-13COMB,8
MASSAC-:-JACKSON-8,8
MASSAC-:-JEFFERSON-16COMB,8
MASSAC-:-LINCOLN-5,8
MASSAC-:-LOGAN-12,8
MASSAC-:-METROPOLIS 1-1,8
MASSAC-:-METROPOLIS 2-2,8
MASSAC-:-METROPOLIS 3-3,8
MASSAC-:-METROPOLIS 4-4,8
MASSAC-:-WASHINGTON-9,8
MASSAC-:-WEST BROOKLYN-6COMB,8
MCDONOUGH-:-BETHEL-1/2,2
MCDONOUGH-:-BLANDINSVILLE-3/4,2
MCDONOUGH-:-BUSHNELL 1-5,2
MCDONOUGH-:-BUSHNELL 2-6,2
MCDONOUGH-:-CHALMERS-7/8,2
MCDONOUGH-:-COLCHESTER-9,2
MCDONOUGH-:-ELDORADO-10,2
MCDONOUGH-:-EMMET-11/12,2
MCDONOUGH-:-EMMET-13,2
MCDONOUGH-:-HIRE-14,2
MCDONOUGH-:-INDUSTRY-15,2
MCDONOUGH-:-LAMOINE-16/17,2
MCDONOUGH-:-MACOMB CITY 1-18,2
MCDONOUGH-:-MACOMB CITY 1-19,2
MCDONOUGH-:-MACOMB CITY 2-20,2
MCDONOUGH-:-MACOMB CITY 2-21,2
MCDONOUGH-:-MACOMB CITY 3-22,8
MCDONOUGH-:-MACOMB CITY 3-23,2
MCDONOUGH-:-MACOMB CITY 4-24,2
MCDONOUGH-:-MACOMB CITY 5-25,2
MCDONOUGH-:-MACOMB CITY 5-26,2
MCDONOUGH-:-MACOMB CITY 6-27,2
MCDONOUGH-:-MACOMB CITY 7-28,2
MCDONOUGH-:-MACOMB CITY 7-29,2
MCDONOUGH-:-MACOMB CITY 7-30,2
MCDONOUGH-:-MACOMB CITY 8-31,2
MCDONOUGH-:-MACOMB TOWNSHIP-32/33,2
MCDONOUGH-:-MOUND-34,2
MCDONOUGH-:-MOUND-35,2
MCDONOUGH-:-NEW SALEM-36,2
MCDONOUGH-:-PRAIRIE CITY-37,2
MCDONOUGH-:-SCIOTA-38/39,2
MCDONOUGH-:-SCOTLAND-40,2
MCDONOUGH-:-SCOTLAND-41,2
MCDONOUGH-:-TENNESSEE-43,2
MCDONOUGH-:-WALNUT GROVE-44/45,2
MCHENRY-:-ALDEN ALD 01,10
MCHENRY-:-ALGONQUIN ALG 01,10
MCHENRY-:-ALGONQUIN ALG 02,10
MCHENRY-:-ALGONQUIN ALG 03,10
MCHENRY-:-ALGONQUIN ALG 04,10
MCHENRY-:-ALGONQUIN ALG 05,7
MCHENRY-:-ALGONQUIN ALG 06,10
MCHENRY-:-ALGONQUIN ALG 07,10
MCHENRY-:-ALGONQUIN ALG 08,10
MCHENRY-:-ALGONQUIN ALG 09,10
MCHENRY-:-ALGONQUIN ALG 10,10
MCHENRY-:-ALGONQUIN ALG 11,10
MCHENRY-:-ALGONQUIN ALG 12,10
MCHENRY-:-ALGONQUIN ALG 13,10
MCHENRY-:-ALGONQUIN ALG 14,10
MCHENRY-:-ALGONQUIN ALG 15,10
MCHENRY-:-ALGONQUIN ALG 16,10
MCHENRY-:-ALGONQUIN ALG 17,10
MCHENRY-:-ALGONQUIN ALG 18,10
MCHENRY-:-ALGONQUIN ALG 19,10
MCHENRY-:-ALGONQUIN ALG 20,10
MCHENRY-:-ALGONQUIN ALG 21,10
MCHENRY-:-ALGONQUIN ALG 22,10
MCHENRY-:-ALGONQUIN ALG 23,10
MCHENRY-:-ALGONQUIN ALG 24,10
MCHENRY-:-ALGONQUIN ALG 25,10
MCHENRY-:-ALGONQUIN ALG 26,10
MCHENRY-:-ALGONQUIN ALG 27,10
MCHENRY-:-ALGONQUIN ALG 28,7
MCHENRY-:-ALGONQUIN ALG 29,10
MCHENRY-:-ALGONQUIN ALG 30,10
MCHENRY-:-ALGONQUIN ALG 31,7
MCHENRY-:-ALGONQUIN ALG 32,7
MCHENRY-:-ALGONQUIN ALG 33,10
MCHENRY-:-ALGONQUIN ALG 34,10
MCHENRY-:-ALGONQUIN ALG 35,7
MCHENRY-:-ALGONQUIN ALG 36,9
MCHENRY-:-ALGONQUIN ALG 37,9
MCHENRY-:-ALGONQUIN ALG 38,9
MCHENRY-:-ALGONQUIN ALG 39,7
MCHENRY-:-ALGONQUIN ALG 40,7
MCHENRY-:-ALGONQUIN ALG 41,7
MCHENRY-:-ALGONQUIN ALG 42,10
MCHENRY-:-ALGONQUIN ALG 43,10
MCHENRY-:-ALGONQUIN ALG 44,10
MCHENRY-:-ALGONQUIN ALG 45,10
MCHENRY-:-ALGONQUIN ALG 46,10
MCHENRY-:-ALGONQUIN ALG 47,10
MCHENRY-:-ALGONQUIN ALG 48,7
MCHENRY-:-ALGONQUIN ALG 49,10
MCHENRY-:-ALGONQUIN ALG 50,10
MCHENRY-:-ALGONQUIN ALG 51,10
MCHENRY-:-ALGONQUIN ALG 52,7
MCHENRY-:-ALGONQUIN ALG 53,7
MCHENRY-:-ALGONQUIN ALG 54,7
MCHENRY-:-ALGONQUIN ALG 55,7
MCHENRY-:-ALGONQUIN ALG 56,7
MCHENRY-:-ALGONQUIN ALG 57,7
MCHENRY-:-ALGONQUIN ALG 58,7
MCHENRY-:-ALGONQUIN ALG 59,7
MCHENRY-:-ALGONQUIN ALG 60,7
MCHENRY-:-ALGONQUIN ALG 61,10
MCHENRY-:-ALGONQUIN ALG 62,10
MCHENRY-:-ALGONQUIN ALG 63,10
MCHENRY-:-BURTON BUR 01,10
MCHENRY-:-BURTON BUR 02,10
MCHENRY-:-BURTON BUR 03,10
MCHENRY-:-BURTON BUR 04,10
MCHENRY-:-CHEMUNG CHE 01,10
MCHENRY-:-CHEMUNG CHE 02,10
MCHENRY-:-CHEMUNG CHE 03,10
MCHENRY-:-CHEMUNG CHE 04,10
MCHENRY-:-CHEMUNG CHE 05,10
MCHENRY-:-CORAL COR 01,10
MCHENRY-:-CORAL COR 02,10
MCHENRY-:-CORAL COR 03,10
MCHENRY-:-DORR DOR 01,10
MCHENRY-:-DORR DOR 02,10
MCHENRY-:-DORR DOR 03,10
MCHENRY-:-DORR DOR 04,10
MCHENRY-:-DORR DOR 05,10
MCHENRY-:-DORR DOR 06,10
MCHENRY-:-DORR DOR 07,10
MCHENRY-:-DORR DOR 08,10
MCHENRY-:-DORR DOR 09,10
MCHENRY-:-DORR DOR 10,10
MCHENRY-:-DORR DOR 11,10
MCHENRY-:-DORR DOR 12,10
MCHENRY-:-DORR DOR 13,10
MCHENRY-:-DORR DOR 14,10
MCHENRY-:-DUNHAM DUN 01,10
MCHENRY-:-DUNHAM DUN 02,10
MCHENRY-:-GRAFTON GRA 01,10
MCHENRY-:-GRAFTON GRA 02,10
MCHENRY-:-GRAFTON GRA 03,10
MCHENRY-:-GRAFTON GRA 04,10
MCHENRY-:-GRAFTON GRA 05,10
MCHENRY-:-GRAFTON GRA 06,10
MCHENRY-:-GRAFTON GRA 07,10
MCHENRY-:-GRAFTON GRA 08,10
MCHENRY-:-GRAFTON GRA 09,10
MCHENRY-:-GRAFTON GRA 10,10
MCHENRY-:-GRAFTON GRA 11,10
MCHENRY-:-GRAFTON GRA 12,10
MCHENRY-:-GRAFTON GRA 13,10
MCHENRY-:-GRAFTON GRA 14,10
MCHENRY-:-GRAFTON GRA 15,10
MCHENRY-:-GRAFTON GRA 16,10
MCHENRY-:-GRAFTON GRA 17,10
MCHENRY-:-GRAFTON GRA 18,10
MCHENRY-:-GRAFTON GRA 19,10
MCHENRY-:-GRAFTON GRA 20,10
MCHENRY-:-GRAFTON GRA 21,10
MCHENRY-:-GRAFTON GRA 22,10
MCHENRY-:-GRAFTON GRA 23,10
MCHENRY-:-GRAFTON GRA 24,10
MCHENRY-:-GRAFTON GRA 25,10
MCHENRY-:-GRAFTON GRA 26,10
MCHENRY-:-GRAFTON GRA 27,10
MCHENRY-:-GRAFTON GRA 28,10
MCHENRY-:-GRAFTON GRA 29,10
MCHENRY-:-GRAFTON GRA 30,10
MCHENRY-:-GRAFTON GRA 31,10
MCHENRY-:-GRAFTON GRA 32,10
MCHENRY-:-GRAFTON GRA 33,10
MCHENRY-:-GRAFTON GRA 34,10
MCHENRY-:-GRAFTON GRA 35,10
MCHENRY-:-GRAFTON GRA 36,10
MCHENRY-:-GRAFTON GRA 37,10
MCHENRY-:-GRAFTON GRA 38,10
MCHENRY-:-GREENWOOD GRE 01,10
MCHENRY-:-GREENWOOD GRE 02,10
MCHENRY-:-GREENWOOD GRE 03,10
MCHENRY-:-GREENWOOD GRE 04,10
MCHENRY-:-GREENWOOD GRE 05,10
MCHENRY-:-GREENWOOD GRE 07,10
MCHENRY-:-GREENWOOD GRE 08,10
MCHENRY-:-GREENWOOD GRE 09,10
MCHENRY-:-GREENWOOD GRE 10,10
MCHENRY-:-HEBRON HEB 01,10
MCHENRY-:-HEBRON HEB 02,10
MCHENRY-:-MARENGO MAR 01,10
MCHENRY-:-MARENGO MAR 02,10
MCHENRY-:-MARENGO MAR 03,10
MCHENRY-:-MARENGO MAR 04,10
MCHENRY-:-MARENGO MAR 05,10
MCHENRY-:-MCHENRY MCH 01,10
MCHENRY-:-MCHENRY MCH 02,10
MCHENRY-:-MCHENRY MCH 03,10
MCHENRY-:-MCHENRY MCH 04,10
MCHENRY-:-MCHENRY MCH 05,10
MCHENRY-:-MCHENRY MCH 06,10
MCHENRY-:-MCHENRY MCH 08,10
MCHENRY-:-MCHENRY MCH 09,10
MCHENRY-:-MCHENRY MCH 10,10
MCHENRY-:-MCHENRY MCH 11,10
MCHENRY-:-MCHENRY MCH 12,10
MCHENRY-:-MCHENRY MCH 13,10
MCHENRY-:-MCHENRY MCH 14,10
MCHENRY-:-MCHENRY MCH 15,9
MCHENRY-:-MCHENRY MCH 16,9
MCHENRY-:-MCHENRY MCH 17,10
MCHENRY-:-MCHENRY MCH 18,9
MCHENRY-:-MCHENRY MCH 19,9
MCHENRY-:-MCHENRY MCH 20,10
MCHENRY-:-MCHENRY MCH 21,10
MCHENRY-:-MCHENRY MCH 22,9
MCHENRY-:-MCHENRY MCH 23,10
MCHENRY-:-MCHENRY MCH 24,10
MCHENRY-:-MCHENRY MCH 25,10
MCHENRY-:-MCHENRY MCH 26,10
MCHENRY-:-MCHENRY MCH 27,9
MCHENRY-:-MCHENRY MCH 28,9
MCHENRY-:-MCHENRY MCH 29,10
MCHENRY-:-MCHENRY MCH 30,9
MCHENRY-:-MCHENRY MCH 31,10
MCHENRY-:-MCHENRY MCH 32,10
MCHENRY-:-MCHENRY MCH 33,10
MCHENRY-:-MCHENRY MCH 34,10
MCHENRY-:-NUNDA NUN 01,10
MCHENRY-:-NUNDA NUN 02,10
MCHENRY-:-NUNDA NUN 03,10
MCHENRY-:-NUNDA NUN 04,10
MCHENRY-:-NUNDA NUN 05,10
MCHENRY-:-NUNDA NUN 06,10
MCHENRY-:-NUNDA NUN 07,10
MCHENRY-:-NUNDA NUN 08,10
MCHENRY-:-NUNDA NUN 09,10
MCHENRY-:-NUNDA NUN 10,10
MCHENRY-:-NUNDA NUN 11,10
MCHENRY-:-NUNDA NUN 12,10
MCHENRY-:-NUNDA NUN 13,10
MCHENRY-:-NUNDA NUN 14,10
MCHENRY-:-NUNDA NUN 15,10
MCHENRY-:-NUNDA NUN 16,10
MCHENRY-:-NUNDA NUN 17,10
MCHENRY-:-NUNDA NUN 18,10
MCHENRY-:-NUNDA NUN 19,10
MCHENRY-:-NUNDA NUN 20,10
MCHENRY-:-NUNDA NUN 21,10
MCHENRY-:-NUNDA NUN 22,10
MCHENRY-:-NUNDA NUN 23,10
MCHENRY-:-NUNDA NUN 24,10
MCHENRY-:-NUNDA NUN 25,10
MCHENRY-:-NUNDA NUN 26,10
MCHENRY-:-NUNDA NUN 27,10
MCHENRY-:-NUNDA NUN 28,10
MCHENRY-:-NUNDA NUN 29,10
MCHENRY-:-RICHMOND RIC 01,10
MCHENRY-:-RICHMOND RIC 02,10
MCHENRY-:-RICHMOND RIC 03,10
MCHENRY-:-RICHMOND RIC 04,10
MCHENRY-:-RICHMOND RIC 05,10
MCHENRY-:-RICHMOND RIC 06,10
MCHENRY-:-RILEY RIL 01,10
MCHENRY-:-RILEY RIL 02,10
MCHENRY-:-SENECA SEN 01,10
MCHENRY-:-SENECA SEN 02,10
MCHENRY-:-SENECA SEN 03,10
MCLEAN-:-ANCHOR 01,11
MCLEAN-:-ARROWSMITH 01,11
MCLEAN-:-BELLFLOWER 01,11
MCLEAN-:-BLOOMINGTON 03,11
MCLEAN-:-BLUE MOUND 01,11
MCLEAN-:-CHENEY'S GROVE 01,11
MCLEAN-:-CHENOA 01,11
MCLEAN-:-CHENOA 02,11
MCLEAN-:-CROPSEY 01,11
MCLEAN-:-DANVERS 01,11
MCLEAN-:-DANVERS 02,11
MCLEAN-:-DAWSON 01,11
MCLEAN-:-DOWNS 01,11
MCLEAN-:-DRY GROVE 01,11
MCLEAN-:-DRY GROVE 02,11
MCLEAN-:-EMPIRE 01,11
MCLEAN-:-EMPIRE 02,11
MCLEAN-:-EMPIRE 03,11
MCLEAN-:-FUNKS GROVE 01,11
MCLEAN-:-GRIDLEY 01,11
MCLEAN-:-GRIDLEY 02,11
MCLEAN-:-HUDSON 01,11
MCLEAN-:-HUDSON 02,11
MCLEAN-:-LAWNDALE 01,11
MCLEAN-:-LEXINGTON 01,11
MCLEAN-:-LEXINGTON 02,11
MCLEAN-:-MARTIN 01,11
MCLEAN-:-MONEY CREEK 01,11
MCLEAN-:-MT. HOPE 01,11
MCLEAN-:-NORMAL 01,11
MCLEAN-:-NORMAL 02,11
MCLEAN-:-NORMAL 03,11
MCLEAN-:-NORMAL 04,11
MCLEAN-:-NORMAL 05,11
MCLEAN-:-NORMAL 06,11
MCLEAN-:-NORMAL 07,11
MCLEAN-:-NORMAL 08,11
MCLEAN-:-NORMAL 09,11
MCLEAN-:-NORMAL 10,11
MCLEAN-:-NORMAL 11,11
MCLEAN-:-NORMAL 12,11
MCLEAN-:-NORMAL 13,11
MCLEAN-:-NORMAL 14,11
MCLEAN-:-NORMAL 15,11
MCLEAN-:-NORMAL 16,11
MCLEAN-:-NORMAL 17,11
MCLEAN-:-NORMAL 18,11
MCLEAN-:-NORMAL 19,11
MCLEAN-:-NORMAL 20,11
MCLEAN-:-NORMAL 21,11
MCLEAN-:-NORMAL 22,11
MCLEAN-:-NORMAL 23,11
MCLEAN-:-NORMAL 24,11
MCLEAN-:-NORMAL 25,11
MCLEAN-:-NORMAL 26,11
MCLEAN-:-NORMAL 27,11
MCLEAN-:-NORMAL 28,11
MCLEAN-:-NORMAL 29,11
MCLEAN-:-NORMAL 30,11
MCLEAN-:-NORMAL 32,11
MCLEAN-:-NORMAL 33,11
MCLEAN-:-NORMAL 34,11
MCLEAN-:-NORMAL 35,11
MCLEAN-:-NORMAL 36,11
MCLEAN-:-OLD TOWN 01,11
MCLEAN-:-OLD TOWN 02,11
MCLEAN-:-OLD TOWN 03,11
MCLEAN-:-RANDOLPH 01,11
MCLEAN-:-RANDOLPH 02,11
MCLEAN-:-RANDOLPH 03,11
MCLEAN-:-RANDOLPH 04,11
MCLEAN-:-TOWANDA 01,11
MCLEAN-:-TOWANDA 02,11
MCLEAN-:-WEST 01,11
MCLEAN-:-WHITE OAK 01,11
MCLEAN-:-YATES 01,11
MENARD-:-EAST MENARD,0
MENARD-:-EAST PETERSBURG,0
MENARD-:-GREENVIEW,0
MENARD-:-INDIAN CREEK,0
MENARD-:-NORTH ATHENS-CITY,0
MENARD-:-NORTH ATHENS-RURAL,0
MENARD-:-NORTH PETERSBURG,0
MENARD-:-NORTHWEST MENARD,0
MENARD-:-ROCK CREEK,0
MENARD-:-SOUTH ATHENS-CITY,0
MENARD-:-SOUTH ATHENS-RURAL,0
MENARD-:-SOUTH PETERSBURG,0
MENARD-:-SOUTHWEST MENARD,0
MENARD-:-WEST PETERSBURG,0
MERCER-:-ABINGTON,2
MERCER-:-DUNCAN,2
MERCER-:-ELIZA,2
MERCER-:-GREENE 1,2
MERCER-:-GREENE 2,2
MERCER-:-KEITHSBURG,2
MERCER-:-MERCER 1,2
MERCER-:-MERCER 2,2
MERCER-:-MERCER 3,2
MERCER-:-MERCER 4,2
MERCER-:-MERCER 5,2
MERCER-:-MERCER 6,2
MERCER-:-MILLERSBURG,2
MERCER-:-NEW BOSTON,2
MERCER-:-NORTH HENDERSON,2
MERCER-:-OHIO GROVE,2
MERCER-:-PERRYTON,2
MERCER-:-PREEMPTION 1,2
MERCER-:-PREEMPTION 2,2
MERCER-:-RICHLAND GROVE 1,2
MERCER-:-RICHLAND GROVE 2,2
MERCER-:-RICHLAND GROVE 3,2
MERCER-:-RIVOLI,2
MERCER-:-SUEZ,2
MONROE-:-PRECINCT 1,1
MONROE-:-PRECINCT 10,1
MONROE-:-PRECINCT 11,1
MONROE-:-PRECINCT 12,1
MONROE-:-PRECINCT 13,1
MONROE-:-PRECINCT 14,1
MONROE-:-PRECINCT 15,1
MONROE-:-PRECINCT 16,1
MONROE-:-PRECINCT 17,1
MONROE-:-PRECINCT 18,1
MONROE-:-PRECINCT 19,1
MONROE-:-PRECINCT 2,1
MONROE-:-PRECINCT 20,1
MONROE-:-PRECINCT 21,1
MONROE-:-PRECINCT 22,1
MONROE-:-PRECINCT 23,1
MONROE-:-PRECINCT 24,1
MONROE-:-PRECINCT 25,1
MONROE-:-PRECINCT 3,1
MONROE-:-PRECINCT 4,1
MONROE-:-PRECINCT 5,1
MONROE-:-PRECINCT 6,1
MONROE-:-PRECINCT 7,1
MONROE-:-PRECINCT 8,1
MONROE-:-PRECINCT 9,1
MONTGOMERY-:-AUDUBON,0
MONTGOMERY-:-BOIS D'ARC,0
MONTGOMERY-:-BUTLER GROVE,0
MONTGOMERY-:-EAST FORK 1,1
MONTGOMERY-:-EAST FORK 2,1
MONTGOMERY-:-EAST FORK 3,0
MONTGOMERY-:-FILLMORE CONS,0
MONTGOMERY-:-GRISHAM 1,1
MONTGOMERY-:-GRISHAM 2,1
MONTGOMERY-:-HARVEL,0
MONTGOMERY-:-HILLSBORO 1,1
MONTGOMERY-:-HILLSBORO 2,1
MONTGOMERY-:-HILLSBORO 3,1
MONTGOMERY-:-HILLSBORO 4,1
MONTGOMERY-:-HILLSBORO 5,1
MONTGOMERY-:-HILLSBORO 6,1
MONTGOMERY-:-IRVING,0
MONTGOMERY-:-NOKOMIS 1,0
MONTGOMERY-:-NOKOMIS 2,0
MONTGOMERY-:-NOKOMIS 3,0
MONTGOMERY-:-NOKOMIS 4,0
MONTGOMERY-:-NORTH LITCHFIELD 1,1
MONTGOMERY-:-NORTH LITCHFIELD 2,1
MONTGOMERY-:-NORTH LITCHFIELD 3,1
MONTGOMERY-:-NORTH LITCHFIELD 4,1
MONTGOMERY-:-NORTH LITCHFIELD 5,1
MONTGOMERY-:-NORTH LITCHFIELD 6,1
MONTGOMERY-:-PITMAN,0
MONTGOMERY-:-RAYMOND,0
MONTGOMERY-:-ROUNTREE,0
MONTGOMERY-:-SOUTH LITCHFIELD 1,1
MONTGOMERY-:-SOUTH LITCHFIELD 2,1
MONTGOMERY-:-SOUTH LITCHFIELD 3,1
MONTGOMERY-:-SOUTH LITCHFIELD 4,1
MONTGOMERY-:-WALSHVILLE,1
MONTGOMERY-:-WITT 1,0
MONTGOMERY-:-WITT 2,0
MONTGOMERY-:-ZANESVILLE,0
MORGAN-:-ALEX-PRENT-SINC-1/2,0
MORGAN-:-ARCADIA-1,0
MORGAN-:-CHAPIN-CONCORD-1,2
MORGAN-:-FRANKLIN-3/4,0
MORGAN-:-JACKSONVILLE 01-1,0
MORGAN-:-JACKSONVILLE 02-1,0
MORGAN-:-JACKSONVILLE 03-1,0
MORGAN-:-JACKSONVILLE 04-1,0
MORGAN-:-JACKSONVILLE 05-1,0
MORGAN-:-JACKSONVILLE 06-1,0
MORGAN-:-JACKSONVILLE 07-1,0
MORGAN-:-JACKSONVILLE 08-1,0
MORGAN-:-JACKSONVILLE 09-1,0
MORGAN-:-JACKSONVILLE 10-1,0
MORGAN-:-JACKSONVILLE 11-1,0
MORGAN-:-JACKSONVILLE 12-1,0
MORGAN-:-LITERBERRY-1,0
MORGAN-:-LYNNVL-MARKM-1,1
MORGAN-:-LYNNVL-MARKM-3,1
MORGAN-:-MEREDOSIA-3,2
MORGAN-:-MURRVL-NORTNVL-3/4,1
MORGAN-:-PISGAH-1/2/6,0
MORGAN-:-S JACKSONVILLE 1-1,0
MORGAN-:-S JACKSONVILLE 2-1,0
MORGAN-:-S JACKSONVILLE 3-1,0
MORGAN-:-WAVERLY 01-3,0
MORGAN-:-WAVERLY 02-3/4,0
MORGAN-:-WOODSON-3/5,1
MOULTRIE-:-DORA #1,0
MOULTRIE-:-EAST NELSON #1,0
MOULTRIE-:-JONATHAN CREEK #1,0
MOULTRIE-:-LOVINGTON #1,0
MOULTRIE-:-LOVINGTON #2,0
MOULTRIE-:-LOWE #1,0
MOULTRIE-:-MARROWBONE #1,0
MOULTRIE-:-MARROWBONE #2,0
MOULTRIE-:-SULLIVAN #1,0
MOULTRIE-:-SULLIVAN #2,0
MOULTRIE-:-SULLIVAN #3,0
MOULTRIE-:-SULLIVAN #4,0
MOULTRIE-:-SULLIVAN #5,0
MOULTRIE-:-SULLIVAN #6,0
MOULTRIE-:-SULLIVAN #7,0
MOULTRIE-:-WHITLEY #1,0
OGLE-:-BROOKVILLE,5
OGLE-:-BUFFALO 1,5
OGLE-:-BUFFALO 2,5
OGLE-:-BUFFALO 3,5
OGLE-:-BYRON 1,5
OGLE-:-BYRON 2,5
OGLE-:-BYRON 3,5
OGLE-:-BYRON 4,5
OGLE-:-DEMENT,5
OGLE-:-EAGLE POINT,5
OGLE-:-FLAGG 1,5
OGLE-:-FLAGG 10,5
OGLE-:-FLAGG 11,5
OGLE-:-FLAGG 2,5
OGLE-:-FLAGG 3,5
OGLE-:-FLAGG 4,5
OGLE-:-FLAGG 5,5
OGLE-:-FLAGG 6,5
OGLE-:-FLAGG 7,5
OGLE-:-FLAGG 8,5
OGLE-:-FLAGG 9,5
OGLE-:-FORRESTON 1,5
OGLE-:-FORRESTON 2,5
OGLE-:-GRAND DETOUR,5
OGLE-:-LAFAYETTE,5
OGLE-:-LEAF RIVER,5
OGLE-:-LINCOLN,5
OGLE-:-LYNNVILLE,5
OGLE-:-MARION 1,5
OGLE-:-MARION 2,5
OGLE-:-MARION 3,5
OGLE-:-MARYLAND,5
OGLE-:-MONROE,5
OGLE-:-MT. MORRIS 1,5
OGLE-:-MT. MORRIS 2,5
OGLE-:-MT. MORRIS 3,5
OGLE-:-MT. MORRIS 4,5
OGLE-:-OREGON-NASHUA 1,5
OGLE-:-OREGON-NASHUA 2,5
OGLE-:-OREGON-NASHUA 3,5
OGLE-:-OREGON-NASHUA 4,5
OGLE-:-OREGON-NASHUA 5,5
OGLE-:-OREGON-NASHUA 6,5
OGLE-:-PINE CREEK,5
OGLE-:-PINE ROCK,5
OGLE-:-ROCKVALE 1,5
OGLE-:-ROCKVALE 2,5
OGLE-:-SCOTT,5
OGLE-:-TAYLOR,5
OGLE-:-WHITE ROCK,5
OGLE-:-WOOSUNG,5
PEORIA-:-AK01 - 1,2
PEORIA-:-BR01 - 2,2
PEORIA-:-CH01 - 3,2
PEORIA-:-CH02 - 4,2
PEORIA-:-CH03 - 5,2
PEORIA-:-CH04 - 6,2
PEORIA-:-CH05 - 7,2
PEORIA-:-CH06 - 8,2
PEORIA-:-EL01 - 9,2
PEORIA-:-EL02 - 10,2
PEORIA-:-EL03 - 11,2
PEORIA-:-HA01 - 12/13,2
PEORIA-:-HO01 - 14,2
PEORIA-:-HO02 - 15,2
PEORIA-:-JU01 - 16,2
PEORIA-:-JU02 - 17/18,2
PEORIA-:-KI01 - 19,2
PEORIA-:-KI01 - 20/22,2
PEORIA-:-KI01 - 21/23,2
PEORIA-:-KI02 - 24,2
PEORIA-:-LI01 - 25,2
PEORIA-:-LI01 - 26,2
PEORIA-:-LI02 - 27/28,2
PEORIA-:-LI02 - 29,2
PEORIA-:-LI02 - 30,8
PEORIA-:-LI03 - 31/32,2
PEORIA-:-LI04 - 33,2
PEORIA-:-LI05 - 34,2
PEORIA-:-LI06 - 35,2
PEORIA-:-LI06 - 36/37,2
PEORIA-:-LI07 - 38,2
PEORIA-:-LI07 - 39/40,2
PEORIA-:-LI08 - 41,2
PEORIA-:-LI09 - 42,2
PEORIA-:-LI10 - 43/44,2
PEORIA-:-LI11 - 45/46,2
PEORIA-:-LI11 - 47/48,2
PEORIA-:-LO01 - 49,2
PEORIA-:-LO02 - 50,2
PEORIA-:-ME01 - 51,2
PEORIA-:-ME01 - 52,2
PEORIA-:-ME02 - 53/54/55,2
PEORIA-:-ME03 - 56/57,2
PEORIA-:-ME04 - 58,2
PEORIA-:-MI01 - 59/60,2
PEORIA-:-PE01 - 61,2
PEORIA-:-PE02 - 62,2
PEORIA-:-PE03 - 63/64,2
PEORIA-:-PE04 - 65,2
PEORIA-:-PE05 - 66,2
PEORIA-:-PE06 - 67,2
PEORIA-:-PE07 - 68,2
PEORIA-:-PE08 - 69/70,2
PEORIA-:-PE09 - 71,2
PEORIA-:-PE10 - 72,2
PEORIA-:-PE11 - 73/74,2
PEORIA-:-PE12 - 75,2
PEORIA-:-PE13 - 76/77,2
PEORIA-:-PE14 - 78,2
PEORIA-:-PE15 - 79,2
PEORIA-:-PE16 - 80,2
PEORIA-:-PE17 - 81,2
PEORIA-:-PE18 - 82,2
PEORIA-:-PE19 - 83,2
PEORIA-:-PE20 - 84,2
PEORIA-:-PE21 - 85,2
PEORIA-:-PE22 - 87,2
PEORIA-:-PE23 - 88,2
PEORIA-:-PE24 - 89,2
PEORIA-:-PE25 - 90/91,2
PEORIA-:-PE26 - 92/93,2
PEORIA-:-PE27 - 94,2
PEORIA-:-PE28 - 95/96/97,2
PEORIA-:-PE29 - 98/99,2
PEORIA-:-PE30 - 100,2
PEORIA-:-PE31 - 101,2
PEORIA-:-PE32 - 102,2
PEORIA-:-PE33 - 103,2
PEORIA-:-PE34 - 104/105,2
PEORIA-:-PE35 - 106,2
PEORIA-:-PE36 - 107,2
PEORIA-:-PE37 - 108,2
PEORIA-:-PE38 - 109,2
PEORIA-:-PE39 - 110,2
PEORIA-:-PE40 - 111,2
PEORIA-:-PE41 - 112,2
PEORIA-:-PE42 - 113/114,2
PEORIA-:-PE43 - 115/116,2
PEORIA-:-PE44 - 117,2
PEORIA-:-PE44 - 118,2
PEORIA-:-PE45 - 119/120,2
PEORIA-:-PE46 - 121,2
PEORIA-:-PE47 - 122/123/127,2
PEORIA-:-PE47 - 124/126,2
PEORIA-:-PE48 - 128/129,2
PEORIA-:-PE49 - 130/131/133/134,2
PEORIA-:-PE49 - 132,2
PEORIA-:-PE50 - 135/136,2
PEORIA-:-PE51 - 137/138/139/141,2
PEORIA-:-PE52 - 142/143,2
PEORIA-:-PE53 - 144,2
PEORIA-:-PE54 - 145/147,2
PEORIA-:-PE54 - 146,2
PEORIA-:-PE55 - 148,2
PEORIA-:-PE56 - 149,2
PEORIA-:-PE57 - 150,2
PEORIA-:-PE57 - 151,2
PEORIA-:-PE58 - 152,2
PEORIA-:-PE58 - 153,2
PEORIA-:-PE59 - 154,2
PEORIA-:-PE60 - 155,2
PEORIA-:-PE61 - 156,2
PEORIA-:-PE62 - 157,2
PEORIA-:-PE63 - 158/159,2
PEORIA-:-PE64 - 160,2
PEORIA-:-PE65 - 161/162,2
PEORIA-:-PE65 - 163,2
PEORIA-:-PR01 - 164,2
PEORIA-:-PR01 - 165,2
PEORIA-:-RA01 - 166,2
PEORIA-:-RA01 - 167,8
PEORIA-:-RA02 - 168,2
PEORIA-:-RA02 - 169/170,2
PEORIA-:-RA02 - 171,2
PEORIA-:-RI01 - 172,2
PEORIA-:-RI01 - 173,2
PEORIA-:-RI02 - 174,2
PEORIA-:-RI03 - 175,2
PEORIA-:-RI03 - 176,2
PEORIA-:-RI04 - 177,2
PEORIA-:-RO01 - 178,2
PEORIA-:-RO01 - 179,2
PEORIA-:-TI01 - 180/181,2
PEORIA-:-TI02 - 182,2
PEORIA-:-TR01 - 183,2
PEORIA-:-TR01 - 184,2
PEORIA-:-WP01 - 185,2
PEORIA-:-WP02 - 186,2
PEORIA-:-WP03 - 187,2
PEORIA-:-WP04 - 188,2
PERRY-:-BEAUCOUP-001,8
PERRY-:-CUTLER-001,8
PERRY-:-DUQUOIN 1-001,8
PERRY-:-DUQUOIN 10-001,8
PERRY-:-DUQUOIN 11-001,8
PERRY-:-DUQUOIN 12-001,8
PERRY-:-DUQUOIN 2-001,8
PERRY-:-DUQUOIN 3-001,8
PERRY-:-DUQUOIN 4-001,8
PERRY-:-DUQUOIN 5-001,8
PERRY-:-DUQUOIN 6-001,8
PERRY-:-DUQUOIN 7-001,8
PERRY-:-DUQUOIN 8-001,8
PERRY-:-DUQUOIN 9-001,8
PERRY-:-PINCKNEYVILLE 1-001,8
PERRY-:-PINCKNEYVILLE 2-001,8
PERRY-:-PINCKNEYVILLE 3-001,8
PERRY-:-PINCKNEYVILLE 4-001,8
PERRY-:-PINCKNEYVILLE 5-001,8
PERRY-:-PINCKNEYVILLE 6-001,8
PERRY-:-PINCKNEYVILLE 7-001,8
PERRY-:-PINCKNEYVILLE 8-001,8
PERRY-:-SUNFIELD-001,8
PERRY-:-SWANWICK-001,8
PERRY-:-TAMAROA 1-001,8
PERRY-:-TAMAROA 2-001,8
PERRY-:-WILLISVILLE-001,8
PIATT-:-BEMENT 1,11
PIATT-:-BEMENT 2,0
PIATT-:-BLUE RIDGE,11
PIATT-:-CERRO GORDO 1,0
PIATT-:-CERRO GORDO 2,0
PIATT-:-CERRO GORDO 4,0
PIATT-:-GOOSE CREEK,11
PIATT-:-MONTICELLO 1,11
PIATT-:-MONTICELLO 2,11
PIATT-:-MONTICELLO 3,11
PIATT-:-MONTICELLO 4,11
PIATT-:-SANGAMON 1,11
PIATT-:-SANGAMON 2,11
PIATT-:-UNITY 1,0
PIATT-:-UNITY 2,0
PIATT-:-WILLOW BRANCH,11
PIKE-:-ATLAS 1,1
PIKE-:-BARRY 1,2
PIKE-:-BARRY 2,2
PIKE-:-CHAMBERSBURG 1,2
PIKE-:-CINCINNATI,1
PIKE-:-DERRY 1,1
PIKE-:-DETROIT 1,1
PIKE-:-FAIRMOUNT 1,2
PIKE-:-FLINT 1,1
PIKE-:-GRIGGSVILLE 1,2
PIKE-:-GRIGGSVILLE 2,1
PIKE-:-HADLEY 1,2
PIKE-:-HARDIN 1,1
PIKE-:-KINDERHOOK 1,2
PIKE-:-KINDERHOOK 2,2
PIKE-:-LEVEE 1,2
PIKE-:-MARTINSBURG 1,1
PIKE-:-MONTEZUMA 1,1
PIKE-:-NEW SALEM 1,2
PIKE-:-NEW SALEM 2,2
PIKE-:-NEWBURG 1,1
PIKE-:-PEARL 1,1
PIKE-:-PERRY 1,2
PIKE-:-PITTSFIELD 1,1
PIKE-:-PITTSFIELD 2,1
PIKE-:-PITTSFIELD 3,1
PIKE-:-PITTSFIELD 4,1
PIKE-:-PLEASANT HILL 1,1
PIKE-:-PLEASANT VALE 1,1
PIKE-:-ROSS 1,1
PIKE-:-SPRING CREEK 1,1
POPE-:-EDDYVILLE 6,8
POPE-:-GOLCONDA 1,8
POPE-:-GOLCONDA 2,8
POPE-:-GOLCONDA 3,8
POPE-:-JEFFERSON 4,8
POPE-:-WEBSTER 5,8
PULASKI-:-GRAND CHAIN,8
PULASKI-:-KARNAK,8
PULASKI-:-MOUND CITY,8
PULASKI-:-MOUNDS 1,8
PULASKI-:-MOUNDS 2,8
PULASKI-:-MOUNDS 3,8
PULASKI-:-OLMSTED,8
PULASKI-:-PERKS-WETAUG,8
PULASKI-:-PULASKI,8
PULASKI-:-ULLIN,8
PULASKI-:-VILLA RIDGE-AMERICA,8
PUTNAM-:-GRANVILLE 1,5
PUTNAM-:-GRANVILLE 2,5
PUTNAM-:-GRANVILLE 3,5
PUTNAM-:-GRANVILLE 4,5
PUTNAM-:-MAGNOLIA 1,5
PUTNAM-:-SENACHWINE 1,2
RANDOLPH-:-BALDWIN,1
RANDOLPH-:-BREMEN,8
RANDOLPH-:-CENTRAL,1
RANDOLPH-:-CHESTER 1,8
RANDOLPH-:-CHESTER 2,8
RANDOLPH-:-CHESTER 3,8
RANDOLPH-:-CHESTER 4,8
RANDOLPH-:-CHESTER 5,8
RANDOLPH-:-CHESTER 6,8
RANDOLPH-:-CHESTER 7,8
RANDOLPH-:-COULTERVILLE 1,1
RANDOLPH-:-COULTERVILLE 2,8
RANDOLPH-:-ELLIS GROVE,1
RANDOLPH-:-EVANSVILLE,1
RANDOLPH-:-KASKASKIA,1
RANDOLPH-:-PALESTINE,1
RANDOLPH-:-PERCY,8
RANDOLPH-:-PRAIRIE DU ROCHER,1
RANDOLPH-:-RED BUD 1,1
RANDOLPH-:-RED BUD 2,1
RANDOLPH-:-RED BUD 3,1
RANDOLPH-:-RED BUD 4,1
RANDOLPH-:-RED BUD 5,1
RANDOLPH-:-ROCKWOOD,8
RANDOLPH-:-RUMA,1
RANDOLPH-:-SPARTA 1,1
RANDOLPH-:-SPARTA 2,8
RANDOLPH-:-SPARTA 3,1
RANDOLPH-:-SPARTA 4,1
RANDOLPH-:-SPARTA 5,8
RANDOLPH-:-SPARTA 6,1
RANDOLPH-:-STEELEVILLE 1,8
RANDOLPH-:-STEELEVILLE 2,8
RANDOLPH-:-STEELEVILLE 3,8
RANDOLPH-:-TILDEN,1
RANDOLPH-:-WALSH,1
RANDOLPH-:-WINE HILL,8
RICHLAND-:-BONPAS-3,8
RICHLAND-:-CLAREMONT-3,8
RICHLAND-:-DECKER-2,8
RICHLAND-:-DENVER-2,8
RICHLAND-:-GERMAN-1,8
RICHLAND-:-MADISON 1-3,8
RICHLAND-:-MADISON 2-3,8
RICHLAND-:-NOBLE 1-2,8
RICHLAND-:-NOBLE 2-2,8
RICHLAND-:-OLNEY 1-4,8
RICHLAND-:-OLNEY 10-1,8
RICHLAND-:-OLNEY 11-1,8
RICHLAND-:-OLNEY 2-1,8
RICHLAND-:-OLNEY 3-1,8
RICHLAND-:-OLNEY 4-1,8
RICHLAND-:-OLNEY 5-1,8
RICHLAND-:-OLNEY 6-1,8
RICHLAND-:-OLNEY 7-4,8
RICHLAND-:-OLNEY 9-1,8
RICHLAND-:-PRESTON 1-1,8
RICHLAND-:-PRESTON 2-1,8
ROCK ISLAND-:-ANDALUSIA,2
ROCK ISLAND-:-BLACKHAWK 1,2
ROCK ISLAND-:-BLACKHAWK 2,2
ROCK ISLAND-:-BLACKHAWK 3,2
ROCK ISLAND-:-BLACKHAWK 4,2
ROCK ISLAND-:-BLACKHAWK 5,2
ROCK ISLAND-:-BLACKHAWK 6,2
ROCK ISLAND-:-BLACKHAWK 7,2
ROCK ISLAND-:-BOWLING 1,2
ROCK ISLAND-:-BOWLING 2,2
ROCK ISLAND-:-BUFFALO PRAIRIE,2
ROCK ISLAND-:-CANOE CREEK,2
ROCK ISLAND-:-COAL VALLEY 1,2
ROCK ISLAND-:-COAL VALLEY 2,2
ROCK ISLAND-:-COAL VALLEY 3,2
ROCK ISLAND-:-COE,2
ROCK ISLAND-:-CORDOVA,14
ROCK ISLAND-:-DRURY,2
ROCK ISLAND-:-EDGINGTON 1,2
ROCK ISLAND-:-EDGINGTON 2,2
ROCK ISLAND-:-HAMPTON 1,2
ROCK ISLAND-:-HAMPTON 10,2
ROCK ISLAND-:-HAMPTON 11,2
ROCK ISLAND-:-HAMPTON 12,2
ROCK ISLAND-:-HAMPTON 13,2
ROCK ISLAND-:-HAMPTON 14,2
ROCK ISLAND-:-HAMPTON 15,2
ROCK ISLAND-:-HAMPTON 16,2
ROCK ISLAND-:-HAMPTON 17,2
ROCK ISLAND-:-HAMPTON 2,2
ROCK ISLAND-:-HAMPTON 3,2
ROCK ISLAND-:-HAMPTON 4,2
ROCK ISLAND-:-HAMPTON 5,2
ROCK ISLAND-:-HAMPTON 6,2
ROCK ISLAND-:-HAMPTON 7,2
ROCK ISLAND-:-HAMPTON 8,2
ROCK ISLAND-:-HAMPTON 9,2
ROCK ISLAND-:-MOLINE 1,2
ROCK ISLAND-:-MOLINE 10,2
ROCK ISLAND-:-MOLINE 11,2
ROCK ISLAND-:-MOLINE 12,2
ROCK ISLAND-:-MOLINE 13,2
ROCK ISLAND-:-MOLINE 14,2
ROCK ISLAND-:-MOLINE 15,2
ROCK ISLAND-:-MOLINE 16,2
ROCK ISLAND-:-MOLINE 17,2
ROCK ISLAND-:-MOLINE 18,2
ROCK ISLAND-:-MOLINE 19,2
ROCK ISLAND-:-MOLINE 2,2
ROCK ISLAND-:-MOLINE 20,2
ROCK ISLAND-:-MOLINE 3,2
ROCK ISLAND-:-MOLINE 4,2
ROCK ISLAND-:-MOLINE 5,2
ROCK ISLAND-:-MOLINE 6,2
ROCK ISLAND-:-MOLINE 7,2
ROCK ISLAND-:-MOLINE 8,2
ROCK ISLAND-:-MOLINE 9,2
ROCK ISLAND-:-PORT BYRON,2
ROCK ISLAND-:-ROCK ISLAND 1,2
ROCK ISLAND-:-ROCK ISLAND 10,2
ROCK ISLAND-:-ROCK ISLAND 11,2
ROCK ISLAND-:-ROCK ISLAND 12,2
ROCK ISLAND-:-ROCK ISLAND 13,2
ROCK ISLAND-:-ROCK ISLAND 14,2
ROCK ISLAND-:-ROCK ISLAND 15,2
ROCK ISLAND-:-ROCK ISLAND 2,2
ROCK ISLAND-:-ROCK ISLAND 3,2
ROCK ISLAND-:-ROCK ISLAND 4,2
ROCK ISLAND-:-ROCK ISLAND 5,2
ROCK ISLAND-:-ROCK ISLAND 6,2
ROCK ISLAND-:-ROCK ISLAND 7,2
ROCK ISLAND-:-ROCK ISLAND 8,2
ROCK ISLAND-:-ROCK ISLAND 9,2
ROCK ISLAND-:-RURAL,2
ROCK ISLAND-:-SO MOLINE 1,2
ROCK ISLAND-:-SO MOLINE 10,2
ROCK ISLAND-:-SO MOLINE 11,2
ROCK ISLAND-:-SO MOLINE 12,2
ROCK ISLAND-:-SO MOLINE 13,2
ROCK ISLAND-:-SO MOLINE 14,2
ROCK ISLAND-:-SO MOLINE 15,2
ROCK ISLAND-:-SO MOLINE 16,2
ROCK ISLAND-:-SO MOLINE 17,2
ROCK ISLAND-:-SO MOLINE 18,2
ROCK ISLAND-:-SO MOLINE 19,2
ROCK ISLAND-:-SO MOLINE 2,2
ROCK ISLAND-:-SO MOLINE 20,2
ROCK ISLAND-:-SO MOLINE 21,2
ROCK ISLAND-:-SO MOLINE 22,2
ROCK ISLAND-:-SO MOLINE 23,2
ROCK ISLAND-:-SO MOLINE 24,2
ROCK ISLAND-:-SO MOLINE 25,2
ROCK ISLAND-:-SO MOLINE 26,2
ROCK ISLAND-:-SO MOLINE 27,2
ROCK ISLAND-:-SO MOLINE 28,2
ROCK ISLAND-:-SO MOLINE 29,2
ROCK ISLAND-:-SO MOLINE 3,2
ROCK ISLAND-:-SO MOLINE 4,2
ROCK ISLAND-:-SO MOLINE 5,2
ROCK ISLAND-:-SO MOLINE 6,2
ROCK ISLAND-:-SO MOLINE 7,2
ROCK ISLAND-:-SO MOLINE 8,2
ROCK ISLAND-:-SO MOLINE 9,2
ROCK ISLAND-:-SO ROCK ISLAND 1,2
ROCK ISLAND-:-SO ROCK ISLAND 10,2
ROCK ISLAND-:-SO ROCK ISLAND 11,2
ROCK ISLAND-:-SO ROCK ISLAND 12,2
ROCK ISLAND-:-SO ROCK ISLAND 13,2
ROCK ISLAND-:-SO ROCK ISLAND 14,2
ROCK ISLAND-:-SO ROCK ISLAND 15,2
ROCK ISLAND-:-SO ROCK ISLAND 16,2
ROCK ISLAND-:-SO ROCK ISLAND 2,2
ROCK ISLAND-:-SO ROCK ISLAND 3,2
ROCK ISLAND-:-SO ROCK ISLAND 4,2
ROCK ISLAND-:-SO ROCK ISLAND 5,2
ROCK ISLAND-:-SO ROCK ISLAND 6,2
ROCK ISLAND-:-SO ROCK ISLAND 7,2
ROCK ISLAND-:-SO ROCK ISLAND 8,2
ROCK ISLAND-:-SO ROCK ISLAND 9,2
ROCK ISLAND-:-ZUMA,2
SALINE-:-BRUSHY,8
SALINE-:-CARRIER MILLS #1,8
SALINE-:-CARRIER MILLS #2,8
SALINE-:-COTTAGE,8
SALINE-:-EAST ELDORADO #1,8
SALINE-:-EAST ELDORADO #2,8
SALINE-:-EAST ELDORADO #3,8
SALINE-:-EAST ELDORADO #4,8
SALINE-:-EAST ELDORADO #5,8
SALINE-:-EAST ELDORADO #6,8
SALINE-:-GALATIA,8
SALINE-:-HARRISBURG # 1,8
SALINE-:-HARRISBURG # 2,8
SALINE-:-HARRISBURG # 3,8
SALINE-:-HARRISBURG # 4,8
SALINE-:-HARRISBURG # 5,8
SALINE-:-HARRISBURG # 6,8
SALINE-:-HARRISBURG # 7,8
SALINE-:-HARRISBURG # 8,8
SALINE-:-HARRISBURG # 9,8
SALINE-:-HARRISBURG #10,8
SALINE-:-INDEPENDENCE,8
SALINE-:-LONG BRANCH,8
SALINE-:-MOUNTAIN,8
SALINE-:-RALEIGH,8
SALINE-:-RECTOR,8
SALINE-:-STONEFORT,8
SALINE-:-TATE,8
SANGAMON-:-AUBURN 001,0
SANGAMON-:-AUBURN 002,0
SANGAMON-:-AUBURN 003,0
SANGAMON-:-AUBURN 004,0
SANGAMON-:-AUBURN 005,0
SANGAMON-:-BALL 001,0
SANGAMON-:-BALL 002,0
SANGAMON-:-BALL 003,0
SANGAMON-:-BALL 004,0
SANGAMON-:-BALL 005,0
SANGAMON-:-BUFFALO HART,0
SANGAMON-:-CAPITAL 001,0
SANGAMON-:-CAPITAL 002,0
SANGAMON-:-CAPITAL 003,0
SANGAMON-:-CAPITAL 004,0
SANGAMON-:-CAPITAL 005,0
SANGAMON-:-CAPITAL 006,0
SANGAMON-:-CAPITAL 007,0
SANGAMON-:-CAPITAL 008,0
SANGAMON-:-CAPITAL 009,0
SANGAMON-:-CAPITAL 010,0
SANGAMON-:-CAPITAL 011,0
SANGAMON-:-CAPITAL 013,0
SANGAMON-:-CAPITAL 014,0
SANGAMON-:-CAPITAL 015,0
SANGAMON-:-CAPITAL 017,0
SANGAMON-:-CAPITAL 018,0
SANGAMON-:-CAPITAL 019,0
SANGAMON-:-CAPITAL 021,0
SANGAMON-:-CAPITAL 022,0
SANGAMON-:-CAPITAL 023,0
SANGAMON-:-CAPITAL 024,0
SANGAMON-:-CAPITAL 026,0
SANGAMON-:-CAPITAL 027,0
SANGAMON-:-CAPITAL 028,0
SANGAMON-:-CAPITAL 030,0
SANGAMON-:-CAPITAL 031,0
SANGAMON-:-CAPITAL 032,0
SANGAMON-:-CAPITAL 033,0
SANGAMON-:-CAPITAL 034,0
SANGAMON-:-CAPITAL 035,0
SANGAMON-:-CAPITAL 036,0
SANGAMON-:-CAPITAL 037,0
SANGAMON-:-CAPITAL 038,0
SANGAMON-:-CAPITAL 039,0
SANGAMON-:-CAPITAL 040,0
SANGAMON-:-CAPITAL 041,0
SANGAMON-:-CAPITAL 042,0
SANGAMON-:-CAPITAL 043,0
SANGAMON-:-CAPITAL 044,0
SANGAMON-:-CAPITAL 045,0
SANGAMON-:-CAPITAL 046,0
SANGAMON-:-CAPITAL 047,0
SANGAMON-:-CAPITAL 048,0
SANGAMON-:-CAPITAL 049,0
SANGAMON-:-CAPITAL 050,0
SANGAMON-:-CAPITAL 051,0
SANGAMON-:-CAPITAL 052,0
SANGAMON-:-CAPITAL 053,0
SANGAMON-:-CAPITAL 054,0
SANGAMON-:-CAPITAL 055,0
SANGAMON-:-CAPITAL 056,0
SANGAMON-:-CAPITAL 057,0
SANGAMON-:-CAPITAL 058,0
SANGAMON-:-CAPITAL 059,0
SANGAMON-:-CAPITAL 060,0
SANGAMON-:-CAPITAL 061,0
SANGAMON-:-CAPITAL 062,0
SANGAMON-:-CAPITAL 063,0
SANGAMON-:-CAPITAL 064,0
SANGAMON-:-CAPITAL 065,0
SANGAMON-:-CAPITAL 066,0
SANGAMON-:-CAPITAL 067,0
SANGAMON-:-CAPITAL 068,0
SANGAMON-:-CAPITAL 069,0
SANGAMON-:-CAPITAL 070,0
SANGAMON-:-CAPITAL 071,0
SANGAMON-:-CAPITAL 072,0
SANGAMON-:-CAPITAL 073,0
SANGAMON-:-CAPITAL 074,0
SANGAMON-:-CAPITAL 075,0
SANGAMON-:-CAPITAL 076,0
SANGAMON-:-CAPITAL 077,0
SANGAMON-:-CAPITAL 078,0
SANGAMON-:-CAPITAL 079,0
SANGAMON-:-CAPITAL 082,0
SANGAMON-:-CAPITAL 083,0
SANGAMON-:-CAPITAL 084,0
SANGAMON-:-CAPITAL 085,0
SANGAMON-:-CAPITAL 086,0
SANGAMON-:-CAPITAL 087,0
SANGAMON-:-CAPITAL 088,0
SANGAMON-:-CAPITAL 089,0
SANGAMON-:-CAPITAL 090,0
SANGAMON-:-CAPITAL 091,0
SANGAMON-:-CAPITAL 092,0
SANGAMON-:-CAPITAL 093,0
SANGAMON-:-CARTWRIGHT,0
SANGAMON-:-CHATHAM 001,0
SANGAMON-:-CHATHAM 002,0
SANGAMON-:-CHATHAM 003,0
SANGAMON-:-CHATHAM 004,0
SANGAMON-:-CHATHAM 005,0
SANGAMON-:-CLEARLAKE 001,0
SANGAMON-:-CLEARLAKE 002,0
SANGAMON-:-CLEARLAKE 003,0
SANGAMON-:-CLEARLAKE 004,0
SANGAMON-:-CLEARLAKE 005,0
SANGAMON-:-CLEARLAKE 006,0
SANGAMON-:-CLEARLAKE 007,0
SANGAMON-:-COOPER,0
SANGAMON-:-COTTON HILL,0
SANGAMON-:-CURRAN 002,0
SANGAMON-:-DIVERNON 001,0
SANGAMON-:-DIVERNON 002,0
SANGAMON-:-FANCY CREEK 001,0
SANGAMON-:-FANCY CREEK 002,0
SANGAMON-:-FANCY CREEK 003,0
SANGAMON-:-FANCY CREEK 004,0
SANGAMON-:-FANCY CREEK 005,0
SANGAMON-:-GARDNER 001,0
SANGAMON-:-GARDNER 002,0
SANGAMON-:-GARDNER 003,0
SANGAMON-:-ILLIOPOLIS,0
SANGAMON-:-ISLAND GROVE,0
SANGAMON-:-LANESVILLE,0
SANGAMON-:-LOAMI,0
SANGAMON-:-MAXWELL,0
SANGAMON-:-MECHANICSBURG 001,0
SANGAMON-:-MECHANICSBURG 002,0
SANGAMON-:-MECHANICSBURG 003,0
SANGAMON-:-NEW BERLIN,0
SANGAMON-:-PAWNEE 001,0
SANGAMON-:-PAWNEE 002,0
SANGAMON-:-PAWNEE 003,0
SANGAMON-:-ROCHESTER 001,0
SANGAMON-:-ROCHESTER 002,0
SANGAMON-:-ROCHESTER 003,0
SANGAMON-:-ROCHESTER 004,0
SANGAMON-:-SPRINGFIELD 002,0
SANGAMON-:-SPRINGFIELD 003,0
SANGAMON-:-SPRINGFIELD 004,0
SANGAMON-:-SPRINGFIELD 005,0
SANGAMON-:-TALKINGTON,0
SANGAMON-:-WILLIAMS 001,0
SANGAMON-:-WILLIAMS 002,0
SANGAMON-:-WILLIAMS 003,0
SANGAMON-:-WOODSIDE 001,0
SANGAMON-:-WOODSIDE 002,0
SANGAMON-:-WOODSIDE 003,0
SANGAMON-:-WOODSIDE 004,0
SANGAMON-:-WOODSIDE 005,0
SANGAMON-:-WOODSIDE 006,0
SANGAMON-:-WOODSIDE 007,0
SANGAMON-:-WOODSIDE 008,0
SANGAMON-:-WOODSIDE 009,0
SCHUYLER-:-BAINBRIDGE-2,2
SCHUYLER-:-BIRMINGHAM-1,2
SCHUYLER-:-BROOKLYN-1,2
SCHUYLER-:-BROWNING-2,2
SCHUYLER-:-BUENAVISTA 1-2,2
SCHUYLER-:-BUENAVISTA 2-2,2
SCHUYLER-:-CAMDEN-1,2
SCHUYLER-:-FREDERICK-2,2
SCHUYLER-:-HICKORY-1,2
SCHUYLER-:-HUNTSVILLE-1,2
SCHUYLER-:-LITTLETON-1,2
SCHUYLER-:-OAKLAND-1,2
SCHUYLER-:-RUSHVILLE 1-2,2
SCHUYLER-:-RUSHVILLE 2-2,2
SCHUYLER-:-RUSHVILLE 3-2,2
SCHUYLER-:-RUSHVILLE 4-2,2
SCHUYLER-:-WOODSTOCK-2,2
SCOTT-:-ALSEY-1,1
SCOTT-:-BLOOMFIELD-1,1
SCOTT-:-EXETER-BLUFFS-1,2
SCOTT-:-GLASGOW-1,1
SCOTT-:-MANCHESTER-1,1
SCOTT-:-MERRITT-1,1
SCOTT-:-NAPLES-BLUFFS-1,2
SCOTT-:-WINCHESTER I-1,1
SCOTT-:-WINCHESTER II-1,1
SCOTT-:-WINCHESTER III-1,1
SHELBY-:-ASH GROVE,0
SHELBY-:-BIG SPRING,0
SHELBY-:-CLARKSBURG,0
SHELBY-:-COLD SPRING,0
SHELBY-:-DRY POINT,0
SHELBY-:-FLAT BRANCH,0
SHELBY-:-HERRICK,0
SHELBY-:-HOLLAND,0
SHELBY-:-LAKEWOOD,0
SHELBY-:-MOWEAQUA 1,0
SHELBY-:-MOWEAQUA 2,0
SHELBY-:-OCONEE,0
SHELBY-:-OKAW,0
SHELBY-:-PENN,0
SHELBY-:-PICKAWAY,0
SHELBY-:-PRAIRIE,0
SHELBY-:-RICHLAND,0
SHELBY-:-RIDGE,0
SHELBY-:-ROSE 1,0
SHELBY-:-ROSE 2,0
SHELBY-:-RURAL,0
SHELBY-:-SHELBYVILLE 1,0
SHELBY-:-SHELBYVILLE 2,0
SHELBY-:-SHELBYVILLE 3,0
SHELBY-:-SHELBYVILLE 4,0
SHELBY-:-SHELBYVILLE 5,0
SHELBY-:-SHELBYVILLE 6,0
SHELBY-:-SHELBYVILLE 7,0
SHELBY-:-SIGEL,0
SHELBY-:-TODDS POINT,0
SHELBY-:-TOWER HILL,0
SHELBY-:-WINDSOR 1,0
SHELBY-:-WINDSOR 2,0
ST. CLAIR-:-BELLEVILLE 1,1
ST. CLAIR-:-BELLEVILLE 10,1
ST. CLAIR-:-BELLEVILLE 11,1
ST. CLAIR-:-BELLEVILLE 12,1
ST. CLAIR-:-BELLEVILLE 13,1
ST. CLAIR-:-BELLEVILLE 14,1
ST. CLAIR-:-BELLEVILLE 15,1
ST. CLAIR-:-BELLEVILLE 16,1
ST. CLAIR-:-BELLEVILLE 17,1
ST. CLAIR-:-BELLEVILLE 18,1
ST. CLAIR-:-BELLEVILLE 19,1
ST. CLAIR-:-BELLEVILLE 2,1
ST. CLAIR-:-BELLEVILLE 21,1
ST. CLAIR-:-BELLEVILLE 23,1
ST. CLAIR-:-BELLEVILLE 24,1
ST. CLAIR-:-BELLEVILLE 25,1
ST. CLAIR-:-BELLEVILLE 3,1
ST. CLAIR-:-BELLEVILLE 4,1
ST. CLAIR-:-BELLEVILLE 5,1
ST. CLAIR-:-BELLEVILLE 6,1
ST. CLAIR-:-BELLEVILLE 7,1
ST. CLAIR-:-BELLEVILLE 8,1
ST. CLAIR-:-BELLEVILLE 9,1
ST. CLAIR-:-CANTEEN 1,1
ST. CLAIR-:-CANTEEN 2,1
ST. CLAIR-:-CANTEEN 3,1
ST. CLAIR-:-CANTEEN 4,1
ST. CLAIR-:-CANTEEN 5,1
ST. CLAIR-:-CASEYVILLE 11,1
ST. CLAIR-:-CASEYVILLE 13,1
ST. CLAIR-:-CASEYVILLE 14,1
ST. CLAIR-:-CASEYVILLE 15,1
ST. CLAIR-:-CASEYVILLE 16,1
ST. CLAIR-:-CASEYVILLE 17,1
ST. CLAIR-:-CASEYVILLE 18,1
ST. CLAIR-:-CASEYVILLE 19,1
ST. CLAIR-:-CASEYVILLE 2,1
ST. CLAIR-:-CASEYVILLE 20,1
ST. CLAIR-:-CASEYVILLE 21,1
ST. CLAIR-:-CASEYVILLE 22,1
ST. CLAIR-:-CASEYVILLE 3,1
ST. CLAIR-:-CASEYVILLE 4,1
ST. CLAIR-:-CASEYVILLE 5,1
ST. CLAIR-:-CASEYVILLE 6,1
ST. CLAIR-:-CASEYVILLE 7,1
ST. CLAIR-:-CASEYVILLE 8,1
ST. CLAIR-:-CASEYVILLE 9,1
ST. CLAIR-:-CENTREVILLE 1,1
ST. CLAIR-:-CENTREVILLE 2,1
ST. CLAIR-:-CENTREVILLE 3,1
ST. CLAIR-:-CENTREVILLE 4,1
ST. CLAIR-:-CENTREVILLE 5,1
ST. CLAIR-:-CENTREVILLE 6,1
ST. CLAIR-:-CENTREVILLE 7,1
ST. CLAIR-:-CENTREVILLE 9,1
ST. CLAIR-:-ENGELMANN 1,1
ST. CLAIR-:-FAYETTEVILLE 1,1
ST. CLAIR-:-FAYETTEVILLE 2,1
ST. CLAIR-:-FREEBURG 1,1
ST. CLAIR-:-FREEBURG 2,1
ST. CLAIR-:-FREEBURG 3,1
ST. CLAIR-:-LEBANON 1,1
ST. CLAIR-:-LEBANON 2,1
ST. CLAIR-:-LEBANON 3,1
ST. CLAIR-:-LENZBURG 1,1
ST. CLAIR-:-MARISSA 1,1
ST. CLAIR-:-MASCOUTAH 1,1
ST. CLAIR-:-MASCOUTAH 2,1
ST. CLAIR-:-MASCOUTAH 3,1
ST. CLAIR-:-MASCOUTAH 4,1
ST. CLAIR-:-MILLSTADT 1,1
ST. CLAIR-:-MILLSTADT 2,1
ST. CLAIR-:-MILLSTADT 3,1
ST. CLAIR-:-MILLSTADT 4,1
ST. CLAIR-:-MILLSTADT 5,1
ST. CLAIR-:-NEW ATHENS 1,1
ST. CLAIR-:-NEW ATHENS 2,1
ST. CLAIR-:-O FALLON 1,1
ST. CLAIR-:-O FALLON 10,1
ST. CLAIR-:-O FALLON 11,1
ST. CLAIR-:-O FALLON 12,1
ST. CLAIR-:-O FALLON 13,1
ST. CLAIR-:-O FALLON 14,1
ST. CLAIR-:-O FALLON 15,1
ST. CLAIR-:-O FALLON 16,1
ST. CLAIR-:-O FALLON 17,1
ST. CLAIR-:-O FALLON 18,1
ST. CLAIR-:-O FALLON 3,1
ST. CLAIR-:-O FALLON 4,1
ST. CLAIR-:-O FALLON 5,1
ST. CLAIR-:-O FALLON 6,1
ST. CLAIR-:-O FALLON 7,1
ST. CLAIR-:-O FALLON 8,1
ST. CLAIR-:-O FALLON 9,1
ST. CLAIR-:-PRAIRIE DU LONG 1,1
ST. CLAIR-:-PRAIRIE DU LONG 2,1
ST. CLAIR-:-SHILOH VALLEY 1,1
ST. CLAIR-:-SHILOH VALLEY 2,1
ST. CLAIR-:-SHILOH VALLEY 3,1
ST. CLAIR-:-SHILOH VALLEY 4,1
ST. CLAIR-:-SHILOH VALLEY 5,1
ST. CLAIR-:-SMITHTON 1,1
ST. CLAIR-:-SMITHTON 2,1
ST. CLAIR-:-SMITHTON 3,1
ST. CLAIR-:-ST CLAIR 1,1
ST. CLAIR-:-ST CLAIR 11,1
ST. CLAIR-:-ST CLAIR 12,1
ST. CLAIR-:-ST CLAIR 13,1
ST. CLAIR-:-ST CLAIR 14,1
ST. CLAIR-:-ST CLAIR 15,1
ST. CLAIR-:-ST CLAIR 16,1
ST. CLAIR-:-ST CLAIR 17,1
ST. CLAIR-:-ST CLAIR 18,1
ST. CLAIR-:-ST CLAIR 19,1
ST. CLAIR-:-ST CLAIR 2,1
ST. CLAIR-:-ST CLAIR 20,1
ST. CLAIR-:-ST CLAIR 21,1
ST. CLAIR-:-ST CLAIR 22,1
ST. CLAIR-:-ST CLAIR 23,1
ST. CLAIR-:-ST CLAIR 24,1
ST. CLAIR-:-ST CLAIR 3,1
ST. CLAIR-:-ST CLAIR 4,1
ST. CLAIR-:-ST CLAIR 5,1
ST. CLAIR-:-ST CLAIR 6,1
ST. CLAIR-:-ST CLAIR 7,1
ST. CLAIR-:-ST CLAIR 8,1
ST. CLAIR-:-ST CLAIR 9,1
ST. CLAIR-:-STITES 1,1
ST. CLAIR-:-STOOKEY 1,1
ST. CLAIR-:-STOOKEY 3,1
ST. CLAIR-:-STOOKEY 4,1
ST. CLAIR-:-STOOKEY 6,1
ST. CLAIR-:-STOOKEY 7,1
ST. CLAIR-:-SUGAR LOAF 1,1
ST. CLAIR-:-SUGAR LOAF 2,1
ST. CLAIR-:-SUGAR LOAF 3,1
ST. CLAIR-:-SUGAR LOAF 4,1
ST. CLAIR-:-SUGAR LOAF 5,1
STARK-:-EAST TOULON,2
STARK-:-ELMIRA,2
STARK-:-ESSEX,2
STARK-:-GOSHEN,2
STARK-:-OSCEOLA,2
STARK-:-PENN,2
STARK-:-VALLEY,2
STARK-:-WEST JERSEY,2
STARK-:-WEST TOULON,2
STEPHENSON-:-BUCKEYE,14
STEPHENSON-:-DAKOTA,14
STEPHENSON-:-ERIN,14
STEPHENSON-:-FLORENCE,14
STEPHENSON-:-FREEPORT 1,14
STEPHENSON-:-FREEPORT 10,14
STEPHENSON-:-FREEPORT 11,14
STEPHENSON-:-FREEPORT 12,14
STEPHENSON-:-FREEPORT 13,14
STEPHENSON-:-FREEPORT 14,14
STEPHENSON-:-FREEPORT 15,14
STEPHENSON-:-FREEPORT 16,14
STEPHENSON-:-FREEPORT 2,14
STEPHENSON-:-FREEPORT 3,14
STEPHENSON-:-FREEPORT 4,14
STEPHENSON-:-FREEPORT 5,14
STEPHENSON-:-FREEPORT 6,14
STEPHENSON-:-FREEPORT 7,14
STEPHENSON-:-FREEPORT 8,14
STEPHENSON-:-FREEPORT 9,14
STEPHENSON-:-HARLEM 1,14
STEPHENSON-:-HARLEM 2,14
STEPHENSON-:-JEFFERSON,14
STEPHENSON-:-KENT,14
STEPHENSON-:-LANCASTER,14
STEPHENSON-:-LORAN,14
STEPHENSON-:-ONECO,14
STEPHENSON-:-RIDOTT,14
STEPHENSON-:-ROCK GROVE,14
STEPHENSON-:-ROCK RUN 1,14
STEPHENSON-:-ROCK RUN 2,14
STEPHENSON-:-SILVER CREEK,14
STEPHENSON-:-WADDAMS,14
STEPHENSON-:-WEST POINT 1,14
STEPHENSON-:-WEST POINT 2,14
STEPHENSON-:-WINSLOW,14
TAZEWELL-:-BOYNTON,11
TAZEWELL-:-CINCINNATI 2,2
TAZEWELL-:-CINCINNATI 4,2
TAZEWELL-:-CINCINNATI 5,2
TAZEWELL-:-DEER CREEK,2
TAZEWELL-:-DELAVAN 1,0
TAZEWELL-:-DILLON,2
TAZEWELL-:-ELM GROVE 1,2
TAZEWELL-:-ELM GROVE 2,2
TAZEWELL-:-FONDULAC 1,2
TAZEWELL-:-FONDULAC 2,2
TAZEWELL-:-FONDULAC 3,2
TAZEWELL-:-FONDULAC 4,2
TAZEWELL-:-FONDULAC 5,2
TAZEWELL-:-FONDULAC 6,2
TAZEWELL-:-FONDULAC 7,2
TAZEWELL-:-GROVELAND 1,2
TAZEWELL-:-GROVELAND 10,2
TAZEWELL-:-GROVELAND 11,2
TAZEWELL-:-GROVELAND 12,2
TAZEWELL-:-GROVELAND 2,2
TAZEWELL-:-GROVELAND 3,2
TAZEWELL-:-GROVELAND 4,2
TAZEWELL-:-GROVELAND 5,2
TAZEWELL-:-GROVELAND 6,2
TAZEWELL-:-GROVELAND 7,2
TAZEWELL-:-GROVELAND 8,2
TAZEWELL-:-GROVELAND 9,2
TAZEWELL-:-HITTLE,11
TAZEWELL-:-MACKINAW 1,11
TAZEWELL-:-MACKINAW 2,11
TAZEWELL-:-MACKINAW 3,11
TAZEWELL-:-MALONE,2
TAZEWELL-:-MORTON 1,2
TAZEWELL-:-MORTON 10,2
TAZEWELL-:-MORTON 11,2
TAZEWELL-:-MORTON 2,2
TAZEWELL-:-MORTON 3,2
TAZEWELL-:-MORTON 4,2
TAZEWELL-:-MORTON 5,2
TAZEWELL-:-MORTON 6,2
TAZEWELL-:-MORTON 7,2
TAZEWELL-:-MORTON 8,2
TAZEWELL-:-MORTON 9,2
TAZEWELL-:-PEKIN 1,2
TAZEWELL-:-PEKIN 10,2
TAZEWELL-:-PEKIN 11,2
TAZEWELL-:-PEKIN 12,2
TAZEWELL-:-PEKIN 14,2
TAZEWELL-:-PEKIN 15,2
TAZEWELL-:-PEKIN 16,2
TAZEWELL-:-PEKIN 2,2
TAZEWELL-:-PEKIN 3,2
TAZEWELL-:-PEKIN 4,2
TAZEWELL-:-PEKIN 5,2
TAZEWELL-:-PEKIN 6,2
TAZEWELL-:-PEKIN 7,2
TAZEWELL-:-PEKIN 8,2
TAZEWELL-:-PEKIN 9,2
TAZEWELL-:-SAND PRAIRIE 1,2
TAZEWELL-:-SPRINGLAKE 1,2
TAZEWELL-:-TREMONT 1,2
TAZEWELL-:-TREMONT 2,2
TAZEWELL-:-WASHINGTON 1,2
TAZEWELL-:-WASHINGTON 10,2
TAZEWELL-:-WASHINGTON 11,2
TAZEWELL-:-WASHINGTON 12,2
TAZEWELL-:-WASHINGTON 13,2
TAZEWELL-:-WASHINGTON 14,2
TAZEWELL-:-WASHINGTON 2,2
TAZEWELL-:-WASHINGTON 3,2
TAZEWELL-:-WASHINGTON 4,2
TAZEWELL-:-WASHINGTON 5,2
TAZEWELL-:-WASHINGTON 6,2
TAZEWELL-:-WASHINGTON 7,2
TAZEWELL-:-WASHINGTON 8,2
TAZEWELL-:-WASHINGTON 9,2
UNION-:-ALTO PASS,8
UNION-:-ANNA 1,8
UNION-:-ANNA 2,8
UNION-:-ANNA 3,8
UNION-:-ANNA 4,8
UNION-:-ANNA 5,8
UNION-:-ANNA 6,8
UNION-:-ANNA 7,8
UNION-:-BALCOM,8
UNION-:-COBDEN 1,8
UNION-:-COBDEN 2,8
UNION-:-DONGOLA 1,8
UNION-:-DONGOLA 2,8
UNION-:-JONESBORO 1,8
UNION-:-JONESBORO 2,8
UNION-:-JONESBORO 3,8
UNION-:-LICK CREEK,8
UNION-:-MILL CREEK,8
UNION-:-STOKES,8
UNION-:-UNION,8
VERMILION-:-BLOUNT 1,11
VERMILION-:-BLOUNT 2,11
VERMILION-:-BUTLER,11
VERMILION-:-CARROLL,11
VERMILION-:-CATLIN 1,11
VERMILION-:-CATLIN 3,11
VERMILION-:-DANVILLE 1,11
VERMILION-:-DANVILLE 13,11
VERMILION-:-DANVILLE 2,11
VERMILION-:-DANVILLE 3,11
VERMILION-:-DANVILLE 5,11
VERMILION-:-DANVILLE 6,11
VERMILION-:-DANVILLE 7,11
VERMILION-:-DANVILLE 8,11
VERMILION-:-ELWOOD,11
VERMILION-:-GEORGETOWN 1,11
VERMILION-:-GEORGETOWN 3,11
VERMILION-:-GRANT 1,11
VERMILION-:-GRANT 2,11
VERMILION-:-GRANT 4,11
VERMILION-:-JAMAICA,11
VERMILION-:-LOVE,11
VERMILION-:-MIDDLEFORK,11
VERMILION-:-NEWELL 1,11
VERMILION-:-NEWELL 2,11
VERMILION-:-NEWELL 3,11
VERMILION-:-OAKWOOD 1,11
VERMILION-:-OAKWOOD 5,11
VERMILION-:-PILOT,11
VERMILION-:-ROSS,11
VERMILION-:-SIDELL,11
VERMILION-:-SOUTH ROSS,11
WABASH-:-BELLMONT,8
WABASH-:-COFFEE,8
WABASH-:-COMPTON,8
WABASH-:-FRIENDSVILLE,8
WABASH-:-LANCASTER,8
WABASH-:-LICK PRAIRIE,8
WABASH-:-MT. CARMEL 1,8
WABASH-:-MT. CARMEL 2,8
WABASH-:-MT. CARMEL 3,8
WABASH-:-MT. CARMEL 4,8
WABASH-:-MT. CARMEL 5,8
WABASH-:-MT. CARMEL 6,8
WABASH-:-MT. CARMEL 7,8
WABASH-:-MT. CARMEL 8,8
WABASH-:-MT. CARMEL 9,8
WABASH-:-WABASH,8
WARREN-:-BERWICK 1-1,2
WARREN-:-COLDBROOK 1-2,2
WARREN-:-ELLISON 1-6,2
WARREN-:-FLOYD 1-1,2
WARREN-:-GREENBUSH 1-1,2
WARREN-:-HALE 1-7,2
WARREN-:-KELLY 1-2,2
WARREN-:-LENOX 1-1,2
WARREN-:-MONMOUTH  1-3,2
WARREN-:-MONMOUTH  2-4,2
WARREN-:-MONMOUTH  3-3,2
WARREN-:-MONMOUTH  4-3,2
WARREN-:-MONMOUTH  5-4,2
WARREN-:-MONMOUTH  6-3,2
WARREN-:-MONMOUTH  7-4,2
WARREN-:-MONMOUTH  8-5,2
WARREN-:-MONMOUTH  9-4,2
WARREN-:-MONMOUTH 10-4,2
WARREN-:-MONMOUTH 11-3,2
WARREN-:-MONMOUTH 12-2/5,2
WARREN-:-POINT PLEASANT 1-6,2
WARREN-:-ROSEVILLE 1-1,2
WARREN-:-ROSEVILLE 2-1,2
WARREN-:-SPRING GROVE-ALEXIS 1-2,2
WARREN-:-SPRING GROVE-GERLAW 2-2,2
WARREN-:-SUMNER 1-7/8,2
WARREN-:-SWAN 1-1,2
WARREN-:-TOMPKINS 1-6,2
WASHINGTON-:-ASHLEY-001,8
WASHINGTON-:-BEAUCOUP-001,8
WASHINGTON-:-BOLO-002,8
WASHINGTON-:-COVINGTON-003,1
WASHINGTON-:-DUBOIS-004,8
WASHINGTON-:-DUBOIS-005,8
WASHINGTON-:-HOYLETON-001,8
WASHINGTON-:-IRVINGTON-001,8
WASHINGTON-:-JOHANNISBURG-3/9,1
WASHINGTON-:-LIVELY GROVE-6/10,1
WASHINGTON-:-NASHVILLE 1-007,8
WASHINGTON-:-NASHVILLE 3-007,8
WASHINGTON-:-NASHVILLE 4-007,8
WASHINGTON-:-OAKDALE-006,1
WASHINGTON-:-OKAWVILLE 1-003,1
WASHINGTON-:-OKAWVILLE 2-003,1
WASHINGTON-:-PILOT KNOB-002,8
WASHINGTON-:-PLUM HILL-003,1
WASHINGTON-:-RICHVIEW-001,8
WASHINGTON-:-VENEDY-3/9,1
WAYNE-:-ARRINGTON,8
WAYNE-:-BARNHILL,8
WAYNE-:-BEDFORD,8
WAYNE-:-BERRY,8
WAYNE-:-BIG MOUND 1,8
WAYNE-:-BIG MOUND 2,8
WAYNE-:-ELM RIVER,8
WAYNE-:-FAIRFIELD 1,8
WAYNE-:-FAIRFIELD 2,8
WAYNE-:-FOUR MILE,8
WAYNE-:-GARDEN HILL,8
WAYNE-:-GOLDENGATE,8
WAYNE-:-GROVER,8
WAYNE-:-HICKORY HILL,8
WAYNE-:-INDIAN PRAIRIE,8
WAYNE-:-JASPER 1,8
WAYNE-:-JASPER 2,8
WAYNE-:-KEITH,8
WAYNE-:-LAMARD 1,8
WAYNE-:-LAMARD 2,8
WAYNE-:-MASSILON,8
WAYNE-:-MERRIAM,8
WAYNE-:-MT. ERIE,8
WAYNE-:-ORCHARD,8
WAYNE-:-OREL,8
WAYNE-:-RIDER,8
WAYNE-:-ZIF,8
WHITE-:-BURNT PRAIRIE 10-1,8
WHITE-:-CARMI 12-1,8
WHITE-:-CARMI 13-2,8
WHITE-:-CARMI 14-1,8
WHITE-:-CARMI 16-1,8
WHITE-:-CARMI 18-4,8
WHITE-:-CARMI 19-4,8
WHITE-:-CARMI 20-4,8
WHITE-:-CARMI 20-5,8
WHITE-:-EMMA 30-3,8
WHITE-:-ENFIELD 4-2,8
WHITE-:-GRAY 24-2,8
WHITE-:-HAWTHORNE 28-2,8
WHITE-:-HAWTHORNE 28-3,8
WHITE-:-HERALDS PRAIRIE 22-3,8
WHITE-:-INDIAN CREEK 6-3,8
WHITE-:-INDIAN CREEK 8-3,8
WHITE-:-MILL SHOALS 1-1,8
WHITE-:-MILL SHOALS 2-2,8
WHITE-:-PHILLIPS 26-2,8
WHITESIDE-:-ALBANY 1,14
WHITESIDE-:-CLYDE 1,14
WHITESIDE-:-COLOMA 1,14
WHITESIDE-:-COLOMA 10,14
WHITESIDE-:-COLOMA 2,14
WHITESIDE-:-COLOMA 3,14
WHITESIDE-:-COLOMA 4,14
WHITESIDE-:-COLOMA 5,14
WHITESIDE-:-COLOMA 6,14
WHITESIDE-:-COLOMA 7,14
WHITESIDE-:-COLOMA 8,14
WHITESIDE-:-COLOMA 9,14
WHITESIDE-:-ERIE 1,14
WHITESIDE-:-ERIE 2,14
WHITESIDE-:-FENTON 1,14
WHITESIDE-:-FULTON 1,14
WHITESIDE-:-FULTON 2,14
WHITESIDE-:-FULTON 3,14
WHITESIDE-:-FULTON 4,14
WHITESIDE-:-GARDEN PLAIN 1,14
WHITESIDE-:-GENESEE 1,14
WHITESIDE-:-HAHNAMAN 1,14
WHITESIDE-:-HOPKINS 1,14
WHITESIDE-:-HOPKINS 2,14
WHITESIDE-:-HUME 1,14
WHITESIDE-:-JORDAN 1,14
WHITESIDE-:-LYNDON 1,14
WHITESIDE-:-MONTMORENCY 1,14
WHITESIDE-:-MONTMORENCY 2,14
WHITESIDE-:-MT. PLEASANT 1,14
WHITESIDE-:-MT. PLEASANT 2,14
WHITESIDE-:-MT. PLEASANT 3,14
WHITESIDE-:-MT. PLEASANT 4,14
WHITESIDE-:-MT. PLEASANT 5,14
WHITESIDE-:-NEWTON 1,14
WHITESIDE-:-PORTLAND 1,14
WHITESIDE-:-PROPHETSTOWN 1,14
WHITESIDE-:-PROPHETSTOWN 2,14
WHITESIDE-:-PROPHETSTOWN 3,14
WHITESIDE-:-STERLING 1,14
WHITESIDE-:-STERLING 10,14
WHITESIDE-:-STERLING 11,14
WHITESIDE-:-STERLING 12,14
WHITESIDE-:-STERLING 13,14
WHITESIDE-:-STERLING 14,14
WHITESIDE-:-STERLING 15,14
WHITESIDE-:-STERLING 16,14
WHITESIDE-:-STERLING 17,14
WHITESIDE-:-STERLING 18,14
WHITESIDE-:-STERLING 2,14
WHITESIDE-:-STERLING 3,14
WHITESIDE-:-STERLING 4,14
WHITESIDE-:-STERLING 5,14
WHITESIDE-:-STERLING 6,14
WHITESIDE-:-STERLING 7,14
WHITESIDE-:-STERLING 8,14
WHITESIDE-:-STERLING 9,14
WHITESIDE-:-TAMPICO 1,14
WHITESIDE-:-UNION GROVE 1,14
WHITESIDE-:-USTICK 1,14
WILL-:-CHANNAHON PCT 001-STYLE 1,5
WILL-:-CHANNAHON PCT 002-STYLE 2,5
WILL-:-CHANNAHON PCT 003-STYLE 3,5
WILL-:-CHANNAHON PCT 004-STYLE 4,5
WILL-:-CHANNAHON PCT 005-STYLE 5,5
WILL-:-CRETE PCT 001-STYLE 6/7,5
WILL-:-CRETE PCT 002-STYLE 8,5
WILL-:-CRETE PCT 003-STYLE 9,5
WILL-:-CRETE PCT 004-STYLE 10,5
WILL-:-CRETE PCT 004-STYLE 11,12
WILL-:-CRETE PCT 005-STYLE 12,5
WILL-:-CRETE PCT 006-STYLE 13,12
WILL-:-CRETE PCT 006-STYLE 14,5
WILL-:-CRETE PCT 007-STYLE 15,5
WILL-:-CRETE PCT 008-STYLE 16,5
WILL-:-CRETE PCT 008-STYLE 17,5
WILL-:-CRETE PCT 009-STYLE 18,5
WILL-:-CRETE PCT 010-STYLE 19,5
WILL-:-CRETE PCT 011-STYLE 20,5
WILL-:-CRETE PCT 011-STYLE 21,5
WILL-:-CRETE PCT 012-STYLE 22,5
WILL-:-CUSTER PCT 001-STYLE 23,5
WILL-:-CUSTER PCT 001-STYLE 24,5
WILL-:-DUPAGE PCT 001-STYLE 25/26,5
WILL-:-DUPAGE PCT 002-STYLE 27,5
WILL-:-DUPAGE PCT 003-STYLE 28,5
WILL-:-DUPAGE PCT 004-STYLE 29,5
WILL-:-DUPAGE PCT 005-STYLE 30/31,5
WILL-:-DUPAGE PCT 006-STYLE 32,5
WILL-:-DUPAGE PCT 007-STYLE 33,5
WILL-:-DUPAGE PCT 008-STYLE 34,5
WILL-:-DUPAGE PCT 009-STYLE 35/37,5
WILL-:-DUPAGE PCT 010-STYLE 38,5
WILL-:-DUPAGE PCT 011-STYLE 39,5
WILL-:-DUPAGE PCT 012-STYLE 40,5
WILL-:-DUPAGE PCT 013-STYLE 41,5
WILL-:-DUPAGE PCT 014-STYLE 42/43,5
WILL-:-DUPAGE PCT 015-STYLE 44,5
WILL-:-DUPAGE PCT 016-STYLE 45,5
WILL-:-DUPAGE PCT 017-STYLE 46,5
WILL-:-DUPAGE PCT 017-STYLE 47,5
WILL-:-DUPAGE PCT 018-STYLE 48,5
WILL-:-DUPAGE PCT 019-STYLE 49,5
WILL-:-DUPAGE PCT 020-STYLE 50,5
WILL-:-DUPAGE PCT 021-STYLE 51,5
WILL-:-DUPAGE PCT 022-STYLE 52,5
WILL-:-DUPAGE PCT 023-STYLE 53,5
WILL-:-DUPAGE PCT 024-STYLE 54,5
WILL-:-DUPAGE PCT 025-STYLE 56,5
WILL-:-DUPAGE PCT 025-STYLE 57,5
WILL-:-DUPAGE PCT 026-STYLE 58,5
WILL-:-DUPAGE PCT 027-STYLE 59,5
WILL-:-DUPAGE PCT 027-STYLE 60,5
WILL-:-DUPAGE PCT 028-STYLE 61/62,5
WILL-:-DUPAGE PCT 029-STYLE 63,5
WILL-:-DUPAGE PCT 030-STYLE 64,5
WILL-:-DUPAGE PCT 031-STYLE 65/66,5
WILL-:-DUPAGE PCT 032-STYLE 67,5
WILL-:-DUPAGE PCT 032-STYLE 68,5
WILL-:-DUPAGE PCT 033-STYLE 69/71,5
WILL-:-DUPAGE PCT 033-STYLE 70/72,5
WILL-:-DUPAGE PCT 034-STYLE 73,5
WILL-:-DUPAGE PCT 035-STYLE 74,5
WILL-:-DUPAGE PCT 036-STYLE 75,5
WILL-:-DUPAGE PCT 036-STYLE 76,5
WILL-:-DUPAGE PCT 037-STYLE 77,5
WILL-:-FLORENCE PCT 001-STYLE 78,5
WILL-:-FRANKFORT PCT 001-STYLE 79,5
WILL-:-FRANKFORT PCT 002-STYLE 80/81,5
WILL-:-FRANKFORT PCT 003-STYLE 83/85,12
WILL-:-FRANKFORT PCT 003-STYLE 84,5
WILL-:-FRANKFORT PCT 004-STYLE 86,5
WILL-:-FRANKFORT PCT 004-STYLE 87,5
WILL-:-FRANKFORT PCT 005-STYLE 88,5
WILL-:-FRANKFORT PCT 006-STYLE 89,5
WILL-:-FRANKFORT PCT 007-STYLE 90/91,5
WILL-:-FRANKFORT PCT 008-STYLE 92,5
WILL-:-FRANKFORT PCT 008-STYLE 93/94,5
WILL-:-FRANKFORT PCT 009-STYLE 95,5
WILL-:-FRANKFORT PCT 010-STYLE 96/97,12
WILL-:-FRANKFORT PCT 011-STYLE 98,5
WILL-:-FRANKFORT PCT 011-STYLE 99,5
WILL-:-FRANKFORT PCT 012-STYLE 100,5
WILL-:-FRANKFORT PCT 013-STYLE 101,5
WILL-:-FRANKFORT PCT 014-STYLE 102/103,12
WILL-:-FRANKFORT PCT 015-STYLE 104,5
WILL-:-FRANKFORT PCT 016-STYLE 105/106,5
WILL-:-FRANKFORT PCT 017-STYLE 107,5
WILL-:-FRANKFORT PCT 017-STYLE 108,5
WILL-:-FRANKFORT PCT 018-STYLE 109,5
WILL-:-FRANKFORT PCT 019-STYLE 110,5
WILL-:-FRANKFORT PCT 020-STYLE 111,5
WILL-:-FRANKFORT PCT 021-STYLE 112,5
WILL-:-FRANKFORT PCT 021-STYLE 113,5
WILL-:-FRANKFORT PCT 022-STYLE 114/115,5
WILL-:-FRANKFORT PCT 023-STYLE 116,5
WILL-:-FRANKFORT PCT 023-STYLE 117,5
WILL-:-FRANKFORT PCT 024-STYLE 118,5
WILL-:-FRANKFORT PCT 025-STYLE 119,5
WILL-:-FRANKFORT PCT 026-STYLE 120,5
WILL-:-FRANKFORT PCT 027-STYLE 121,5
WILL-:-FRANKFORT PCT 027-STYLE 122,5
WILL-:-FRANKFORT PCT 028-STYLE 123,5
WILL-:-GREEN GARDEN PCT 001-STYLE 124,5
WILL-:-GREEN GARDEN PCT 002-STYLE 125,5
WILL-:-GREEN GARDEN PCT 002-STYLE 126,5
WILL-:-HOMER PCT 001-STYLE 127/128,5
WILL-:-HOMER PCT 002-STYLE 129,5
WILL-:-HOMER PCT 003-STYLE 130,5
WILL-:-HOMER PCT 004-STYLE 131,5
WILL-:-HOMER PCT 004-STYLE 132,5
WILL-:-HOMER PCT 005-STYLE 133,5
WILL-:-HOMER PCT 005-STYLE 134,5
WILL-:-HOMER PCT 006-STYLE 135,5
WILL-:-HOMER PCT 007-STYLE 136,5
WILL-:-HOMER PCT 008-STYLE 137,5
WILL-:-HOMER PCT 009-STYLE 138,5
WILL-:-HOMER PCT 009-STYLE 139,5
WILL-:-HOMER PCT 010-STYLE 140,5
WILL-:-HOMER PCT 011-STYLE 141,5
WILL-:-HOMER PCT 012-STYLE 142,5
WILL-:-HOMER PCT 013-STYLE 143,5
WILL-:-HOMER PCT 014-STYLE 144,5
WILL-:-HOMER PCT 015-STYLE 145,5
WILL-:-HOMER PCT 016-STYLE 146,5
WILL-:-HOMER PCT 017-STYLE 147,5
WILL-:-HOMER PCT 018-STYLE 148,5
WILL-:-HOMER PCT 019-STYLE 149,5
WILL-:-JACKSON PCT 001-STYLE 150,5
WILL-:-JACKSON PCT 002-STYLE 151,5
WILL-:-JOLIET PCT 001-STYLE 152/153,5
WILL-:-JOLIET PCT 002-STYLE 154/155,5
WILL-:-JOLIET PCT 003-STYLE 156/157,5
WILL-:-JOLIET PCT 003-STYLE 158,5
WILL-:-JOLIET PCT 004-STYLE 159,5
WILL-:-JOLIET PCT 004-STYLE 160,5
WILL-:-JOLIET PCT 005-STYLE 161,5
WILL-:-JOLIET PCT 006-STYLE 162,5
WILL-:-JOLIET PCT 007-STYLE 163/165,5
WILL-:-JOLIET PCT 007-STYLE 164/166,5
WILL-:-JOLIET PCT 008-STYLE 167,5
WILL-:-JOLIET PCT 009-STYLE 168,5
WILL-:-JOLIET PCT 009-STYLE 169,5
WILL-:-JOLIET PCT 010-STYLE 170,5
WILL-:-JOLIET PCT 011-STYLE 171/172,5
WILL-:-JOLIET PCT 012-STYLE 173,5
WILL-:-JOLIET PCT 012-STYLE 174,5
WILL-:-JOLIET PCT 013-STYLE 175,5
WILL-:-JOLIET PCT 014-STYLE 176,5
WILL-:-JOLIET PCT 015-STYLE 177/178,5
WILL-:-JOLIET PCT 016-STYLE 179/181/182,5
WILL-:-JOLIET PCT 016-STYLE 180,5
WILL-:-JOLIET PCT 017-STYLE 183,5
WILL-:-JOLIET PCT 018-STYLE 184,5
WILL-:-JOLIET PCT 018-STYLE 185,5
WILL-:-JOLIET PCT 019-STYLE 186,5
WILL-:-JOLIET PCT 019-STYLE 187,5
WILL-:-JOLIET PCT 020-STYLE 188/189,5
WILL-:-JOLIET PCT 021-STYLE 190,5
WILL-:-JOLIET PCT 022-STYLE 191,5
WILL-:-JOLIET PCT 023-STYLE 192,5
WILL-:-JOLIET PCT 024-STYLE 193,5
WILL-:-JOLIET PCT 025-STYLE 194,5
WILL-:-JOLIET PCT 026-STYLE 195/196,5
WILL-:-JOLIET PCT 027-STYLE 197,5
WILL-:-JOLIET PCT 028-STYLE 198,5
WILL-:-JOLIET PCT 029-STYLE 199,5
WILL-:-JOLIET PCT 030-STYLE 200,5
WILL-:-JOLIET PCT 031-STYLE 201/202,5
WILL-:-JOLIET PCT 032-STYLE 203,5
WILL-:-JOLIET PCT 033-STYLE 204,5
WILL-:-JOLIET PCT 034-STYLE 205,5
WILL-:-JOLIET PCT 035-STYLE 206,5
WILL-:-JOLIET PCT 036-STYLE 207/208/209/210,5
WILL-:-JOLIET PCT 037-STYLE 211,5
WILL-:-LOCKPORT PCT 001-STYLE 212,5
WILL-:-LOCKPORT PCT 002-STYLE 213,5
WILL-:-LOCKPORT PCT 003-STYLE 214,5
WILL-:-LOCKPORT PCT 004-STYLE 215,5
WILL-:-LOCKPORT PCT 005-STYLE 216/217,5
WILL-:-LOCKPORT PCT 006-STYLE 218,5
WILL-:-LOCKPORT PCT 007-STYLE 219,5
WILL-:-LOCKPORT PCT 008-STYLE 220,5
WILL-:-LOCKPORT PCT 009-STYLE 221,5
WILL-:-LOCKPORT PCT 010-STYLE 222,5
WILL-:-LOCKPORT PCT 011-STYLE 223,5
WILL-:-LOCKPORT PCT 012-STYLE 224,5
WILL-:-LOCKPORT PCT 012-STYLE 225,5
WILL-:-LOCKPORT PCT 013-STYLE 226,5
WILL-:-LOCKPORT PCT 014-STYLE 227,5
WILL-:-LOCKPORT PCT 015-STYLE 228,5
WILL-:-LOCKPORT PCT 015-STYLE 229,5
WILL-:-LOCKPORT PCT 016-STYLE 230,5
WILL-:-LOCKPORT PCT 017-STYLE 231,5
WILL-:-LOCKPORT PCT 018-STYLE 232,5
WILL-:-LOCKPORT PCT 019-STYLE 233,5
WILL-:-LOCKPORT PCT 020-STYLE 234,5
WILL-:-LOCKPORT PCT 021-STYLE 235,5
WILL-:-LOCKPORT PCT 022-STYLE 236,5
WILL-:-LOCKPORT PCT 023-STYLE 237,5
WILL-:-LOCKPORT PCT 023-STYLE 238,5
WILL-:-LOCKPORT PCT 024-STYLE 239,5
WILL-:-MANHATTAN PCT 001-STYLE 240,5
WILL-:-MANHATTAN PCT 002-STYLE 241,5
WILL-:-MANHATTAN PCT 003-STYLE 242,5
WILL-:-MANHATTAN PCT 004-STYLE 243,5
WILL-:-MANHATTAN PCT 005-STYLE 244,5
WILL-:-MONEE PCT 001-STYLE 245/246,5
WILL-:-MONEE PCT 001-STYLE 247,5
WILL-:-MONEE PCT 002-STYLE 248,5
WILL-:-MONEE PCT 002-STYLE 249/250,5
WILL-:-MONEE PCT 003-STYLE 251,5
WILL-:-MONEE PCT 003-STYLE 252,11
WILL-:-MONEE PCT 004-STYLE 253,5
WILL-:-MONEE PCT 005-STYLE 254,5
WILL-:-MONEE PCT 006-STYLE 255,5
WILL-:-MONEE PCT 007-STYLE 256,5
WILL-:-MONEE PCT 008-STYLE 257,5
WILL-:-MONEE PCT 008-STYLE 258,5
WILL-:-NEW LENOX PCT 001-STYLE 259,5
WILL-:-NEW LENOX PCT 002-STYLE 260,5
WILL-:-NEW LENOX PCT 003-STYLE 261,5
WILL-:-NEW LENOX PCT 004-STYLE 262,5
WILL-:-NEW LENOX PCT 005-STYLE 263,5
WILL-:-NEW LENOX PCT 006-STYLE 264,5
WILL-:-NEW LENOX PCT 007-STYLE 265,5
WILL-:-NEW LENOX PCT 008-STYLE 266,5
WILL-:-NEW LENOX PCT 009-STYLE 267,5
WILL-:-NEW LENOX PCT 010-STYLE 268,5
WILL-:-NEW LENOX PCT 010-STYLE 269,5
WILL-:-NEW LENOX PCT 011-STYLE 270,5
WILL-:-NEW LENOX PCT 011-STYLE 271,5
WILL-:-NEW LENOX PCT 012-STYLE 272,5
WILL-:-NEW LENOX PCT 012-STYLE 273,5
WILL-:-NEW LENOX PCT 013-STYLE 274,5
WILL-:-NEW LENOX PCT 013-STYLE 275,5
WILL-:-NEW LENOX PCT 014-STYLE 276,5
WILL-:-NEW LENOX PCT 014-STYLE 277,5
WILL-:-NEW LENOX PCT 015-STYLE 278,5
WILL-:-NEW LENOX PCT 016-STYLE 279,5
WILL-:-NEW LENOX PCT 017-STYLE 280,5
WILL-:-NEW LENOX PCT 018-STYLE 281,5
WILL-:-NEW LENOX PCT 019-STYLE 282,5
WILL-:-NEW LENOX PCT 020-STYLE 283,5
WILL-:-PEOTONE PCT 001-STYLE 284/286,5
WILL-:-PEOTONE PCT 001-STYLE 285,11
WILL-:-PEOTONE PCT 001-STYLE 287,5
WILL-:-PEOTONE PCT 002-STYLE 288/289,5
WILL-:-PEOTONE PCT 002-STYLE 290,5
WILL-:-PEOTONE PCT 002-STYLE 291,5
WILL-:-PEOTONE PCT 002-STYLE 292,8
WILL-:-PLAINFIELD PCT 001-STYLE 293,5
WILL-:-PLAINFIELD PCT 002-STYLE 294,5
WILL-:-PLAINFIELD PCT 003-STYLE 295,5
WILL-:-PLAINFIELD PCT 003-STYLE 296,5
WILL-:-PLAINFIELD PCT 004-STYLE 297,5
WILL-:-PLAINFIELD PCT 005-STYLE 298,13
WILL-:-PLAINFIELD PCT 006-STYLE 299,5
WILL-:-PLAINFIELD PCT 007-STYLE 300,14
WILL-:-PLAINFIELD PCT 008-STYLE 301,14
WILL-:-PLAINFIELD PCT 009-STYLE 302,14
WILL-:-PLAINFIELD PCT 010-STYLE 303,5
WILL-:-PLAINFIELD PCT 010-STYLE 304,5
WILL-:-PLAINFIELD PCT 011-STYLE 305,14
WILL-:-PLAINFIELD PCT 012-STYLE 306,14
WILL-:-PLAINFIELD PCT 013-STYLE 307,14
WILL-:-PLAINFIELD PCT 014-STYLE 308,5
WILL-:-PLAINFIELD PCT 014-STYLE 309,14
WILL-:-PLAINFIELD PCT 015-STYLE 310/311,14
WILL-:-PLAINFIELD PCT 016-STYLE 312,14
WILL-:-PLAINFIELD PCT 017-STYLE 313,14
WILL-:-PLAINFIELD PCT 018-STYLE 314,14
WILL-:-PLAINFIELD PCT 019-STYLE 315,14
WILL-:-PLAINFIELD PCT 020-STYLE 316,14
WILL-:-PLAINFIELD PCT 021-STYLE 317,14
WILL-:-PLAINFIELD PCT 022-STYLE 318,14
WILL-:-PLAINFIELD PCT 023-STYLE 319,14
WILL-:-PLAINFIELD PCT 024-STYLE 320,14
WILL-:-PLAINFIELD PCT 025-STYLE 321/322,14
WILL-:-PLAINFIELD PCT 026-STYLE 323/324,14
WILL-:-PLAINFIELD PCT 027-STYLE 325,14
WILL-:-PLAINFIELD PCT 028-STYLE 326,14
WILL-:-PLAINFIELD PCT 029-STYLE 327,14
WILL-:-PLAINFIELD PCT 030-STYLE 328,14
WILL-:-PLAINFIELD PCT 031-STYLE 329,14
WILL-:-PLAINFIELD PCT 032-STYLE 330,14
WILL-:-PLAINFIELD PCT 033-STYLE 331,14
WILL-:-PLAINFIELD PCT 034-STYLE 332/333,14
WILL-:-PLAINFIELD PCT 035-STYLE 334,14
WILL-:-REED PCT 001-STYLE 335,5
WILL-:-REED PCT 001-STYLE 336,5
WILL-:-REED PCT 001-STYLE 337,5
WILL-:-REED PCT 001-STYLE 338,5
WILL-:-REED PCT 002-STYLE 339,5
WILL-:-REED PCT 002-STYLE 340,5
WILL-:-REED PCT 002-STYLE 341,5
WILL-:-REED PCT 003-STYLE 342,5
WILL-:-REED PCT 003-STYLE 343,5
WILL-:-TROY PCT 001-STYLE 344,14
WILL-:-TROY PCT 002-STYLE 345,14
WILL-:-TROY PCT 003-STYLE 346,5
WILL-:-TROY PCT 003-STYLE 347,14
WILL-:-TROY PCT 004-STYLE 348,14
WILL-:-TROY PCT 005-STYLE 349,14
WILL-:-TROY PCT 006-STYLE 350,14
WILL-:-TROY PCT 007-STYLE 351,14
WILL-:-TROY PCT 008-STYLE 352,14
WILL-:-TROY PCT 008-STYLE 353,14
WILL-:-TROY PCT 009-STYLE 354,14
WILL-:-TROY PCT 009-STYLE 355,14
WILL-:-TROY PCT 010-STYLE 356,14
WILL-:-TROY PCT 010-STYLE 357,14
WILL-:-TROY PCT 011-STYLE 358,14
WILL-:-TROY PCT 012-STYLE 359,14
WILL-:-TROY PCT 013-STYLE 360,14
WILL-:-TROY PCT 014-STYLE 361,14
WILL-:-TROY PCT 014-STYLE 362,14
WILL-:-TROY PCT 015-STYLE 363,14
WILL-:-TROY PCT 015-STYLE 364,14
WILL-:-TROY PCT 016-STYLE 365,14
WILL-:-TROY PCT 017-STYLE 366,14
WILL-:-TROY PCT 018-STYLE 367,14
WILL-:-TROY PCT 019-STYLE 368,14
WILL-:-TROY PCT 020-STYLE 369,14
WILL-:-TROY PCT 021-STYLE 370,14
WILL-:-TROY PCT 022-STYLE 371,14
WILL-:-TROY PCT 022-STYLE 372,5
WILL-:-WASHINGTON PCT 001-STYLE 373,11
WILL-:-WASHINGTON PCT 002-STYLE 374,11
WILL-:-WASHINGTON PCT 002-STYLE 375,11
WILL-:-WASHINGTON PCT 003-STYLE 376,11
WILL-:-WASHINGTON PCT 003-STYLE 377,11
WILL-:-WESLEY PCT 001-STYLE 378,5
WILL-:-WESLEY PCT 001-STYLE 379,5
WILL-:-WHEATLAND PCT 001-STYLE 380,13
WILL-:-WHEATLAND PCT 002-STYLE 381,13
WILL-:-WHEATLAND PCT 003-STYLE 382,13
WILL-:-WHEATLAND PCT 004-STYLE 383,13
WILL-:-WHEATLAND PCT 005-STYLE 384,13
WILL-:-WHEATLAND PCT 006-STYLE 385,13
WILL-:-WHEATLAND PCT 007-STYLE 386,13
WILL-:-WHEATLAND PCT 008-STYLE 387/388,13
WILL-:-WHEATLAND PCT 009-STYLE 389,13
WILL-:-WHEATLAND PCT 010-STYLE 390,13
WILL-:-WHEATLAND PCT 011-STYLE 391,13
WILL-:-WHEATLAND PCT 011-STYLE 392,13
WILL-:-WHEATLAND PCT 012-STYLE 393,13
WILL-:-WHEATLAND PCT 012-STYLE 394,13
WILL-:-WHEATLAND PCT 012-STYLE 395,13
WILL-:-WHEATLAND PCT 013-STYLE 396,13
WILL-:-WHEATLAND PCT 014-STYLE 397,13
WILL-:-WHEATLAND PCT 015-STYLE 398,13
WILL-:-WHEATLAND PCT 016-STYLE 399/401,13
WILL-:-WHEATLAND PCT 016-STYLE 400,13
WILL-:-WHEATLAND PCT 017-STYLE 402,13
WILL-:-WHEATLAND PCT 018-STYLE 403,13
WILL-:-WHEATLAND PCT 019-STYLE 404/405,13
WILL-:-WHEATLAND PCT 020-STYLE 406,13
WILL-:-WHEATLAND PCT 021-STYLE 407,13
WILL-:-WHEATLAND PCT 021-STYLE 408,13
WILL-:-WHEATLAND PCT 022-STYLE 409/412,5
WILL-:-WHEATLAND PCT 022-STYLE 410/411,13
WILL-:-WHEATLAND PCT 023-STYLE 413/414,13
WILL-:-WHEATLAND PCT 024-STYLE 415/416/417,13
WILL-:-WHEATLAND PCT 025-STYLE 418,13
WILL-:-WHEATLAND PCT 026-STYLE 419,13
WILL-:-WHEATLAND PCT 026-STYLE 420,5
WILL-:-WHEATLAND PCT 027-STYLE 421,5
WILL-:-WHEATLAND PCT 027-STYLE 422,13
WILL-:-WHEATLAND PCT 028-STYLE 423,13
WILL-:-WHEATLAND PCT 028-STYLE 424,13
WILL-:-WHEATLAND PCT 029-STYLE 425,13
WILL-:-WHEATLAND PCT 030-STYLE 426,13
WILL-:-WHEATLAND PCT 031-STYLE 427,13
WILL-:-WHEATLAND PCT 032-STYLE 428,13
WILL-:-WHEATLAND PCT 033-STYLE 429,13
WILL-:-WHEATLAND PCT 034-STYLE 431,13
WILL-:-WHEATLAND PCT 035-STYLE 432,13
WILL-:-WHEATLAND PCT 035-STYLE 433,13
WILL-:-WHEATLAND PCT 036-STYLE 434,13
WILL-:-WHEATLAND PCT 037-STYLE 435/436,13
WILL-:-WHEATLAND PCT 038-STYLE 437/438,13
WILL-:-WILL PCT 001-STYLE 439/440,11
WILL-:-WILL PCT 001-STYLE 441,11
WILL-:-WILMINGTON PCT 001-STYLE 442,5
WILL-:-WILMINGTON PCT 001-STYLE 443,5
WILL-:-WILMINGTON PCT 002-STYLE 444,5
WILL-:-WILMINGTON PCT 002-STYLE 445,5
WILL-:-WILMINGTON PCT 003-STYLE 446,5
WILL-:-WILTON PCT 001-STYLE 447,5
WILLIAMSON-:-BLAIRSVILLE 1,8
WILLIAMSON-:-BLAIRSVILLE 2,8
WILLIAMSON-:-BLAIRSVILLE 3,8
WILLIAMSON-:-BLAIRSVILLE 4,8
WILLIAMSON-:-BLAIRSVILLE 5,8
WILLIAMSON-:-CARTERVILLE 1,8
WILLIAMSON-:-CARTERVILLE 2,8
WILLIAMSON-:-CARTERVILLE 3,8
WILLIAMSON-:-CARTERVILLE 4,8
WILLIAMSON-:-CARTERVILLE 5,8
WILLIAMSON-:-CARTERVILLE 6,8
WILLIAMSON-:-CARTERVILLE 7,8
WILLIAMSON-:-CARTERVILLE 8,8
WILLIAMSON-:-CORINTH 1,8
WILLIAMSON-:-CRAB ORCHARD,8
WILLIAMSON-:-CREAL SPRINGS 1,8
WILLIAMSON-:-CREAL SPRINGS 2,8
WILLIAMSON-:-EAST MARION 1,8
WILLIAMSON-:-EAST MARION 2,8
WILLIAMSON-:-EAST MARION 3,8
WILLIAMSON-:-EAST MARION 4,8
WILLIAMSON-:-EAST MARION 5,8
WILLIAMSON-:-EAST MARION 6,8
WILLIAMSON-:-EAST MARION 7,8
WILLIAMSON-:-EAST MARION 8,8
WILLIAMSON-:-EAST MARION 9,8
WILLIAMSON-:-GRASSY,8
WILLIAMSON-:-HERRIN 1,8
WILLIAMSON-:-HERRIN 10,8
WILLIAMSON-:-HERRIN 11,8
WILLIAMSON-:-HERRIN 12,8
WILLIAMSON-:-HERRIN 13,8
WILLIAMSON-:-HERRIN 2,8
WILLIAMSON-:-HERRIN 3,8
WILLIAMSON-:-HERRIN 4,8
WILLIAMSON-:-HERRIN 5,8
WILLIAMSON-:-HERRIN 6,8
WILLIAMSON-:-HERRIN 7,8
WILLIAMSON-:-HERRIN 8,8
WILLIAMSON-:-HERRIN 9,8
WILLIAMSON-:-LAKE CREEK 1,8
WILLIAMSON-:-LAKE CREEK 2,8
WILLIAMSON-:-LAKE CREEK 3,8
WILLIAMSON-:-SOUTHERN 1,8
WILLIAMSON-:-SOUTHERN 2,8
WILLIAMSON-:-STONEFORT,8
WILLIAMSON-:-WEST MARION 1,8
WILLIAMSON-:-WEST MARION 10,8
WILLIAMSON-:-WEST MARION 2,8
WILLIAMSON-:-WEST MARION 3,8
WILLIAMSON-:-WEST MARION 4,8
WILLIAMSON-:-WEST MARION 5,8
WILLIAMSON-:-WEST MARION 6,8
WILLIAMSON-:-WEST MARION 7,8
WILLIAMSON-:-WEST MARION 8,8
WILLIAMSON-:-WEST MARION 9,8
WINNEBAGO-:-BURRITT 1,14
WINNEBAGO-:-CHERRY VALLEY 1,14
WINNEBAGO-:-CHERRY VALLEY 11,14
WINNEBAGO-:-CHERRY VALLEY 4,14
WINNEBAGO-:-CHERRY VALLEY 5,14
WINNEBAGO-:-CHERRY VALLEY 9,14
WINNEBAGO-:-DURAND 1,14
WINNEBAGO-:-DURAND 2,14
WINNEBAGO-:-HARLEM 10,14
WINNEBAGO-:-HARLEM 11,14
WINNEBAGO-:-HARLEM 12,14
WINNEBAGO-:-HARLEM 13,14
WINNEBAGO-:-HARLEM 14,14
WINNEBAGO-:-HARLEM 15,14
WINNEBAGO-:-HARLEM 16,14
WINNEBAGO-:-HARLEM 17,14
WINNEBAGO-:-HARLEM 18,14
WINNEBAGO-:-HARLEM 19,14
WINNEBAGO-:-HARLEM 2,14
WINNEBAGO-:-HARLEM 21,14
WINNEBAGO-:-HARLEM 22,14
WINNEBAGO-:-HARLEM 24,14
WINNEBAGO-:-HARLEM 25,14
WINNEBAGO-:-HARLEM 26,14
WINNEBAGO-:-HARLEM 27,14
WINNEBAGO-:-HARLEM 4,14
WINNEBAGO-:-HARLEM 5,14
WINNEBAGO-:-HARLEM 6,14
WINNEBAGO-:-HARLEM 7,14
WINNEBAGO-:-HARLEM 8,14
WINNEBAGO-:-HARRISON 1,14
WINNEBAGO-:-LAONA 1,14
WINNEBAGO-:-OWEN 1,14
WINNEBAGO-:-OWEN 2,14
WINNEBAGO-:-OWEN 3,14
WINNEBAGO-:-PECATONICA 2,14
WINNEBAGO-:-PECATONICA 3,14
WINNEBAGO-:-PECATONICA 4,14
WINNEBAGO-:-ROCKFORD 12,14
WINNEBAGO-:-ROCKFORD 13,14
WINNEBAGO-:-ROCKFORD 14,14
WINNEBAGO-:-ROCKFORD 26,14
WINNEBAGO-:-ROCKFORD 30,14
WINNEBAGO-:-ROCKFORD 4,14
WINNEBAGO-:-ROCKFORD 5,14
WINNEBAGO-:-ROCKFORD 54,14
WINNEBAGO-:-ROCKFORD 55,14
WINNEBAGO-:-ROCKFORD 8,14
WINNEBAGO-:-ROCKTON 1,14
WINNEBAGO-:-ROCKTON 10,14
WINNEBAGO-:-ROCKTON 11,14
WINNEBAGO-:-ROCKTON 13,14
WINNEBAGO-:-ROCKTON 2,14
WINNEBAGO-:-ROCKTON 3,14
WINNEBAGO-:-ROCKTON 5,14
WINNEBAGO-:-ROCKTON 6,14
WINNEBAGO-:-ROCKTON 8,14
WINNEBAGO-:-ROCKTON 9,14
WINNEBAGO-:-ROSCOE 1,14
WINNEBAGO-:-ROSCOE 10,14
WINNEBAGO-:-ROSCOE 11,14
WINNEBAGO-:-ROSCOE 12,14
WINNEBAGO-:-ROSCOE 14,14
WINNEBAGO-:-ROSCOE 15,14
WINNEBAGO-:-ROSCOE 2,14
WINNEBAGO-:-ROSCOE 3,14
WINNEBAGO-:-ROSCOE 4,14
WINNEBAGO-:-ROSCOE 5,14
WINNEBAGO-:-ROSCOE 6,14
WINNEBAGO-:-ROSCOE 7,14
WINNEBAGO-:-ROSCOE 8,14
WINNEBAGO-:-ROSCOE 9,14
WINNEBAGO-:-SEWARD 1,14
WINNEBAGO-:-SHIRLAND 1,14
WINNEBAGO-:-WINNEBAGO 3,14
WINNEBAGO-:-WINNEBAGO 4,14
WOODFORD-:-CAZENOVIA 1,2
WOODFORD-:-CAZENOVIA 3,2
WOODFORD-:-CLAYTON,11
WOODFORD-:-CRUGER 1,11
WOODFORD-:-CRUGER 2,2
WOODFORD-:-EL PASO 1,11
WOODFORD-:-EL PASO 2,11
WOODFORD-:-EL PASO 3,11
WOODFORD-:-GREENE,11
WOODFORD-:-KANSAS,11
WOODFORD-:-LINN,11
WOODFORD-:-METAMORA 1,2
WOODFORD-:-METAMORA 2,2
WOODFORD-:-METAMORA 3,2
WOODFORD-:-METAMORA 4,2
WOODFORD-:-MINONK 1,11
WOODFORD-:-MINONK 2,11
WOODFORD-:-MONTGOMERY 1,11
WOODFORD-:-MONTGOMERY 2,11
WOODFORD-:-OLIO 1,11
WOODFORD-:-OLIO 2,11
WOODFORD-:-OLIO 3,11
WOODFORD-:-OLIO 4,11
WOODFORD-:-PALESTINE,11
WOODFORD-:-PANOLA,11
WOODFORD-:-PARTRIDGE,2
WOODFORD-:-ROANOKE 1,11
WOODFORD-:-ROANOKE 2,11
WOODFORD-:-SPRING BAY 1,2
WOODFORD-:-SPRING BAY 2,2
WOODFORD-:-WORTH 1,2
WOODFORD-:-WORTH 3,2
WOODFORD-:-WORTH 4,2
WOODFORD-:-WORTH 5,2
WOODFORD-:-WORTH 6,2
WOODFORD-:-WORTH 7,2
WOODFORD-:-WORTH 9,2
